sample_1,sample_2,beta_sor,beta_sim_turnover,beta_sne_nestedness,habitat_1,coast_1,habitat_2,coast_2,habitat_pair,same_coast
S16,S1,0.7020057306590258,0.59375,0.1082557306590258,Coral,West,Mangrove,West,Coral_vs_Mangrove,TRUE
S17,S1,0.6936936936936937,0.6015625,0.0921311936936937,Coral,West,Mangrove,West,Coral_vs_Mangrove,TRUE
S18,S1,0.7294117647058823,0.640625,0.08878676470588236,Coral,West,Mangrove,West,Coral_vs_Mangrove,TRUE
S19,S1,0.7070063694267515,0.640625,0.06638136942675159,Coral,West,Mangrove,West,Coral_vs_Mangrove,TRUE
S20,S1,0.685131195335277,0.578125,0.10700619533527697,Coral,West,Mangrove,West,Coral_vs_Mangrove,TRUE
S26,S1,0.922077922077922,0.7692307692307693,0.15284715284715286,Seagrass,East,Mangrove,West,Mangrove_vs_Seagrass,FALSE
S27,S1,0.9705882352941176,0.75,0.22058823529411764,Seagrass,East,Mangrove,West,Mangrove_vs_Seagrass,FALSE
S28,S1,0.9714285714285714,0.8333333333333334,0.1380952380952381,Seagrass,East,Mangrove,West,Mangrove_vs_Seagrass,FALSE
S29,S1,0.9847328244274809,0.6666666666666666,0.31806615776081426,Seagrass,East,Mangrove,West,Mangrove_vs_Seagrass,FALSE
S30,S1,0.9574468085106383,0.7692307692307693,0.18821603927986907,Seagrass,East,Mangrove,West,Mangrove_vs_Seagrass,FALSE
S31,S1,0.9141104294478528,0.8,0.11411042944785277,Coral,East,Mangrove,West,Coral_vs_Mangrove,FALSE
S32,S1,0.9310344827586207,0.7058823529411765,0.22515212981744423,Coral,East,Mangrove,West,Coral_vs_Mangrove,FALSE
S33,S1,0.9605263157894737,0.875,0.08552631578947369,Coral,East,Mangrove,West,Coral_vs_Mangrove,FALSE
S34,S1,0.9574468085106383,0.7692307692307693,0.18821603927986907,Coral,East,Mangrove,West,Coral_vs_Mangrove,FALSE
S35,S1,0.9085714285714286,0.8297872340425532,0.07878419452887538,Coral,East,Mangrove,West,Coral_vs_Mangrove,FALSE
S41,S1,0.9354838709677419,0.8148148148148148,0.12066905615292711,Coral,East,Mangrove,West,Coral_vs_Mangrove,FALSE
S42,S1,0.8620689655172413,0.8133333333333334,0.04873563218390805,Coral,East,Mangrove,West,Coral_vs_Mangrove,FALSE
S43,S1,0.9300699300699301,0.6666666666666666,0.26340326340326337,Coral,East,Mangrove,West,Coral_vs_Mangrove,FALSE
S44,S1,0.8333333333333334,0.7954545454545454,0.03787878787878788,Coral,East,Mangrove,West,Coral_vs_Mangrove,FALSE
S45,S1,0.9217877094972067,0.8627450980392157,0.05904261145799102,Coral,East,Mangrove,West,Coral_vs_Mangrove,FALSE
S51,S1,0.941747572815534,0.9230769230769231,0.018670649738610906,Seagrass,East,Mangrove,West,Mangrove_vs_Seagrass,FALSE
S52,S1,0.8933333333333333,0.8762886597938144,0.0170446735395189,Seagrass,East,Mangrove,West,Mangrove_vs_Seagrass,FALSE
S53,S1,0.8878504672897196,0.859375,0.028475467289719624,Seagrass,East,Mangrove,West,Mangrove_vs_Seagrass,FALSE
S54,S1,0.8884462151394422,0.8861788617886179,0.0022673533508243446,Seagrass,East,Mangrove,West,Mangrove_vs_Seagrass,FALSE
S55,S1,0.9106529209621993,0.8984375,0.012215420962199313,Seagrass,East,Mangrove,West,Mangrove_vs_Seagrass,FALSE
S56,S1,0.7894736842105263,0.76,0.02947368421052631,Coral,West,Mangrove,West,Coral_vs_Mangrove,TRUE
S57,S1,0.7468354430379747,0.7247706422018348,0.022064800836139823,Coral,West,Mangrove,West,Coral_vs_Mangrove,TRUE
S58,S1,0.7400530503978779,0.6171875,0.12286555039787797,Coral,West,Mangrove,West,Coral_vs_Mangrove,TRUE
S59,S1,0.7714285714285715,0.75,0.02142857142857143,Coral,West,Mangrove,West,Coral_vs_Mangrove,TRUE
S60,S1,0.7485029940119761,0.671875,0.07662799401197605,Coral,West,Mangrove,West,Coral_vs_Mangrove,TRUE
S66,S1,0.8842105263157894,0.8225806451612904,0.06162988115449916,Seagrass,West,Mangrove,West,Mangrove_vs_Seagrass,TRUE
S67,S1,0.8103448275862069,0.7884615384615384,0.021883289124668436,Seagrass,West,Mangrove,West,Mangrove_vs_Seagrass,TRUE
S68,S1,0.7785467128027682,0.75,0.028546712802768166,Seagrass,West,Mangrove,West,Mangrove_vs_Seagrass,TRUE
S69,S1,0.7933333333333333,0.7578125,0.035520833333333335,Seagrass,West,Mangrove,West,Mangrove_vs_Seagrass,TRUE
S70,S1,0.7481481481481481,0.734375,0.013773148148148147,Seagrass,West,Mangrove,West,Mangrove_vs_Seagrass,TRUE
S71,S1,1,1,0,Coral,East,Mangrove,West,Coral_vs_Mangrove,FALSE
S73,S1,1,1,0,Coral,East,Mangrove,West,Coral_vs_Mangrove,FALSE
S74,S1,1,1,0,Coral,East,Mangrove,West,Coral_vs_Mangrove,FALSE
S75,S1,0.9848484848484849,0.75,0.23484848484848486,Coral,East,Mangrove,West,Coral_vs_Mangrove,FALSE
S77,S1,0.958041958041958,0.8,0.15804195804195806,Coral,East,Mangrove,West,Coral_vs_Mangrove,FALSE
S78,S1,0.9586206896551724,0.8235294117647058,0.13509127789046654,Coral,East,Mangrove,West,Coral_vs_Mangrove,FALSE
S80,S1,0.9847328244274809,0.6666666666666666,0.31806615776081426,Coral,East,Mangrove,West,Coral_vs_Mangrove,FALSE
S91,S1,0.7192982456140351,0.68,0.03929824561403509,Seagrass,West,Mangrove,West,Mangrove_vs_Seagrass,TRUE
S92,S1,0.7790055248618785,0.6226415094339622,0.1563640154279162,Seagrass,West,Mangrove,West,Mangrove_vs_Seagrass,TRUE
S93,S1,0.8471337579617835,0.5862068965517241,0.2609268614100593,Seagrass,West,Mangrove,West,Mangrove_vs_Seagrass,TRUE
S94,S1,0.9178082191780822,0.6666666666666666,0.2511415525114155,Seagrass,West,Mangrove,West,Mangrove_vs_Seagrass,TRUE
S95,S1,0.834319526627219,0.6585365853658537,0.1757829412613653,Seagrass,West,Mangrove,West,Mangrove_vs_Seagrass,TRUE
S101,S1,0.9565217391304348,0.7,0.2565217391304348,Coral,West,Mangrove,West,Coral_vs_Mangrove,TRUE
S102,S1,0.9850746268656716,0.8333333333333334,0.15174129353233828,Coral,West,Mangrove,West,Coral_vs_Mangrove,TRUE
S103,S1,0.9705882352941176,0.75,0.22058823529411764,Coral,West,Mangrove,West,Coral_vs_Mangrove,TRUE
S104,S1,0.9448275862068966,0.7647058823529411,0.18012170385395537,Coral,West,Mangrove,West,Coral_vs_Mangrove,TRUE
S105,S1,0.9183673469387755,0.6842105263157895,0.23415682062298604,Coral,West,Mangrove,West,Coral_vs_Mangrove,TRUE
S16,S2,0.6564705882352941,0.6421568627450981,0.01431372549019608,Coral,West,Mangrove,West,Coral_vs_Mangrove,TRUE
S17,S2,0.6185819070904646,0.6176470588235294,9.348482669351358e-4,Coral,West,Mangrove,West,Coral_vs_Mangrove,TRUE
S18,S2,0.6538461538461539,0.6470588235294118,0.0067873303167420825,Coral,West,Mangrove,West,Coral_vs_Mangrove,TRUE
S19,S2,0.6461538461538462,0.6290322580645161,0.017121588089330026,Coral,West,Mangrove,West,Coral_vs_Mangrove,TRUE
S20,S2,0.6181384248210023,0.6078431372549019,0.010295287566100425,Coral,West,Mangrove,West,Coral_vs_Mangrove,TRUE
S26,S2,0.9304347826086956,0.6923076923076923,0.23812709030100335,Seagrass,East,Mangrove,West,Mangrove_vs_Seagrass,FALSE
S27,S2,0.9528301886792453,0.375,0.5778301886792453,Seagrass,East,Mangrove,West,Mangrove_vs_Seagrass,FALSE
S28,S2,0.9814814814814815,0.8333333333333334,0.14814814814814814,Seagrass,East,Mangrove,West,Mangrove_vs_Seagrass,FALSE
S29,S2,0.9903381642512077,0.6666666666666666,0.32367149758454106,Seagrass,East,Mangrove,West,Mangrove_vs_Seagrass,FALSE
S30,S2,0.9723502304147466,0.7692307692307693,0.2031194611839773,Seagrass,East,Mangrove,West,Mangrove_vs_Seagrass,FALSE
S31,S2,0.9246861924686193,0.7428571428571429,0.18182904961147636,Coral,East,Mangrove,West,Coral_vs_Mangrove,FALSE
S32,S2,0.9457013574660633,0.6470588235294118,0.2986425339366516,Coral,East,Mangrove,West,Coral_vs_Mangrove,FALSE
S33,S2,0.9473684210526315,0.75,0.19736842105263158,Coral,East,Mangrove,West,Coral_vs_Mangrove,FALSE
S34,S2,0.9631336405529954,0.6923076923076923,0.2708259482453031,Coral,East,Mangrove,West,Coral_vs_Mangrove,FALSE
S35,S2,0.8884462151394422,0.7021276595744681,0.18631855556497415,Coral,East,Mangrove,West,Coral_vs_Mangrove,FALSE
S41,S2,0.948051948051948,0.7777777777777778,0.17027417027417027,Coral,East,Mangrove,West,Coral_vs_Mangrove,FALSE
S42,S2,0.8637992831541219,0.7466666666666667,0.1171326164874552,Coral,East,Mangrove,West,Coral_vs_Mangrove,FALSE
S43,S2,0.954337899543379,0.6666666666666666,0.2876712328767123,Coral,East,Mangrove,West,Coral_vs_Mangrove,FALSE
S44,S2,0.815068493150685,0.6931818181818182,0.12188667496886675,Coral,East,Mangrove,West,Coral_vs_Mangrove,FALSE
S45,S2,0.9372549019607843,0.8431372549019608,0.09411764705882353,Coral,East,Mangrove,West,Coral_vs_Mangrove,FALSE
S51,S2,0.9078014184397163,0.8333333333333334,0.07446808510638298,Seagrass,East,Mangrove,West,Mangrove_vs_Seagrass,FALSE
S52,S2,0.8803986710963455,0.8144329896907216,0.06596568140562387,Seagrass,East,Mangrove,West,Mangrove_vs_Seagrass,FALSE
S53,S2,0.8438287153652393,0.8393782383419689,0.004450477023270383,Seagrass,East,Mangrove,West,Mangrove_vs_Seagrass,FALSE
S54,S2,0.8960244648318043,0.8617886178861789,0.034235846945625426,Seagrass,East,Mangrove,West,Mangrove_vs_Seagrass,FALSE
S55,S2,0.8692098092643051,0.852760736196319,0.01644907306798616,Seagrass,East,Mangrove,West,Mangrove_vs_Seagrass,FALSE
S56,S2,0.7631578947368421,0.64,0.1231578947368421,Coral,West,Mangrove,West,Coral_vs_Mangrove,TRUE
S57,S2,0.744408945686901,0.6330275229357798,0.11138142275112115,Coral,West,Mangrove,West,Coral_vs_Mangrove,TRUE
S58,S2,0.673289183222958,0.6372549019607843,0.03603428126217374,Coral,West,Mangrove,West,Coral_vs_Mangrove,TRUE
S59,S2,0.7415730337078652,0.6973684210526315,0.04420461265523359,Coral,West,Mangrove,West,Coral_vs_Mangrove,TRUE
S60,S2,0.6682926829268293,0.6666666666666666,0.0016260162601626016,Coral,West,Mangrove,West,Coral_vs_Mangrove,TRUE
S66,S2,0.8721804511278195,0.7258064516129032,0.1463739995149163,Seagrass,West,Mangrove,West,Mangrove_vs_Seagrass,TRUE
S67,S2,0.7922077922077922,0.6923076923076923,0.0999000999000999,Seagrass,West,Mangrove,West,Mangrove_vs_Seagrass,TRUE
S68,S2,0.7479452054794521,0.7142857142857143,0.03365949119373777,Seagrass,West,Mangrove,West,Mangrove_vs_Seagrass,TRUE
S69,S2,0.75,0.7267441860465116,0.023255813953488372,Seagrass,West,Mangrove,West,Mangrove_vs_Seagrass,TRUE
S70,S2,0.7341040462427746,0.676056338028169,0.05804770821460555,Seagrass,West,Mangrove,West,Mangrove_vs_Seagrass,TRUE
S71,S2,1,1,0,Coral,East,Mangrove,West,Coral_vs_Mangrove,FALSE
S73,S2,1,1,0,Coral,East,Mangrove,West,Coral_vs_Mangrove,FALSE
S74,S2,1,1,0,Coral,East,Mangrove,West,Coral_vs_Mangrove,FALSE
S75,S2,0.9903846153846154,0.75,0.2403846153846154,Coral,East,Mangrove,West,Coral_vs_Mangrove,FALSE
S77,S2,0.9634703196347032,0.7333333333333333,0.23013698630136986,Coral,East,Mangrove,West,Coral_vs_Mangrove,FALSE
S78,S2,0.9547511312217195,0.7058823529411765,0.248868778280543,Coral,East,Mangrove,West,Coral_vs_Mangrove,FALSE
S80,S2,0.9806763285024155,0.3333333333333333,0.6473429951690821,Coral,East,Mangrove,West,Coral_vs_Mangrove,FALSE
S91,S2,0.75,0.62,0.13,Seagrass,West,Mangrove,West,Mangrove_vs_Seagrass,TRUE
S92,S2,0.7976653696498055,0.5094339622641509,0.2882314073856545,Seagrass,West,Mangrove,West,Mangrove_vs_Seagrass,TRUE
S93,S2,0.8798283261802575,0.5172413793103449,0.36258694686991266,Seagrass,West,Mangrove,West,Mangrove_vs_Seagrass,TRUE
S94,S2,0.9369369369369369,0.6111111111111112,0.3258258258258258,Seagrass,West,Mangrove,West,Mangrove_vs_Seagrass,TRUE
S95,S2,0.8204081632653061,0.4634146341463415,0.35699352911896465,Seagrass,West,Mangrove,West,Mangrove_vs_Seagrass,TRUE
S101,S2,0.9532710280373832,0.5,0.4532710280373832,Coral,West,Mangrove,West,Coral_vs_Mangrove,TRUE
S102,S2,0.9904761904761905,0.8333333333333334,0.15714285714285714,Coral,West,Mangrove,West,Coral_vs_Mangrove,TRUE
S103,S2,0.9905660377358491,0.875,0.11556603773584906,Coral,West,Mangrove,West,Coral_vs_Mangrove,TRUE
S104,S2,0.9547511312217195,0.7058823529411765,0.248868778280543,Coral,West,Mangrove,West,Coral_vs_Mangrove,TRUE
S105,S2,0.9372197309417041,0.631578947368421,0.30564078357328295,Coral,West,Mangrove,West,Coral_vs_Mangrove,TRUE
S16,S3,0.6824512534818942,0.5869565217391305,0.09549473174276372,Coral,West,Mangrove,West,Coral_vs_Mangrove,TRUE
S17,S3,0.6559766763848397,0.572463768115942,0.08351290826889762,Coral,West,Mangrove,West,Coral_vs_Mangrove,TRUE
S18,S3,0.6685714285714286,0.5797101449275363,0.08886128364389234,Coral,West,Mangrove,West,Coral_vs_Mangrove,TRUE
S19,S3,0.6851851851851852,0.6304347826086957,0.054750402576489526,Coral,West,Mangrove,West,Coral_vs_Mangrove,TRUE
S20,S3,0.6657223796033994,0.572463768115942,0.0932586114874574,Coral,West,Mangrove,West,Coral_vs_Mangrove,TRUE
S26,S3,0.9024390243902439,0.6923076923076923,0.2101313320825516,Seagrass,East,Mangrove,West,Mangrove_vs_Seagrass,FALSE
S27,S3,0.9315068493150684,0.375,0.5565068493150684,Seagrass,East,Mangrove,West,Mangrove_vs_Seagrass,FALSE
S28,S3,0.9866666666666667,0.9166666666666666,0.06999999999999999,Seagrass,East,Mangrove,West,Mangrove_vs_Seagrass,FALSE
S29,S3,0.9858156028368794,0.6666666666666666,0.3191489361702128,Seagrass,East,Mangrove,West,Mangrove_vs_Seagrass,FALSE
S30,S3,0.9602649006622517,0.7692307692307693,0.19103413143148243,Seagrass,East,Mangrove,West,Mangrove_vs_Seagrass,FALSE
S31,S3,0.8959537572254336,0.7428571428571429,0.15309661436829064,Coral,East,Mangrove,West,Coral_vs_Mangrove,FALSE
S32,S3,0.9354838709677419,0.7058823529411765,0.22960151802656548,Coral,East,Mangrove,West,Coral_vs_Mangrove,FALSE
S33,S3,0.9135802469135802,0.7083333333333334,0.20524691358024694,Coral,East,Mangrove,West,Coral_vs_Mangrove,FALSE
S34,S3,0.9735099337748344,0.8461538461538461,0.1273560876209883,Coral,East,Mangrove,West,Coral_vs_Mangrove,FALSE
S35,S3,0.8702702702702703,0.7446808510638298,0.12558941920644048,Coral,East,Mangrove,West,Coral_vs_Mangrove,FALSE
S41,S3,0.9393939393939394,0.8148148148148148,0.12457912457912457,Coral,East,Mangrove,West,Coral_vs_Mangrove,FALSE
S42,S3,0.8403755868544601,0.7733333333333333,0.06704225352112676,Coral,East,Mangrove,West,Coral_vs_Mangrove,FALSE
S43,S3,0.934640522875817,0.6666666666666666,0.2679738562091503,Coral,East,Mangrove,West,Coral_vs_Mangrove,FALSE
S44,S3,0.831858407079646,0.7840909090909091,0.04776749798873693,Coral,East,Mangrove,West,Coral_vs_Mangrove,FALSE
S45,S3,0.8835978835978836,0.7843137254901961,0.09928415810768752,Coral,East,Mangrove,West,Coral_vs_Mangrove,FALSE
S51,S3,0.8981481481481481,0.8589743589743589,0.03917378917378918,Seagrass,East,Mangrove,West,Mangrove_vs_Seagrass,FALSE
S52,S3,0.8808510638297873,0.8556701030927835,0.025180960737003728,Seagrass,East,Mangrove,West,Mangrove_vs_Seagrass,FALSE
S53,S3,0.8368580060422961,0.8043478260869565,0.03251017995533955,Seagrass,East,Mangrove,West,Mangrove_vs_Seagrass,FALSE
S54,S3,0.89272030651341,0.8861788617886179,0.006541444724792075,Seagrass,East,Mangrove,West,Mangrove_vs_Seagrass,FALSE
S55,S3,0.8737541528239202,0.8623188405797102,0.011435312244210122,Seagrass,East,Mangrove,West,Mangrove_vs_Seagrass,FALSE
S56,S3,0.7563025210084033,0.71,0.046302521008403354,Coral,West,Mangrove,West,Coral_vs_Mangrove,TRUE
S57,S3,0.757085020242915,0.7247706422018348,0.032314378041080116,Coral,West,Mangrove,West,Coral_vs_Mangrove,TRUE
S58,S3,0.7312661498708011,0.6231884057971014,0.10807774407369959,Coral,West,Mangrove,West,Coral_vs_Mangrove,TRUE
S59,S3,0.7586206896551724,0.7463768115942029,0.012243878060969516,Coral,West,Mangrove,West,Coral_vs_Mangrove,TRUE
S60,S3,0.7151162790697675,0.644927536231884,0.07018874283788339,Coral,West,Mangrove,West,Coral_vs_Mangrove,TRUE
S66,S3,0.85,0.7580645161290323,0.09193548387096774,Seagrass,West,Mangrove,West,Mangrove_vs_Seagrass,TRUE
S67,S3,0.7851239669421488,0.75,0.03512396694214876,Seagrass,West,Mangrove,West,Mangrove_vs_Seagrass,TRUE
S68,S3,0.7725752508361204,0.7536231884057971,0.018952062430323303,Seagrass,West,Mangrove,West,Mangrove_vs_Seagrass,TRUE
S69,S3,0.7741935483870968,0.7463768115942029,0.027816736792893877,Seagrass,West,Mangrove,West,Mangrove_vs_Seagrass,TRUE
S70,S3,0.7285714285714285,0.7246376811594203,0.003933747412008281,Seagrass,West,Mangrove,West,Mangrove_vs_Seagrass,TRUE
S71,S3,1,1,0,Coral,East,Mangrove,West,Coral_vs_Mangrove,FALSE
S73,S3,1,1,0,Coral,East,Mangrove,West,Coral_vs_Mangrove,FALSE
S74,S3,1,1,0,Coral,East,Mangrove,West,Coral_vs_Mangrove,FALSE
S75,S3,0.9859154929577465,0.75,0.23591549295774647,Coral,East,Mangrove,West,Coral_vs_Mangrove,FALSE
S77,S3,0.9738562091503268,0.8666666666666667,0.10718954248366014,Coral,East,Mangrove,West,Coral_vs_Mangrove,FALSE
S78,S3,0.9354838709677419,0.7058823529411765,0.22960151802656548,Coral,East,Mangrove,West,Coral_vs_Mangrove,FALSE
S80,S3,0.9858156028368794,0.6666666666666666,0.3191489361702128,Coral,East,Mangrove,West,Coral_vs_Mangrove,FALSE
S91,S3,0.6974789915966386,0.64,0.05747899159663865,Seagrass,West,Mangrove,West,Mangrove_vs_Seagrass,TRUE
S92,S3,0.7801047120418848,0.6037735849056604,0.17633112713622445,Seagrass,West,Mangrove,West,Mangrove_vs_Seagrass,TRUE
S93,S3,0.8802395209580839,0.6551724137931034,0.2250671071649804,Seagrass,West,Mangrove,West,Mangrove_vs_Seagrass,TRUE
S94,S3,0.9358974358974359,0.7222222222222222,0.2136752136752137,Seagrass,West,Mangrove,West,Mangrove_vs_Seagrass,TRUE
S95,S3,0.776536312849162,0.5121951219512195,0.2643411908979425,Seagrass,West,Mangrove,West,Mangrove_vs_Seagrass,TRUE
S101,S3,0.9594594594594594,0.7,0.2594594594594595,Coral,West,Mangrove,West,Coral_vs_Mangrove,TRUE
S102,S3,0.9861111111111112,0.8333333333333334,0.15277777777777776,Coral,West,Mangrove,West,Coral_vs_Mangrove,TRUE
S103,S3,0.9863013698630136,0.875,0.1113013698630137,Coral,West,Mangrove,West,Coral_vs_Mangrove,TRUE
S104,S3,0.9483870967741935,0.7647058823529411,0.18368121442125238,Coral,West,Mangrove,West,Coral_vs_Mangrove,TRUE
S105,S3,0.910828025477707,0.631578947368421,0.27924907810928595,Coral,West,Mangrove,West,Coral_vs_Mangrove,TRUE
S16,S4,0.7538461538461538,0.6153846153846154,0.13846153846153847,Coral,West,Mangrove,West,Coral_vs_Mangrove,TRUE
S17,S4,0.7087378640776699,0.5673076923076923,0.1414301717699776,Coral,West,Mangrove,West,Coral_vs_Mangrove,TRUE
S18,S4,0.6962025316455697,0.5384615384615384,0.15774099318403118,Coral,West,Mangrove,West,Coral_vs_Mangrove,TRUE
S19,S4,0.7172413793103448,0.6057692307692307,0.11147214854111406,Coral,West,Mangrove,West,Coral_vs_Mangrove,TRUE
S20,S4,0.6990595611285266,0.5384615384615384,0.1605980226669882,Coral,West,Mangrove,West,Coral_vs_Mangrove,TRUE
S26,S4,0.9230769230769231,0.8076923076923077,0.11538461538461539,Seagrass,East,Mangrove,West,Mangrove_vs_Seagrass,FALSE
S27,S4,0.9285714285714286,0.5,0.42857142857142855,Seagrass,East,Mangrove,West,Mangrove_vs_Seagrass,FALSE
S28,S4,0.9482758620689655,0.75,0.19827586206896552,Seagrass,East,Mangrove,West,Mangrove_vs_Seagrass,FALSE
S29,S4,0.9813084112149533,0.6666666666666666,0.3146417445482866,Seagrass,East,Mangrove,West,Mangrove_vs_Seagrass,FALSE
S30,S4,0.9658119658119658,0.8461538461538461,0.11965811965811966,Seagrass,East,Mangrove,West,Mangrove_vs_Seagrass,FALSE
S31,S4,0.9136690647482014,0.8285714285714286,0.08509763617677288,Coral,East,Mangrove,West,Coral_vs_Mangrove,FALSE
S32,S4,0.9338842975206612,0.7647058823529411,0.16917841516772,Coral,East,Mangrove,West,Coral_vs_Mangrove,FALSE
S33,S4,0.921875,0.7916666666666666,0.13020833333333334,Coral,East,Mangrove,West,Coral_vs_Mangrove,FALSE
S34,S4,0.9658119658119658,0.8461538461538461,0.11965811965811966,Coral,East,Mangrove,West,Coral_vs_Mangrove,FALSE
S35,S4,0.8543046357615894,0.7659574468085106,0.08834718895307876,Coral,East,Mangrove,West,Coral_vs_Mangrove,FALSE
S41,S4,0.9541984732824428,0.8888888888888888,0.06530958439355386,Coral,East,Mangrove,West,Coral_vs_Mangrove,FALSE
S42,S4,0.8994413407821229,0.88,0.019441340782122903,Coral,East,Mangrove,West,Coral_vs_Mangrove,FALSE
S43,S4,0.9663865546218487,0.8666666666666667,0.09971988795518208,Coral,East,Mangrove,West,Coral_vs_Mangrove,FALSE
S44,S4,0.8333333333333334,0.8181818181818182,0.015151515151515152,Coral,East,Mangrove,West,Coral_vs_Mangrove,FALSE
S45,S4,0.9225806451612903,0.8823529411764706,0.04022770398481973,Coral,East,Mangrove,West,Coral_vs_Mangrove,FALSE
S51,S4,0.8791208791208791,0.8589743589743589,0.020146520146520144,Seagrass,East,Mangrove,West,Mangrove_vs_Seagrass,FALSE
S52,S4,0.8706467661691543,0.865979381443299,0.00466738472585526,Seagrass,East,Mangrove,West,Mangrove_vs_Seagrass,FALSE
S53,S4,0.8383838383838383,0.7692307692307693,0.06915306915306917,Seagrass,East,Mangrove,West,Mangrove_vs_Seagrass,FALSE
S54,S4,0.8590308370044053,0.8461538461538461,0.012876990850559133,Seagrass,East,Mangrove,West,Mangrove_vs_Seagrass,FALSE
S55,S4,0.8576779026217228,0.8173076923076923,0.04037021031403054,Seagrass,East,Mangrove,West,Mangrove_vs_Seagrass,FALSE
S56,S4,0.7254901960784313,0.72,0.005490196078431373,Coral,West,Mangrove,West,Coral_vs_Mangrove,TRUE
S57,S4,0.7370892018779343,0.7307692307692307,0.0063199711087035025,Coral,West,Mangrove,West,Coral_vs_Mangrove,TRUE
S58,S4,0.7280453257790368,0.5384615384615384,0.18958378731749836,Coral,West,Mangrove,West,Coral_vs_Mangrove,TRUE
S59,S4,0.7421875,0.6826923076923077,0.059495192307692304,Coral,West,Mangrove,West,Coral_vs_Mangrove,TRUE
S60,S4,0.7161290322580646,0.5769230769230769,0.13920595533498759,Coral,West,Mangrove,West,Coral_vs_Mangrove,TRUE
S66,S4,0.8433734939759037,0.7903225806451613,0.05305091333074232,Seagrass,West,Mangrove,West,Mangrove_vs_Seagrass,TRUE
S67,S4,0.7596153846153846,0.7596153846153846,0,Seagrass,West,Mangrove,West,Mangrove_vs_Seagrass,TRUE
S68,S4,0.7283018867924528,0.6538461538461539,0.07445573294629898,Seagrass,West,Mangrove,West,Mangrove_vs_Seagrass,TRUE
S69,S4,0.7463768115942029,0.6634615384615384,0.08291527313266445,Seagrass,West,Mangrove,West,Mangrove_vs_Seagrass,TRUE
S70,S4,0.6991869918699187,0.6442307692307693,0.054956222639149475,Seagrass,West,Mangrove,West,Mangrove_vs_Seagrass,TRUE
S71,S4,1,1,0,Coral,East,Mangrove,West,Coral_vs_Mangrove,FALSE
S73,S4,1,1,0,Coral,East,Mangrove,West,Coral_vs_Mangrove,FALSE
S74,S4,1,1,0,Coral,East,Mangrove,West,Coral_vs_Mangrove,FALSE
S75,S4,1,1,0,Coral,East,Mangrove,West,Coral_vs_Mangrove,FALSE
S77,S4,0.9663865546218487,0.8666666666666667,0.09971988795518208,Coral,East,Mangrove,West,Coral_vs_Mangrove,FALSE
S78,S4,0.9504132231404959,0.8235294117647058,0.12688381137579,Coral,East,Mangrove,West,Coral_vs_Mangrove,FALSE
S80,S4,0.9626168224299065,0.3333333333333333,0.6292834890965732,Coral,East,Mangrove,West,Coral_vs_Mangrove,FALSE
S91,S4,0.7254901960784313,0.72,0.005490196078431373,Seagrass,West,Mangrove,West,Mangrove_vs_Seagrass,TRUE
S92,S4,0.732484076433121,0.6037735849056604,0.12871049152746064,Seagrass,West,Mangrove,West,Mangrove_vs_Seagrass,TRUE
S93,S4,0.8646616541353384,0.6896551724137931,0.17500648172154526,Seagrass,West,Mangrove,West,Mangrove_vs_Seagrass,TRUE
S94,S4,0.9016393442622951,0.6666666666666666,0.2349726775956284,Seagrass,West,Mangrove,West,Mangrove_vs_Seagrass,TRUE
S95,S4,0.7517241379310344,0.5609756097560976,0.19074852817493693,Seagrass,West,Mangrove,West,Mangrove_vs_Seagrass,TRUE
S101,S4,0.9298245614035088,0.6,0.3298245614035088,Coral,West,Mangrove,West,Coral_vs_Mangrove,TRUE
S102,S4,0.9818181818181818,0.8333333333333334,0.14848484848484847,Coral,West,Mangrove,West,Coral_vs_Mangrove,TRUE
S103,S4,0.9821428571428571,0.875,0.10714285714285714,Coral,West,Mangrove,West,Coral_vs_Mangrove,TRUE
S104,S4,0.9173553719008265,0.7058823529411765,0.21147301895964998,Coral,West,Mangrove,West,Coral_vs_Mangrove,TRUE
S105,S4,0.9024390243902439,0.6842105263157895,0.2182284980744544,Coral,West,Mangrove,West,Coral_vs_Mangrove,TRUE
S16,S5,0.7182320441988951,0.6382978723404256,0.0799341718584695,Coral,West,Mangrove,West,Coral_vs_Mangrove,TRUE
S17,S5,0.653179190751445,0.574468085106383,0.0787111056450621,Coral,West,Mangrove,West,Coral_vs_Mangrove,TRUE
S18,S5,0.6827195467422096,0.6028368794326241,0.07988266730958551,Coral,West,Mangrove,West,Coral_vs_Mangrove,TRUE
S19,S5,0.7064220183486238,0.6595744680851063,0.04684755026351747,Coral,West,Mangrove,West,Coral_vs_Mangrove,TRUE
S20,S5,0.6741573033707865,0.5886524822695035,0.08550482110128298,Coral,West,Mangrove,West,Coral_vs_Mangrove,TRUE
S26,S5,0.9041916167664671,0.6923076923076923,0.21188392445877477,Seagrass,East,Mangrove,West,Mangrove_vs_Seagrass,FALSE
S27,S5,0.9328859060402684,0.375,0.5578859060402684,Seagrass,East,Mangrove,West,Mangrove_vs_Seagrass,FALSE
S28,S5,0.9738562091503268,0.8333333333333334,0.14052287581699346,Seagrass,East,Mangrove,West,Mangrove_vs_Seagrass,FALSE
S29,S5,0.9861111111111112,0.6666666666666666,0.3194444444444444,Seagrass,East,Mangrove,West,Mangrove_vs_Seagrass,FALSE
S30,S5,0.961038961038961,0.7692307692307693,0.19180819180819184,Seagrass,East,Mangrove,West,Mangrove_vs_Seagrass,FALSE
S31,S5,0.8977272727272727,0.7428571428571429,0.15487012987012985,Coral,East,Mangrove,West,Coral_vs_Mangrove,FALSE
S32,S5,0.9367088607594937,0.7058823529411765,0.2308265078183172,Coral,East,Mangrove,West,Coral_vs_Mangrove,FALSE
S33,S5,0.9272727272727272,0.75,0.17727272727272728,Coral,East,Mangrove,West,Coral_vs_Mangrove,FALSE
S34,S5,0.961038961038961,0.7692307692307693,0.19180819180819184,Coral,East,Mangrove,West,Coral_vs_Mangrove,FALSE
S35,S5,0.851063829787234,0.7021276595744681,0.14893617021276595,Coral,East,Mangrove,West,Coral_vs_Mangrove,FALSE
S41,S5,0.9285714285714286,0.7777777777777778,0.15079365079365079,Coral,East,Mangrove,West,Coral_vs_Mangrove,FALSE
S42,S5,0.8703703703703703,0.8133333333333334,0.057037037037037046,Coral,East,Mangrove,West,Coral_vs_Mangrove,FALSE
S43,S5,0.9615384615384616,0.8,0.16153846153846155,Coral,East,Mangrove,West,Coral_vs_Mangrove,FALSE
S44,S5,0.834061135371179,0.7840909090909091,0.04997022628026995,Coral,East,Mangrove,West,Coral_vs_Mangrove,FALSE
S45,S5,0.9375,0.8823529411764706,0.05514705882352941,Coral,East,Mangrove,West,Coral_vs_Mangrove,FALSE
S51,S5,0.8904109589041096,0.8461538461538461,0.044257112750263436,Seagrass,East,Mangrove,West,Mangrove_vs_Seagrass,FALSE
S52,S5,0.8739495798319328,0.845360824742268,0.028588755089664734,Seagrass,East,Mangrove,West,Mangrove_vs_Seagrass,FALSE
S53,S5,0.8502994011976048,0.8226950354609929,0.027604365736611885,Seagrass,East,Mangrove,West,Mangrove_vs_Seagrass,FALSE
S54,S5,0.8636363636363636,0.8536585365853658,0.00997782705099778,Seagrass,East,Mangrove,West,Mangrove_vs_Seagrass,FALSE
S55,S5,0.868421052631579,0.8581560283687943,0.010265024262784622,Seagrass,East,Mangrove,West,Mangrove_vs_Seagrass,FALSE
S56,S5,0.6929460580912863,0.63,0.06294605809128631,Coral,West,Mangrove,West,Coral_vs_Mangrove,TRUE
S57,S5,0.704,0.6605504587155964,0.043449541284403675,Coral,West,Mangrove,West,Coral_vs_Mangrove,TRUE
S58,S5,0.676923076923077,0.5531914893617021,0.1237315875613748,Coral,West,Mangrove,West,Coral_vs_Mangrove,TRUE
S59,S5,0.7133105802047781,0.7021276595744681,0.011182920630310072,Coral,West,Mangrove,West,Coral_vs_Mangrove,TRUE
S60,S5,0.6829971181556196,0.6099290780141844,0.07306804014143521,Coral,West,Mangrove,West,Coral_vs_Mangrove,TRUE
S66,S5,0.8029556650246306,0.6774193548387096,0.12553631018592087,Seagrass,West,Mangrove,West,Mangrove_vs_Seagrass,TRUE
S67,S5,0.8122448979591836,0.7788461538461539,0.03339874411302983,Seagrass,West,Mangrove,West,Mangrove_vs_Seagrass,TRUE
S68,S5,0.7086092715231788,0.6879432624113475,0.020666009111831293,Seagrass,West,Mangrove,West,Mangrove_vs_Seagrass,TRUE
S69,S5,0.7252396166134185,0.6950354609929078,0.030204155620510726,Seagrass,West,Mangrove,West,Mangrove_vs_Seagrass,TRUE
S70,S5,0.6819787985865724,0.6808510638297872,0.0011277347567852042,Seagrass,West,Mangrove,West,Mangrove_vs_Seagrass,TRUE
S71,S5,1,1,0,Coral,East,Mangrove,West,Coral_vs_Mangrove,FALSE
S73,S5,1,1,0,Coral,East,Mangrove,West,Coral_vs_Mangrove,FALSE
S74,S5,1,1,0,Coral,East,Mangrove,West,Coral_vs_Mangrove,FALSE
S75,S5,0.9862068965517241,0.75,0.23620689655172414,Coral,East,Mangrove,West,Coral_vs_Mangrove,FALSE
S77,S5,0.9615384615384616,0.8,0.16153846153846155,Coral,East,Mangrove,West,Coral_vs_Mangrove,FALSE
S78,S5,0.9493670886075949,0.7647058823529411,0.18466120625465374,Coral,East,Mangrove,West,Coral_vs_Mangrove,FALSE
S80,S5,0.9722222222222222,0.3333333333333333,0.6388888888888888,Coral,East,Mangrove,West,Coral_vs_Mangrove,FALSE
S91,S5,0.70124481327800825,0.64,0.0612448132780083,Seagrass,West,Mangrove,West,Mangrove_vs_Seagrass,TRUE
S92,S5,0.8041237113402062,0.6415094339622641,0.162614277377942,Seagrass,West,Mangrove,West,Mangrove_vs_Seagrass,TRUE
S93,S5,0.8588235294117647,0.5862068965517241,0.27261663286004056,Seagrass,West,Mangrove,West,Mangrove_vs_Seagrass,TRUE
S94,S5,0.9119496855345912,0.6111111111111112,0.3008385744234801,Seagrass,West,Mangrove,West,Mangrove_vs_Seagrass,TRUE
S95,S5,0.8131868131868132,0.5853658536585366,0.2278209595282766,Seagrass,West,Mangrove,West,Mangrove_vs_Seagrass,TRUE
S101,S5,0.9470198675496688,0.6,0.3470198675496689,Coral,West,Mangrove,West,Coral_vs_Mangrove,TRUE
S102,S5,0.9863945578231292,0.8333333333333334,0.15306122448979592,Coral,West,Mangrove,West,Coral_vs_Mangrove,TRUE
S103,S5,0.9731543624161074,0.75,0.2231543624161074,Coral,West,Mangrove,West,Coral_vs_Mangrove,TRUE
S104,S5,0.9367088607594937,0.7058823529411765,0.2308265078183172,Coral,West,Mangrove,West,Coral_vs_Mangrove,TRUE
S105,S5,0.9125,0.631578947368421,0.2809210526315789,Coral,West,Mangrove,West,Coral_vs_Mangrove,TRUE
S16,S6,1,1,0,Coral,West,Mangrove,West,Coral_vs_Mangrove,TRUE
S17,S6,1,1,0,Coral,West,Mangrove,West,Coral_vs_Mangrove,TRUE
S18,S6,1,1,0,Coral,West,Mangrove,West,Coral_vs_Mangrove,TRUE
S19,S6,1,1,0,Coral,West,Mangrove,West,Coral_vs_Mangrove,TRUE
S20,S6,1,1,0,Coral,West,Mangrove,West,Coral_vs_Mangrove,TRUE
S26,S6,1,1,0,Seagrass,East,Mangrove,West,Mangrove_vs_Seagrass,FALSE
S27,S6,1,1,0,Seagrass,East,Mangrove,West,Mangrove_vs_Seagrass,FALSE
S28,S6,1,1,0,Seagrass,East,Mangrove,West,Mangrove_vs_Seagrass,FALSE
S29,S6,1,1,0,Seagrass,East,Mangrove,West,Mangrove_vs_Seagrass,FALSE
S30,S6,1,1,0,Seagrass,East,Mangrove,West,Mangrove_vs_Seagrass,FALSE
S31,S6,1,1,0,Coral,East,Mangrove,West,Coral_vs_Mangrove,FALSE
S32,S6,1,1,0,Coral,East,Mangrove,West,Coral_vs_Mangrove,FALSE
S33,S6,1,1,0,Coral,East,Mangrove,West,Coral_vs_Mangrove,FALSE
S34,S6,1,1,0,Coral,East,Mangrove,West,Coral_vs_Mangrove,FALSE
S35,S6,1,1,0,Coral,East,Mangrove,West,Coral_vs_Mangrove,FALSE
S41,S6,1,1,0,Coral,East,Mangrove,West,Coral_vs_Mangrove,FALSE
S42,S6,1,1,0,Coral,East,Mangrove,West,Coral_vs_Mangrove,FALSE
S43,S6,1,1,0,Coral,East,Mangrove,West,Coral_vs_Mangrove,FALSE
S44,S6,1,1,0,Coral,East,Mangrove,West,Coral_vs_Mangrove,FALSE
S45,S6,1,1,0,Coral,East,Mangrove,West,Coral_vs_Mangrove,FALSE
S51,S6,1,1,0,Seagrass,East,Mangrove,West,Mangrove_vs_Seagrass,FALSE
S52,S6,1,1,0,Seagrass,East,Mangrove,West,Mangrove_vs_Seagrass,FALSE
S53,S6,0.9676113360323887,0.9259259259259259,0.041685410106462734,Seagrass,East,Mangrove,West,Mangrove_vs_Seagrass,FALSE
S54,S6,1,1,0,Seagrass,East,Mangrove,West,Mangrove_vs_Seagrass,FALSE
S55,S6,0.9723502304147466,0.9444444444444444,0.0279057859703021,Seagrass,East,Mangrove,West,Mangrove_vs_Seagrass,FALSE
S56,S6,1,1,0,Coral,West,Mangrove,West,Coral_vs_Mangrove,TRUE
S57,S6,1,1,0,Coral,West,Mangrove,West,Coral_vs_Mangrove,TRUE
S58,S6,1,1,0,Coral,West,Mangrove,West,Coral_vs_Mangrove,TRUE
S59,S6,1,1,0,Coral,West,Mangrove,West,Coral_vs_Mangrove,TRUE
S60,S6,1,1,0,Coral,West,Mangrove,West,Coral_vs_Mangrove,TRUE
S66,S6,1,1,0,Seagrass,West,Mangrove,West,Mangrove_vs_Seagrass,TRUE
S67,S6,1,1,0,Seagrass,West,Mangrove,West,Mangrove_vs_Seagrass,TRUE
S68,S6,1,1,0,Seagrass,West,Mangrove,West,Mangrove_vs_Seagrass,TRUE
S69,S6,1,1,0,Seagrass,West,Mangrove,West,Mangrove_vs_Seagrass,TRUE
S70,S6,1,1,0,Seagrass,West,Mangrove,West,Mangrove_vs_Seagrass,TRUE
S71,S6,1,1,0,Coral,East,Mangrove,West,Coral_vs_Mangrove,FALSE
S73,S6,1,1,0,Coral,East,Mangrove,West,Coral_vs_Mangrove,FALSE
S74,S6,1,1,0,Coral,East,Mangrove,West,Coral_vs_Mangrove,FALSE
S75,S6,1,1,0,Coral,East,Mangrove,West,Coral_vs_Mangrove,FALSE
S77,S6,1,1,0,Coral,East,Mangrove,West,Coral_vs_Mangrove,FALSE
S78,S6,1,1,0,Coral,East,Mangrove,West,Coral_vs_Mangrove,FALSE
S80,S6,1,1,0,Coral,East,Mangrove,West,Coral_vs_Mangrove,FALSE
S91,S6,1,1,0,Seagrass,West,Mangrove,West,Mangrove_vs_Seagrass,TRUE
S92,S6,1,1,0,Seagrass,West,Mangrove,West,Mangrove_vs_Seagrass,TRUE
S93,S6,1,1,0,Seagrass,West,Mangrove,West,Mangrove_vs_Seagrass,TRUE
S94,S6,1,1,0,Seagrass,West,Mangrove,West,Mangrove_vs_Seagrass,TRUE
S95,S6,1,1,0,Seagrass,West,Mangrove,West,Mangrove_vs_Seagrass,TRUE
S101,S6,1,1,0,Coral,West,Mangrove,West,Coral_vs_Mangrove,TRUE
S102,S6,1,1,0,Coral,West,Mangrove,West,Coral_vs_Mangrove,TRUE
S103,S6,1,1,0,Coral,West,Mangrove,West,Coral_vs_Mangrove,TRUE
S104,S6,1,1,0,Coral,West,Mangrove,West,Coral_vs_Mangrove,TRUE
S105,S6,1,1,0,Coral,West,Mangrove,West,Coral_vs_Mangrove,TRUE
S16,S7,1,1,0,Coral,West,Mangrove,West,Coral_vs_Mangrove,TRUE
S17,S7,1,1,0,Coral,West,Mangrove,West,Coral_vs_Mangrove,TRUE
S18,S7,1,1,0,Coral,West,Mangrove,West,Coral_vs_Mangrove,TRUE
S19,S7,1,1,0,Coral,West,Mangrove,West,Coral_vs_Mangrove,TRUE
S20,S7,1,1,0,Coral,West,Mangrove,West,Coral_vs_Mangrove,TRUE
S26,S7,1,1,0,Seagrass,East,Mangrove,West,Mangrove_vs_Seagrass,FALSE
S27,S7,1,1,0,Seagrass,East,Mangrove,West,Mangrove_vs_Seagrass,FALSE
S28,S7,1,1,0,Seagrass,East,Mangrove,West,Mangrove_vs_Seagrass,FALSE
S29,S7,1,1,0,Seagrass,East,Mangrove,West,Mangrove_vs_Seagrass,FALSE
S30,S7,1,1,0,Seagrass,East,Mangrove,West,Mangrove_vs_Seagrass,FALSE
S31,S7,1,1,0,Coral,East,Mangrove,West,Coral_vs_Mangrove,FALSE
S32,S7,1,1,0,Coral,East,Mangrove,West,Coral_vs_Mangrove,FALSE
S33,S7,1,1,0,Coral,East,Mangrove,West,Coral_vs_Mangrove,FALSE
S34,S7,1,1,0,Coral,East,Mangrove,West,Coral_vs_Mangrove,FALSE
S35,S7,1,1,0,Coral,East,Mangrove,West,Coral_vs_Mangrove,FALSE
S41,S7,1,1,0,Coral,East,Mangrove,West,Coral_vs_Mangrove,FALSE
S42,S7,1,1,0,Coral,East,Mangrove,West,Coral_vs_Mangrove,FALSE
S43,S7,1,1,0,Coral,East,Mangrove,West,Coral_vs_Mangrove,FALSE
S44,S7,1,1,0,Coral,East,Mangrove,West,Coral_vs_Mangrove,FALSE
S45,S7,1,1,0,Coral,East,Mangrove,West,Coral_vs_Mangrove,FALSE
S51,S7,1,1,0,Seagrass,East,Mangrove,West,Mangrove_vs_Seagrass,FALSE
S52,S7,1,1,0,Seagrass,East,Mangrove,West,Mangrove_vs_Seagrass,FALSE
S53,S7,0.9672131147540983,0.9215686274509803,0.045644487303117966,Seagrass,East,Mangrove,West,Mangrove_vs_Seagrass,FALSE
S54,S7,0.9885057471264368,0.9803921568627451,0.008113590263691683,Seagrass,East,Mangrove,West,Mangrove_vs_Seagrass,FALSE
S55,S7,0.9626168224299065,0.9215686274509803,0.041048194978926145,Seagrass,East,Mangrove,West,Mangrove_vs_Seagrass,FALSE
S56,S7,1,1,0,Coral,West,Mangrove,West,Coral_vs_Mangrove,TRUE
S57,S7,1,1,0,Coral,West,Mangrove,West,Coral_vs_Mangrove,TRUE
S58,S7,1,1,0,Coral,West,Mangrove,West,Coral_vs_Mangrove,TRUE
S59,S7,1,1,0,Coral,West,Mangrove,West,Coral_vs_Mangrove,TRUE
S60,S7,1,1,0,Coral,West,Mangrove,West,Coral_vs_Mangrove,TRUE
S66,S7,1,1,0,Seagrass,West,Mangrove,West,Mangrove_vs_Seagrass,TRUE
S67,S7,1,1,0,Seagrass,West,Mangrove,West,Mangrove_vs_Seagrass,TRUE
S68,S7,1,1,0,Seagrass,West,Mangrove,West,Mangrove_vs_Seagrass,TRUE
S69,S7,1,1,0,Seagrass,West,Mangrove,West,Mangrove_vs_Seagrass,TRUE
S70,S7,1,1,0,Seagrass,West,Mangrove,West,Mangrove_vs_Seagrass,TRUE
S71,S7,1,1,0,Coral,East,Mangrove,West,Coral_vs_Mangrove,FALSE
S73,S7,1,1,0,Coral,East,Mangrove,West,Coral_vs_Mangrove,FALSE
S74,S7,1,1,0,Coral,East,Mangrove,West,Coral_vs_Mangrove,FALSE
S75,S7,1,1,0,Coral,East,Mangrove,West,Coral_vs_Mangrove,FALSE
S77,S7,1,1,0,Coral,East,Mangrove,West,Coral_vs_Mangrove,FALSE
S78,S7,1,1,0,Coral,East,Mangrove,West,Coral_vs_Mangrove,FALSE
S80,S7,1,1,0,Coral,East,Mangrove,West,Coral_vs_Mangrove,FALSE
S91,S7,1,1,0,Seagrass,West,Mangrove,West,Mangrove_vs_Seagrass,TRUE
S92,S7,1,1,0,Seagrass,West,Mangrove,West,Mangrove_vs_Seagrass,TRUE
S93,S7,1,1,0,Seagrass,West,Mangrove,West,Mangrove_vs_Seagrass,TRUE
S94,S7,1,1,0,Seagrass,West,Mangrove,West,Mangrove_vs_Seagrass,TRUE
S95,S7,1,1,0,Seagrass,West,Mangrove,West,Mangrove_vs_Seagrass,TRUE
S101,S7,1,1,0,Coral,West,Mangrove,West,Coral_vs_Mangrove,TRUE
S102,S7,1,1,0,Coral,West,Mangrove,West,Coral_vs_Mangrove,TRUE
S103,S7,1,1,0,Coral,West,Mangrove,West,Coral_vs_Mangrove,TRUE
S104,S7,1,1,0,Coral,West,Mangrove,West,Coral_vs_Mangrove,TRUE
S105,S7,1,1,0,Coral,West,Mangrove,West,Coral_vs_Mangrove,TRUE
S16,S8,0.9743589743589743,0.9560439560439561,0.018315018315018316,Coral,West,Mangrove,West,Coral_vs_Mangrove,TRUE
S17,S8,0.9662162162162162,0.945054945054945,0.021161271161271162,Coral,West,Mangrove,West,Coral_vs_Mangrove,TRUE
S18,S8,0.9735973597359736,0.9560439560439561,0.017553403692017557,Coral,West,Mangrove,West,Coral_vs_Mangrove,TRUE
S19,S8,0.9711191335740073,0.9560439560439561,0.015075177530051177,Coral,West,Mangrove,West,Coral_vs_Mangrove,TRUE
S20,S8,0.9673202614379085,0.945054945054945,0.022265316382963442,Coral,West,Mangrove,West,Coral_vs_Mangrove,TRUE
S26,S8,1,1,0,Seagrass,East,Mangrove,West,Mangrove_vs_Seagrass,FALSE
S27,S8,1,1,0,Seagrass,East,Mangrove,West,Mangrove_vs_Seagrass,FALSE
S28,S8,1,1,0,Seagrass,East,Mangrove,West,Mangrove_vs_Seagrass,FALSE
S29,S8,1,1,0,Seagrass,East,Mangrove,West,Mangrove_vs_Seagrass,FALSE
S30,S8,1,1,0,Seagrass,East,Mangrove,West,Mangrove_vs_Seagrass,FALSE
S31,S8,1,1,0,Coral,East,Mangrove,West,Coral_vs_Mangrove,FALSE
S32,S8,1,1,0,Coral,East,Mangrove,West,Coral_vs_Mangrove,FALSE
S33,S8,1,1,0,Coral,East,Mangrove,West,Coral_vs_Mangrove,FALSE
S34,S8,1,1,0,Coral,East,Mangrove,West,Coral_vs_Mangrove,FALSE
S35,S8,0.9710144927536232,0.9574468085106383,0.01356768424298489,Coral,East,Mangrove,West,Coral_vs_Mangrove,FALSE
S41,S8,1,1,0,Coral,East,Mangrove,West,Coral_vs_Mangrove,FALSE
S42,S8,1,1,0,Coral,East,Mangrove,West,Coral_vs_Mangrove,FALSE
S43,S8,1,1,0,Coral,East,Mangrove,West,Coral_vs_Mangrove,FALSE
S44,S8,0.9888268156424581,0.9886363636363636,1.904520060944642e-4,Coral,East,Mangrove,West,Coral_vs_Mangrove,FALSE
S45,S8,1,1,0,Coral,East,Mangrove,West,Coral_vs_Mangrove,FALSE
S51,S8,1,1,0,Seagrass,East,Mangrove,West,Mangrove_vs_Seagrass,FALSE
S52,S8,1,1,0,Seagrass,East,Mangrove,West,Mangrove_vs_Seagrass,FALSE
S53,S8,0.9577464788732394,0.9340659340659341,0.023680544807305373,Seagrass,East,Mangrove,West,Mangrove_vs_Seagrass,FALSE
S54,S8,0.9813084112149533,0.978021978021978,0.003286433192975249,Seagrass,East,Mangrove,West,Mangrove_vs_Seagrass,FALSE
S55,S8,0.9448818897637795,0.9230769230769231,0.021804966686856452,Seagrass,East,Mangrove,West,Mangrove_vs_Seagrass,FALSE
S56,S8,0.9685863874345549,0.967032967032967,0.0015534204015879409,Coral,West,Mangrove,West,Coral_vs_Mangrove,TRUE
S57,S8,0.97,0.967032967032967,0.002967032967032967,Coral,West,Mangrove,West,Coral_vs_Mangrove,TRUE
S58,S8,0.9823529411764705,0.967032967032967,0.015319974143503556,Coral,West,Mangrove,West,Coral_vs_Mangrove,TRUE
S59,S8,0.9753086419753086,0.967032967032967,0.00827567494234161,Coral,West,Mangrove,West,Coral_vs_Mangrove,TRUE
S60,S8,0.9730639730639731,0.9560439560439561,0.01702001702001702,Coral,West,Mangrove,West,Coral_vs_Mangrove,TRUE
S66,S8,0.9738562091503268,0.967741935483871,0.006114273666455829,Seagrass,West,Mangrove,West,Mangrove_vs_Seagrass,TRUE
S67,S8,0.9794871794871794,0.978021978021978,0.0014652014652014652,Seagrass,West,Mangrove,West,Mangrove_vs_Seagrass,TRUE
S68,S8,0.9761904761904762,0.967032967032967,0.009157509157509158,Seagrass,West,Mangrove,West,Mangrove_vs_Seagrass,TRUE
S69,S8,0.9695817490494296,0.9560439560439561,0.013537793005473616,Seagrass,West,Mangrove,West,Mangrove_vs_Seagrass,TRUE
S70,S8,0.9742489270386266,0.967032967032967,0.007215960005659577,Seagrass,West,Mangrove,West,Mangrove_vs_Seagrass,TRUE
S71,S8,1,1,0,Coral,East,Mangrove,West,Coral_vs_Mangrove,FALSE
S73,S8,1,1,0,Coral,East,Mangrove,West,Coral_vs_Mangrove,FALSE
S74,S8,1,1,0,Coral,East,Mangrove,West,Coral_vs_Mangrove,FALSE
S75,S8,1,1,0,Coral,East,Mangrove,West,Coral_vs_Mangrove,FALSE
S77,S8,1,1,0,Coral,East,Mangrove,West,Coral_vs_Mangrove,FALSE
S78,S8,1,1,0,Coral,East,Mangrove,West,Coral_vs_Mangrove,FALSE
S80,S8,1,1,0,Coral,East,Mangrove,West,Coral_vs_Mangrove,FALSE
S91,S8,0.9685863874345549,0.967032967032967,0.0015534204015879409,Seagrass,West,Mangrove,West,Mangrove_vs_Seagrass,TRUE
S92,S8,0.9583333333333334,0.9433962264150944,0.014937106918238994,Seagrass,West,Mangrove,West,Mangrove_vs_Seagrass,TRUE
S93,S8,0.9666666666666667,0.9310344827586207,0.035632183908045983,Seagrass,West,Mangrove,West,Mangrove_vs_Seagrass,TRUE
S94,S8,0.963302752293578,0.8888888888888888,0.07441386340468908,Seagrass,West,Mangrove,West,Mangrove_vs_Seagrass,TRUE
S95,S8,0.9696969696969697,0.9512195121951219,0.018477457501847747,Seagrass,West,Mangrove,West,Mangrove_vs_Seagrass,TRUE
S101,S8,1,1,0,Coral,West,Mangrove,West,Coral_vs_Mangrove,TRUE
S102,S8,1,1,0,Coral,West,Mangrove,West,Coral_vs_Mangrove,TRUE
S103,S8,1,1,0,Coral,West,Mangrove,West,Coral_vs_Mangrove,TRUE
S104,S8,1,1,0,Coral,West,Mangrove,West,Coral_vs_Mangrove,TRUE
S105,S8,0.9818181818181818,0.9473684210526315,0.03444976076555024,Coral,West,Mangrove,West,Coral_vs_Mangrove,TRUE
S16,S9,0.9933774834437086,0.9876543209876543,0.005723162456054288,Coral,West,Mangrove,West,Coral_vs_Mangrove,TRUE
S17,S9,0.993006993006993,0.9876543209876543,0.005352672019338685,Coral,West,Mangrove,West,Coral_vs_Mangrove,TRUE
S18,S9,0.9931740614334471,0.9876543209876543,0.005519740445792777,Coral,West,Mangrove,West,Coral_vs_Mangrove,TRUE
S19,S9,0.9925093632958801,0.9876543209876543,0.004855042308225829,Coral,West,Mangrove,West,Coral_vs_Mangrove,TRUE
S20,S9,0.9932432432432432,0.9876543209876543,0.005588922255588922,Coral,West,Mangrove,West,Coral_vs_Mangrove,TRUE
S26,S9,1,1,0,Seagrass,East,Mangrove,West,Mangrove_vs_Seagrass,FALSE
S27,S9,1,1,0,Seagrass,East,Mangrove,West,Mangrove_vs_Seagrass,FALSE
S28,S9,1,1,0,Seagrass,East,Mangrove,West,Mangrove_vs_Seagrass,FALSE
S29,S9,1,1,0,Seagrass,East,Mangrove,West,Mangrove_vs_Seagrass,FALSE
S30,S9,1,1,0,Seagrass,East,Mangrove,West,Mangrove_vs_Seagrass,FALSE
S31,S9,1,1,0,Coral,East,Mangrove,West,Coral_vs_Mangrove,FALSE
S32,S9,1,1,0,Coral,East,Mangrove,West,Coral_vs_Mangrove,FALSE
S33,S9,1,1,0,Coral,East,Mangrove,West,Coral_vs_Mangrove,FALSE
S34,S9,1,1,0,Coral,East,Mangrove,West,Coral_vs_Mangrove,FALSE
S35,S9,1,1,0,Coral,East,Mangrove,West,Coral_vs_Mangrove,FALSE
S41,S9,1,1,0,Coral,East,Mangrove,West,Coral_vs_Mangrove,FALSE
S42,S9,1,1,0,Coral,East,Mangrove,West,Coral_vs_Mangrove,FALSE
S43,S9,1,1,0,Coral,East,Mangrove,West,Coral_vs_Mangrove,FALSE
S44,S9,1,1,0,Coral,East,Mangrove,West,Coral_vs_Mangrove,FALSE
S45,S9,1,1,0,Coral,East,Mangrove,West,Coral_vs_Mangrove,FALSE
S51,S9,1,1,0,Seagrass,East,Mangrove,West,Mangrove_vs_Seagrass,FALSE
S52,S9,1,1,0,Seagrass,East,Mangrove,West,Mangrove_vs_Seagrass,FALSE
S53,S9,0.948905109489051,0.9135802469135802,0.03532486257547084,Seagrass,East,Mangrove,West,Mangrove_vs_Seagrass,FALSE
S54,S9,0.9901960784313726,0.9876543209876543,0.002541757443718228,Seagrass,East,Mangrove,West,Mangrove_vs_Seagrass,FALSE
S55,S9,0.9590163934426229,0.9382716049382716,0.020744788504351342,Seagrass,East,Mangrove,West,Mangrove_vs_Seagrass,FALSE
S56,S9,0.988950276243094,0.9876543209876543,0.0012959552554396014,Coral,West,Mangrove,West,Coral_vs_Mangrove,TRUE
S57,S9,0.9789473684210527,0.9753086419753086,0.003638726445743989,Coral,West,Mangrove,West,Coral_vs_Mangrove,TRUE
S58,S9,0.9939393939393939,0.9876543209876543,0.006285072951739618,Coral,West,Mangrove,West,Coral_vs_Mangrove,TRUE
S59,S9,0.9828326180257511,0.9753086419753086,0.0075239760504424305,Coral,West,Mangrove,West,Coral_vs_Mangrove,TRUE
S60,S9,0.9930313588850174,0.9876543209876543,0.0053770378973631,Coral,West,Mangrove,West,Coral_vs_Mangrove,TRUE
S66,S9,0.986013986013986,0.9838709677419355,0.00214301827205053,Seagrass,West,Mangrove,West,Mangrove_vs_Seagrass,TRUE
S67,S9,0.9783783783783784,0.9753086419753086,0.0030697364030697364,Seagrass,West,Mangrove,West,Mangrove_vs_Seagrass,TRUE
S68,S9,0.9917355371900827,0.9876543209876543,0.004081216202428324,Seagrass,West,Mangrove,West,Mangrove_vs_Seagrass,TRUE
S69,S9,0.9920948616600791,0.9876543209876543,0.00444054067242473,Seagrass,West,Mangrove,West,Mangrove_vs_Seagrass,TRUE
S70,S9,0.9910313901345291,0.9876543209876543,0.003377069146874827,Seagrass,West,Mangrove,West,Mangrove_vs_Seagrass,TRUE
S71,S9,1,1,0,Coral,East,Mangrove,West,Coral_vs_Mangrove,FALSE
S73,S9,1,1,0,Coral,East,Mangrove,West,Coral_vs_Mangrove,FALSE
S74,S9,1,1,0,Coral,East,Mangrove,West,Coral_vs_Mangrove,FALSE
S75,S9,1,1,0,Coral,East,Mangrove,West,Coral_vs_Mangrove,FALSE
S77,S9,1,1,0,Coral,East,Mangrove,West,Coral_vs_Mangrove,FALSE
S78,S9,1,1,0,Coral,East,Mangrove,West,Coral_vs_Mangrove,FALSE
S80,S9,1,1,0,Coral,East,Mangrove,West,Coral_vs_Mangrove,FALSE
S91,S9,0.988950276243094,0.9876543209876543,0.0012959552554396014,Seagrass,West,Mangrove,West,Mangrove_vs_Seagrass,TRUE
S92,S9,0.9850746268656716,0.9811320754716981,0.003942551393973528,Seagrass,West,Mangrove,West,Mangrove_vs_Seagrass,TRUE
S93,S9,0.9818181818181818,0.9655172413793104,0.016300940438871474,Seagrass,West,Mangrove,West,Mangrove_vs_Seagrass,TRUE
S94,S9,1,1,0,Seagrass,West,Mangrove,West,Mangrove_vs_Seagrass,TRUE
S95,S9,0.9836065573770492,0.975609756097561,0.007996801279488205,Seagrass,West,Mangrove,West,Mangrove_vs_Seagrass,TRUE
S101,S9,0.978021978021978,0.9,0.07802197802197802,Coral,West,Mangrove,West,Coral_vs_Mangrove,TRUE
S102,S9,1,1,0,Coral,West,Mangrove,West,Coral_vs_Mangrove,TRUE
S103,S9,1,1,0,Coral,West,Mangrove,West,Coral_vs_Mangrove,TRUE
S104,S9,0.9795918367346939,0.9411764705882353,0.03841536614645858,Coral,West,Mangrove,West,Coral_vs_Mangrove,TRUE
S105,S9,0.98,0.9473684210526315,0.03263157894736842,Coral,West,Mangrove,West,Coral_vs_Mangrove,TRUE
S16,S10,1,1,0,Coral,West,Mangrove,West,Coral_vs_Mangrove,TRUE
S17,S10,1,1,0,Coral,West,Mangrove,West,Coral_vs_Mangrove,TRUE
S18,S10,1,1,0,Coral,West,Mangrove,West,Coral_vs_Mangrove,TRUE
S19,S10,1,1,0,Coral,West,Mangrove,West,Coral_vs_Mangrove,TRUE
S20,S10,1,1,0,Coral,West,Mangrove,West,Coral_vs_Mangrove,TRUE
S26,S10,1,1,0,Seagrass,East,Mangrove,West,Mangrove_vs_Seagrass,FALSE
S27,S10,1,1,0,Seagrass,East,Mangrove,West,Mangrove_vs_Seagrass,FALSE
S28,S10,1,1,0,Seagrass,East,Mangrove,West,Mangrove_vs_Seagrass,FALSE
S29,S10,1,1,0,Seagrass,East,Mangrove,West,Mangrove_vs_Seagrass,FALSE
S30,S10,1,1,0,Seagrass,East,Mangrove,West,Mangrove_vs_Seagrass,FALSE
S31,S10,1,1,0,Coral,East,Mangrove,West,Coral_vs_Mangrove,FALSE
S32,S10,1,1,0,Coral,East,Mangrove,West,Coral_vs_Mangrove,FALSE
S33,S10,1,1,0,Coral,East,Mangrove,West,Coral_vs_Mangrove,FALSE
S34,S10,1,1,0,Coral,East,Mangrove,West,Coral_vs_Mangrove,FALSE
S35,S10,1,1,0,Coral,East,Mangrove,West,Coral_vs_Mangrove,FALSE
S41,S10,1,1,0,Coral,East,Mangrove,West,Coral_vs_Mangrove,FALSE
S42,S10,1,1,0,Coral,East,Mangrove,West,Coral_vs_Mangrove,FALSE
S43,S10,1,1,0,Coral,East,Mangrove,West,Coral_vs_Mangrove,FALSE
S44,S10,1,1,0,Coral,East,Mangrove,West,Coral_vs_Mangrove,FALSE
S45,S10,1,1,0,Coral,East,Mangrove,West,Coral_vs_Mangrove,FALSE
S51,S10,1,1,0,Seagrass,East,Mangrove,West,Mangrove_vs_Seagrass,FALSE
S52,S10,1,1,0,Seagrass,East,Mangrove,West,Mangrove_vs_Seagrass,FALSE
S53,S10,0.9695817490494296,0.9428571428571428,0.0267246061922868,Seagrass,East,Mangrove,West,Mangrove_vs_Seagrass,FALSE
S54,S10,0.9896373056994818,0.9857142857142858,0.00392301998519615,Seagrass,East,Mangrove,West,Mangrove_vs_Seagrass,FALSE
S55,S10,0.9570815450643777,0.9285714285714286,0.02851011649294911,Seagrass,East,Mangrove,West,Mangrove_vs_Seagrass,FALSE
S56,S10,1,1,0,Coral,West,Mangrove,West,Coral_vs_Mangrove,TRUE
S57,S10,1,1,0,Coral,West,Mangrove,West,Coral_vs_Mangrove,TRUE
S58,S10,1,1,0,Coral,West,Mangrove,West,Coral_vs_Mangrove,TRUE
S59,S10,1,1,0,Coral,West,Mangrove,West,Coral_vs_Mangrove,TRUE
S60,S10,1,1,0,Coral,West,Mangrove,West,Coral_vs_Mangrove,TRUE
S66,S10,1,1,0,Seagrass,West,Mangrove,West,Mangrove_vs_Seagrass,TRUE
S67,S10,1,1,0,Seagrass,West,Mangrove,West,Mangrove_vs_Seagrass,TRUE
S68,S10,1,1,0,Seagrass,West,Mangrove,West,Mangrove_vs_Seagrass,TRUE
S69,S10,1,1,0,Seagrass,West,Mangrove,West,Mangrove_vs_Seagrass,TRUE
S70,S10,1,1,0,Seagrass,West,Mangrove,West,Mangrove_vs_Seagrass,TRUE
S71,S10,1,1,0,Coral,East,Mangrove,West,Coral_vs_Mangrove,FALSE
S73,S10,1,1,0,Coral,East,Mangrove,West,Coral_vs_Mangrove,FALSE
S74,S10,1,1,0,Coral,East,Mangrove,West,Coral_vs_Mangrove,FALSE
S75,S10,1,1,0,Coral,East,Mangrove,West,Coral_vs_Mangrove,FALSE
S77,S10,1,1,0,Coral,East,Mangrove,West,Coral_vs_Mangrove,FALSE
S78,S10,1,1,0,Coral,East,Mangrove,West,Coral_vs_Mangrove,FALSE
S80,S10,1,1,0,Coral,East,Mangrove,West,Coral_vs_Mangrove,FALSE
S91,S10,1,1,0,Seagrass,West,Mangrove,West,Mangrove_vs_Seagrass,TRUE
S92,S10,1,1,0,Seagrass,West,Mangrove,West,Mangrove_vs_Seagrass,TRUE
S93,S10,1,1,0,Seagrass,West,Mangrove,West,Mangrove_vs_Seagrass,TRUE
S94,S10,1,1,0,Seagrass,West,Mangrove,West,Mangrove_vs_Seagrass,TRUE
S95,S10,1,1,0,Seagrass,West,Mangrove,West,Mangrove_vs_Seagrass,TRUE
S101,S10,1,1,0,Coral,West,Mangrove,West,Coral_vs_Mangrove,TRUE
S102,S10,1,1,0,Coral,West,Mangrove,West,Coral_vs_Mangrove,TRUE
S103,S10,1,1,0,Coral,West,Mangrove,West,Coral_vs_Mangrove,TRUE
S104,S10,1,1,0,Coral,West,Mangrove,West,Coral_vs_Mangrove,TRUE
S105,S10,1,1,0,Coral,West,Mangrove,West,Coral_vs_Mangrove,TRUE
S16,S11,0.6327868852459017,0.49321266968325794,0.1395742155626437,Coral,West,Mangrove,West,Coral_vs_Mangrove,TRUE
S17,S11,0.6430976430976431,0.48292682926829267,0.16017081382935042,Coral,West,Mangrove,West,Coral_vs_Mangrove,TRUE
S18,S11,0.6938435940099834,0.5660377358490566,0.12780585816092677,Coral,West,Mangrove,West,Coral_vs_Mangrove,TRUE
S19,S11,0.711304347826087,0.553763440860215,0.1575409069658719,Coral,West,Mangrove,West,Coral_vs_Mangrove,TRUE
S20,S11,0.6324503311258278,0.48372093023255813,0.14872940089326966,Coral,West,Mangrove,West,Coral_vs_Mangrove,TRUE
S26,S11,0.9759036144578314,0.8076923076923077,0.16821130676552365,Seagrass,East,Mangrove,West,Mangrove_vs_Seagrass,FALSE
S27,S11,0.9748110831234257,0.375,0.5998110831234257,Seagrass,East,Mangrove,West,Mangrove_vs_Seagrass,FALSE
S28,S11,0.9900249376558603,0.8333333333333334,0.156691604322527,Seagrass,East,Mangrove,West,Mangrove_vs_Seagrass,FALSE
S29,S11,0.9948979591836735,0.6666666666666666,0.3282312925170068,Seagrass,East,Mangrove,West,Mangrove_vs_Seagrass,FALSE
S30,S11,0.9850746268656716,0.7692307692307693,0.2158438576349024,Seagrass,East,Mangrove,West,Mangrove_vs_Seagrass,FALSE
S31,S11,0.9716981132075472,0.8285714285714286,0.1431266846361186,Coral,East,Mangrove,West,Coral_vs_Mangrove,FALSE
S32,S11,0.9753694581280788,0.7058823529411765,0.26948710518690233,Coral,East,Mangrove,West,Coral_vs_Mangrove,FALSE
S33,S11,0.9757869249394673,0.7916666666666666,0.18412025827280065,Coral,East,Mangrove,West,Coral_vs_Mangrove,FALSE
S34,S11,0.9850746268656716,0.7692307692307693,0.2158438576349024,Coral,East,Mangrove,West,Coral_vs_Mangrove,FALSE
S35,S11,0.9541284403669725,0.7872340425531915,0.166894397813781,Coral,East,Mangrove,West,Coral_vs_Mangrove,FALSE
S41,S11,0.9663461538461539,0.7407407407407407,0.2256054131054131,Coral,East,Mangrove,West,Coral_vs_Mangrove,FALSE
S42,S11,0.9310344827586207,0.7866666666666666,0.14436781609195404,Coral,East,Mangrove,West,Coral_vs_Mangrove,FALSE
S43,S11,0.9801980198019802,0.7333333333333333,0.24686468646864687,Coral,East,Mangrove,West,Coral_vs_Mangrove,FALSE
S44,S11,0.9161425576519916,0.7727272727272727,0.1434152849247189,Coral,East,Mangrove,West,Coral_vs_Mangrove,FALSE
S45,S11,0.9681818181818181,0.8627450980392157,0.10543672014260251,Coral,East,Mangrove,West,Coral_vs_Mangrove,FALSE
S51,S11,0.8715203426124197,0.6153846153846154,0.25613572722780437,Seagrass,East,Mangrove,West,Mangrove_vs_Seagrass,FALSE
S52,S11,0.8436213991769548,0.6082474226804123,0.23537397649654238,Seagrass,East,Mangrove,West,Mangrove_vs_Seagrass,FALSE
S53,S11,0.8109965635738832,0.7150259067357513,0.09597065683813187,Seagrass,East,Mangrove,West,Mangrove_vs_Seagrass,FALSE
S54,S11,0.8203125,0.6260162601626016,0.19429623983739835,Seagrass,East,Mangrove,West,Mangrove_vs_Seagrass,FALSE
S55,S11,0.8188405797101449,0.6932515337423313,0.12558904596781365,Seagrass,East,Mangrove,West,Mangrove_vs_Seagrass,FALSE
S56,S11,0.901840490797546,0.76,0.14184049079754601,Coral,West,Mangrove,West,Coral_vs_Mangrove,TRUE
S57,S11,0.891566265060241,0.7522935779816514,0.13927268707858959,Coral,West,Mangrove,West,Coral_vs_Mangrove,TRUE
S58,S11,0.8840125391849529,0.8514056224899599,0.03260691669499314,Coral,West,Mangrove,West,Coral_vs_Mangrove,TRUE
S59,S11,0.8927911275415896,0.8092105263157895,0.08358060122580017,Coral,West,Mangrove,West,Coral_vs_Mangrove,TRUE
S60,S11,0.8722689075630252,0.8155339805825242,0.05673492698050094,Coral,West,Mangrove,West,Coral_vs_Mangrove,TRUE
S66,S11,0.9334811529933481,0.7580645161290323,0.17541663686431588,Seagrass,West,Mangrove,West,Mangrove_vs_Seagrass,TRUE
S67,S11,0.9188640973630832,0.8076923076923077,0.11117178967077548,Seagrass,West,Mangrove,West,Mangrove_vs_Seagrass,TRUE
S68,S11,0.88,0.7950310559006211,0.08496894409937888,Seagrass,West,Mangrove,West,Mangrove_vs_Seagrass,TRUE
S69,S11,0.8680926916221033,0.7848837209302325,0.08320897069187082,Seagrass,West,Mangrove,West,Mangrove_vs_Seagrass,TRUE
S70,S11,0.8945386064030132,0.8028169014084507,0.09172170499456248,Seagrass,West,Mangrove,West,Mangrove_vs_Seagrass,TRUE
S71,S11,1,1,0,Coral,East,Mangrove,West,Coral_vs_Mangrove,FALSE
S73,S11,1,1,0,Coral,East,Mangrove,West,Coral_vs_Mangrove,FALSE
S74,S11,1,1,0,Coral,East,Mangrove,West,Coral_vs_Mangrove,FALSE
S75,S11,0.9949109414758269,0.75,0.24491094147582698,Coral,East,Mangrove,West,Coral_vs_Mangrove,FALSE
S77,S11,0.9851485148514851,0.8,0.18514851485148517,Coral,East,Mangrove,West,Coral_vs_Mangrove,FALSE
S78,S11,0.9852216748768473,0.8235294117647058,0.1616922631121414,Coral,East,Mangrove,West,Coral_vs_Mangrove,FALSE
S80,S11,0.9948979591836735,0.6666666666666666,0.3282312925170068,Coral,East,Mangrove,West,Coral_vs_Mangrove,FALSE
S91,S11,0.8650306748466258,0.67,0.19503067484662578,Seagrass,West,Mangrove,West,Mangrove_vs_Seagrass,TRUE
S92,S11,0.9095022624434389,0.6226415094339622,0.28686075300947667,Seagrass,West,Mangrove,West,Mangrove_vs_Seagrass,TRUE
S93,S11,0.9425837320574163,0.5862068965517241,0.35637683550569216,Seagrass,West,Mangrove,West,Mangrove_vs_Seagrass,TRUE
S94,S11,0.9656019656019657,0.6111111111111112,0.3544908544908545,Seagrass,West,Mangrove,West,Mangrove_vs_Seagrass,TRUE
S95,S11,0.9116279069767442,0.5365853658536586,0.37504254112308566,Seagrass,West,Mangrove,West,Mangrove_vs_Seagrass,TRUE
S101,S11,0.974937343358396,0.5,0.474937343358396,Coral,West,Mangrove,West,Coral_vs_Mangrove,TRUE
S102,S11,0.9949367088607595,0.8333333333333334,0.16160337552742615,Coral,West,Mangrove,West,Coral_vs_Mangrove,TRUE
S103,S11,0.9899244332493703,0.75,0.23992443324937027,Coral,West,Mangrove,West,Coral_vs_Mangrove,TRUE
S104,S11,0.9704433497536946,0.6470588235294118,0.3233845262242828,Coral,West,Mangrove,West,Coral_vs_Mangrove,TRUE
S105,S11,0.9558823529411765,0.5263157894736842,0.4295665634674922,Coral,West,Mangrove,West,Coral_vs_Mangrove,TRUE
S16,S12,0.6523235800344234,0.5429864253393665,0.10933715469505689,Coral,West,Mangrove,West,Coral_vs_Mangrove,TRUE
S17,S12,0.6849557522123894,0.5658536585365853,0.119102093675804,Coral,West,Mangrove,West,Coral_vs_Mangrove,TRUE
S18,S12,0.6993006993006993,0.5943396226415094,0.10496107665918987,Coral,West,Mangrove,West,Coral_vs_Mangrove,TRUE
S19,S12,0.7252747252747253,0.5967741935483871,0.12850053172633816,Coral,West,Mangrove,West,Coral_vs_Mangrove,TRUE
S20,S12,0.6347826086956522,0.5116279069767442,0.12315470171890798,Coral,West,Mangrove,West,Coral_vs_Mangrove,TRUE
S26,S12,0.9740932642487047,0.8076923076923077,0.16640095655639697,Seagrass,East,Mangrove,West,Mangrove_vs_Seagrass,FALSE
S27,S12,0.9728260869565217,0.375,0.5978260869565217,Seagrass,East,Mangrove,West,Mangrove_vs_Seagrass,FALSE
S28,S12,0.9946236559139785,0.9166666666666666,0.07795698924731181,Seagrass,East,Mangrove,West,Mangrove_vs_Seagrass,FALSE
S29,S12,0.9944903581267218,0.6666666666666666,0.3278236914600551,Seagrass,East,Mangrove,West,Mangrove_vs_Seagrass,FALSE
S30,S12,0.9892761394101877,0.8461538461538461,0.14312229325634152,Seagrass,East,Mangrove,West,Mangrove_vs_Seagrass,FALSE
S31,S12,0.9696202531645569,0.8285714285714286,0.1410488245931284,Coral,East,Mangrove,West,Coral_vs_Mangrove,FALSE
S32,S12,0.9787798408488063,0.7647058823529411,0.2140739584958652,Coral,East,Mangrove,West,Coral_vs_Mangrove,FALSE
S33,S12,0.9739583333333334,0.7916666666666666,0.18229166666666669,Coral,East,Mangrove,West,Coral_vs_Mangrove,FALSE
S34,S12,0.9785522788203753,0.6923076923076923,0.28624458651268303,Coral,East,Mangrove,West,Coral_vs_Mangrove,FALSE
S35,S12,0.9508599508599509,0.7872340425531915,0.16362590830675935,Coral,East,Mangrove,West,Coral_vs_Mangrove,FALSE
S41,S12,0.9741602067183462,0.8148148148148148,0.15934539190353142,Coral,East,Mangrove,West,Coral_vs_Mangrove,FALSE
S42,S12,0.9494252873563218,0.8533333333333334,0.09609195402298851,Coral,East,Mangrove,West,Coral_vs_Mangrove,FALSE
S43,S12,0.9733333333333334,0.6666666666666666,0.30666666666666664,Coral,East,Mangrove,West,Coral_vs_Mangrove,FALSE
S44,S12,0.9241071428571429,0.8068181818181818,0.11728896103896103,Coral,East,Mangrove,West,Coral_vs_Mangrove,FALSE
S45,S12,0.975669099756691,0.9019607843137255,0.07370831544296551,Coral,East,Mangrove,West,Coral_vs_Mangrove,FALSE
S51,S12,0.867579908675799,0.6282051282051282,0.2393747804706709,Seagrass,East,Mangrove,West,Mangrove_vs_Seagrass,FALSE
S52,S12,0.8512035010940919,0.6494845360824743,0.20171896501161765,Seagrass,East,Mangrove,West,Mangrove_vs_Seagrass,FALSE
S53,S12,0.8191681735985533,0.7409326424870466,0.07823553111150672,Seagrass,East,Mangrove,West,Mangrove_vs_Seagrass,FALSE
S54,S12,0.8219461697722568,0.6504065040650406,0.17153966570721607,Seagrass,East,Mangrove,West,Mangrove_vs_Seagrass,FALSE
S55,S12,0.8087954110898662,0.6932515337423313,0.11554387734753487,Seagrass,East,Mangrove,West,Mangrove_vs_Seagrass,FALSE
S56,S12,0.8913043478260869,0.75,0.14130434782608695,Coral,West,Mangrove,West,Coral_vs_Mangrove,TRUE
S57,S12,0.8976545842217484,0.7798165137614679,0.11783807046028053,Coral,West,Mangrove,West,Coral_vs_Mangrove,TRUE
S58,S12,0.8653530377668309,0.8353413654618473,0.03001167230498348,Coral,West,Mangrove,West,Coral_vs_Mangrove,TRUE
S59,S12,0.89453125,0.8223684210526315,0.07216282894736842,Coral,West,Mangrove,West,Coral_vs_Mangrove,TRUE
S60,S12,0.8798586572438163,0.8349514563106796,0.044907200933136646,Coral,West,Mangrove,West,Coral_vs_Mangrove,TRUE
S66,S12,0.9289099526066351,0.7580645161290323,0.1708454364776028,Seagrass,West,Mangrove,West,Mangrove_vs_Seagrass,TRUE
S67,S12,0.9137931034482759,0.8076923076923077,0.10610079575596817,Seagrass,West,Mangrove,West,Mangrove_vs_Seagrass,TRUE
S68,S12,0.8809980806142035,0.8074534161490683,0.07354466446513513,Seagrass,West,Mangrove,West,Mangrove_vs_Seagrass,TRUE
S69,S12,0.8909774436090225,0.8313953488372093,0.05958209477181325,Seagrass,West,Mangrove,West,Mangrove_vs_Seagrass,TRUE
S70,S12,0.8844621513944223,0.795774647887324,0.08868750350709836,Seagrass,West,Mangrove,West,Mangrove_vs_Seagrass,TRUE
S71,S12,1,1,0,Coral,East,Mangrove,West,Coral_vs_Mangrove,FALSE
S73,S12,1,1,0,Coral,East,Mangrove,West,Coral_vs_Mangrove,FALSE
S74,S12,1,1,0,Coral,East,Mangrove,West,Coral_vs_Mangrove,FALSE
S75,S12,0.9945054945054945,0.75,0.2445054945054945,Coral,East,Mangrove,West,Coral_vs_Mangrove,FALSE
S77,S12,0.9893333333333333,0.8666666666666667,0.12266666666666667,Coral,East,Mangrove,West,Coral_vs_Mangrove,FALSE
S78,S12,0.9787798408488063,0.7647058823529411,0.2140739584958652,Coral,East,Mangrove,West,Coral_vs_Mangrove,FALSE
S80,S12,1,1,0,Coral,East,Mangrove,West,Coral_vs_Mangrove,FALSE
S91,S12,0.8695652173913043,0.7,0.16956521739130434,Seagrass,West,Mangrove,West,Mangrove_vs_Seagrass,TRUE
S92,S12,0.9031476997578692,0.6226415094339622,0.280506190323907,Seagrass,West,Mangrove,West,Mangrove_vs_Seagrass,TRUE
S93,S12,0.9485861182519281,0.6551724137931034,0.2934137044588246,Seagrass,West,Mangrove,West,Mangrove_vs_Seagrass,TRUE
S94,S12,0.9788359788359788,0.7777777777777778,0.20105820105820105,Seagrass,West,Mangrove,West,Mangrove_vs_Seagrass,TRUE
S95,S12,0.9152119700748129,0.5853658536585366,0.32984611641627637,Seagrass,West,Mangrove,West,Mangrove_vs_Seagrass,TRUE
S101,S12,0.9783783783783784,0.6,0.3783783783783784,Coral,West,Mangrove,West,Coral_vs_Mangrove,TRUE
S102,S12,0.9890710382513661,0.6666666666666666,0.3224043715846994,Coral,West,Mangrove,West,Coral_vs_Mangrove,TRUE
S103,S12,0.9945652173913043,0.875,0.11956521739130435,Coral,West,Mangrove,West,Coral_vs_Mangrove,TRUE
S104,S12,0.9681697612732095,0.6470588235294118,0.32111093774379784,Coral,West,Mangrove,West,Coral_vs_Mangrove,TRUE
S105,S12,0.9472295514511874,0.47368421052631576,0.47354534092487155,Coral,West,Mangrove,West,Coral_vs_Mangrove,TRUE
S16,S13,0.6139767054908486,0.4751131221719457,0.1388635833189029,Coral,West,Mangrove,West,Coral_vs_Mangrove,TRUE
S17,S13,0.6478632478632479,0.4975609756097561,0.15030227225349177,Coral,West,Mangrove,West,Coral_vs_Mangrove,TRUE
S18,S13,0.6554054054054054,0.5188679245283019,0.13653748087710352,Coral,West,Mangrove,West,Coral_vs_Mangrove,TRUE
S19,S13,0.6749116607773852,0.5053763440860215,0.16953531669136365,Coral,West,Mangrove,West,Coral_vs_Mangrove,TRUE
S20,S13,0.6201680672268908,0.4744186046511628,0.14574946257572796,Coral,West,Mangrove,West,Coral_vs_Mangrove,TRUE
S26,S13,0.9753694581280788,0.8076923076923077,0.16767715043577114,Seagrass,East,Mangrove,West,Mangrove_vs_Seagrass,FALSE
S27,S13,0.979381443298969,0.5,0.4793814432989691,Seagrass,East,Mangrove,West,Mangrove_vs_Seagrass,FALSE
S28,S13,0.9897959183673469,0.8333333333333334,0.1564625850340136,Seagrass,East,Mangrove,West,Mangrove_vs_Seagrass,FALSE
S29,S13,0.9947780678851175,0.6666666666666666,0.32811140121845084,Seagrass,East,Mangrove,West,Mangrove_vs_Seagrass,FALSE
S30,S13,0.989821882951654,0.8461538461538461,0.1436680367978078,Seagrass,East,Mangrove,West,Mangrove_vs_Seagrass,FALSE
S31,S13,0.9710843373493976,0.8285714285714286,0.14251290877796902,Coral,East,Mangrove,West,Coral_vs_Mangrove,FALSE
S32,S13,0.9798488664987406,0.7647058823529411,0.21514298414579938,Coral,East,Mangrove,West,Coral_vs_Mangrove,FALSE
S33,S13,0.9801980198019802,0.8333333333333334,0.14686468646864687,Coral,East,Mangrove,West,Coral_vs_Mangrove,FALSE
S34,S13,0.9847328244274809,0.7692307692307693,0.2155020551967117,Coral,East,Mangrove,West,Coral_vs_Mangrove,FALSE
S35,S13,0.9531615925058547,0.7872340425531915,0.16592754995266332,Coral,East,Mangrove,West,Coral_vs_Mangrove,FALSE
S41,S13,0.9754299754299754,0.8148148148148148,0.1606151606151606,Coral,East,Mangrove,West,Coral_vs_Mangrove,FALSE
S42,S13,0.9472527472527472,0.84,0.10725274725274725,Coral,East,Mangrove,West,Coral_vs_Mangrove,FALSE
S43,S13,0.9848101265822785,0.8,0.1848101265822785,Coral,East,Mangrove,West,Coral_vs_Mangrove,FALSE
S44,S13,0.9230769230769231,0.7954545454545454,0.12762237762237763,Coral,East,Mangrove,West,Coral_vs_Mangrove,FALSE
S45,S13,0.962877030162413,0.8431372549019608,0.11973977526045221,Coral,East,Mangrove,West,Coral_vs_Mangrove,FALSE
S51,S13,0.8646288209606987,0.6025641025641025,0.2620647183965961,Seagrass,East,Mangrove,West,Mangrove_vs_Seagrass,FALSE
S52,S13,0.8616352201257862,0.6597938144329897,0.2018414056927965,Seagrass,East,Mangrove,West,Mangrove_vs_Seagrass,FALSE
S53,S13,0.8115183246073299,0.7202072538860104,0.09131107072131947,Seagrass,East,Mangrove,West,Mangrove_vs_Seagrass,FALSE
S54,S13,0.8210735586481114,0.6341463414634146,0.18692721718469668,Seagrass,East,Mangrove,West,Mangrove_vs_Seagrass,FALSE
S55,S13,0.7974217311233885,0.6625766871165644,0.13484504400682415,Seagrass,East,Mangrove,West,Mangrove_vs_Seagrass,FALSE
S56,S13,0.8791666666666667,0.71,0.16916666666666666,Coral,West,Mangrove,West,Coral_vs_Mangrove,TRUE
S57,S13,0.8732106339468303,0.7155963302752294,0.15761430367160092,Coral,West,Mangrove,West,Coral_vs_Mangrove,TRUE
S58,S13,0.8473767885532592,0.8072289156626506,0.04014787289060854,Coral,West,Mangrove,West,Coral_vs_Mangrove,TRUE
S59,S13,0.8796992481203008,0.7894736842105263,0.09022556390977443,Coral,West,Mangrove,West,Coral_vs_Mangrove,TRUE
S60,S13,0.8430034129692833,0.7766990291262136,0.06630438384306968,Coral,West,Mangrove,West,Coral_vs_Mangrove,TRUE
S66,S13,0.918552036199095,0.7096774193548387,0.20887461684425632,Seagrass,West,Mangrove,West,Mangrove_vs_Seagrass,TRUE
S67,S13,0.8966942148760331,0.7596153846153846,0.13707883026064843,Seagrass,West,Mangrove,West,Mangrove_vs_Seagrass,TRUE
S68,S13,0.8558225508317929,0.7577639751552795,0.09805857567651348,Seagrass,West,Mangrove,West,Mangrove_vs_Seagrass,TRUE
S69,S13,0.8442028985507246,0.75,0.09420289855072464,Seagrass,West,Mangrove,West,Mangrove_vs_Seagrass,TRUE
S70,S13,0.8582375478927203,0.7394366197183099,0.11880092817441044,Seagrass,West,Mangrove,West,Mangrove_vs_Seagrass,TRUE
S71,S13,1,1,0,Coral,East,Mangrove,West,Coral_vs_Mangrove,FALSE
S73,S13,1,1,0,Coral,East,Mangrove,West,Coral_vs_Mangrove,FALSE
S74,S13,1,1,0,Coral,East,Mangrove,West,Coral_vs_Mangrove,FALSE
S75,S13,1,1,0,Coral,East,Mangrove,West,Coral_vs_Mangrove,FALSE
S77,S13,0.9898734177215189,0.8666666666666667,0.12320675105485232,Coral,East,Mangrove,West,Coral_vs_Mangrove,FALSE
S78,S13,0.9848866498740554,0.8235294117647058,0.16135723810934954,Coral,East,Mangrove,West,Coral_vs_Mangrove,FALSE
S80,S13,0.9947780678851175,0.6666666666666666,0.32811140121845084,Coral,East,Mangrove,West,Coral_vs_Mangrove,FALSE
S91,S13,0.85,0.64,0.21,Seagrass,West,Mangrove,West,Mangrove_vs_Seagrass,TRUE
S92,S13,0.9122401847575058,0.6415094339622641,0.2707307507952416,Seagrass,West,Mangrove,West,Mangrove_vs_Seagrass,TRUE
S93,S13,0.9364303178484108,0.5517241379310345,0.38470617991737627,Seagrass,West,Mangrove,West,Mangrove_vs_Seagrass,TRUE
S94,S13,0.9698492462311558,0.6666666666666666,0.30318257956448913,Seagrass,West,Mangrove,West,Mangrove_vs_Seagrass,TRUE
S95,S13,0.9144893111638955,0.5609756097560976,0.3535137014077979,Seagrass,West,Mangrove,West,Mangrove_vs_Seagrass,TRUE
S101,S13,0.9743589743589743,0.5,0.47435897435897434,Coral,West,Mangrove,West,Coral_vs_Mangrove,TRUE
S102,S13,0.9948186528497409,0.8333333333333334,0.1614853195164076,Coral,West,Mangrove,West,Coral_vs_Mangrove,TRUE
S103,S13,0.9896907216494846,0.75,0.23969072164948454,Coral,West,Mangrove,West,Coral_vs_Mangrove,TRUE
S104,S13,0.964735516372796,0.5882352941176471,0.3765002222551489,Coral,West,Mangrove,West,Coral_vs_Mangrove,TRUE
S105,S13,0.949874686716792,0.47368421052631576,0.47619047619047616,Coral,West,Mangrove,West,Coral_vs_Mangrove,TRUE
S16,S14,0.6375838926174496,0.5113122171945701,0.12627167542287954,Coral,West,Mangrove,West,Coral_vs_Mangrove,TRUE
S17,S14,0.6758620689655173,0.5414634146341464,0.13439865433137088,Coral,West,Mangrove,West,Coral_vs_Mangrove,TRUE
S18,S14,0.686541737649063,0.5660377358490566,0.12050400180000644,Coral,West,Mangrove,West,Coral_vs_Mangrove,TRUE
S19,S14,0.7183600713012478,0.5752688172043011,0.1430912540969467,Coral,West,Mangrove,West,Coral_vs_Mangrove,TRUE
S20,S14,0.6440677966101694,0.5116279069767442,0.1324398896334253,Coral,West,Mangrove,West,Coral_vs_Mangrove,TRUE
S26,S14,0.9750623441396509,0.8076923076923077,0.1673700364473432,Seagrass,East,Mangrove,West,Mangrove_vs_Seagrass,FALSE
S27,S14,0.97911227154047,0.5,0.47911227154047,Seagrass,East,Mangrove,West,Mangrove_vs_Seagrass,FALSE
S28,S14,0.9896640826873385,0.8333333333333334,0.15633074935400515,Seagrass,East,Mangrove,West,Mangrove_vs_Seagrass,FALSE
S29,S14,0.9947089947089947,0.6666666666666666,0.328042328042328,Seagrass,East,Mangrove,West,Mangrove_vs_Seagrass,FALSE
S30,S14,0.9896907216494846,0.8461538461538461,0.1435368754956384,Seagrass,East,Mangrove,West,Mangrove_vs_Seagrass,FALSE
S31,S14,0.9707317073170731,0.8285714285714286,0.1421602787456446,Coral,East,Mangrove,West,Coral_vs_Mangrove,FALSE
S32,S14,0.9795918367346939,0.7647058823529411,0.21488595438175268,Coral,East,Mangrove,West,Coral_vs_Mangrove,FALSE
S33,S14,0.9699248120300752,0.75,0.2199248120300752,Coral,East,Mangrove,West,Coral_vs_Mangrove,FALSE
S34,S14,0.9896907216494846,0.8461538461538461,0.1435368754956384,Coral,East,Mangrove,West,Coral_vs_Mangrove,FALSE
S35,S14,0.9478672985781991,0.7659574468085106,0.18190985176968844,Coral,East,Mangrove,West,Coral_vs_Mangrove,FALSE
S41,S14,0.9751243781094527,0.8148148148148148,0.1603095632946379,Coral,East,Mangrove,West,Coral_vs_Mangrove,FALSE
S42,S14,0.9511111111111111,0.8533333333333334,0.09777777777777777,Coral,East,Mangrove,West,Coral_vs_Mangrove,FALSE
S43,S14,0.9846153846153847,0.8,0.18461538461538463,Coral,East,Mangrove,West,Coral_vs_Mangrove,FALSE
S44,S14,0.9222462203023758,0.7954545454545454,0.12679167484783035,Coral,East,Mangrove,West,Coral_vs_Mangrove,FALSE
S45,S14,0.971830985915493,0.8823529411764706,0.08947804473902236,Coral,East,Mangrove,West,Coral_vs_Mangrove,FALSE
S51,S14,0.8807947019867549,0.6538461538461539,0.22694854814060111,Seagrass,East,Mangrove,West,Mangrove_vs_Seagrass,FALSE
S52,S14,0.8601694915254238,0.6597938144329897,0.20037567709243403,Seagrass,East,Mangrove,West,Mangrove_vs_Seagrass,FALSE
S53,S14,0.795774647887324,0.6994818652849741,0.09629278260234986,Seagrass,East,Mangrove,West,Mangrove_vs_Seagrass,FALSE
S54,S14,0.8112449799196787,0.6178861788617886,0.1933588010578901,Seagrass,East,Mangrove,West,Mangrove_vs_Seagrass,FALSE
S55,S14,0.8178438661710037,0.6993865030674846,0.11845736310351905,Seagrass,East,Mangrove,West,Mangrove_vs_Seagrass,FALSE
S56,S14,0.9073684210526316,0.78,0.12736842105263158,Coral,West,Mangrove,West,Coral_vs_Mangrove,TRUE
S57,S14,0.8801652892561983,0.7339449541284404,0.14622033512775798,Coral,West,Mangrove,West,Coral_vs_Mangrove,TRUE
S58,S14,0.875,0.8433734939759037,0.03162650602409639,Coral,West,Mangrove,West,Coral_vs_Mangrove,TRUE
S59,S14,0.9013282732447818,0.8289473684210527,0.07238090482372915,Coral,West,Mangrove,West,Coral_vs_Mangrove,TRUE
S60,S14,0.8726333907056799,0.8203883495145631,0.05224504119111676,Coral,West,Mangrove,West,Coral_vs_Mangrove,TRUE
S66,S14,0.9221967963386728,0.7258064516129032,0.19639034472576952,Seagrass,West,Mangrove,West,Mangrove_vs_Seagrass,TRUE
S67,S14,0.9123173277661796,0.7980769230769231,0.11424040468925648,Seagrass,West,Mangrove,West,Mangrove_vs_Seagrass,TRUE
S68,S14,0.8694029850746269,0.782608695652174,0.08679428942245294,Seagrass,West,Mangrove,West,Mangrove_vs_Seagrass,TRUE
S69,S14,0.8793418647166362,0.8081395348837209,0.07120232983291527,Seagrass,West,Mangrove,West,Mangrove_vs_Seagrass,TRUE
S70,S14,0.8800773694390716,0.7816901408450704,0.09838722859400115,Seagrass,West,Mangrove,West,Mangrove_vs_Seagrass,TRUE
S71,S14,1,1,0,Coral,East,Mangrove,West,Coral_vs_Mangrove,FALSE
S73,S14,1,1,0,Coral,East,Mangrove,West,Coral_vs_Mangrove,FALSE
S74,S14,1,1,0,Coral,East,Mangrove,West,Coral_vs_Mangrove,FALSE
S75,S14,1,1,0,Coral,East,Mangrove,West,Coral_vs_Mangrove,FALSE
S77,S14,0.9897435897435898,0.8666666666666667,0.12307692307692308,Coral,East,Mangrove,West,Coral_vs_Mangrove,FALSE
S78,S14,0.9948979591836735,0.9411764705882353,0.05372148859543817,Coral,East,Mangrove,West,Coral_vs_Mangrove,FALSE
S80,S14,0.9894179894179894,0.3333333333333333,0.656084656084656,Coral,East,Mangrove,West,Coral_vs_Mangrove,FALSE
S91,S14,0.8442105263157895,0.63,0.2142105263157895,Seagrass,West,Mangrove,West,Mangrove_vs_Seagrass,TRUE
S92,S14,0.9018691588785047,0.6037735849056604,0.2980955739728443,Seagrass,West,Mangrove,West,Mangrove_vs_Seagrass,TRUE
S93,S14,0.9306930693069307,0.5172413793103449,0.4134516899965859,Seagrass,West,Mangrove,West,Mangrove_vs_Seagrass,TRUE
S94,S14,0.9643765903307888,0.6111111111111112,0.35326547921967766,Seagrass,West,Mangrove,West,Mangrove_vs_Seagrass,TRUE
S95,S14,0.9086538461538461,0.5365853658536586,0.37206848030018763,Seagrass,West,Mangrove,West,Mangrove_vs_Seagrass,TRUE
S101,S14,0.974025974025974,0.5,0.474025974025974,Coral,West,Mangrove,West,Coral_vs_Mangrove,TRUE
S102,S14,0.984251968503937,0.5,0.484251968503937,Coral,West,Mangrove,West,Coral_vs_Mangrove,TRUE
S103,S14,0.9895561357702349,0.75,0.239556135770235,Coral,West,Mangrove,West,Coral_vs_Mangrove,TRUE
S104,S14,0.9693877551020408,0.6470588235294118,0.32232893157262904,Coral,West,Mangrove,West,Coral_vs_Mangrove,TRUE
S105,S14,0.9543147208121827,0.5263157894736842,0.42799893133849853,Coral,West,Mangrove,West,Coral_vs_Mangrove,TRUE
S16,S15,0.5888157894736842,0.4343891402714932,0.15442664920219099,Coral,West,Mangrove,West,Coral_vs_Mangrove,TRUE
S17,S15,0.6047297297297297,0.4292682926829268,0.1754614370468029,Coral,West,Mangrove,West,Coral_vs_Mangrove,TRUE
S18,S15,0.6227045075125208,0.4669811320754717,0.15572337543704917,Coral,West,Mangrove,West,Coral_vs_Mangrove,TRUE
S19,S15,0.643979057591623,0.45161290322580644,0.19236615436581656,Coral,West,Mangrove,West,Coral_vs_Mangrove,TRUE
S20,S15,0.6013289036544851,0.4418604651162791,0.15946843853820597,Coral,West,Mangrove,West,Coral_vs_Mangrove,TRUE
S26,S15,0.9661016949152542,0.7307692307692307,0.23533246414602346,Seagrass,East,Mangrove,West,Mangrove_vs_Seagrass,FALSE
S27,S15,0.9746835443037974,0.375,0.5996835443037974,Seagrass,East,Mangrove,West,Mangrove_vs_Seagrass,FALSE
S28,S15,0.9899749373433584,0.8333333333333334,0.15664160401002505,Seagrass,East,Mangrove,West,Mangrove_vs_Seagrass,FALSE
S29,S15,0.9948717948717949,0.6666666666666666,0.3282051282051282,Seagrass,East,Mangrove,West,Mangrove_vs_Seagrass,FALSE
S30,S15,0.985,0.7692307692307693,0.2157692307692308,Seagrass,East,Mangrove,West,Mangrove_vs_Seagrass,FALSE
S31,S15,0.966824644549763,0.8,0.16682464454976303,Coral,East,Mangrove,West,Coral_vs_Mangrove,FALSE
S32,S15,0.9752475247524752,0.7058823529411765,0.2693651718112988,Coral,East,Mangrove,West,Coral_vs_Mangrove,FALSE
S33,S15,0.975669099756691,0.7916666666666666,0.18400243309002434,Coral,East,Mangrove,West,Coral_vs_Mangrove,FALSE
S34,S15,0.975,0.6153846153846154,0.35961538461538467,Coral,East,Mangrove,West,Coral_vs_Mangrove,FALSE
S35,S15,0.9539170506912442,0.7872340425531915,0.16668300813805276,Coral,East,Mangrove,West,Coral_vs_Mangrove,FALSE
S41,S15,0.9710144927536232,0.7777777777777778,0.1932367149758454,Coral,East,Mangrove,West,Coral_vs_Mangrove,FALSE
S42,S15,0.935064935064935,0.8,0.13506493506493508,Coral,East,Mangrove,West,Coral_vs_Mangrove,FALSE
S43,S15,0.9800995024875622,0.7333333333333333,0.24676616915422886,Coral,East,Mangrove,West,Coral_vs_Mangrove,FALSE
S44,S15,0.9242105263157895,0.7954545454545454,0.128755980861244,Coral,East,Mangrove,West,Coral_vs_Mangrove,FALSE
S45,S15,0.9680365296803652,0.8627450980392157,0.10529143164114961,Coral,East,Mangrove,West,Coral_vs_Mangrove,FALSE
S51,S15,0.8709677419354839,0.6153846153846154,0.2555831265508685,Seagrass,East,Mangrove,West,Mangrove_vs_Seagrass,FALSE
S52,S15,0.8388429752066116,0.5979381443298969,0.24090483087671466,Seagrass,East,Mangrove,West,Mangrove_vs_Seagrass,FALSE
S53,S15,0.803448275862069,0.7046632124352331,0.09878506342683581,Seagrass,East,Mangrove,West,Mangrove_vs_Seagrass,FALSE
S54,S15,0.8117647058823529,0.6097560975609756,0.20200860832137735,Seagrass,East,Mangrove,West,Mangrove_vs_Seagrass,FALSE
S55,S15,0.8,0.6625766871165644,0.1374233128834356,Seagrass,East,Mangrove,West,Mangrove_vs_Seagrass,FALSE
S56,S15,0.864476386036961,0.67,0.194476386036961,Coral,West,Mangrove,West,Coral_vs_Mangrove,TRUE
S57,S15,0.8709677419354839,0.7064220183486238,0.16454572358686,Coral,West,Mangrove,West,Coral_vs_Mangrove,TRUE
S58,S15,0.8459119496855346,0.8032128514056225,0.042699098279912105,Coral,West,Mangrove,West,Coral_vs_Mangrove,TRUE
S59,S15,0.8738404452690167,0.7763157894736842,0.09752465579533248,Coral,West,Mangrove,West,Coral_vs_Mangrove,TRUE
S60,S15,0.8347386172006745,0.7621359223300971,0.07260269487057744,Coral,West,Mangrove,West,Coral_vs_Mangrove,TRUE
S66,S15,0.9153674832962138,0.6935483870967742,0.22181909619943962,Seagrass,West,Mangrove,West,Mangrove_vs_Seagrass,TRUE
S67,S15,0.8940936863543788,0.75,0.14409368635437883,Seagrass,West,Mangrove,West,Mangrove_vs_Seagrass,TRUE
S68,S15,0.843065693430657,0.7329192546583851,0.11014643877227184,Seagrass,West,Mangrove,West,Mangrove_vs_Seagrass,TRUE
S69,S15,0.8497316636851521,0.7558139534883721,0.09391771019677997,Seagrass,West,Mangrove,West,Mangrove_vs_Seagrass,TRUE
S70,S15,0.8525519848771267,0.7253521126760564,0.12719987220107032,Seagrass,West,Mangrove,West,Mangrove_vs_Seagrass,TRUE
S71,S15,1,1,0,Coral,East,Mangrove,West,Coral_vs_Mangrove,FALSE
S73,S15,1,1,0,Coral,East,Mangrove,West,Coral_vs_Mangrove,FALSE
S74,S15,1,1,0,Coral,East,Mangrove,West,Coral_vs_Mangrove,FALSE
S75,S15,0.9948849104859335,0.75,0.2448849104859335,Coral,East,Mangrove,West,Coral_vs_Mangrove,FALSE
S77,S15,0.9800995024875622,0.7333333333333333,0.24676616915422886,Coral,East,Mangrove,West,Coral_vs_Mangrove,FALSE
S78,S15,0.9801980198019802,0.7647058823529411,0.21549213744903903,Coral,East,Mangrove,West,Coral_vs_Mangrove,FALSE
S80,S15,0.9948717948717949,0.6666666666666666,0.3282051282051282,Coral,East,Mangrove,West,Coral_vs_Mangrove,FALSE
S91,S15,0.8562628336755647,0.65,0.20626283367556467,Seagrass,West,Mangrove,West,Mangrove_vs_Seagrass,TRUE
S92,S15,0.9045454545454545,0.6037735849056604,0.3007718696397942,Seagrass,West,Mangrove,West,Mangrove_vs_Seagrass,TRUE
S93,S15,0.9375,0.5517241379310345,0.3857758620689655,Seagrass,West,Mangrove,West,Mangrove_vs_Seagrass,TRUE
S94,S15,0.9703703703703703,0.6666666666666666,0.3037037037037037,Seagrass,West,Mangrove,West,Mangrove_vs_Seagrass,TRUE
S95,S15,0.9065420560747663,0.5121951219512195,0.3943469341235469,Seagrass,West,Mangrove,West,Mangrove_vs_Seagrass,TRUE
S101,S15,0.9748110831234257,0.5,0.4748110831234257,Coral,West,Mangrove,West,Coral_vs_Mangrove,TRUE
S102,S15,0.9949109414758269,0.8333333333333334,0.1615776081424936,Coral,West,Mangrove,West,Coral_vs_Mangrove,TRUE
S103,S15,0.9848101265822785,0.625,0.3598101265822785,Coral,West,Mangrove,West,Coral_vs_Mangrove,TRUE
S104,S15,0.9603960396039604,0.5294117647058824,0.43098427489807806,Coral,West,Mangrove,West,Coral_vs_Mangrove,TRUE
S105,S15,0.9556650246305419,0.5263157894736842,0.42934923515685763,Coral,West,Mangrove,West,Coral_vs_Mangrove,TRUE
S21,S16,0.9821428571428571,0.3333333333333333,0.6488095238095237,Mangrove,East,Coral,West,Coral_vs_Mangrove,FALSE
S22,S16,0.9411764705882353,0.5882352941176471,0.3529411764705882,Mangrove,East,Coral,West,Coral_vs_Mangrove,FALSE
S23,S16,0.89272030651341,0.65,0.24272030651340992,Mangrove,East,Coral,West,Coral_vs_Mangrove,FALSE
S24,S16,0.9018867924528302,0.7045454545454546,0.19734133790737565,Mangrove,East,Coral,West,Coral_vs_Mangrove,FALSE
S25,S16,0.7859327217125383,0.6698113207547169,0.11612140095782124,Mangrove,East,Coral,West,Coral_vs_Mangrove,FALSE
S26,S16,0.9190283400809717,0.6153846153846154,0.3036437246963563,Seagrass,East,Coral,West,Coral_vs_Seagrass,FALSE
S27,S16,0.9475982532751092,0.25,0.6975982532751092,Seagrass,East,Coral,West,Coral_vs_Seagrass,FALSE
S28,S16,0.9742489270386266,0.75,0.22424892703862662,Seagrass,East,Coral,West,Coral_vs_Seagrass,FALSE
S29,S16,0.9910714285714286,0.6666666666666666,0.32440476190476186,Seagrass,East,Coral,West,Coral_vs_Seagrass,FALSE
S30,S16,0.9401709401709402,0.46153846153846156,0.4786324786324786,Seagrass,East,Coral,West,Coral_vs_Seagrass,FALSE
S36,S16,1,1,0,Mangrove,East,Coral,West,Coral_vs_Mangrove,FALSE
S37,S16,1,1,0,Mangrove,East,Coral,West,Coral_vs_Mangrove,FALSE
S38,S16,1,1,0,Mangrove,East,Coral,West,Coral_vs_Mangrove,FALSE
S39,S16,1,1,0,Mangrove,East,Coral,West,Coral_vs_Mangrove,FALSE
S40,S16,1,1,0,Mangrove,East,Coral,West,Coral_vs_Mangrove,FALSE
S46,S16,0.9275766016713092,0.9057971014492754,0.021779500222033833,Mangrove,East,Coral,West,Coral_vs_Mangrove,FALSE
S47,S16,0.9762845849802372,0.90625,0.07003458498023715,Mangrove,East,Coral,West,Coral_vs_Mangrove,FALSE
S48,S16,0.8424821002386634,0.8333333333333334,0.00914876690533015,Mangrove,East,Coral,West,Coral_vs_Mangrove,FALSE
S49,S16,1,1,0,Mangrove,East,Coral,West,Coral_vs_Mangrove,FALSE
S50,S16,0.9691119691119691,0.8947368421052632,0.07437512700670595,Mangrove,East,Coral,West,Coral_vs_Mangrove,FALSE
S51,S16,0.8327759197324415,0.6794871794871795,0.153288740245262,Seagrass,East,Coral,West,Coral_vs_Seagrass,FALSE
S52,S16,0.8050314465408805,0.6804123711340206,0.12461907540685989,Seagrass,East,Coral,West,Coral_vs_Seagrass,FALSE
S53,S16,0.7874396135265701,0.772020725388601,0.015418888137969012,Seagrass,East,Coral,West,Coral_vs_Seagrass,FALSE
S54,S16,0.8197674418604651,0.7479674796747967,0.07179996218566836,Seagrass,East,Coral,West,Coral_vs_Seagrass,FALSE
S55,S16,0.8229166666666666,0.7914110429447853,0.031505623721881384,Seagrass,East,Coral,West,Coral_vs_Seagrass,FALSE
S61,S16,0.7777777777777778,0.6859504132231405,0.09182736455463728,Mangrove,West,Coral,West,Coral_vs_Mangrove,TRUE
S62,S16,0.7884615384615384,0.6373626373626373,0.1510989010989011,Mangrove,West,Coral,West,Coral_vs_Mangrove,TRUE
S63,S16,0.7590361445783133,0.6396396396396397,0.11939650493867361,Mangrove,West,Coral,West,Coral_vs_Mangrove,TRUE
S64,S16,0.7617728531855956,0.6928571428571428,0.06891571032845271,Mangrove,West,Coral,West,Coral_vs_Mangrove,TRUE
S65,S16,0.7277486910994765,0.6770186335403726,0.050730057559103765,Mangrove,West,Coral,West,Coral_vs_Mangrove,TRUE
S66,S16,0.8445229681978799,0.6451612903225806,0.1993616778752992,Seagrass,West,Coral,West,Coral_vs_Seagrass,TRUE
S67,S16,0.796923076923077,0.6826923076923077,0.11423076923076922,Seagrass,West,Coral,West,Coral_vs_Seagrass,TRUE
S68,S16,0.774869109947644,0.7329192546583851,0.04194985528925889,Seagrass,West,Coral,West,Coral_vs_Seagrass,TRUE
S69,S16,0.7811704834605598,0.75,0.031170483460559797,Seagrass,West,Coral,West,Coral_vs_Seagrass,TRUE
S70,S16,0.7575757575757576,0.6901408450704225,0.06743491250533504,Seagrass,West,Coral,West,Coral_vs_Seagrass,TRUE
S81,S16,0.8586956521739131,0.8231292517006803,0.03556640047323277,Mangrove,East,Coral,West,Coral_vs_Mangrove,FALSE
S82,S16,0.7963636363636364,0.746606334841629,0.0497573015220074,Mangrove,East,Coral,West,Coral_vs_Mangrove,FALSE
S83,S16,0.829683698296837,0.8157894736842105,0.013894224612626457,Mangrove,East,Coral,West,Coral_vs_Mangrove,FALSE
S84,S16,0.8481675392670157,0.8198757763975155,0.028291762869500178,Mangrove,East,Coral,West,Coral_vs_Mangrove,FALSE
S85,S16,0.9252336448598131,0.88,0.04523364485981308,Mangrove,East,Coral,West,Coral_vs_Mangrove,FALSE
S86,S16,0.8531468531468531,0.676923076923077,0.17622377622377622,Mangrove,West,Coral,West,Coral_vs_Mangrove,TRUE
S87,S16,0.953125,0.8285714285714286,0.12455357142857143,Mangrove,West,Coral,West,Coral_vs_Mangrove,TRUE
S88,S16,0.9807692307692307,0.967032967032967,0.013736263736263738,Mangrove,West,Coral,West,Coral_vs_Mangrove,TRUE
S89,S16,0.9931740614334471,0.9861111111111112,0.007062950322335988,Mangrove,West,Coral,West,Coral_vs_Mangrove,TRUE
S90,S16,1,1,0,Mangrove,West,Coral,West,Coral_vs_Mangrove,TRUE
S91,S16,0.7881619937694704,0.66,0.1281619937694704,Seagrass,West,Coral,West,Coral_vs_Seagrass,TRUE
S92,S16,0.8467153284671532,0.6037735849056604,0.24294174356149292,Seagrass,West,Coral,West,Coral_vs_Seagrass,TRUE
S93,S16,0.872,0.4482758620689655,0.4237241379310345,Seagrass,West,Coral,West,Coral_vs_Seagrass,TRUE
S94,S16,0.9497907949790795,0.6666666666666666,0.28312412831241285,Seagrass,West,Coral,West,Coral_vs_Seagrass,TRUE
S95,S16,0.8625954198473282,0.5609756097560976,0.3016198100912307,Seagrass,West,Coral,West,Coral_vs_Seagrass,TRUE
S96,S16,0.9927007299270073,0.9811320754716981,0.011568654455309186,Mangrove,West,Coral,West,Coral_vs_Mangrove,TRUE
S97,S16,0.9927536231884058,0.9818181818181818,0.010935441370223979,Mangrove,West,Coral,West,Coral_vs_Mangrove,TRUE
S98,S16,0.9745222929936306,0.956989247311828,0.01753304568180262,Mangrove,West,Coral,West,Coral_vs_Mangrove,TRUE
S99,S16,0.9822485207100592,0.9743589743589743,0.007889546351084813,Mangrove,West,Coral,West,Coral_vs_Mangrove,TRUE
S100,S16,0.9815950920245399,0.9714285714285714,0.010166520595968448,Mangrove,West,Coral,West,Coral_vs_Mangrove,TRUE
S106,S16,0.9227799227799228,0.7368421052631579,0.18593781751676489,Mangrove,West,Coral,West,Coral_vs_Mangrove,TRUE
S107,S16,0.9112903225806451,0.5925925925925926,0.3186977299880525,Mangrove,West,Coral,West,Coral_vs_Mangrove,TRUE
S108,S16,0.9116465863453815,0.6071428571428571,0.3045037292025244,Mangrove,West,Coral,West,Coral_vs_Mangrove,TRUE
S109,S16,0.9583333333333334,0.7368421052631579,0.22149122807017543,Mangrove,West,Coral,West,Coral_vs_Mangrove,TRUE
S110,S16,0.9094650205761317,0.5,0.4094650205761317,Mangrove,West,Coral,West,Coral_vs_Mangrove,TRUE
S21,S17,0.9807692307692307,0.3333333333333333,0.6474358974358974,Mangrove,East,Coral,West,Coral_vs_Mangrove,FALSE
S22,S17,0.9369369369369369,0.5882352941176471,0.3487016428192899,Mangrove,East,Coral,West,Coral_vs_Mangrove,FALSE
S23,S17,0.8938775510204081,0.675,0.21887755102040815,Mangrove,East,Coral,West,Coral_vs_Mangrove,FALSE
S24,S17,0.9036144578313253,0.7272727272727273,0.17634173055859803,Mangrove,East,Coral,West,Coral_vs_Mangrove,FALSE
S25,S17,0.7491961414790996,0.6320754716981132,0.11712066978098645,Mangrove,East,Coral,West,Coral_vs_Mangrove,FALSE
S26,S17,0.9307359307359307,0.6923076923076923,0.23842823842823843,Seagrass,East,Coral,West,Coral_vs_Seagrass,FALSE
S27,S17,0.9436619718309859,0.25,0.693661971830986,Seagrass,East,Coral,West,Coral_vs_Seagrass,FALSE
S28,S17,0.9815668202764977,0.8333333333333334,0.14823348694316435,Seagrass,East,Coral,West,Coral_vs_Seagrass,FALSE
S29,S17,0.9903846153846154,0.6666666666666666,0.3237179487179487,Seagrass,East,Coral,West,Coral_vs_Seagrass,FALSE
S30,S17,0.9541284403669725,0.6153846153846154,0.3387438249823571,Seagrass,East,Coral,West,Coral_vs_Seagrass,FALSE
S36,S17,1,1,0,Mangrove,East,Coral,West,Coral_vs_Mangrove,FALSE
S37,S17,1,1,0,Mangrove,East,Coral,West,Coral_vs_Mangrove,FALSE
S38,S17,1,1,0,Mangrove,East,Coral,West,Coral_vs_Mangrove,FALSE
S39,S17,1,1,0,Mangrove,East,Coral,West,Coral_vs_Mangrove,FALSE
S40,S17,1,1,0,Mangrove,East,Coral,West,Coral_vs_Mangrove,FALSE
S46,S17,0.9008746355685131,0.8768115942028986,0.024063041365614567,Mangrove,East,Coral,West,Coral_vs_Mangrove,FALSE
S47,S17,0.9831223628691983,0.9375,0.04562236286919831,Mangrove,East,Coral,West,Coral_vs_Mangrove,FALSE
S48,S17,0.8461538461538461,0.8434343434343434,0.00271950271950272,Mangrove,East,Coral,West,Coral_vs_Mangrove,FALSE
S49,S17,1,1,0,Mangrove,East,Coral,West,Coral_vs_Mangrove,FALSE
S50,S17,0.9588477366255144,0.868421052631579,0.09042668399393544,Mangrove,East,Coral,West,Coral_vs_Mangrove,FALSE
S51,S17,0.823321554770318,0.6794871794871795,0.14383437528313855,Seagrass,East,Coral,West,Coral_vs_Seagrass,FALSE
S52,S17,0.7947019867549668,0.6804123711340206,0.11428961562094626,Seagrass,East,Coral,West,Coral_vs_Seagrass,FALSE
S53,S17,0.7889447236180904,0.7823834196891192,0.006561303928971281,Seagrass,East,Coral,West,Coral_vs_Seagrass,FALSE
S54,S17,0.8109756097560976,0.7479674796747967,0.06300813008130081,Seagrass,East,Coral,West,Coral_vs_Seagrass,FALSE
S55,S17,0.8152173913043478,0.7914110429447853,0.023806348359562548,Seagrass,East,Coral,West,Coral_vs_Seagrass,FALSE
S61,S17,0.7361963190184049,0.6446280991735537,0.0915682198448512,Mangrove,West,Coral,West,Coral_vs_Mangrove,TRUE
S62,S17,0.7702702702702703,0.6263736263736264,0.1438966438966439,Mangrove,West,Coral,West,Coral_vs_Mangrove,TRUE
S63,S17,0.7278481012658228,0.6126126126126126,0.11523548865321016,Mangrove,West,Coral,West,Coral_vs_Mangrove,TRUE
S64,S17,0.7391304347826086,0.6785714285714286,0.06055900621118013,Mangrove,West,Coral,West,Coral_vs_Mangrove,TRUE
S65,S17,0.7158469945355191,0.6770186335403726,0.03882836099514645,Mangrove,West,Coral,West,Coral_vs_Mangrove,TRUE
S66,S17,0.8127340823970037,0.5967741935483871,0.21595988884861664,Seagrass,West,Coral,West,Coral_vs_Seagrass,TRUE
S67,S17,0.7928802588996764,0.6923076923076923,0.10057256659198408,Seagrass,West,Coral,West,Coral_vs_Seagrass,TRUE
S68,S17,0.7486338797814208,0.7142857142857143,0.034348165495706476,Seagrass,West,Coral,West,Coral_vs_Seagrass,TRUE
S69,S17,0.7453580901856764,0.7209302325581395,0.024427857627536857,Seagrass,West,Coral,West,Coral_vs_Seagrass,TRUE
S70,S17,0.7175792507204611,0.6549295774647887,0.06264967325567236,Seagrass,West,Coral,West,Coral_vs_Seagrass,TRUE
S81,S17,0.8522727272727273,0.8231292517006803,0.029143475572047,Mangrove,East,Coral,West,Coral_vs_Mangrove,FALSE
S82,S17,0.7865168539325843,0.7219512195121951,0.06456563442038915,Mangrove,East,Coral,West,Coral_vs_Mangrove,FALSE
S83,S17,0.8025316455696202,0.7947368421052632,0.007794803464357096,Mangrove,East,Coral,West,Coral_vs_Mangrove,FALSE
S84,S17,0.8306010928961749,0.8074534161490683,0.02314767674710654,Mangrove,East,Coral,West,Coral_vs_Mangrove,FALSE
S85,S17,0.921311475409836,0.88,0.04131147540983606,Mangrove,East,Coral,West,Coral_vs_Mangrove,FALSE
S86,S17,0.8444444444444444,0.676923076923077,0.1675213675213675,Mangrove,West,Coral,West,Coral_vs_Mangrove,TRUE
S87,S17,0.9333333333333333,0.7714285714285715,0.1619047619047619,Mangrove,West,Coral,West,Coral_vs_Mangrove,TRUE
S88,S17,0.9662162162162162,0.945054945054945,0.021161271161271162,Mangrove,West,Coral,West,Coral_vs_Mangrove,TRUE
S89,S17,0.9855595667870036,0.9722222222222222,0.013337344564781388,Mangrove,West,Coral,West,Coral_vs_Mangrove,TRUE
S90,S17,1,1,0,Mangrove,West,Coral,West,Coral_vs_Mangrove,TRUE
S91,S17,0.7704918032786885,0.65,0.12049180327868851,Seagrass,West,Coral,West,Coral_vs_Seagrass,TRUE
S92,S17,0.8217054263565892,0.5660377358490566,0.2556676905075326,Seagrass,West,Coral,West,Coral_vs_Seagrass,TRUE
S93,S17,0.8803418803418803,0.5172413793103449,0.3631005010315355,Seagrass,West,Coral,West,Coral_vs_Seagrass,TRUE
S94,S17,0.9192825112107623,0.5,0.4192825112107623,Seagrass,West,Coral,West,Coral_vs_Seagrass,TRUE
S95,S17,0.8617886178861789,0.5853658536585366,0.2764227642276422,Seagrass,West,Coral,West,Coral_vs_Seagrass,TRUE
S96,S17,0.9922480620155039,0.9811320754716981,0.011115986543805764,Mangrove,West,Coral,West,Coral_vs_Mangrove,TRUE
S97,S17,0.9923076923076923,0.9818181818181818,0.010489510489510488,Mangrove,West,Coral,West,Coral_vs_Mangrove,TRUE
S98,S17,0.9664429530201343,0.946236559139785,0.020206393880349283,Mangrove,West,Coral,West,Coral_vs_Mangrove,TRUE
S99,S17,0.9813664596273292,0.9743589743589743,0.007007485268354834,Mangrove,West,Coral,West,Coral_vs_Mangrove,TRUE
S100,S17,0.9935483870967742,0.9904761904761905,0.0030721966205837174,Mangrove,West,Coral,West,Coral_vs_Mangrove,TRUE
S106,S17,0.9176954732510288,0.7368421052631579,0.18085336798787088,Mangrove,West,Coral,West,Coral_vs_Mangrove,TRUE
S107,S17,0.9137931034482759,0.6296296296296297,0.2841634738186462,Mangrove,West,Coral,West,Coral_vs_Mangrove,TRUE
S108,S17,0.8969957081545065,0.5714285714285714,0.325567136725935,Mangrove,West,Coral,West,Coral_vs_Mangrove,TRUE
S109,S17,0.9464285714285714,0.6842105263157895,0.26221804511278196,Mangrove,West,Coral,West,Coral_vs_Mangrove,TRUE
S110,S17,0.920704845814978,0.5909090909090909,0.3297957549058871,Mangrove,West,Coral,West,Coral_vs_Mangrove,TRUE
S21,S18,0.9813953488372092,0.3333333333333333,0.6480620155038759,Mangrove,East,Coral,West,Coral_vs_Mangrove,FALSE
S22,S18,0.9388646288209607,0.5882352941176471,0.35062933470331364,Mangrove,East,Coral,West,Coral_vs_Mangrove,FALSE
S23,S18,0.9126984126984127,0.725,0.18769841269841273,Mangrove,East,Coral,West,Coral_vs_Mangrove,FALSE
S24,S18,0.9296875,0.7954545454545454,0.13423295454545456,Mangrove,East,Coral,West,Coral_vs_Mangrove,FALSE
S25,S18,0.7735849056603774,0.660377358490566,0.11320754716981131,Mangrove,East,Coral,West,Coral_vs_Mangrove,FALSE
S26,S18,0.9495798319327731,0.7692307692307693,0.18034906270200388,Seagrass,East,Coral,West,Coral_vs_Seagrass,FALSE
S27,S18,0.9545454545454546,0.375,0.5795454545454546,Seagrass,East,Coral,West,Coral_vs_Seagrass,FALSE
S28,S18,0.9821428571428571,0.8333333333333334,0.1488095238095238,Seagrass,East,Coral,West,Coral_vs_Seagrass,FALSE
S29,S18,0.9906976744186047,0.6666666666666666,0.32403100775193794,Seagrass,East,Coral,West,Coral_vs_Seagrass,FALSE
S30,S18,0.9644444444444444,0.6923076923076923,0.27213675213675215,Seagrass,East,Coral,West,Coral_vs_Seagrass,FALSE
S36,S18,1,1,0,Mangrove,East,Coral,West,Coral_vs_Mangrove,FALSE
S37,S18,1,1,0,Mangrove,East,Coral,West,Coral_vs_Mangrove,FALSE
S38,S18,1,1,0,Mangrove,East,Coral,West,Coral_vs_Mangrove,FALSE
S39,S18,1,1,0,Mangrove,East,Coral,West,Coral_vs_Mangrove,FALSE
S40,S18,1,1,0,Mangrove,East,Coral,West,Coral_vs_Mangrove,FALSE
S46,S18,0.9257142857142857,0.9057971014492754,0.019917184265010355,Mangrove,East,Coral,West,Coral_vs_Mangrove,FALSE
S47,S18,1,1,0,Mangrove,East,Coral,West,Coral_vs_Mangrove,FALSE
S48,S18,0.8634146341463415,0.8585858585858586,0.0048287755604828776,Mangrove,East,Coral,West,Coral_vs_Mangrove,FALSE
S49,S18,1,1,0,Mangrove,East,Coral,West,Coral_vs_Mangrove,FALSE
S50,S18,0.952,0.8421052631578947,0.10989473684210525,Mangrove,East,Coral,West,Coral_vs_Mangrove,FALSE
S51,S18,0.8689655172413793,0.7564102564102564,0.1125552608311229,Seagrass,East,Coral,West,Coral_vs_Seagrass,FALSE
S52,S18,0.8446601941747572,0.7525773195876289,0.09208287458712842,Seagrass,East,Coral,West,Coral_vs_Seagrass,FALSE
S53,S18,0.8222222222222222,0.8134715025906736,0.008750719631548647,Seagrass,East,Coral,West,Coral_vs_Seagrass,FALSE
S54,S18,0.8328358208955224,0.7723577235772358,0.06047809731828662,Seagrass,East,Coral,West,Coral_vs_Seagrass,FALSE
S55,S18,0.8453333333333334,0.8220858895705522,0.023247443762781185,Seagrass,East,Coral,West,Coral_vs_Seagrass,FALSE
S61,S18,0.7297297297297297,0.628099173553719,0.10163055617601072,Mangrove,West,Coral,West,Coral_vs_Mangrove,TRUE
S62,S18,0.768976897689769,0.6153846153846154,0.1535922823051536,Mangrove,West,Coral,West,Coral_vs_Mangrove,TRUE
S63,S18,0.7647058823529411,0.6576576576576577,0.10704822469528352,Mangrove,West,Coral,West,Coral_vs_Mangrove,TRUE
S64,S18,0.7727272727272727,0.7142857142857143,0.05844155844155844,Mangrove,West,Coral,West,Coral_vs_Mangrove,TRUE
S65,S18,0.6890080428954424,0.639751552795031,0.04925649010041131,Mangrove,West,Coral,West,Coral_vs_Mangrove,TRUE
S66,S18,0.8175182481751825,0.5967741935483871,0.22074405462679536,Seagrass,West,Coral,West,Coral_vs_Seagrass,TRUE
S67,S18,0.7784810126582279,0.6634615384615384,0.1150194741966894,Seagrass,West,Coral,West,Coral_vs_Seagrass,TRUE
S68,S18,0.7372654155495979,0.6956521739130435,0.04161324163655438,Seagrass,West,Coral,West,Coral_vs_Seagrass,TRUE
S69,S18,0.7291666666666666,0.6976744186046512,0.031492248062015504,Seagrass,West,Coral,West,Coral_vs_Seagrass,TRUE
S70,S18,0.7231638418079096,0.6549295774647887,0.06823426434312087,Seagrass,West,Coral,West,Coral_vs_Seagrass,TRUE
S81,S18,0.8774373259052924,0.8503401360544217,0.027097189850870708,Mangrove,East,Coral,West,Coral_vs_Mangrove,FALSE
S82,S18,0.8151571164510166,0.7641509433962265,0.051006173054790216,Mangrove,East,Coral,West,Coral_vs_Mangrove,FALSE
S83,S18,0.8208955223880597,0.8105263157894737,0.010369206598586018,Mangrove,East,Coral,West,Coral_vs_Mangrove,FALSE
S84,S18,0.8605898123324397,0.8385093167701864,0.022080495562253343,Mangrove,East,Coral,West,Coral_vs_Mangrove,FALSE
S85,S18,0.9358974358974359,0.9,0.0358974358974359,Mangrove,East,Coral,West,Coral_vs_Mangrove,FALSE
S86,S18,0.855595667870036,0.6923076923076923,0.1632879755623438,Mangrove,West,Coral,West,Coral_vs_Mangrove,TRUE
S87,S18,0.9352226720647774,0.7714285714285715,0.1637941006362059,Mangrove,West,Coral,West,Coral_vs_Mangrove,TRUE
S88,S18,0.9603960396039604,0.9340659340659341,0.02633010553802633,Mangrove,West,Coral,West,Coral_vs_Mangrove,TRUE
S89,S18,0.9929577464788732,0.9861111111111112,0.006846635367762128,Mangrove,West,Coral,West,Coral_vs_Mangrove,TRUE
S90,S18,1,1,0,Mangrove,West,Coral,West,Coral_vs_Mangrove,TRUE
S91,S18,0.7884615384615384,0.67,0.11846153846153847,Seagrass,West,Coral,West,Coral_vs_Seagrass,TRUE
S92,S18,0.8113207547169812,0.5283018867924528,0.2830188679245283,Seagrass,West,Coral,West,Coral_vs_Seagrass,TRUE
S93,S18,0.8921161825726142,0.5517241379310345,0.3403920446415796,Seagrass,West,Coral,West,Coral_vs_Seagrass,TRUE
S94,S18,0.9304347826086956,0.5555555555555556,0.3748792270531401,Seagrass,West,Coral,West,Coral_vs_Seagrass,TRUE
S95,S18,0.841897233201581,0.5121951219512195,0.3297021112503615,Seagrass,West,Coral,West,Coral_vs_Seagrass,TRUE
S96,S18,0.9924528301886792,0.9811320754716981,0.011320754716981131,Mangrove,West,Coral,West,Coral_vs_Mangrove,TRUE
S97,S18,0.9925093632958801,0.9818181818181818,0.010691181477698332,Mangrove,West,Coral,West,Coral_vs_Mangrove,TRUE
S98,S18,0.9737704918032787,0.956989247311828,0.01678124449145073,Mangrove,West,Coral,West,Coral_vs_Mangrove,TRUE
S99,S18,0.9817629179331308,0.9743589743589743,0.00740394357415634,Mangrove,West,Coral,West,Coral_vs_Mangrove,TRUE
S100,S18,0.9810725552050473,0.9714285714285714,0.00964398377647589,Mangrove,West,Coral,West,Coral_vs_Mangrove,TRUE
S106,S18,0.936,0.7894736842105263,0.14652631578947367,Mangrove,West,Coral,West,Coral_vs_Mangrove,TRUE
S107,S18,0.9079497907949791,0.5925925925925926,0.31535719820238645,Mangrove,West,Coral,West,Coral_vs_Mangrove,TRUE
S108,S18,0.9083333333333333,0.6071428571428571,0.30119047619047623,Mangrove,West,Coral,West,Coral_vs_Mangrove,TRUE
S109,S18,0.9653679653679653,0.7894736842105263,0.17589428115743905,Mangrove,West,Coral,West,Coral_vs_Mangrove,TRUE
S110,S18,0.9572649572649573,0.7727272727272727,0.18453768453768454,Mangrove,West,Coral,West,Coral_vs_Mangrove,TRUE
S21,S19,0.9788359788359788,0.3333333333333333,0.6455026455026455,Mangrove,East,Coral,West,Coral_vs_Mangrove,FALSE
S22,S19,0.9310344827586207,0.5882352941176471,0.3427991886409736,Mangrove,East,Coral,West,Coral_vs_Mangrove,FALSE
S23,S19,0.8938053097345132,0.7,0.19380530973451326,Mangrove,East,Coral,West,Coral_vs_Mangrove,FALSE
S24,S19,0.8782608695652174,0.6818181818181818,0.19644268774703558,Mangrove,East,Coral,West,Coral_vs_Mangrove,FALSE
S25,S19,0.7465753424657534,0.6509433962264151,0.09563194623933832,Mangrove,East,Coral,West,Coral_vs_Mangrove,FALSE
S26,S19,0.9056603773584906,0.6153846153846154,0.2902757619738752,Seagrass,East,Coral,West,Coral_vs_Seagrass,FALSE
S27,S19,0.9381443298969072,0.25,0.6881443298969072,Seagrass,East,Coral,West,Coral_vs_Seagrass,FALSE
S28,S19,0.9696969696969697,0.75,0.2196969696969697,Seagrass,East,Coral,West,Coral_vs_Seagrass,FALSE
S29,S19,0.9788359788359788,0.3333333333333333,0.6455026455026455,Seagrass,East,Coral,West,Coral_vs_Seagrass,FALSE
S30,S19,0.9396984924623115,0.5384615384615384,0.40123695400077314,Seagrass,East,Coral,West,Coral_vs_Seagrass,FALSE
S36,S19,1,1,0,Mangrove,East,Coral,West,Coral_vs_Mangrove,FALSE
S37,S19,1,1,0,Mangrove,East,Coral,West,Coral_vs_Mangrove,FALSE
S38,S19,1,1,0,Mangrove,East,Coral,West,Coral_vs_Mangrove,FALSE
S39,S19,1,1,0,Mangrove,East,Coral,West,Coral_vs_Mangrove,FALSE
S40,S19,1,1,0,Mangrove,East,Coral,West,Coral_vs_Mangrove,FALSE
S46,S19,0.9197530864197531,0.9057971014492754,0.013955984970477724,Mangrove,East,Coral,West,Coral_vs_Mangrove,FALSE
S47,S19,1,1,0,Mangrove,East,Coral,West,Coral_vs_Mangrove,FALSE
S48,S19,0.875,0.8709677419354839,0.004032258064516129,Mangrove,East,Coral,West,Coral_vs_Mangrove,FALSE
S49,S19,1,1,0,Mangrove,East,Coral,West,Coral_vs_Mangrove,FALSE
S50,S19,0.9732142857142857,0.9210526315789473,0.05216165413533834,Mangrove,East,Coral,West,Coral_vs_Mangrove,FALSE
S51,S19,0.8863636363636364,0.8076923076923077,0.07867132867132869,Seagrass,East,Coral,West,Coral_vs_Seagrass,FALSE
S52,S19,0.8445229681978799,0.7731958762886598,0.07132709190922007,Seagrass,East,Coral,West,Coral_vs_Seagrass,FALSE
S53,S19,0.8258575197889182,0.8225806451612904,0.0032768746276278836,Seagrass,East,Coral,West,Coral_vs_Seagrass,FALSE
S54,S19,0.8576051779935275,0.8211382113821138,0.03646696661141369,Seagrass,East,Coral,West,Coral_vs_Seagrass,FALSE
S55,S19,0.839541547277937,0.8282208588957055,0.01132068838223144,Seagrass,East,Coral,West,Coral_vs_Seagrass,FALSE
S61,S19,0.739413680781759,0.6694214876033058,0.06999219317845318,Mangrove,West,Coral,West,Coral_vs_Mangrove,TRUE
S62,S19,0.7689530685920578,0.6483516483516484,0.12060142024040942,Mangrove,West,Coral,West,Coral_vs_Mangrove,TRUE
S63,S19,0.7710437710437711,0.6936936936936937,0.07735007735007735,Mangrove,West,Coral,West,Coral_vs_Mangrove,TRUE
S64,S19,0.7852760736196319,0.75,0.0352760736196319,Mangrove,West,Coral,West,Coral_vs_Mangrove,TRUE
S65,S19,0.729106628242075,0.7080745341614907,0.021032094080584245,Mangrove,West,Coral,West,Coral_vs_Mangrove,TRUE
S66,S19,0.8145161290322581,0.6290322580645161,0.18548387096774194,Seagrass,West,Coral,West,Coral_vs_Seagrass,TRUE
S67,S19,0.7517241379310344,0.6538461538461539,0.09787798408488063,Seagrass,West,Coral,West,Coral_vs_Seagrass,TRUE
S68,S19,0.7752161383285303,0.7577639751552795,0.017452163173250757,Seagrass,West,Coral,West,Coral_vs_Seagrass,TRUE
S69,S19,0.7597765363128491,0.75,0.009776536312849162,Seagrass,West,Coral,West,Coral_vs_Seagrass,TRUE
S70,S19,0.7439024390243902,0.704225352112676,0.03967708691171419,Seagrass,West,Coral,West,Coral_vs_Seagrass,TRUE
S81,S19,0.8738738738738738,0.8571428571428571,0.01673101673101673,Mangrove,East,Coral,West,Coral_vs_Mangrove,FALSE
S82,S19,0.8174757281553398,0.7473118279569892,0.07016390019835055,Mangrove,East,Coral,West,Coral_vs_Mangrove,FALSE
S83,S19,0.8297872340425532,0.8279569892473119,0.0018302447952413636,Mangrove,East,Coral,West,Coral_vs_Mangrove,FALSE
S84,S19,0.8501440922190202,0.8385093167701864,0.011634775448833838,Mangrove,East,Coral,West,Coral_vs_Mangrove,FALSE
S85,S19,0.9370629370629371,0.91,0.02706293706293706,Mangrove,East,Coral,West,Coral_vs_Mangrove,FALSE
S86,S19,0.8406374501992032,0.6923076923076923,0.1483297578915109,Mangrove,West,Coral,West,Coral_vs_Mangrove,TRUE
S87,S19,0.9366515837104072,0.8,0.13665158371040725,Mangrove,West,Coral,West,Coral_vs_Mangrove,TRUE
S88,S19,0.9638989169675091,0.945054945054945,0.01884397191256397,Mangrove,West,Coral,West,Coral_vs_Mangrove,TRUE
S89,S19,0.9922480620155039,0.9861111111111112,0.006136950904392764,Mangrove,West,Coral,West,Coral_vs_Mangrove,TRUE
S90,S19,1,1,0,Mangrove,West,Coral,West,Coral_vs_Mangrove,TRUE
S91,S19,0.7762237762237763,0.68,0.09622377622377622,Seagrass,West,Coral,West,Coral_vs_Seagrass,TRUE
S92,S19,0.8326359832635983,0.6226415094339622,0.20999447382963607,Seagrass,West,Coral,West,Coral_vs_Seagrass,TRUE
S93,S19,0.8697674418604651,0.5172413793103449,0.3525260625501203,Seagrass,West,Coral,West,Coral_vs_Seagrass,TRUE
S94,S19,0.9411764705882353,0.6666666666666666,0.2745098039215686,Seagrass,West,Coral,West,Coral_vs_Seagrass,TRUE
S95,S19,0.8414096916299559,0.5609756097560976,0.2804340818738584,Seagrass,West,Coral,West,Coral_vs_Seagrass,TRUE
S96,S19,0.9916317991631799,0.9811320754716981,0.010499723691481801,Mangrove,West,Coral,West,Coral_vs_Mangrove,TRUE
S97,S19,1,1,0,Mangrove,West,Coral,West,Coral_vs_Mangrove,TRUE
S98,S19,0.978494623655914,0.967741935483871,0.01075268817204301,Mangrove,West,Coral,West,Coral_vs_Mangrove,TRUE
S99,S19,0.9801980198019802,0.9743589743589743,0.005839045443005839,Mangrove,West,Coral,West,Coral_vs_Mangrove,TRUE
S100,S19,0.993127147766323,0.9904761904761905,0.002650957290132548,Mangrove,West,Coral,West,Coral_vs_Mangrove,TRUE
S106,S19,0.9375,0.8157894736842105,0.12171052631578946,Mangrove,West,Coral,West,Coral_vs_Mangrove,TRUE
S107,S19,0.9061032863849765,0.6296296296296297,0.2764736567553469,Mangrove,West,Coral,West,Coral_vs_Mangrove,TRUE
S108,S19,0.9065420560747663,0.6428571428571429,0.2636849132176235,Mangrove,West,Coral,West,Coral_vs_Mangrove,TRUE
S109,S19,0.9609756097560975,0.7894736842105263,0.17150192554557123,Mangrove,West,Coral,West,Coral_vs_Mangrove,TRUE
S110,S19,0.9326923076923077,0.6818181818181818,0.2508741258741259,Mangrove,West,Coral,West,Coral_vs_Mangrove,TRUE
S21,S20,0.981651376146789,0.3333333333333333,0.6483180428134556,Mangrove,East,Coral,West,Coral_vs_Mangrove,FALSE
S22,S20,0.9310344827586207,0.5294117647058824,0.4016227180527383,Mangrove,East,Coral,West,Coral_vs_Mangrove,FALSE
S23,S20,0.9058823529411765,0.7,0.20588235294117646,Mangrove,East,Coral,West,Coral_vs_Mangrove,FALSE
S24,S20,0.9073359073359073,0.7272727272727273,0.18006318006318006,Mangrove,East,Coral,West,Coral_vs_Mangrove,FALSE
S25,S20,0.8006230529595015,0.6981132075471698,0.10250984541233174,Mangrove,East,Coral,West,Coral_vs_Mangrove,FALSE
S26,S20,0.9253112033195021,0.6538461538461539,0.2714650494733482,Seagrass,East,Coral,West,Coral_vs_Seagrass,FALSE
S27,S20,0.9461883408071748,0.25,0.696188340807175,Seagrass,East,Coral,West,Coral_vs_Seagrass,FALSE
S28,S20,0.9823788546255506,0.8333333333333334,0.14904552129221732,Seagrass,East,Coral,West,Coral_vs_Seagrass,FALSE
S29,S20,0.981651376146789,0.3333333333333333,0.6483180428134556,Seagrass,East,Coral,West,Coral_vs_Seagrass,FALSE
S30,S20,0.956140350877193,0.6153846153846154,0.3407557354925776,Seagrass,East,Coral,West,Coral_vs_Seagrass,FALSE
S36,S20,1,1,0,Mangrove,East,Coral,West,Coral_vs_Mangrove,FALSE
S37,S20,1,1,0,Mangrove,East,Coral,West,Coral_vs_Mangrove,FALSE
S38,S20,1,1,0,Mangrove,East,Coral,West,Coral_vs_Mangrove,FALSE
S39,S20,1,1,0,Mangrove,East,Coral,West,Coral_vs_Mangrove,FALSE
S40,S20,1,1,0,Mangrove,East,Coral,West,Coral_vs_Mangrove,FALSE
S46,S20,0.9150141643059491,0.8913043478260869,0.02370981647986205,Mangrove,East,Coral,West,Coral_vs_Mangrove,FALSE
S47,S20,0.9757085020242915,0.90625,0.06945850202429149,Mangrove,East,Coral,West,Coral_vs_Mangrove,FALSE
S48,S20,0.8208232445520581,0.8131313131313131,0.0076919314207449805,Mangrove,East,Coral,West,Coral_vs_Mangrove,FALSE
S49,S20,1,1,0,Mangrove,East,Coral,West,Coral_vs_Mangrove,FALSE
S50,S20,0.9604743083003953,0.868421052631579,0.0920532556688163,Mangrove,East,Coral,West,Coral_vs_Mangrove,FALSE
S51,S20,0.863481228668942,0.7435897435897436,0.11989148507919839,Seagrass,East,Coral,West,Coral_vs_Seagrass,FALSE
S52,S20,0.8269230769230769,0.7216494845360825,0.10527359238699445,Seagrass,East,Coral,West,Coral_vs_Seagrass,FALSE
S53,S20,0.7990196078431373,0.7875647668393783,0.011454841003759018,Seagrass,East,Coral,West,Coral_vs_Seagrass,FALSE
S54,S20,0.8284023668639053,0.7642276422764228,0.06417472458748257,Seagrass,East,Coral,West,Coral_vs_Seagrass,FALSE
S55,S20,0.8201058201058201,0.7914110429447853,0.028694777161034826,Seagrass,East,Coral,West,Coral_vs_Seagrass,FALSE
S61,S20,0.7261904761904762,0.6198347107438017,0.10635576544667455,Mangrove,West,Coral,West,Coral_vs_Mangrove,TRUE
S62,S20,0.7647058823529411,0.6043956043956044,0.16031027795733677,Mangrove,West,Coral,West,Coral_vs_Mangrove,TRUE
S63,S20,0.7484662576687117,0.6306306306306306,0.11783562703808102,Mangrove,West,Coral,West,Coral_vs_Mangrove,TRUE
S64,S20,0.7183098591549296,0.6428571428571429,0.07545271629778671,Mangrove,West,Coral,West,Coral_vs_Mangrove,TRUE
S65,S20,0.7127659574468085,0.6645962732919255,0.048169684154883055,Mangrove,West,Coral,West,Coral_vs_Mangrove,TRUE
S66,S20,0.7978339350180506,0.5483870967741935,0.24944683824385697,Seagrass,West,Coral,West,Coral_vs_Seagrass,TRUE
S67,S20,0.780564263322884,0.6634615384615384,0.11710272486134556,Seagrass,West,Coral,West,Coral_vs_Seagrass,TRUE
S68,S20,0.723404255319149,0.6770186335403726,0.04638562177877627,Seagrass,West,Coral,West,Coral_vs_Seagrass,TRUE
S69,S20,0.7467700258397932,0.7151162790697675,0.03165374677002584,Seagrass,West,Coral,West,Coral_vs_Seagrass,TRUE
S70,S20,0.7198879551820728,0.647887323943662,0.07200063123841086,Seagrass,West,Coral,West,Coral_vs_Seagrass,TRUE
S81,S20,0.8674033149171271,0.8367346938775511,0.030668621039576047,Mangrove,East,Coral,West,Coral_vs_Mangrove,FALSE
S82,S20,0.8088235294117647,0.7581395348837209,0.05068399452804378,Mangrove,East,Coral,West,Coral_vs_Mangrove,FALSE
S83,S20,0.837037037037037,0.8263157894736842,0.010721247563352826,Mangrove,East,Coral,West,Coral_vs_Mangrove,FALSE
S84,S20,0.8457446808510638,0.8198757763975155,0.025868904453548305,Mangrove,East,Coral,West,Coral_vs_Mangrove,FALSE
S85,S20,0.9238095238095239,0.88,0.043809523809523805,Mangrove,East,Coral,West,Coral_vs_Mangrove,FALSE
S86,S20,0.8357142857142857,0.6461538461538462,0.18956043956043955,Mangrove,West,Coral,West,Coral_vs_Mangrove,TRUE
S87,S20,0.944,0.8,0.144,Mangrove,West,Coral,West,Coral_vs_Mangrove,TRUE
S88,S20,0.9803921568627451,0.967032967032967,0.013359189829778066,Mangrove,West,Coral,West,Coral_vs_Mangrove,TRUE
S89,S20,0.9930313588850174,0.9861111111111112,0.006920247773906311,Mangrove,West,Coral,West,Coral_vs_Mangrove,TRUE
S90,S20,1,1,0,Mangrove,West,Coral,West,Coral_vs_Mangrove,TRUE
S91,S20,0.7714285714285715,0.64,0.13142857142857142,Seagrass,West,Coral,West,Coral_vs_Seagrass,TRUE
S92,S20,0.8283582089552238,0.5660377358490566,0.2623204731061673,Seagrass,West,Coral,West,Coral_vs_Seagrass,TRUE
S93,S20,0.860655737704918,0.41379310344827586,0.44686263425664213,Seagrass,West,Coral,West,Coral_vs_Seagrass,TRUE
S94,S20,0.9399141630901288,0.6111111111111112,0.32880305197901766,Seagrass,West,Coral,West,Coral_vs_Seagrass,TRUE
S95,S20,0.8359375,0.4878048780487805,0.3481326219512195,Seagrass,West,Coral,West,Coral_vs_Seagrass,TRUE
S96,S20,0.9925373134328358,0.9811320754716981,0.011405237961137706,Mangrove,West,Coral,West,Coral_vs_Mangrove,TRUE
S97,S20,0.9925925925925926,0.9818181818181818,0.010774410774410773,Mangrove,West,Coral,West,Coral_vs_Mangrove,TRUE
S98,S20,0.9675324675324676,0.946236559139785,0.021295908392682587,Mangrove,West,Coral,West,Coral_vs_Mangrove,TRUE
S99,S20,0.963855421686747,0.9487179487179487,0.01513747296879827,Mangrove,West,Coral,West,Coral_vs_Mangrove,TRUE
S100,S20,0.96875,0.9523809523809523,0.016369047619047616,Mangrove,West,Coral,West,Coral_vs_Mangrove,TRUE
S106,S20,0.9130434782608695,0.7105263157894737,0.20251716247139587,Mangrove,West,Coral,West,Coral_vs_Mangrove,TRUE
S107,S20,0.9008264462809917,0.5555555555555556,0.34527089072543615,Mangrove,West,Coral,West,Coral_vs_Mangrove,TRUE
S108,S20,0.9012345679012346,0.5714285714285714,0.3298059964726631,Mangrove,West,Coral,West,Coral_vs_Mangrove,TRUE
S109,S20,0.9572649572649573,0.7368421052631579,0.22042285200179937,Mangrove,West,Coral,West,Coral_vs_Mangrove,TRUE
S110,S20,0.9324894514767933,0.6363636363636364,0.2961258151131569,Mangrove,West,Coral,West,Coral_vs_Mangrove,TRUE
S26,S21,0.7931034482758621,0,0.7931034482758621,Seagrass,East,Mangrove,East,Mangrove_vs_Seagrass,TRUE
S27,S21,0.6363636363636364,0.3333333333333333,0.303030303030303,Seagrass,East,Mangrove,East,Mangrove_vs_Seagrass,TRUE
S28,S21,0.8666666666666667,0.6666666666666666,0.19999999999999998,Seagrass,East,Mangrove,East,Mangrove_vs_Seagrass,TRUE
S29,S21,0.6666666666666666,0.6666666666666666,0,Seagrass,East,Mangrove,East,Mangrove_vs_Seagrass,TRUE
S30,S21,0.75,0.3333333333333333,0.41666666666666663,Seagrass,East,Mangrove,East,Mangrove_vs_Seagrass,TRUE
S31,S21,0.8947368421052632,0.3333333333333333,0.5614035087719298,Coral,East,Mangrove,East,Coral_vs_Mangrove,TRUE
S32,S21,0.8,0.3333333333333333,0.4666666666666666,Coral,East,Mangrove,East,Coral_vs_Mangrove,TRUE
S33,S21,0.7777777777777778,0,0.7777777777777778,Coral,East,Mangrove,East,Coral_vs_Mangrove,TRUE
S34,S21,0.875,0.6666666666666666,0.20833333333333331,Coral,East,Mangrove,East,Coral_vs_Mangrove,TRUE
S35,S21,0.88,0,0.88,Coral,East,Mangrove,East,Coral_vs_Mangrove,TRUE
S41,S21,0.8666666666666667,0.3333333333333333,0.5333333333333333,Coral,East,Mangrove,East,Coral_vs_Mangrove,TRUE
S42,S21,0.9487179487179487,0.3333333333333333,0.6153846153846154,Coral,East,Mangrove,East,Coral_vs_Mangrove,TRUE
S43,S21,0.8888888888888888,0.6666666666666666,0.2222222222222222,Coral,East,Mangrove,East,Coral_vs_Mangrove,TRUE
S44,S21,0.9340659340659341,0,0.9340659340659341,Coral,East,Mangrove,East,Coral_vs_Mangrove,TRUE
S45,S21,0.9259259259259259,0.3333333333333333,0.5925925925925926,Coral,East,Mangrove,East,Coral_vs_Mangrove,TRUE
S51,S21,0.9506172839506173,0.3333333333333333,0.6172839506172839,Seagrass,East,Mangrove,East,Mangrove_vs_Seagrass,TRUE
S52,S21,0.96,0.3333333333333333,0.6266666666666666,Seagrass,East,Mangrove,East,Mangrove_vs_Seagrass,TRUE
S53,S21,0.9795918367346939,0.3333333333333333,0.6462585034013605,Seagrass,East,Mangrove,East,Mangrove_vs_Seagrass,TRUE
S54,S21,0.9682539682539683,0.3333333333333333,0.6349206349206349,Seagrass,East,Mangrove,East,Mangrove_vs_Seagrass,TRUE
S55,S21,0.9759036144578314,0.3333333333333333,0.642570281124498,Seagrass,East,Mangrove,East,Mangrove_vs_Seagrass,TRUE
S56,S21,0.9611650485436893,0.3333333333333333,0.627831715210356,Coral,West,Mangrove,East,Coral_vs_Mangrove,FALSE
S57,S21,0.9642857142857143,0.3333333333333333,0.6309523809523809,Coral,West,Mangrove,East,Coral_vs_Mangrove,FALSE
S58,S21,0.9841269841269841,0.3333333333333333,0.6507936507936507,Coral,West,Mangrove,East,Coral_vs_Mangrove,FALSE
S59,S21,0.9741935483870968,0.3333333333333333,0.6408602150537634,Coral,West,Mangrove,East,Coral_vs_Mangrove,FALSE
S60,S21,0.9712918660287081,0,0.9712918660287081,Coral,West,Mangrove,East,Coral_vs_Mangrove,FALSE
S66,S21,0.9384615384615385,0.3333333333333333,0.6051282051282051,Seagrass,West,Mangrove,East,Mangrove_vs_Seagrass,FALSE
S67,S21,0.9626168224299065,0.3333333333333333,0.6292834890965732,Seagrass,West,Mangrove,East,Mangrove_vs_Seagrass,FALSE
S68,S21,0.975609756097561,0.3333333333333333,0.6422764227642276,Seagrass,West,Mangrove,East,Mangrove_vs_Seagrass,FALSE
S69,S21,0.9771428571428571,0.3333333333333333,0.6438095238095238,Seagrass,West,Mangrove,East,Mangrove_vs_Seagrass,FALSE
S70,S21,0.9586206896551724,0,0.9586206896551724,Seagrass,West,Mangrove,East,Mangrove_vs_Seagrass,FALSE
S71,S21,1,1,0,Coral,East,Mangrove,East,Coral_vs_Mangrove,TRUE
S73,S21,1,1,0,Coral,East,Mangrove,East,Coral_vs_Mangrove,TRUE
S74,S21,1,1,0,Coral,East,Mangrove,East,Coral_vs_Mangrove,TRUE
S75,S21,1,1,0,Coral,East,Mangrove,East,Coral_vs_Mangrove,TRUE
S77,S21,0.8888888888888888,0.6666666666666666,0.2222222222222222,Coral,East,Mangrove,East,Coral_vs_Mangrove,TRUE
S78,S21,0.9,0.6666666666666666,0.2333333333333333,Coral,East,Mangrove,East,Coral_vs_Mangrove,TRUE
S80,S21,1,1,0,Coral,East,Mangrove,East,Coral_vs_Mangrove,TRUE
S91,S21,0.9805825242718447,0.6666666666666666,0.313915857605178,Seagrass,West,Mangrove,East,Mangrove_vs_Seagrass,FALSE
S92,S21,0.9285714285714286,0.3333333333333333,0.5952380952380952,Seagrass,West,Mangrove,East,Mangrove_vs_Seagrass,FALSE
S93,S21,0.9375,0.6666666666666666,0.2708333333333333,Seagrass,West,Mangrove,East,Mangrove_vs_Seagrass,FALSE
S94,S21,1,1,0,Seagrass,West,Mangrove,East,Mangrove_vs_Seagrass,FALSE
S95,S21,0.9090909090909091,0.3333333333333333,0.5757575757575757,Seagrass,West,Mangrove,East,Mangrove_vs_Seagrass,FALSE
S101,S21,1,1,0,Coral,West,Mangrove,East,Coral_vs_Mangrove,FALSE
S102,S21,0.7777777777777778,0.6666666666666666,0.1111111111111111,Coral,West,Mangrove,East,Coral_vs_Mangrove,FALSE
S103,S21,1,1,0,Coral,West,Mangrove,East,Coral_vs_Mangrove,FALSE
S104,S21,1,1,0,Coral,West,Mangrove,East,Coral_vs_Mangrove,FALSE
S105,S21,0.9090909090909091,0.6666666666666666,0.24242424242424243,Coral,West,Mangrove,East,Coral_vs_Mangrove,FALSE
S26,S22,0.7674418604651163,0.7058823529411765,0.061559507523939815,Seagrass,East,Mangrove,East,Mangrove_vs_Seagrass,TRUE
S27,S22,0.68,0.5,0.18,Seagrass,East,Mangrove,East,Mangrove_vs_Seagrass,TRUE
S28,S22,0.8620689655172413,0.8333333333333334,0.028735632183908046,Seagrass,East,Mangrove,East,Mangrove_vs_Seagrass,TRUE
S29,S22,0.9,0.6666666666666666,0.2333333333333333,Seagrass,East,Mangrove,East,Mangrove_vs_Seagrass,TRUE
S30,S22,0.8,0.7692307692307693,0.03076923076923077,Seagrass,East,Mangrove,East,Mangrove_vs_Seagrass,TRUE
S31,S22,0.8076923076923077,0.7058823529411765,0.10180995475113122,Coral,East,Mangrove,East,Coral_vs_Mangrove,TRUE
S32,S22,0.7647058823529411,0.7647058823529411,0,Coral,East,Mangrove,East,Coral_vs_Mangrove,TRUE
S33,S22,0.7560975609756098,0.7058823529411765,0.050215208034433294,Coral,East,Mangrove,East,Coral_vs_Mangrove,TRUE
S34,S22,0.8,0.7692307692307693,0.03076923076923077,Coral,East,Mangrove,East,Coral_vs_Mangrove,TRUE
S35,S22,0.75,0.5294117647058824,0.22058823529411764,Coral,East,Mangrove,East,Coral_vs_Mangrove,TRUE
S41,S22,0.8181818181818182,0.7647058823529411,0.053475935828877004,Coral,East,Mangrove,East,Coral_vs_Mangrove,TRUE
S42,S22,0.8913043478260869,0.7058823529411765,0.1854219948849105,Coral,East,Mangrove,East,Coral_vs_Mangrove,TRUE
S43,S22,0.9375,0.9333333333333333,0.004166666666666667,Coral,East,Mangrove,East,Coral_vs_Mangrove,TRUE
S44,S22,0.8476190476190476,0.5294117647058824,0.3182072829131653,Coral,East,Mangrove,East,Coral_vs_Mangrove,TRUE
S45,S22,0.8529411764705882,0.7058823529411765,0.14705882352941177,Coral,East,Mangrove,East,Coral_vs_Mangrove,TRUE
S51,S22,0.8947368421052632,0.7058823529411765,0.1888544891640867,Seagrass,East,Mangrove,East,Mangrove_vs_Seagrass,TRUE
S52,S22,0.8771929824561403,0.5882352941176471,0.2889576883384933,Seagrass,East,Mangrove,East,Mangrove_vs_Seagrass,TRUE
S53,S22,0.9333333333333333,0.5882352941176471,0.34509803921568627,Seagrass,East,Mangrove,East,Mangrove_vs_Seagrass,TRUE
S54,S22,0.9,0.5882352941176471,0.3117647058823529,Seagrass,East,Mangrove,East,Mangrove_vs_Seagrass,TRUE
S55,S22,0.9333333333333333,0.6470588235294118,0.2862745098039216,Seagrass,East,Mangrove,East,Mangrove_vs_Seagrass,TRUE
S56,S22,0.9145299145299145,0.7058823529411765,0.20864756158873807,Coral,West,Mangrove,East,Coral_vs_Mangrove,FALSE
S57,S22,0.9206349206349206,0.7058823529411765,0.21475256769374415,Coral,West,Mangrove,East,Coral_vs_Mangrove,FALSE
S58,S22,0.9548872180451128,0.6470588235294118,0.30782839451570104,Coral,West,Mangrove,East,Coral_vs_Mangrove,FALSE
S59,S22,0.9408284023668639,0.7058823529411765,0.23494604942568745,Coral,West,Mangrove,East,Coral_vs_Mangrove,FALSE
S60,S22,0.9551569506726457,0.7058823529411765,0.2492745977314693,Coral,West,Mangrove,East,Coral_vs_Mangrove,FALSE
S66,S22,0.8481012658227848,0.6470588235294118,0.20104244229337306,Seagrass,West,Mangrove,East,Mangrove_vs_Seagrass,FALSE
S67,S22,0.9173553719008265,0.7058823529411765,0.21147301895964998,Seagrass,West,Mangrove,East,Mangrove_vs_Seagrass,FALSE
S68,S22,0.9325842696629213,0.6470588235294118,0.2855254461335096,Seagrass,West,Mangrove,East,Mangrove_vs_Seagrass,FALSE
S69,S22,0.9470899470899471,0.7058823529411765,0.24120759414877063,Seagrass,West,Mangrove,East,Mangrove_vs_Seagrass,FALSE
S70,S22,0.9371069182389937,0.7058823529411765,0.23122456529781726,Seagrass,West,Mangrove,East,Mangrove_vs_Seagrass,FALSE
S71,S22,1,1,0,Coral,East,Mangrove,East,Coral_vs_Mangrove,TRUE
S73,S22,1,1,0,Coral,East,Mangrove,East,Coral_vs_Mangrove,TRUE
S74,S22,1,1,0,Coral,East,Mangrove,East,Coral_vs_Mangrove,TRUE
S75,S22,1,1,0,Coral,East,Mangrove,East,Coral_vs_Mangrove,TRUE
S77,S22,0.875,0.8666666666666667,0.008333333333333333,Coral,East,Mangrove,East,Coral_vs_Mangrove,TRUE
S78,S22,0.9411764705882353,0.9411764705882353,0,Coral,East,Mangrove,East,Coral_vs_Mangrove,TRUE
S80,S22,0.9,0.6666666666666666,0.2333333333333333,Coral,East,Mangrove,East,Coral_vs_Mangrove,TRUE
S91,S22,0.9145299145299145,0.7058823529411765,0.20864756158873807,Seagrass,West,Mangrove,East,Mangrove_vs_Seagrass,FALSE
S92,S22,0.9142857142857143,0.8235294117647058,0.0907563025210084,Seagrass,West,Mangrove,East,Mangrove_vs_Seagrass,FALSE
S93,S22,0.9130434782608695,0.8823529411764706,0.030690537084398974,Seagrass,West,Mangrove,East,Mangrove_vs_Seagrass,FALSE
S94,S22,0.8857142857142857,0.8823529411764706,0.003361344537815126,Seagrass,West,Mangrove,East,Mangrove_vs_Seagrass,FALSE
S95,S22,0.896551724137931,0.8235294117647058,0.07302231237322515,Seagrass,West,Mangrove,East,Mangrove_vs_Seagrass,FALSE
S101,S22,0.8518518518518519,0.8,0.05185185185185185,Coral,West,Mangrove,East,Coral_vs_Mangrove,FALSE
S102,S22,0.9130434782608695,0.8333333333333334,0.07971014492753623,Coral,West,Mangrove,East,Coral_vs_Mangrove,FALSE
S103,S22,0.92,0.875,0.045,Coral,West,Mangrove,East,Coral_vs_Mangrove,FALSE
S104,S22,0.8823529411764706,0.8823529411764706,0,Coral,West,Mangrove,East,Coral_vs_Mangrove,FALSE
S105,S22,0.8888888888888888,0.8823529411764706,0.0065359477124183,Coral,West,Mangrove,East,Coral_vs_Mangrove,FALSE
S26,S23,0.8181818181818182,0.7692307692307693,0.04895104895104895,Seagrass,East,Mangrove,East,Mangrove_vs_Seagrass,TRUE
S27,S23,0.7916666666666666,0.375,0.41666666666666663,Seagrass,East,Mangrove,East,Mangrove_vs_Seagrass,TRUE
S28,S23,0.8461538461538461,0.6666666666666666,0.17948717948717946,Seagrass,East,Mangrove,East,Mangrove_vs_Seagrass,TRUE
S29,S23,0.9534883720930233,0.6666666666666666,0.28682170542635654,Seagrass,East,Mangrove,East,Mangrove_vs_Seagrass,TRUE
S30,S23,0.8113207547169812,0.6153846153846154,0.19593613933236576,Seagrass,East,Mangrove,East,Mangrove_vs_Seagrass,TRUE
S31,S23,0.8133333333333334,0.8,0.013333333333333334,Coral,East,Mangrove,East,Coral_vs_Mangrove,TRUE
S32,S23,0.8245614035087719,0.7058823529411765,0.11867905056759545,Coral,East,Mangrove,East,Coral_vs_Mangrove,TRUE
S33,S23,0.75,0.6666666666666666,0.08333333333333333,Coral,East,Mangrove,East,Coral_vs_Mangrove,TRUE
S34,S23,0.8490566037735849,0.6923076923076923,0.1567489114658926,Coral,East,Mangrove,East,Coral_vs_Mangrove,TRUE
S35,S23,0.6781609195402298,0.65,0.02816091954022988,Coral,East,Mangrove,East,Coral_vs_Mangrove,TRUE
S41,S23,0.8507462686567164,0.8148148148148148,0.0359314538419016,Coral,East,Mangrove,East,Coral_vs_Mangrove,TRUE
S42,S23,0.8608695652173913,0.8,0.060869565217391314,Coral,East,Mangrove,East,Coral_vs_Mangrove,TRUE
S43,S23,0.9272727272727272,0.8666666666666667,0.0606060606060606,Coral,East,Mangrove,East,Coral_vs_Mangrove,TRUE
S44,S23,0.78125,0.65,0.13124999999999998,Coral,East,Mangrove,East,Coral_vs_Mangrove,TRUE
S45,S23,0.8681318681318682,0.85,0.01813186813186813,Coral,East,Mangrove,East,Coral_vs_Mangrove,TRUE
S51,S23,0.8983050847457628,0.85,0.04830508474576271,Seagrass,East,Mangrove,East,Mangrove_vs_Seagrass,TRUE
S52,S23,0.8978102189781022,0.825,0.07281021897810218,Seagrass,East,Mangrove,East,Mangrove_vs_Seagrass,TRUE
S53,S23,0.9227467811158798,0.775,0.14774678111587983,Seagrass,East,Mangrove,East,Mangrove_vs_Seagrass,TRUE
S54,S23,0.901840490797546,0.8,0.10184049079754601,Seagrass,East,Mangrove,East,Mangrove_vs_Seagrass,TRUE
S55,S23,0.9211822660098522,0.8,0.12118226600985223,Seagrass,East,Mangrove,East,Mangrove_vs_Seagrass,TRUE
S56,S23,0.8571428571428571,0.75,0.10714285714285714,Coral,West,Mangrove,East,Coral_vs_Mangrove,FALSE
S57,S23,0.8791946308724832,0.775,0.10419463087248322,Coral,West,Mangrove,East,Coral_vs_Mangrove,FALSE
S58,S23,0.8961937716262975,0.625,0.27119377162629754,Coral,West,Mangrove,East,Coral_vs_Mangrove,FALSE
S59,S23,0.875,0.7,0.17500000000000002,Coral,West,Mangrove,East,Coral_vs_Mangrove,FALSE
S60,S23,0.8780487804878049,0.625,0.2530487804878049,Coral,West,Mangrove,East,Coral_vs_Mangrove,FALSE
S66,S23,0.7843137254901961,0.725,0.05931372549019608,Seagrass,West,Mangrove,East,Mangrove_vs_Seagrass,FALSE
S67,S23,0.8611111111111112,0.75,0.1111111111111111,Seagrass,West,Mangrove,East,Mangrove_vs_Seagrass,FALSE
S68,S23,0.8407960199004975,0.6,0.24079601990049754,Seagrass,West,Mangrove,East,Mangrove_vs_Seagrass,FALSE
S69,S23,0.8773584905660378,0.675,0.20235849056603775,Seagrass,West,Mangrove,East,Mangrove_vs_Seagrass,FALSE
S70,S23,0.8241758241758241,0.6,0.22417582417582418,Seagrass,West,Mangrove,East,Mangrove_vs_Seagrass,FALSE
S71,S23,0.9512195121951219,0,0.9512195121951219,Coral,East,Mangrove,East,Coral_vs_Mangrove,TRUE
S73,S23,1,1,0,Coral,East,Mangrove,East,Coral_vs_Mangrove,TRUE
S74,S23,1,1,0,Coral,East,Mangrove,East,Coral_vs_Mangrove,TRUE
S75,S23,1,1,0,Coral,East,Mangrove,East,Coral_vs_Mangrove,TRUE
S77,S23,0.8545454545454545,0.7333333333333333,0.1212121212121212,Coral,East,Mangrove,East,Coral_vs_Mangrove,TRUE
S78,S23,0.9298245614035088,0.8823529411764706,0.04747162022703818,Coral,East,Mangrove,East,Coral_vs_Mangrove,TRUE
S80,S23,0.9534883720930233,0.6666666666666666,0.28682170542635654,Coral,East,Mangrove,East,Coral_vs_Mangrove,TRUE
S91,S23,0.9142857142857143,0.85,0.06428571428571428,Seagrass,West,Mangrove,East,Mangrove_vs_Seagrass,FALSE
S92,S23,0.9354838709677419,0.925,0.010483870967741934,Seagrass,West,Mangrove,East,Mangrove_vs_Seagrass,FALSE
S93,S23,0.9420289855072463,0.9310344827586207,0.010994502748625685,Seagrass,West,Mangrove,East,Mangrove_vs_Seagrass,FALSE
S94,S23,0.9310344827586207,0.8888888888888888,0.042145593869731796,Seagrass,West,Mangrove,East,Mangrove_vs_Seagrass,FALSE
S95,S23,0.9012345679012346,0.9,0.0012345679012345679,Seagrass,West,Mangrove,East,Mangrove_vs_Seagrass,FALSE
S101,S23,0.92,0.8,0.12,Coral,West,Mangrove,East,Coral_vs_Mangrove,FALSE
S102,S23,0.9565217391304348,0.8333333333333334,0.12318840579710144,Coral,West,Mangrove,East,Coral_vs_Mangrove,FALSE
S103,S23,0.9166666666666666,0.75,0.16666666666666666,Coral,West,Mangrove,East,Coral_vs_Mangrove,FALSE
S104,S23,0.9298245614035088,0.8823529411764706,0.04747162022703818,Coral,West,Mangrove,East,Coral_vs_Mangrove,FALSE
S105,S23,0.8983050847457628,0.8421052631578947,0.056199821587867974,Coral,West,Mangrove,East,Coral_vs_Mangrove,FALSE
S26,S24,0.7428571428571429,0.6538461538461539,0.089010989010989,Seagrass,East,Mangrove,East,Mangrove_vs_Seagrass,TRUE
S27,S24,0.8461538461538461,0.5,0.34615384615384615,Seagrass,East,Mangrove,East,Mangrove_vs_Seagrass,TRUE
S28,S24,0.8214285714285714,0.5833333333333334,0.23809523809523808,Seagrass,East,Mangrove,East,Mangrove_vs_Seagrass,TRUE
S29,S24,0.9574468085106383,0.6666666666666666,0.2907801418439716,Seagrass,East,Mangrove,East,Mangrove_vs_Seagrass,TRUE
S30,S24,0.7543859649122807,0.46153846153846156,0.29284750337381915,Seagrass,East,Mangrove,East,Mangrove_vs_Seagrass,TRUE
S31,S24,0.7468354430379747,0.7142857142857143,0.03254972875226039,Coral,East,Mangrove,East,Coral_vs_Mangrove,TRUE
S32,S24,0.8032786885245902,0.6470588235294118,0.1562198649951784,Coral,East,Mangrove,East,Coral_vs_Mangrove,TRUE
S33,S24,0.7058823529411765,0.5833333333333334,0.12254901960784315,Coral,East,Mangrove,East,Coral_vs_Mangrove,TRUE
S34,S24,0.8596491228070176,0.6923076923076923,0.16734143049932526,Coral,East,Mangrove,East,Coral_vs_Mangrove,TRUE
S35,S24,0.6483516483516484,0.6363636363636364,0.011988011988011988,Coral,East,Mangrove,East,Coral_vs_Mangrove,TRUE
S41,S24,0.8591549295774648,0.8148148148148148,0.04434011476264997,Coral,East,Mangrove,East,Coral_vs_Mangrove,TRUE
S42,S24,0.7815126050420168,0.7045454545454546,0.07696715049656228,Coral,East,Mangrove,East,Coral_vs_Mangrove,TRUE
S43,S24,0.864406779661017,0.7333333333333333,0.1310734463276836,Coral,East,Mangrove,East,Coral_vs_Mangrove,TRUE
S44,S24,0.7424242424242424,0.6136363636363636,0.12878787878787878,Coral,East,Mangrove,East,Coral_vs_Mangrove,TRUE
S45,S24,0.8315789473684211,0.8181818181818182,0.01339712918660287,Coral,East,Mangrove,East,Coral_vs_Mangrove,TRUE
S51,S24,0.8688524590163934,0.8181818181818182,0.05067064083457526,Seagrass,East,Mangrove,East,Mangrove_vs_Seagrass,TRUE
S52,S24,0.8865248226950354,0.8181818181818182,0.06834300451321727,Seagrass,East,Mangrove,East,Mangrove_vs_Seagrass,TRUE
S53,S24,0.9071729957805907,0.75,0.1571729957805907,Seagrass,East,Mangrove,East,Mangrove_vs_Seagrass,TRUE
S54,S24,0.9161676646706587,0.8409090909090909,0.07525857376156778,Seagrass,East,Mangrove,East,Mangrove_vs_Seagrass,TRUE
S55,S24,0.9227053140096618,0.8181818181818182,0.10452349582784366,Seagrass,East,Mangrove,East,Mangrove_vs_Seagrass,TRUE
S56,S24,0.8472222222222222,0.75,0.09722222222222222,Coral,West,Mangrove,East,Coral_vs_Mangrove,FALSE
S57,S24,0.869281045751634,0.7727272727272727,0.09655377302436126,Coral,West,Mangrove,East,Coral_vs_Mangrove,FALSE
S58,S24,0.8839590443686007,0.6136363636363636,0.27032268073223703,Coral,West,Mangrove,East,Coral_vs_Mangrove,FALSE
S59,S24,0.8673469387755102,0.7045454545454546,0.16280148423005564,Coral,West,Mangrove,East,Coral_vs_Mangrove,FALSE
S60,S24,0.832,0.5227272727272727,0.3092727272727273,Coral,West,Mangrove,East,Coral_vs_Mangrove,FALSE
S66,S24,0.7924528301886793,0.75,0.04245283018867924,Seagrass,West,Mangrove,East,Mangrove_vs_Seagrass,FALSE
S67,S24,0.8243243243243243,0.7045454545454546,0.1197788697788698,Seagrass,West,Mangrove,East,Mangrove_vs_Seagrass,FALSE
S68,S24,0.8439024390243902,0.6363636363636364,0.20753880266075386,Seagrass,West,Mangrove,East,Mangrove_vs_Seagrass,FALSE
S69,S24,0.8611111111111112,0.6590909090909091,0.202020202020202,Seagrass,West,Mangrove,East,Mangrove_vs_Seagrass,FALSE
S70,S24,0.8279569892473119,0.6363636363636364,0.19159335288367546,Seagrass,West,Mangrove,East,Mangrove_vs_Seagrass,FALSE
S71,S24,0.9555555555555556,0,0.9555555555555556,Coral,East,Mangrove,East,Coral_vs_Mangrove,TRUE
S73,S24,1,1,0,Coral,East,Mangrove,East,Coral_vs_Mangrove,TRUE
S74,S24,1,1,0,Coral,East,Mangrove,East,Coral_vs_Mangrove,TRUE
S75,S24,1,1,0,Coral,East,Mangrove,East,Coral_vs_Mangrove,TRUE
S77,S24,0.7966101694915254,0.6,0.19661016949152543,Coral,East,Mangrove,East,Coral_vs_Mangrove,TRUE
S78,S24,0.9672131147540983,0.9411764705882353,0.026036644165863064,Coral,East,Mangrove,East,Coral_vs_Mangrove,TRUE
S80,S24,0.9574468085106383,0.6666666666666666,0.2907801418439716,Coral,East,Mangrove,East,Coral_vs_Mangrove,TRUE
S91,S24,0.8888888888888888,0.8181818181818182,0.0707070707070707,Seagrass,West,Mangrove,East,Mangrove_vs_Seagrass,FALSE
S92,S24,0.8969072164948454,0.8863636363636364,0.010543580131208997,Seagrass,West,Mangrove,East,Mangrove_vs_Seagrass,FALSE
S93,S24,0.8904109589041096,0.8620689655172413,0.028341993386868207,Seagrass,West,Mangrove,East,Mangrove_vs_Seagrass,FALSE
S94,S24,0.967741935483871,0.9444444444444444,0.023297491039426525,Seagrass,West,Mangrove,East,Mangrove_vs_Seagrass,FALSE
S95,S24,0.8588235294117647,0.8536585365853658,0.0051649928263988515,Seagrass,West,Mangrove,East,Mangrove_vs_Seagrass,FALSE
S101,S24,0.9259259259259259,0.8,0.12592592592592594,Coral,West,Mangrove,East,Coral_vs_Mangrove,FALSE
S102,S24,0.96,0.8333333333333334,0.12666666666666665,Coral,West,Mangrove,East,Coral_vs_Mangrove,FALSE
S103,S24,0.9230769230769231,0.75,0.17307692307692307,Coral,West,Mangrove,East,Coral_vs_Mangrove,FALSE
S104,S24,0.9016393442622951,0.8235294117647058,0.0781099324975892,Coral,West,Mangrove,East,Coral_vs_Mangrove,FALSE
S105,S24,0.9047619047619048,0.8421052631578947,0.06265664160401002,Coral,West,Mangrove,East,Coral_vs_Mangrove,FALSE
S26,S25,0.7878787878787878,0.46153846153846156,0.32634032634032634,Seagrass,East,Mangrove,East,Mangrove_vs_Seagrass,TRUE
S27,S25,0.8947368421052632,0.25,0.6447368421052632,Seagrass,East,Mangrove,East,Mangrove_vs_Seagrass,TRUE
S28,S25,0.8813559322033898,0.4166666666666667,0.4646892655367232,Seagrass,East,Mangrove,East,Mangrove_vs_Seagrass,TRUE
S29,S25,0.981651376146789,0.6666666666666666,0.3149847094801223,Seagrass,East,Mangrove,East,Mangrove_vs_Seagrass,TRUE
S30,S25,0.8487394957983193,0.3076923076923077,0.5410471881060116,Seagrass,East,Mangrove,East,Mangrove_vs_Seagrass,TRUE
S31,S25,0.7872340425531915,0.5714285714285714,0.21580547112462004,Coral,East,Mangrove,East,Coral_vs_Mangrove,TRUE
S32,S25,0.8211382113821138,0.35294117647058826,0.46819703491152564,Coral,East,Mangrove,East,Coral_vs_Mangrove,TRUE
S33,S25,0.8,0.4583333333333333,0.3416666666666666,Coral,East,Mangrove,East,Coral_vs_Mangrove,TRUE
S34,S25,0.8487394957983193,0.3076923076923077,0.5410471881060116,Coral,East,Mangrove,East,Coral_vs_Mangrove,TRUE
S35,S25,0.6470588235294118,0.425531914893617,0.22152690863579477,Coral,East,Mangrove,East,Coral_vs_Mangrove,TRUE
S41,S25,0.8646616541353384,0.6666666666666666,0.19799498746867167,Coral,East,Mangrove,East,Coral_vs_Mangrove,TRUE
S42,S25,0.7458563535911602,0.6933333333333334,0.05252302025782689,Coral,East,Mangrove,East,Coral_vs_Mangrove,TRUE
S43,S25,0.9173553719008265,0.6666666666666666,0.25068870523415976,Coral,East,Mangrove,East,Coral_vs_Mangrove,TRUE
S44,S25,0.6804123711340206,0.6477272727272727,0.032685098406747895,Coral,East,Mangrove,East,Coral_vs_Mangrove,TRUE
S45,S25,0.732484076433121,0.5882352941176471,0.14424878231547394,Coral,East,Mangrove,East,Coral_vs_Mangrove,TRUE
S51,S25,0.8586956521739131,0.8333333333333334,0.025362318840579712,Seagrass,East,Mangrove,East,Mangrove_vs_Seagrass,TRUE
S52,S25,0.7931034482758621,0.7835051546391752,0.009598293636686812,Seagrass,East,Mangrove,East,Mangrove_vs_Seagrass,TRUE
S53,S25,0.8193979933110368,0.7452830188679245,0.07411497444311226,Seagrass,East,Mangrove,East,Mangrove_vs_Seagrass,TRUE
S54,S25,0.868995633187773,0.8584905660377359,0.010505067150037078,Seagrass,East,Mangrove,East,Mangrove_vs_Seagrass,TRUE
S55,S25,0.8587360594795539,0.8207547169811321,0.037981342498421826,Seagrass,East,Mangrove,East,Mangrove_vs_Seagrass,TRUE
S56,S25,0.7669902912621359,0.76,0.006990291262135922,Coral,West,Mangrove,East,Coral_vs_Mangrove,FALSE
S57,S25,0.786046511627907,0.78301886792452835,0.0030276437033786747,Coral,West,Mangrove,East,Coral_vs_Mangrove,FALSE
S58,S25,0.723943661971831,0.5377358490566038,0.18620781291522723,Coral,West,Mangrove,East,Coral_vs_Mangrove,FALSE
S59,S25,0.7286821705426356,0.6698113207547169,0.05887084978791868,Coral,West,Mangrove,East,Coral_vs_Mangrove,FALSE
S60,S25,0.7243589743589743,0.5943396226415094,0.13001935171746495,Coral,West,Mangrove,East,Coral_vs_Mangrove,FALSE
S66,S25,0.8095238095238095,0.7419354838709677,0.06758832565284179,Seagrass,West,Mangrove,East,Mangrove_vs_Seagrass,FALSE
S67,S25,0.780952380952381,0.7788461538461539,0.0021062271062271066,Seagrass,West,Mangrove,East,Mangrove_vs_Seagrass,FALSE
S68,S25,0.7677902621722846,0.7075471698113207,0.06024309236096389,Seagrass,West,Mangrove,East,Mangrove_vs_Seagrass,FALSE
S69,S25,0.7913669064748201,0.7264150943396226,0.0649518121351975,Seagrass,West,Mangrove,East,Mangrove_vs_Seagrass,FALSE
S70,S25,0.7741935483870968,0.7358490566037735,0.03834449178332319,Seagrass,West,Mangrove,East,Mangrove_vs_Seagrass,FALSE
S71,S25,1,1,0,Coral,East,Mangrove,East,Coral_vs_Mangrove,TRUE
S73,S25,1,1,0,Coral,East,Mangrove,East,Coral_vs_Mangrove,TRUE
S74,S25,1,1,0,Coral,East,Mangrove,East,Coral_vs_Mangrove,TRUE
S75,S25,0.9818181818181818,0.75,0.2318181818181818,Coral,East,Mangrove,East,Coral_vs_Mangrove,TRUE
S77,S25,0.9008264462809917,0.6,0.30082644628099175,Coral,East,Mangrove,East,Coral_vs_Mangrove,TRUE
S78,S25,0.9349593495934959,0.7647058823529411,0.17025346724055476,Coral,East,Mangrove,East,Coral_vs_Mangrove,TRUE
S80,S25,0.963302752293578,0.3333333333333333,0.6299694189602446,Coral,East,Mangrove,East,Coral_vs_Mangrove,TRUE
S91,S25,0.8252427184466019,0.82,0.005242718446601942,Seagrass,West,Mangrove,East,Mangrove_vs_Seagrass,FALSE
S92,S25,0.8742138364779874,0.8113207547169812,0.06289308176100629,Seagrass,West,Mangrove,East,Mangrove_vs_Seagrass,FALSE
S93,S25,0.9407407407407408,0.8620689655172413,0.07867177522349937,Seagrass,West,Mangrove,East,Mangrove_vs_Seagrass,FALSE
S94,S25,0.9354838709677419,0.7777777777777778,0.15770609318996415,Seagrass,West,Mangrove,East,Mangrove_vs_Seagrass,FALSE
S95,S25,0.8503401360544217,0.7317073170731707,0.11863281898125104,Seagrass,West,Mangrove,East,Mangrove_vs_Seagrass,FALSE
S101,S25,0.9482758620689655,0.7,0.2482758620689655,Coral,West,Mangrove,East,Coral_vs_Mangrove,FALSE
S102,S25,0.9821428571428571,0.8333333333333334,0.1488095238095238,Coral,West,Mangrove,East,Coral_vs_Mangrove,FALSE
S103,S25,0.9473684210526315,0.625,0.3223684210526316,Coral,West,Mangrove,East,Coral_vs_Mangrove,FALSE
S104,S25,0.9186991869918699,0.7058823529411765,0.21281683405069346,Coral,West,Mangrove,East,Coral_vs_Mangrove,FALSE
S105,S25,0.872,0.5789473684210527,0.29305263157894734,Coral,West,Mangrove,East,Coral_vs_Mangrove,FALSE
S31,S26,0.6721311475409836,0.6153846153846154,0.056746532156368226,Coral,East,Seagrass,East,Coral_vs_Seagrass,TRUE
S32,S26,0.5348837209302325,0.4117647058823529,0.12311901504787963,Coral,East,Seagrass,East,Coral_vs_Seagrass,TRUE
S33,S26,0.44,0.4166666666666667,0.023333333333333334,Coral,East,Seagrass,East,Coral_vs_Seagrass,TRUE
S34,S26,0.7435897435897436,0.6153846153846154,0.1282051282051282,Coral,East,Seagrass,East,Coral_vs_Seagrass,TRUE
S35,S26,0.6986301369863014,0.5769230769230769,0.12170706006322445,Coral,East,Seagrass,East,Coral_vs_Seagrass,TRUE
S36,S26,1,1,0,Mangrove,East,Seagrass,East,Mangrove_vs_Seagrass,TRUE
S37,S26,1,1,0,Mangrove,East,Seagrass,East,Mangrove_vs_Seagrass,TRUE
S38,S26,1,1,0,Mangrove,East,Seagrass,East,Mangrove_vs_Seagrass,TRUE
S39,S26,1,1,0,Mangrove,East,Seagrass,East,Mangrove_vs_Seagrass,TRUE
S40,S26,1,1,0,Mangrove,East,Seagrass,East,Mangrove_vs_Seagrass,TRUE
S41,S26,0.7358490566037735,0.7307692307692307,0.0050798258345428155,Coral,East,Seagrass,East,Coral_vs_Seagrass,TRUE
S42,S26,0.7623762376237624,0.5384615384615384,0.22391469916222392,Coral,East,Seagrass,East,Coral_vs_Seagrass,TRUE
S43,S26,0.7073170731707317,0.6,0.10731707317073172,Coral,East,Seagrass,East,Coral_vs_Seagrass,TRUE
S44,S26,0.7894736842105263,0.5384615384615384,0.2510121457489879,Coral,East,Seagrass,East,Coral_vs_Seagrass,TRUE
S45,S26,0.7662337662337663,0.6538461538461539,0.11238761238761238,Coral,East,Seagrass,East,Coral_vs_Seagrass,TRUE
S46,S26,0.9634146341463414,0.8846153846153846,0.07879924953095686,Mangrove,East,Seagrass,East,Mangrove_vs_Seagrass,TRUE
S47,S26,1,1,0,Mangrove,East,Seagrass,East,Mangrove_vs_Seagrass,TRUE
S48,S26,0.9375,0.7307692307692307,0.20673076923076925,Mangrove,East,Seagrass,East,Mangrove_vs_Seagrass,TRUE
S49,S26,1,1,0,Mangrove,East,Seagrass,East,Mangrove_vs_Seagrass,TRUE
S50,S26,0.9375,0.9230769230769231,0.014423076923076924,Mangrove,East,Seagrass,East,Mangrove_vs_Seagrass,TRUE
S56,S26,0.8888888888888888,0.7307692307692307,0.1581196581196581,Coral,West,Seagrass,East,Coral_vs_Seagrass,FALSE
S57,S26,0.9111111111111111,0.7692307692307693,0.14188034188034188,Coral,West,Seagrass,East,Coral_vs_Seagrass,FALSE
S58,S26,0.9345454545454546,0.6538461538461539,0.2806993006993007,Coral,West,Seagrass,East,Coral_vs_Seagrass,FALSE
S59,S26,0.898876404494382,0.6538461538461539,0.24503025064822814,Coral,West,Seagrass,East,Coral_vs_Seagrass,FALSE
S60,S26,0.9224137931034483,0.6538461538461539,0.26856763925729443,Coral,West,Seagrass,East,Coral_vs_Seagrass,FALSE
S61,S26,0.9183673469387755,0.7692307692307693,0.1491365777080063,Mangrove,West,Seagrass,East,Mangrove_vs_Seagrass,FALSE
S62,S26,0.8974358974358975,0.7692307692307693,0.12820512820512822,Mangrove,West,Seagrass,East,Mangrove_vs_Seagrass,FALSE
S63,S26,0.9416058394160584,0.8461538461538461,0.09545199326221225,Mangrove,West,Seagrass,East,Mangrove_vs_Seagrass,FALSE
S64,S26,0.9397590361445783,0.8076923076923077,0.13206672845227063,Mangrove,West,Seagrass,East,Mangrove_vs_Seagrass,FALSE
S65,S26,0.9572192513368984,0.8461538461538461,0.11106540518305225,Mangrove,West,Seagrass,East,Mangrove_vs_Seagrass,FALSE
S71,S26,1,1,0,Coral,East,Seagrass,East,Coral_vs_Seagrass,TRUE
S73,S26,1,1,0,Coral,East,Seagrass,East,Coral_vs_Seagrass,TRUE
S74,S26,1,1,0,Coral,East,Seagrass,East,Coral_vs_Seagrass,TRUE
S75,S26,0.9333333333333333,0.75,0.18333333333333332,Coral,East,Seagrass,East,Coral_vs_Seagrass,TRUE
S77,S26,0.8536585365853658,0.8,0.05365853658536586,Coral,East,Seagrass,East,Coral_vs_Seagrass,TRUE
S78,S26,0.8604651162790697,0.8235294117647058,0.03693570451436389,Coral,East,Seagrass,East,Coral_vs_Seagrass,TRUE
S80,S26,0.8620689655172413,0.3333333333333333,0.5287356321839081,Coral,East,Seagrass,East,Coral_vs_Seagrass,TRUE
S81,S26,0.8728323699421965,0.5769230769230769,0.2959092930191196,Mangrove,East,Seagrass,East,Mangrove_vs_Seagrass,TRUE
S82,S26,0.9154929577464789,0.4230769230769231,0.49241603466955575,Mangrove,East,Seagrass,East,Mangrove_vs_Seagrass,TRUE
S83,S26,0.8888888888888888,0.5384615384615384,0.35042735042735046,Mangrove,East,Seagrass,East,Mangrove_vs_Seagrass,TRUE
S84,S26,0.893048128342246,0.6153846153846154,0.27766351295763064,Mangrove,East,Seagrass,East,Mangrove_vs_Seagrass,TRUE
S85,S26,0.9365079365079365,0.8461538461538461,0.09035409035409037,Mangrove,East,Seagrass,East,Mangrove_vs_Seagrass,TRUE
S86,S26,0.8901098901098901,0.8076923076923077,0.08241758241758242,Mangrove,West,Seagrass,East,Mangrove_vs_Seagrass,FALSE
S87,S26,0.8688524590163934,0.8461538461538461,0.02269861286254729,Mangrove,West,Seagrass,East,Mangrove_vs_Seagrass,FALSE
S88,S26,0.9829059829059829,0.9615384615384616,0.021367521367521368,Mangrove,West,Seagrass,East,Mangrove_vs_Seagrass,FALSE
S89,S26,1,1,0,Mangrove,West,Seagrass,East,Mangrove_vs_Seagrass,FALSE
S90,S26,1,1,0,Mangrove,West,Seagrass,East,Mangrove_vs_Seagrass,FALSE
S96,S26,1,1,0,Mangrove,West,Seagrass,East,Mangrove_vs_Seagrass,FALSE
S97,S26,1,1,0,Mangrove,West,Seagrass,East,Mangrove_vs_Seagrass,FALSE
S98,S26,1,1,0,Mangrove,West,Seagrass,East,Mangrove_vs_Seagrass,FALSE
S99,S26,1,1,0,Mangrove,West,Seagrass,East,Mangrove_vs_Seagrass,FALSE
S100,S26,1,1,0,Mangrove,West,Seagrass,East,Mangrove_vs_Seagrass,FALSE
S101,S26,0.8888888888888888,0.8,0.08888888888888889,Coral,West,Seagrass,East,Coral_vs_Seagrass,FALSE
S102,S26,0.9375,0.8333333333333334,0.10416666666666666,Coral,West,Seagrass,East,Coral_vs_Seagrass,FALSE
S103,S26,0.9411764705882353,0.875,0.0661764705882353,Coral,West,Seagrass,East,Coral_vs_Seagrass,FALSE
S104,S26,0.9069767441860465,0.8823529411764706,0.024623803009575923,Coral,West,Seagrass,East,Coral_vs_Seagrass,FALSE
S105,S26,0.9111111111111111,0.8947368421052632,0.01637426900584795,Coral,West,Seagrass,East,Coral_vs_Seagrass,FALSE
S106,S26,0.96875,0.9615384615384616,0.007211538461538462,Mangrove,West,Seagrass,East,Mangrove_vs_Seagrass,FALSE
S107,S26,0.9245283018867925,0.9230769230769231,0.001451378809869376,Mangrove,West,Seagrass,East,Mangrove_vs_Seagrass,FALSE
S108,S26,0.9259259259259259,0.9230769230769231,0.002849002849002849,Mangrove,West,Seagrass,East,Mangrove_vs_Seagrass,FALSE
S109,S26,0.9555555555555556,0.9473684210526315,0.008187134502923975,Mangrove,West,Seagrass,East,Mangrove_vs_Seagrass,FALSE
S110,S26,0.9583333333333334,0.9545454545454546,0.003787878787878788,Mangrove,West,Seagrass,East,Mangrove_vs_Seagrass,FALSE
S31,S27,0.7674418604651163,0.375,0.3924418604651163,Coral,East,Seagrass,East,Coral_vs_Seagrass,TRUE
S32,S27,0.52,0.25,0.27,Coral,East,Seagrass,East,Coral_vs_Seagrass,TRUE
S33,S27,0.6875,0.375,0.3125,Coral,East,Seagrass,East,Coral_vs_Seagrass,TRUE
S34,S27,0.8095238095238095,0.75,0.05952380952380952,Coral,East,Seagrass,East,Coral_vs_Seagrass,TRUE
S35,S27,0.7818181818181819,0.25,0.5318181818181819,Coral,East,Seagrass,East,Coral_vs_Seagrass,TRUE
S36,S27,1,1,0,Mangrove,East,Seagrass,East,Mangrove_vs_Seagrass,TRUE
S37,S27,1,1,0,Mangrove,East,Seagrass,East,Mangrove_vs_Seagrass,TRUE
S38,S27,1,1,0,Mangrove,East,Seagrass,East,Mangrove_vs_Seagrass,TRUE
S39,S27,1,1,0,Mangrove,East,Seagrass,East,Mangrove_vs_Seagrass,TRUE
S40,S27,1,1,0,Mangrove,East,Seagrass,East,Mangrove_vs_Seagrass,TRUE
S41,S27,0.7142857142857143,0.375,0.33928571428571425,Coral,East,Seagrass,East,Coral_vs_Seagrass,TRUE
S42,S27,0.8795180722891566,0.375,0.5045180722891567,Coral,East,Seagrass,East,Coral_vs_Seagrass,TRUE
S43,S27,0.7391304347826086,0.625,0.1141304347826087,Coral,East,Seagrass,East,Coral_vs_Seagrass,TRUE
S44,S27,0.875,0.25,0.625,Coral,East,Seagrass,East,Coral_vs_Seagrass,TRUE
S45,S27,0.7966101694915254,0.25,0.5466101694915254,Coral,East,Seagrass,East,Coral_vs_Seagrass,TRUE
S46,S27,0.9863013698630136,0.875,0.1113013698630137,Mangrove,East,Seagrass,East,Mangrove_vs_Seagrass,TRUE
S47,S27,1,1,0,Mangrove,East,Seagrass,East,Mangrove_vs_Seagrass,TRUE
S48,S27,0.9611650485436893,0.5,0.46116504854368934,Mangrove,East,Seagrass,East,Mangrove_vs_Seagrass,TRUE
S49,S27,1,1,0,Mangrove,East,Seagrass,East,Mangrove_vs_Seagrass,TRUE
S50,S27,0.9130434782608695,0.75,0.16304347826086957,Mangrove,East,Seagrass,East,Mangrove_vs_Seagrass,TRUE
S56,S27,0.9074074074074074,0.375,0.5324074074074074,Coral,West,Seagrass,East,Coral_vs_Seagrass,FALSE
S57,S27,0.9487179487179487,0.625,0.32371794871794873,Coral,West,Seagrass,East,Coral_vs_Seagrass,FALSE
S58,S27,0.9610894941634242,0.375,0.5860894941634242,Coral,West,Seagrass,East,Coral_vs_Seagrass,FALSE
S59,S27,0.925,0.25,0.675,Coral,West,Seagrass,East,Coral_vs_Seagrass,FALSE
S60,S27,0.9626168224299065,0.5,0.46261682242990654,Coral,West,Seagrass,East,Coral_vs_Seagrass,FALSE
S61,S27,0.937984496124031,0.5,0.437984496124031,Mangrove,West,Seagrass,East,Mangrove_vs_Seagrass,FALSE
S62,S27,0.9393939393939394,0.625,0.3143939393939394,Mangrove,West,Seagrass,East,Mangrove_vs_Seagrass,FALSE
S63,S27,0.9327731092436975,0.5,0.4327731092436975,Mangrove,West,Seagrass,East,Mangrove_vs_Seagrass,FALSE
S64,S27,0.9459459459459459,0.5,0.44594594594594594,Mangrove,West,Seagrass,East,Mangrove_vs_Seagrass,FALSE
S65,S27,0.9526627218934911,0.5,0.4526627218934911,Mangrove,West,Seagrass,East,Mangrove_vs_Seagrass,FALSE
S71,S27,1,1,0,Coral,East,Seagrass,East,Coral_vs_Seagrass,TRUE
S73,S27,1,1,0,Coral,East,Seagrass,East,Coral_vs_Seagrass,TRUE
S74,S27,1,1,0,Coral,East,Seagrass,East,Coral_vs_Seagrass,TRUE
S75,S27,0.8333333333333334,0.75,0.08333333333333333,Coral,East,Seagrass,East,Coral_vs_Seagrass,TRUE
S77,S27,0.8260869565217391,0.75,0.07608695652173914,Coral,East,Seagrass,East,Coral_vs_Seagrass,TRUE
S78,S27,0.84,0.75,0.09,Coral,East,Seagrass,East,Coral_vs_Seagrass,TRUE
S80,S27,1,1,0,Coral,East,Seagrass,East,Coral_vs_Seagrass,TRUE
S81,S27,0.9354838709677419,0.375,0.5604838709677419,Mangrove,East,Seagrass,East,Mangrove_vs_Seagrass,TRUE
S82,S27,0.9643916913946587,0.25,0.7143916913946587,Mangrove,East,Seagrass,East,Mangrove_vs_Seagrass,TRUE
S83,S27,0.9292929292929293,0.125,0.8042929292929293,Mangrove,East,Seagrass,East,Mangrove_vs_Seagrass,TRUE
S84,S27,0.9289940828402367,0.25,0.6789940828402367,Mangrove,East,Seagrass,East,Mangrove_vs_Seagrass,TRUE
S85,S27,0.9814814814814815,0.875,0.10648148148148148,Mangrove,East,Seagrass,East,Mangrove_vs_Seagrass,TRUE
S86,S27,0.9452054794520548,0.75,0.1952054794520548,Mangrove,West,Seagrass,East,Mangrove_vs_Seagrass,FALSE
S87,S27,0.9069767441860465,0.75,0.1569767441860465,Mangrove,West,Seagrass,East,Mangrove_vs_Seagrass,FALSE
S88,S27,0.9797979797979798,0.875,0.10479797979797979,Mangrove,West,Seagrass,East,Mangrove_vs_Seagrass,FALSE
S89,S27,1,1,0,Mangrove,West,Seagrass,East,Mangrove_vs_Seagrass,FALSE
S90,S27,1,1,0,Mangrove,West,Seagrass,East,Mangrove_vs_Seagrass,FALSE
S96,S27,1,1,0,Mangrove,West,Seagrass,East,Mangrove_vs_Seagrass,FALSE
S97,S27,1,1,0,Mangrove,West,Seagrass,East,Mangrove_vs_Seagrass,FALSE
S98,S27,1,1,0,Mangrove,West,Seagrass,East,Mangrove_vs_Seagrass,FALSE
S99,S27,1,1,0,Mangrove,West,Seagrass,East,Mangrove_vs_Seagrass,FALSE
S100,S27,1,1,0,Mangrove,West,Seagrass,East,Mangrove_vs_Seagrass,FALSE
S101,S27,0.8888888888888888,0.875,0.013888888888888888,Coral,West,Seagrass,East,Coral_vs_Seagrass,FALSE
S102,S27,0.8571428571428571,0.8333333333333334,0.023809523809523808,Coral,West,Seagrass,East,Coral_vs_Seagrass,FALSE
S103,S27,1,1,0,Coral,West,Seagrass,East,Coral_vs_Seagrass,FALSE
S104,S27,0.92,0.875,0.045,Coral,West,Seagrass,East,Coral_vs_Seagrass,FALSE
S105,S27,0.7777777777777778,0.625,0.15277777777777776,Coral,West,Seagrass,East,Coral_vs_Seagrass,FALSE
S106,S27,0.9565217391304348,0.875,0.08152173913043478,Mangrove,West,Seagrass,East,Mangrove_vs_Seagrass,FALSE
S107,S27,0.9428571428571428,0.875,0.06785714285714285,Mangrove,West,Seagrass,East,Mangrove_vs_Seagrass,FALSE
S108,S27,0.9444444444444444,0.875,0.06944444444444445,Mangrove,West,Seagrass,East,Mangrove_vs_Seagrass,FALSE
S109,S27,0.9259259259259259,0.875,0.05092592592592592,Mangrove,West,Seagrass,East,Mangrove_vs_Seagrass,FALSE
S110,S27,0.9333333333333333,0.875,0.058333333333333334,Mangrove,West,Seagrass,East,Mangrove_vs_Seagrass,FALSE
S31,S28,0.7872340425531915,0.5833333333333334,0.20390070921985815,Coral,East,Seagrass,East,Coral_vs_Seagrass,TRUE
S32,S28,0.7931034482758621,0.75,0.04310344827586207,Coral,East,Seagrass,East,Coral_vs_Seagrass,TRUE
S33,S28,0.7222222222222222,0.5833333333333334,0.1388888888888889,Coral,East,Seagrass,East,Coral_vs_Seagrass,TRUE
S34,S28,0.76,0.75,0.01,Coral,East,Seagrass,East,Coral_vs_Seagrass,TRUE
S35,S28,0.8305084745762712,0.5833333333333334,0.24717514124293785,Coral,East,Seagrass,East,Coral_vs_Seagrass,TRUE
S36,S28,1,1,0,Mangrove,East,Seagrass,East,Mangrove_vs_Seagrass,TRUE
S37,S28,1,1,0,Mangrove,East,Seagrass,East,Mangrove_vs_Seagrass,TRUE
S38,S28,1,1,0,Mangrove,East,Seagrass,East,Mangrove_vs_Seagrass,TRUE
S39,S28,1,1,0,Mangrove,East,Seagrass,East,Mangrove_vs_Seagrass,TRUE
S40,S28,1,1,0,Mangrove,East,Seagrass,East,Mangrove_vs_Seagrass,TRUE
S41,S28,0.8974358974358975,0.8333333333333334,0.0641025641025641,Coral,East,Seagrass,East,Coral_vs_Seagrass,TRUE
S42,S28,0.9080459770114943,0.6666666666666666,0.24137931034482757,Coral,East,Seagrass,East,Coral_vs_Seagrass,TRUE
S43,S28,0.8518518518518519,0.8333333333333334,0.018518518518518517,Coral,East,Seagrass,East,Coral_vs_Seagrass,TRUE
S44,S28,0.94,0.75,0.19,Coral,East,Seagrass,East,Coral_vs_Seagrass,TRUE
S45,S28,0.9682539682539683,0.9166666666666666,0.051587301587301584,Coral,East,Seagrass,East,Coral_vs_Seagrass,TRUE
S46,S28,0.9866666666666667,0.9166666666666666,0.06999999999999999,Mangrove,East,Seagrass,East,Mangrove_vs_Seagrass,TRUE
S47,S28,1,1,0,Mangrove,East,Seagrass,East,Mangrove_vs_Seagrass,TRUE
S48,S28,0.9809523809523809,0.8333333333333334,0.1476190476190476,Mangrove,East,Seagrass,East,Mangrove_vs_Seagrass,TRUE
S49,S28,1,1,0,Mangrove,East,Seagrass,East,Mangrove_vs_Seagrass,TRUE
S50,S28,0.96,0.9166666666666666,0.043333333333333335,Mangrove,East,Seagrass,East,Mangrove_vs_Seagrass,TRUE
S56,S28,0.9464285714285714,0.75,0.19642857142857142,Coral,West,Seagrass,East,Coral_vs_Seagrass,FALSE
S57,S28,0.9669421487603306,0.8333333333333334,0.13360881542699724,Coral,West,Seagrass,East,Coral_vs_Seagrass,FALSE
S58,S28,0.9540229885057471,0.5,0.4540229885057471,Coral,West,Seagrass,East,Coral_vs_Seagrass,FALSE
S59,S28,0.9390243902439024,0.5833333333333334,0.3556910569105691,Coral,West,Seagrass,East,Coral_vs_Seagrass,FALSE
S60,S28,0.944954128440367,0.5,0.44495412844036697,Coral,West,Seagrass,East,Coral_vs_Seagrass,FALSE
S61,S28,0.9548872180451128,0.75,0.20488721804511278,Mangrove,West,Seagrass,East,Mangrove_vs_Seagrass,FALSE
S62,S28,0.9223300970873787,0.6666666666666666,0.25566343042071193,Mangrove,West,Seagrass,East,Mangrove_vs_Seagrass,FALSE
S63,S28,0.967479674796748,0.8333333333333334,0.13414634146341464,Mangrove,West,Seagrass,East,Mangrove_vs_Seagrass,FALSE
S64,S28,0.9736842105263158,0.8333333333333334,0.14035087719298245,Mangrove,West,Seagrass,East,Mangrove_vs_Seagrass,FALSE
S65,S28,0.9653179190751445,0.75,0.2153179190751445,Mangrove,West,Seagrass,East,Mangrove_vs_Seagrass,FALSE
S71,S28,1,1,0,Coral,East,Seagrass,East,Coral_vs_Seagrass,TRUE
S73,S28,1,1,0,Coral,East,Seagrass,East,Coral_vs_Seagrass,TRUE
S74,S28,1,1,0,Coral,East,Seagrass,East,Coral_vs_Seagrass,TRUE
S75,S28,1,1,0,Coral,East,Seagrass,East,Coral_vs_Seagrass,TRUE
S77,S28,0.8518518518518519,0.8333333333333334,0.018518518518518517,Coral,East,Seagrass,East,Coral_vs_Seagrass,TRUE
S78,S28,0.9310344827586207,0.9166666666666666,0.014367816091954023,Coral,East,Seagrass,East,Coral_vs_Seagrass,TRUE
S80,S28,0.8666666666666667,0.6666666666666666,0.19999999999999998,Coral,East,Seagrass,East,Coral_vs_Seagrass,TRUE
S81,S28,0.9748427672955975,0.8333333333333334,0.14150943396226415,Mangrove,East,Seagrass,East,Mangrove_vs_Seagrass,TRUE
S82,S28,0.9824046920821115,0.75,0.23240469208211142,Mangrove,East,Seagrass,East,Mangrove_vs_Seagrass,TRUE
S83,S28,0.9702970297029703,0.75,0.2202970297029703,Mangrove,East,Seagrass,East,Mangrove_vs_Seagrass,TRUE
S84,S28,0.976878612716763,0.8333333333333334,0.14354527938342965,Mangrove,East,Seagrass,East,Mangrove_vs_Seagrass,TRUE
S85,S28,0.9821428571428571,0.9166666666666666,0.06547619047619047,Mangrove,East,Seagrass,East,Mangrove_vs_Seagrass,TRUE
S86,S28,0.922077922077922,0.75,0.17207792207792208,Mangrove,West,Seagrass,East,Mangrove_vs_Seagrass,FALSE
S87,S28,0.8723404255319149,0.75,0.12234042553191489,Mangrove,West,Seagrass,East,Mangrove_vs_Seagrass,FALSE
S88,S28,1,1,0,Mangrove,West,Seagrass,East,Mangrove_vs_Seagrass,FALSE
S89,S28,1,1,0,Mangrove,West,Seagrass,East,Mangrove_vs_Seagrass,FALSE
S90,S28,1,1,0,Mangrove,West,Seagrass,East,Mangrove_vs_Seagrass,FALSE
S96,S28,1,1,0,Mangrove,West,Seagrass,East,Mangrove_vs_Seagrass,FALSE
S97,S28,1,1,0,Mangrove,West,Seagrass,East,Mangrove_vs_Seagrass,FALSE
S98,S28,1,1,0,Mangrove,West,Seagrass,East,Mangrove_vs_Seagrass,FALSE
S99,S28,1,1,0,Mangrove,West,Seagrass,East,Mangrove_vs_Seagrass,FALSE
S100,S28,1,1,0,Mangrove,West,Seagrass,East,Mangrove_vs_Seagrass,FALSE
S101,S28,0.9090909090909091,0.9,0.009090909090909092,Coral,West,Seagrass,East,Coral_vs_Seagrass,FALSE
S102,S28,0.8888888888888888,0.8333333333333334,0.05555555555555555,Coral,West,Seagrass,East,Coral_vs_Seagrass,FALSE
S103,S28,0.9,0.875,0.025,Coral,West,Seagrass,East,Coral_vs_Seagrass,FALSE
S104,S28,0.9310344827586207,0.9166666666666666,0.014367816091954023,Coral,West,Seagrass,East,Coral_vs_Seagrass,FALSE
S105,S28,0.9354838709677419,0.9166666666666666,0.018817204301075266,Coral,West,Seagrass,East,Coral_vs_Seagrass,FALSE
S106,S28,1,1,0,Mangrove,West,Seagrass,East,Mangrove_vs_Seagrass,FALSE
S107,S28,0.9487179487179487,0.9166666666666666,0.03205128205128205,Mangrove,West,Seagrass,East,Mangrove_vs_Seagrass,FALSE
S108,S28,0.95,0.9166666666666666,0.03333333333333333,Mangrove,West,Seagrass,East,Mangrove_vs_Seagrass,FALSE
S109,S28,1,1,0,Mangrove,West,Seagrass,East,Mangrove_vs_Seagrass,FALSE
S110,S28,1,1,0,Mangrove,West,Seagrass,East,Mangrove_vs_Seagrass,FALSE
S31,S29,0.9473684210526315,0.6666666666666666,0.2807017543859649,Coral,East,Seagrass,East,Coral_vs_Seagrass,TRUE
S32,S29,0.9,0.6666666666666666,0.2333333333333333,Coral,East,Seagrass,East,Coral_vs_Seagrass,TRUE
S33,S29,0.9259259259259259,0.6666666666666666,0.25925925925925924,Coral,East,Seagrass,East,Coral_vs_Seagrass,TRUE
S34,S29,0.875,0.6666666666666666,0.20833333333333331,Coral,East,Seagrass,East,Coral_vs_Seagrass,TRUE
S35,S29,0.92,0.3333333333333333,0.5866666666666667,Coral,East,Seagrass,East,Coral_vs_Seagrass,TRUE
S36,S29,1,1,0,Mangrove,East,Seagrass,East,Mangrove_vs_Seagrass,TRUE
S37,S29,1,1,0,Mangrove,East,Seagrass,East,Mangrove_vs_Seagrass,TRUE
S38,S29,1,1,0,Mangrove,East,Seagrass,East,Mangrove_vs_Seagrass,TRUE
S39,S29,1,1,0,Mangrove,East,Seagrass,East,Mangrove_vs_Seagrass,TRUE
S40,S29,1,1,0,Mangrove,East,Seagrass,East,Mangrove_vs_Seagrass,TRUE
S41,S29,0.9333333333333333,0.6666666666666666,0.26666666666666666,Coral,East,Seagrass,East,Coral_vs_Seagrass,TRUE
S42,S29,0.9743589743589743,0.6666666666666666,0.3076923076923077,Coral,East,Seagrass,East,Coral_vs_Seagrass,TRUE
S43,S29,0.8888888888888888,0.6666666666666666,0.2222222222222222,Coral,East,Seagrass,East,Coral_vs_Seagrass,TRUE
S44,S29,0.978021978021978,0.6666666666666666,0.31135531135531136,Coral,East,Seagrass,East,Coral_vs_Seagrass,TRUE
S45,S29,0.9629629629629629,0.6666666666666666,0.2962962962962963,Coral,East,Seagrass,East,Coral_vs_Seagrass,TRUE
S46,S29,1,1,0,Mangrove,East,Seagrass,East,Mangrove_vs_Seagrass,TRUE
S47,S29,1,1,0,Mangrove,East,Seagrass,East,Mangrove_vs_Seagrass,TRUE
S48,S29,0.9900497512437811,0.6666666666666666,0.3233830845771144,Mangrove,East,Seagrass,East,Mangrove_vs_Seagrass,TRUE
S49,S29,1,1,0,Mangrove,East,Seagrass,East,Mangrove_vs_Seagrass,TRUE
S50,S29,0.9512195121951219,0.6666666666666666,0.2845528455284553,Mangrove,East,Seagrass,East,Mangrove_vs_Seagrass,TRUE
S56,S29,0.9611650485436893,0.3333333333333333,0.627831715210356,Coral,West,Seagrass,East,Coral_vs_Seagrass,FALSE
S57,S29,0.9821428571428571,0.6666666666666666,0.31547619047619047,Coral,West,Seagrass,East,Coral_vs_Seagrass,FALSE
S58,S29,0.9841269841269841,0.3333333333333333,0.6507936507936507,Coral,West,Seagrass,East,Coral_vs_Seagrass,FALSE
S59,S29,0.9741935483870968,0.3333333333333333,0.6408602150537634,Coral,West,Seagrass,East,Coral_vs_Seagrass,FALSE
S60,S29,0.9808612440191388,0.3333333333333333,0.6475279106858054,Coral,West,Seagrass,East,Coral_vs_Seagrass,FALSE
S61,S29,0.967741935483871,0.3333333333333333,0.6344086021505376,Mangrove,West,Seagrass,East,Mangrove_vs_Seagrass,FALSE
S62,S29,0.9787234042553191,0.6666666666666666,0.3120567375886525,Mangrove,West,Seagrass,East,Mangrove_vs_Seagrass,FALSE
S63,S29,0.9824561403508771,0.6666666666666666,0.3157894736842105,Mangrove,West,Seagrass,East,Mangrove_vs_Seagrass,FALSE
S64,S29,0.986013986013986,0.6666666666666666,0.3193473193473193,Mangrove,West,Seagrass,East,Mangrove_vs_Seagrass,FALSE
S65,S29,0.9878048780487805,0.6666666666666666,0.3211382113821138,Mangrove,West,Seagrass,East,Mangrove_vs_Seagrass,FALSE
S71,S29,1,1,0,Coral,East,Seagrass,East,Coral_vs_Seagrass,TRUE
S73,S29,1,1,0,Coral,East,Seagrass,East,Coral_vs_Seagrass,TRUE
S74,S29,0.7142857142857143,0.6666666666666666,0.047619047619047616,Coral,East,Seagrass,East,Coral_vs_Seagrass,TRUE
S75,S29,1,1,0,Coral,East,Seagrass,East,Coral_vs_Seagrass,TRUE
S77,S29,0.8888888888888888,0.6666666666666666,0.2222222222222222,Coral,East,Seagrass,East,Coral_vs_Seagrass,TRUE
S78,S29,0.9,0.6666666666666666,0.2333333333333333,Coral,East,Seagrass,East,Coral_vs_Seagrass,TRUE
S80,S29,1,1,0,Coral,East,Seagrass,East,Coral_vs_Seagrass,TRUE
S81,S29,0.9866666666666667,0.6666666666666666,0.31999999999999995,Mangrove,East,Seagrass,East,Mangrove_vs_Seagrass,TRUE
S82,S29,0.9879518072289156,0.3333333333333333,0.6546184738955823,Mangrove,East,Seagrass,East,Mangrove_vs_Seagrass,TRUE
S83,S29,0.9792746113989638,0.3333333333333333,0.6459412780656304,Mangrove,East,Seagrass,East,Mangrove_vs_Seagrass,TRUE
S84,S29,0.9878048780487805,0.6666666666666666,0.3211382113821138,Mangrove,East,Seagrass,East,Mangrove_vs_Seagrass,TRUE
S85,S29,1,1,0,Mangrove,East,Seagrass,East,Mangrove_vs_Seagrass,TRUE
S86,S29,0.9705882352941176,0.6666666666666666,0.30392156862745096,Mangrove,West,Seagrass,East,Mangrove_vs_Seagrass,FALSE
S87,S29,0.9473684210526315,0.6666666666666666,0.2807017543859649,Mangrove,West,Seagrass,East,Mangrove_vs_Seagrass,FALSE
S88,S29,1,1,0,Mangrove,West,Seagrass,East,Mangrove_vs_Seagrass,FALSE
S89,S29,1,1,0,Mangrove,West,Seagrass,East,Mangrove_vs_Seagrass,FALSE
S90,S29,1,1,0,Mangrove,West,Seagrass,East,Mangrove_vs_Seagrass,FALSE
S96,S29,1,1,0,Mangrove,West,Seagrass,East,Mangrove_vs_Seagrass,FALSE
S97,S29,1,1,0,Mangrove,West,Seagrass,East,Mangrove_vs_Seagrass,FALSE
S98,S29,1,1,0,Mangrove,West,Seagrass,East,Mangrove_vs_Seagrass,FALSE
S99,S29,1,1,0,Mangrove,West,Seagrass,East,Mangrove_vs_Seagrass,FALSE
S100,S29,1,1,0,Mangrove,West,Seagrass,East,Mangrove_vs_Seagrass,FALSE
S101,S29,1,1,0,Coral,West,Seagrass,East,Coral_vs_Seagrass,FALSE
S102,S29,0.7777777777777778,0.6666666666666666,0.1111111111111111,Coral,West,Seagrass,East,Coral_vs_Seagrass,FALSE
S103,S29,1,1,0,Coral,West,Seagrass,East,Coral_vs_Seagrass,FALSE
S104,S29,1,1,0,Coral,West,Seagrass,East,Coral_vs_Seagrass,FALSE
S105,S29,0.9090909090909091,0.6666666666666666,0.24242424242424243,Coral,West,Seagrass,East,Coral_vs_Seagrass,FALSE
S106,S29,1,1,0,Mangrove,West,Seagrass,East,Mangrove_vs_Seagrass,FALSE
S107,S29,1,1,0,Mangrove,West,Seagrass,East,Mangrove_vs_Seagrass,FALSE
S108,S29,1,1,0,Mangrove,West,Seagrass,East,Mangrove_vs_Seagrass,FALSE
S109,S29,1,1,0,Mangrove,West,Seagrass,East,Mangrove_vs_Seagrass,FALSE
S110,S29,1,1,0,Mangrove,West,Seagrass,East,Mangrove_vs_Seagrass,FALSE
S31,S30,0.75,0.5384615384615384,0.21153846153846154,Coral,East,Seagrass,East,Coral_vs_Seagrass,TRUE
S32,S30,0.8,0.7692307692307693,0.03076923076923077,Coral,East,Seagrass,East,Coral_vs_Seagrass,TRUE
S33,S30,0.6216216216216216,0.46153846153846156,0.1600831600831601,Coral,East,Seagrass,East,Coral_vs_Seagrass,TRUE
S34,S30,0.6923076923076923,0.6923076923076923,0,Coral,East,Seagrass,East,Coral_vs_Seagrass,TRUE
S35,S30,0.7666666666666667,0.46153846153846156,0.3051282051282051,Coral,East,Seagrass,East,Coral_vs_Seagrass,TRUE
S36,S30,1,1,0,Mangrove,East,Seagrass,East,Mangrove_vs_Seagrass,TRUE
S37,S30,1,1,0,Mangrove,East,Seagrass,East,Mangrove_vs_Seagrass,TRUE
S38,S30,1,1,0,Mangrove,East,Seagrass,East,Mangrove_vs_Seagrass,TRUE
S39,S30,1,1,0,Mangrove,East,Seagrass,East,Mangrove_vs_Seagrass,TRUE
S40,S30,1,1,0,Mangrove,East,Seagrass,East,Mangrove_vs_Seagrass,TRUE
S41,S30,0.75,0.6153846153846154,0.1346153846153846,Coral,East,Seagrass,East,Coral_vs_Seagrass,TRUE
S42,S30,0.8409090909090909,0.46153846153846156,0.3793706293706294,Coral,East,Seagrass,East,Coral_vs_Seagrass,TRUE
S43,S30,0.8571428571428571,0.8461538461538461,0.01098901098901099,Coral,East,Seagrass,East,Coral_vs_Seagrass,TRUE
S44,S30,0.7623762376237624,0.07692307692307693,0.6854531607006855,Coral,East,Seagrass,East,Coral_vs_Seagrass,TRUE
S45,S30,0.8125,0.5384615384615384,0.27403846153846156,Coral,East,Seagrass,East,Coral_vs_Seagrass,TRUE
S46,S30,0.9735099337748344,0.8461538461538461,0.1273560876209883,Mangrove,East,Seagrass,East,Mangrove_vs_Seagrass,TRUE
S47,S30,1,1,0,Mangrove,East,Seagrass,East,Mangrove_vs_Seagrass,TRUE
S48,S30,0.95260663507109,0.6153846153846154,0.33722201968647464,Mangrove,East,Seagrass,East,Mangrove_vs_Seagrass,TRUE
S49,S30,1,1,0,Mangrove,East,Seagrass,East,Mangrove_vs_Seagrass,TRUE
S50,S30,0.9215686274509803,0.8461538461538461,0.07541478129713423,Mangrove,East,Seagrass,East,Mangrove_vs_Seagrass,TRUE
S56,S30,0.9292035398230089,0.6923076923076923,0.23689584751531656,Coral,West,Seagrass,East,Coral_vs_Seagrass,FALSE
S57,S30,0.9508196721311475,0.7692307692307693,0.18158890290037832,Coral,West,Seagrass,East,Coral_vs_Seagrass,FALSE
S58,S30,0.9694656488549618,0.6923076923076923,0.27715795654726955,Coral,West,Seagrass,East,Coral_vs_Seagrass,FALSE
S59,S30,0.9393939393939394,0.6153846153846154,0.32400932400932403,Coral,West,Seagrass,East,Coral_vs_Seagrass,FALSE
S60,S30,0.9452054794520548,0.5384615384615384,0.40674394099051636,Coral,West,Seagrass,East,Coral_vs_Seagrass,FALSE
S61,S30,0.9701492537313433,0.8461538461538461,0.12399540757749714,Mangrove,West,Seagrass,East,Mangrove_vs_Seagrass,FALSE
S62,S30,0.9615384615384616,0.8461538461538461,0.11538461538461539,Mangrove,West,Seagrass,East,Mangrove_vs_Seagrass,FALSE
S63,S30,0.9516129032258065,0.7692307692307693,0.18238213399503722,Mangrove,West,Seagrass,East,Mangrove_vs_Seagrass,FALSE
S64,S30,0.9738562091503268,0.8461538461538461,0.12770236299648066,Mangrove,West,Seagrass,East,Mangrove_vs_Seagrass,FALSE
S65,S30,0.9770114942528736,0.8461538461538461,0.13085764809902742,Mangrove,West,Seagrass,East,Mangrove_vs_Seagrass,FALSE
S71,S30,0.8571428571428571,0,0.8571428571428571,Coral,East,Seagrass,East,Coral_vs_Seagrass,TRUE
S73,S30,1,1,0,Coral,East,Seagrass,East,Coral_vs_Seagrass,TRUE
S74,S30,1,1,0,Coral,East,Seagrass,East,Coral_vs_Seagrass,TRUE
S75,S30,0.8823529411764706,0.75,0.1323529411764706,Coral,East,Seagrass,East,Coral_vs_Seagrass,TRUE
S77,S30,0.7857142857142857,0.7692307692307693,0.016483516483516484,Coral,East,Seagrass,East,Coral_vs_Seagrass,TRUE
S78,S30,0.8,0.7692307692307693,0.03076923076923077,Coral,East,Seagrass,East,Coral_vs_Seagrass,TRUE
S80,S30,0.875,0.6666666666666666,0.20833333333333331,Coral,East,Seagrass,East,Coral_vs_Seagrass,TRUE
S81,S30,0.9125,0.46153846153846156,0.45096153846153847,Mangrove,East,Seagrass,East,Mangrove_vs_Seagrass,TRUE
S82,S30,0.9473684210526315,0.3076923076923077,0.6396761133603238,Mangrove,East,Seagrass,East,Mangrove_vs_Seagrass,TRUE
S83,S30,0.9408866995073891,0.5384615384615384,0.40242516104585074,Mangrove,East,Seagrass,East,Mangrove_vs_Seagrass,TRUE
S84,S30,0.9425287356321839,0.6153846153846154,0.3271441202475685,Mangrove,East,Seagrass,East,Mangrove_vs_Seagrass,TRUE
S85,S30,0.9469026548672567,0.7692307692307693,0.17767188563648742,Mangrove,East,Seagrass,East,Mangrove_vs_Seagrass,TRUE
S86,S30,0.9487179487179487,0.8461538461538461,0.10256410256410256,Mangrove,West,Seagrass,East,Mangrove_vs_Seagrass,FALSE
S87,S30,0.9166666666666666,0.8461538461538461,0.07051282051282051,Mangrove,West,Seagrass,East,Mangrove_vs_Seagrass,FALSE
S88,S30,1,1,0,Mangrove,West,Seagrass,East,Mangrove_vs_Seagrass,FALSE
S89,S30,1,1,0,Mangrove,West,Seagrass,East,Mangrove_vs_Seagrass,FALSE
S90,S30,1,1,0,Mangrove,West,Seagrass,East,Mangrove_vs_Seagrass,FALSE
S96,S30,1,1,0,Mangrove,West,Seagrass,East,Mangrove_vs_Seagrass,FALSE
S97,S30,1,1,0,Mangrove,West,Seagrass,East,Mangrove_vs_Seagrass,FALSE
S98,S30,1,1,0,Mangrove,West,Seagrass,East,Mangrove_vs_Seagrass,FALSE
S99,S30,1,1,0,Mangrove,West,Seagrass,East,Mangrove_vs_Seagrass,FALSE
S100,S30,1,1,0,Mangrove,West,Seagrass,East,Mangrove_vs_Seagrass,FALSE
S101,S30,0.9130434782608695,0.9,0.013043478260869566,Coral,West,Seagrass,East,Coral_vs_Seagrass,FALSE
S102,S30,0.8947368421052632,0.8333333333333334,0.06140350877192982,Coral,West,Seagrass,East,Coral_vs_Seagrass,FALSE
S103,S30,0.9047619047619048,0.875,0.02976190476190476,Coral,West,Seagrass,East,Coral_vs_Seagrass,FALSE
S104,S30,0.9333333333333333,0.9230769230769231,0.010256410256410256,Coral,West,Seagrass,East,Coral_vs_Seagrass,FALSE
S105,S30,0.9375,0.9230769230769231,0.014423076923076924,Coral,West,Seagrass,East,Coral_vs_Seagrass,FALSE
S106,S30,1,1,0,Mangrove,West,Seagrass,East,Mangrove_vs_Seagrass,FALSE
S107,S30,0.95,0.9230769230769231,0.026923076923076925,Mangrove,West,Seagrass,East,Mangrove_vs_Seagrass,FALSE
S108,S30,0.9512195121951219,0.9230769230769231,0.028142589118198877,Mangrove,West,Seagrass,East,Mangrove_vs_Seagrass,FALSE
S109,S30,1,1,0,Mangrove,West,Seagrass,East,Mangrove_vs_Seagrass,FALSE
S110,S30,1,1,0,Mangrove,West,Seagrass,East,Mangrove_vs_Seagrass,FALSE
S36,S31,1,1,0,Mangrove,East,Coral,East,Coral_vs_Mangrove,TRUE
S37,S31,1,1,0,Mangrove,East,Coral,East,Coral_vs_Mangrove,TRUE
S38,S31,1,1,0,Mangrove,East,Coral,East,Coral_vs_Mangrove,TRUE
S39,S31,1,1,0,Mangrove,East,Coral,East,Coral_vs_Mangrove,TRUE
S40,S31,1,1,0,Mangrove,East,Coral,East,Coral_vs_Mangrove,TRUE
S46,S31,0.953757225433526,0.8857142857142857,0.06804293971924029,Mangrove,East,Coral,East,Coral_vs_Mangrove,TRUE
S47,S31,1,1,0,Mangrove,East,Coral,East,Coral_vs_Mangrove,TRUE
S48,S31,0.9313304721030042,0.7714285714285715,0.15990190067443286,Mangrove,East,Coral,East,Coral_vs_Mangrove,TRUE
S49,S31,1,1,0,Mangrove,East,Coral,East,Coral_vs_Mangrove,TRUE
S50,S31,0.9178082191780822,0.9142857142857143,0.003522504892367906,Mangrove,East,Coral,East,Coral_vs_Mangrove,TRUE
S51,S31,0.8761061946902655,0.8,0.07610619469026549,Seagrass,East,Coral,East,Coral_vs_Seagrass,TRUE
S52,S31,0.8484848484848485,0.7142857142857143,0.1341991341991342,Seagrass,East,Coral,East,Coral_vs_Seagrass,TRUE
S53,S31,0.8508771929824561,0.5142857142857142,0.3365914786967419,Seagrass,East,Coral,East,Coral_vs_Seagrass,TRUE
S54,S31,0.8734177215189873,0.7142857142857143,0.15913200723327303,Seagrass,East,Coral,East,Coral_vs_Seagrass,TRUE
S55,S31,0.898989898989899,0.7142857142857143,0.1847041847041847,Seagrass,East,Coral,East,Coral_vs_Seagrass,TRUE
S61,S31,0.8974358974358975,0.7714285714285715,0.126007326007326,Mangrove,West,Coral,East,Coral_vs_Mangrove,FALSE
S62,S31,0.873015873015873,0.7714285714285715,0.10158730158730157,Mangrove,West,Coral,East,Coral_vs_Mangrove,FALSE
S63,S31,0.9041095890410958,0.8,0.10410958904109589,Mangrove,West,Coral,East,Coral_vs_Mangrove,FALSE
S64,S31,0.8857142857142857,0.7142857142857143,0.1714285714285714,Mangrove,West,Coral,East,Coral_vs_Mangrove,FALSE
S65,S31,0.9183673469387755,0.7714285714285715,0.1469387755102041,Mangrove,West,Coral,East,Coral_vs_Mangrove,FALSE
S66,S31,0.7938144329896907,0.7142857142857143,0.07952871870397643,Seagrass,West,Coral,East,Coral_vs_Seagrass,FALSE
S67,S31,0.8273381294964028,0.6571428571428571,0.17019527235354576,Seagrass,West,Coral,East,Coral_vs_Seagrass,FALSE
S68,S31,0.8673469387755102,0.6285714285714286,0.23877551020408166,Seagrass,West,Coral,East,Coral_vs_Seagrass,FALSE
S69,S31,0.8840579710144928,0.6571428571428571,0.22691511387163563,Seagrass,West,Coral,East,Coral_vs_Seagrass,FALSE
S70,S31,0.8418079096045198,0.6,0.24180790960451978,Seagrass,West,Coral,East,Coral_vs_Seagrass,FALSE
S81,S31,0.8901098901098901,0.7142857142857143,0.17582417582417584,Mangrove,East,Coral,East,Coral_vs_Mangrove,TRUE
S82,S31,0.9010989010989011,0.4857142857142857,0.41538461538461535,Mangrove,East,Coral,East,Coral_vs_Mangrove,TRUE
S83,S31,0.8666666666666667,0.5714285714285714,0.29523809523809524,Mangrove,East,Coral,East,Coral_vs_Mangrove,TRUE
S84,S31,0.8571428571428571,0.6,0.2571428571428572,Mangrove,East,Coral,East,Coral_vs_Mangrove,TRUE
S85,S31,0.9407407407407408,0.8857142857142857,0.05502645502645502,Mangrove,East,Coral,East,Coral_vs_Mangrove,TRUE
S86,S31,0.9,0.8571428571428571,0.04285714285714285,Mangrove,West,Coral,East,Coral_vs_Mangrove,FALSE
S87,S31,0.8857142857142857,0.8857142857142857,0,Mangrove,West,Coral,East,Coral_vs_Mangrove,FALSE
S88,S31,1,1,0,Mangrove,West,Coral,East,Coral_vs_Mangrove,FALSE
S89,S31,1,1,0,Mangrove,West,Coral,East,Coral_vs_Mangrove,FALSE
S90,S31,1,1,0,Mangrove,West,Coral,East,Coral_vs_Mangrove,FALSE
S91,S31,0.9259259259259259,0.8571428571428571,0.06878306878306878,Seagrass,West,Coral,East,Coral_vs_Seagrass,FALSE
S92,S31,0.8863636363636364,0.8571428571428571,0.02922077922077922,Seagrass,West,Coral,East,Coral_vs_Seagrass,FALSE
S93,S31,0.875,0.8620689655172413,0.01293103448275862,Seagrass,West,Coral,East,Coral_vs_Seagrass,FALSE
S94,S31,0.9622641509433962,0.9444444444444444,0.01781970649895178,Seagrass,West,Coral,East,Coral_vs_Seagrass,FALSE
S95,S31,0.9210526315789473,0.9142857142857143,0.006766917293233083,Seagrass,West,Coral,East,Coral_vs_Seagrass,FALSE
S96,S31,1,1,0,Mangrove,West,Coral,East,Coral_vs_Mangrove,FALSE
S97,S31,1,1,0,Mangrove,West,Coral,East,Coral_vs_Mangrove,FALSE
S98,S31,1,1,0,Mangrove,West,Coral,East,Coral_vs_Mangrove,FALSE
S99,S31,1,1,0,Mangrove,West,Coral,East,Coral_vs_Mangrove,FALSE
S100,S31,1,1,0,Mangrove,West,Coral,East,Coral_vs_Mangrove,FALSE
S106,S31,0.9726027397260274,0.9714285714285714,0.0011741682974559687,Mangrove,West,Coral,East,Coral_vs_Mangrove,FALSE
S107,S31,0.9354838709677419,0.9259259259259259,0.009557945041816009,Mangrove,West,Coral,East,Coral_vs_Mangrove,FALSE
S108,S31,0.9682539682539683,0.9642857142857143,0.003968253968253968,Mangrove,West,Coral,East,Coral_vs_Mangrove,FALSE
S109,S31,0.9629629629629629,0.9473684210526315,0.015594541910331383,Mangrove,West,Coral,East,Coral_vs_Mangrove,FALSE
S110,S31,1,1,0,Mangrove,West,Coral,East,Coral_vs_Mangrove,FALSE
S36,S32,1,1,0,Mangrove,East,Coral,East,Coral_vs_Mangrove,TRUE
S37,S32,1,1,0,Mangrove,East,Coral,East,Coral_vs_Mangrove,TRUE
S38,S32,1,1,0,Mangrove,East,Coral,East,Coral_vs_Mangrove,TRUE
S39,S32,1,1,0,Mangrove,East,Coral,East,Coral_vs_Mangrove,TRUE
S40,S32,1,1,0,Mangrove,East,Coral,East,Coral_vs_Mangrove,TRUE
S46,S32,0.9741935483870968,0.8823529411764706,0.09184060721062619,Mangrove,East,Coral,East,Coral_vs_Mangrove,TRUE
S47,S32,1,1,0,Mangrove,East,Coral,East,Coral_vs_Mangrove,TRUE
S48,S32,0.9534883720930233,0.7058823529411765,0.2476060191518468,Mangrove,East,Coral,East,Coral_vs_Mangrove,TRUE
S49,S32,1,1,0,Mangrove,East,Coral,East,Coral_vs_Mangrove,TRUE
S50,S32,0.9636363636363636,0.9411764705882353,0.022459893048128343,Mangrove,East,Coral,East,Coral_vs_Mangrove,TRUE
S51,S32,0.9157894736842105,0.7647058823529411,0.15108359133126933,Seagrass,East,Coral,East,Coral_vs_Seagrass,TRUE
S52,S32,0.8771929824561403,0.5882352941176471,0.2889576883384933,Seagrass,East,Coral,East,Coral_vs_Seagrass,TRUE
S53,S32,0.9238095238095239,0.5294117647058824,0.39439775910364144,Seagrass,East,Coral,East,Coral_vs_Seagrass,TRUE
S54,S32,0.9285714285714286,0.7058823529411765,0.22268907563025211,Seagrass,East,Coral,East,Coral_vs_Seagrass,TRUE
S55,S32,0.9444444444444444,0.7058823529411765,0.238562091503268,Seagrass,East,Coral,East,Coral_vs_Seagrass,TRUE
S61,S32,0.927536231884058,0.7058823529411765,0.22165387894288152,Mangrove,West,Coral,East,Coral_vs_Mangrove,FALSE
S62,S32,0.9074074074074074,0.7058823529411765,0.20152505446623095,Mangrove,West,Coral,East,Coral_vs_Mangrove,FALSE
S63,S32,0.9375,0.7647058823529411,0.17279411764705882,Mangrove,West,Coral,East,Coral_vs_Mangrove,FALSE
S64,S32,0.9490445859872612,0.7647058823529411,0.18433870363431998,Mangrove,West,Coral,East,Coral_vs_Mangrove,FALSE
S65,S32,0.9550561797752809,0.7647058823529411,0.19035029742233972,Mangrove,West,Coral,East,Coral_vs_Mangrove,FALSE
S66,S32,0.8734177215189873,0.7058823529411765,0.1675353685778109,Seagrass,West,Coral,East,Coral_vs_Seagrass,FALSE
S67,S32,0.9008264462809917,0.6470588235294118,0.25376762275158,Seagrass,West,Coral,East,Coral_vs_Seagrass,FALSE
S68,S32,0.9101123595505618,0.5294117647058824,0.38070059484467944,Seagrass,West,Coral,East,Coral_vs_Seagrass,FALSE
S69,S32,0.9259259259259259,0.5882352941176471,0.33769063180827885,Seagrass,West,Coral,East,Coral_vs_Seagrass,FALSE
S70,S32,0.9119496855345912,0.5882352941176471,0.32371439141694414,Seagrass,West,Coral,East,Coral_vs_Seagrass,FALSE
S81,S32,0.9146341463414634,0.5882352941176471,0.32639885222381637,Mangrove,East,Coral,East,Coral_vs_Mangrove,TRUE
S82,S32,0.9479768786127167,0.47058823529411764,0.4773886433185991,Mangrove,East,Coral,East,Coral_vs_Mangrove,TRUE
S83,S32,0.9130434782608695,0.47058823529411764,0.4424552429667519,Mangrove,East,Coral,East,Coral_vs_Mangrove,TRUE
S84,S32,0.9213483146067416,0.5882352941176471,0.33311302048909447,Mangrove,East,Coral,East,Coral_vs_Mangrove,TRUE
S85,S32,0.9487179487179487,0.8235294117647058,0.12518853695324286,Mangrove,East,Coral,East,Coral_vs_Mangrove,TRUE
S86,S32,0.926829268292683,0.8235294117647058,0.10329985652797705,Mangrove,West,Coral,East,Coral_vs_Mangrove,FALSE
S87,S32,0.8461538461538461,0.7647058823529411,0.08144796380090498,Mangrove,West,Coral,East,Coral_vs_Mangrove,FALSE
S88,S32,0.9814814814814815,0.9411764705882353,0.04030501089324619,Mangrove,West,Coral,East,Coral_vs_Mangrove,FALSE
S89,S32,1,1,0,Mangrove,West,Coral,East,Coral_vs_Mangrove,FALSE
S90,S32,1,1,0,Mangrove,West,Coral,East,Coral_vs_Mangrove,FALSE
S91,S32,0.9316239316239316,0.7647058823529411,0.16691804927099047,Seagrass,West,Coral,East,Coral_vs_Seagrass,FALSE
S92,S32,0.9142857142857143,0.8235294117647058,0.0907563025210084,Seagrass,West,Coral,East,Coral_vs_Seagrass,FALSE
S93,S32,0.9130434782608695,0.8823529411764706,0.030690537084398974,Seagrass,West,Coral,East,Coral_vs_Seagrass,FALSE
S94,S32,0.9428571428571428,0.9411764705882353,0.001680672268907563,Seagrass,West,Coral,East,Coral_vs_Seagrass,FALSE
S95,S32,0.896551724137931,0.8235294117647058,0.07302231237322515,Seagrass,West,Coral,East,Coral_vs_Seagrass,FALSE
S96,S32,1,1,0,Mangrove,West,Coral,East,Coral_vs_Mangrove,FALSE
S97,S32,1,1,0,Mangrove,West,Coral,East,Coral_vs_Mangrove,FALSE
S98,S32,1,1,0,Mangrove,West,Coral,East,Coral_vs_Mangrove,FALSE
S99,S32,1,1,0,Mangrove,West,Coral,East,Coral_vs_Mangrove,FALSE
S100,S32,1,1,0,Mangrove,West,Coral,East,Coral_vs_Mangrove,FALSE
S106,S32,0.9636363636363636,0.9411764705882353,0.022459893048128343,Mangrove,West,Coral,East,Coral_vs_Mangrove,FALSE
S107,S32,0.9090909090909091,0.8823529411764706,0.026737967914438502,Mangrove,West,Coral,East,Coral_vs_Mangrove,FALSE
S108,S32,0.9111111111111111,0.8823529411764706,0.02875816993464052,Mangrove,West,Coral,East,Coral_vs_Mangrove,FALSE
S109,S32,0.9444444444444444,0.9411764705882353,0.00326797385620915,Mangrove,West,Coral,East,Coral_vs_Mangrove,FALSE
S110,S32,0.9487179487179487,0.9411764705882353,0.007541478129713423,Mangrove,West,Coral,East,Coral_vs_Mangrove,FALSE
S36,S33,1,1,0,Mangrove,East,Coral,East,Coral_vs_Mangrove,TRUE
S37,S33,1,1,0,Mangrove,East,Coral,East,Coral_vs_Mangrove,TRUE
S38,S33,1,1,0,Mangrove,East,Coral,East,Coral_vs_Mangrove,TRUE
S39,S33,1,1,0,Mangrove,East,Coral,East,Coral_vs_Mangrove,TRUE
S40,S33,1,1,0,Mangrove,East,Coral,East,Coral_vs_Mangrove,TRUE
S46,S33,0.9506172839506173,0.8333333333333334,0.11728395061728394,Mangrove,East,Coral,East,Coral_vs_Mangrove,TRUE
S47,S33,1,1,0,Mangrove,East,Coral,East,Coral_vs_Mangrove,TRUE
S48,S33,0.9279279279279279,0.6666666666666666,0.26126126126126126,Mangrove,East,Coral,East,Coral_vs_Mangrove,TRUE
S49,S33,1,1,0,Mangrove,East,Coral,East,Coral_vs_Mangrove,TRUE
S50,S33,0.9032258064516129,0.875,0.028225806451612902,Mangrove,East,Coral,East,Coral_vs_Mangrove,TRUE
S51,S33,0.8823529411764706,0.75,0.1323529411764706,Seagrass,East,Coral,East,Coral_vs_Seagrass,TRUE
S52,S33,0.8181818181818182,0.5416666666666666,0.2765151515151515,Seagrass,East,Coral,East,Coral_vs_Seagrass,TRUE
S53,S33,0.8894009216589862,0.5,0.38940092165898615,Seagrass,East,Coral,East,Coral_vs_Seagrass,TRUE
S54,S33,0.9319727891156463,0.7916666666666666,0.14030612244897958,Seagrass,East,Coral,East,Coral_vs_Seagrass,TRUE
S55,S33,0.9144385026737968,0.6666666666666666,0.2477718360071301,Seagrass,East,Coral,East,Coral_vs_Seagrass,TRUE
S61,S33,0.9310344827586207,0.7916666666666666,0.13936781609195403,Mangrove,West,Coral,East,Coral_vs_Mangrove,FALSE
S62,S33,0.8782608695652174,0.7083333333333334,0.16992753623188406,Mangrove,West,Coral,East,Coral_vs_Mangrove,FALSE
S63,S33,0.9259259259259259,0.7916666666666666,0.13425925925925927,Mangrove,West,Coral,East,Coral_vs_Mangrove,FALSE
S64,S33,0.9390243902439024,0.7916666666666666,0.14735772357723578,Mangrove,West,Coral,East,Coral_vs_Mangrove,FALSE
S65,S33,0.9459459459459459,0.7916666666666666,0.15427927927927929,Mangrove,West,Coral,East,Coral_vs_Mangrove,FALSE
S66,S33,0.8604651162790697,0.75,0.11046511627906977,Seagrass,West,Coral,East,Coral_vs_Seagrass,FALSE
S67,S33,0.890625,0.7083333333333334,0.18229166666666669,Seagrass,West,Coral,East,Coral_vs_Seagrass,FALSE
S68,S33,0.9243243243243243,0.7083333333333334,0.215990990990991,Seagrass,West,Coral,East,Coral_vs_Seagrass,FALSE
S69,S33,0.9285714285714286,0.7083333333333334,0.22023809523809523,Seagrass,West,Coral,East,Coral_vs_Seagrass,FALSE
S70,S33,0.9036144578313253,0.6666666666666666,0.2369477911646586,Seagrass,West,Coral,East,Coral_vs_Seagrass,FALSE
S81,S33,0.8947368421052632,0.625,0.26973684210526316,Mangrove,East,Coral,East,Coral_vs_Mangrove,TRUE
S82,S33,0.9376770538243626,0.5416666666666666,0.39601038715769593,Mangrove,East,Coral,East,Coral_vs_Mangrove,TRUE
S83,S33,0.9158878504672897,0.625,0.2908878504672897,Mangrove,East,Coral,East,Coral_vs_Mangrove,TRUE
S84,S33,0.9027027027027027,0.625,0.2777027027027027,Mangrove,East,Coral,East,Coral_vs_Mangrove,TRUE
S85,S33,0.9516129032258065,0.875,0.07661290322580645,Mangrove,East,Coral,East,Coral_vs_Mangrove,TRUE
S86,S33,0.9101123595505618,0.8333333333333334,0.07677902621722846,Mangrove,West,Coral,East,Coral_vs_Mangrove,FALSE
S87,S33,0.864406779661017,0.8333333333333334,0.031073446327683614,Mangrove,West,Coral,East,Coral_vs_Mangrove,FALSE
S88,S33,0.9826086956521739,0.9583333333333334,0.024275362318840577,Mangrove,West,Coral,East,Coral_vs_Mangrove,FALSE
S89,S33,1,1,0,Mangrove,West,Coral,East,Coral_vs_Mangrove,FALSE
S90,S33,1,1,0,Mangrove,West,Coral,East,Coral_vs_Mangrove,FALSE
S91,S33,0.9193548387096774,0.7916666666666666,0.12768817204301075,Seagrass,West,Coral,East,Coral_vs_Seagrass,FALSE
S92,S33,0.8701298701298701,0.7916666666666666,0.07846320346320347,Seagrass,West,Coral,East,Coral_vs_Seagrass,FALSE
S93,S33,0.8867924528301887,0.875,0.01179245283018868,Seagrass,West,Coral,East,Coral_vs_Seagrass,FALSE
S94,S33,0.9523809523809523,0.9444444444444444,0.007936507936507936,Seagrass,West,Coral,East,Coral_vs_Seagrass,FALSE
S95,S33,0.8461538461538461,0.7916666666666666,0.054487179487179495,Seagrass,West,Coral,East,Coral_vs_Seagrass,FALSE
S96,S33,1,1,0,Mangrove,West,Coral,East,Coral_vs_Mangrove,FALSE
S97,S33,1,1,0,Mangrove,West,Coral,East,Coral_vs_Mangrove,FALSE
S98,S33,1,1,0,Mangrove,West,Coral,East,Coral_vs_Mangrove,FALSE
S99,S33,1,1,0,Mangrove,West,Coral,East,Coral_vs_Mangrove,FALSE
S100,S33,1,1,0,Mangrove,West,Coral,East,Coral_vs_Mangrove,FALSE
S106,S33,0.967741935483871,0.9583333333333334,0.009408602150537633,Mangrove,West,Coral,East,Coral_vs_Mangrove,FALSE
S107,S33,0.9215686274509803,0.9166666666666666,0.004901960784313725,Mangrove,West,Coral,East,Coral_vs_Mangrove,FALSE
S108,S33,0.9230769230769231,0.9166666666666666,0.00641025641025641,Mangrove,West,Coral,East,Coral_vs_Mangrove,FALSE
S109,S33,0.9534883720930233,0.9473684210526315,0.006119951040391676,Mangrove,West,Coral,East,Coral_vs_Mangrove,FALSE
S110,S33,0.9565217391304348,0.9545454545454546,0.001976284584980237,Mangrove,West,Coral,East,Coral_vs_Mangrove,FALSE
S36,S34,1,1,0,Mangrove,East,Coral,East,Coral_vs_Mangrove,TRUE
S37,S34,1,1,0,Mangrove,East,Coral,East,Coral_vs_Mangrove,TRUE
S38,S34,1,1,0,Mangrove,East,Coral,East,Coral_vs_Mangrove,TRUE
S39,S34,1,1,0,Mangrove,East,Coral,East,Coral_vs_Mangrove,TRUE
S40,S34,1,1,0,Mangrove,East,Coral,East,Coral_vs_Mangrove,TRUE
S46,S34,0.9735099337748344,0.8461538461538461,0.1273560876209883,Mangrove,East,Coral,East,Coral_vs_Mangrove,TRUE
S47,S34,1,1,0,Mangrove,East,Coral,East,Coral_vs_Mangrove,TRUE
S48,S34,0.95260663507109,0.6153846153846154,0.33722201968647464,Mangrove,East,Coral,East,Coral_vs_Mangrove,TRUE
S49,S34,1,1,0,Mangrove,East,Coral,East,Coral_vs_Mangrove,TRUE
S50,S34,0.9607843137254902,0.9230769230769231,0.03770739064856712,Mangrove,East,Coral,East,Coral_vs_Mangrove,TRUE
S51,S34,0.9560439560439561,0.8461538461538461,0.1098901098901099,Seagrass,East,Coral,East,Coral_vs_Seagrass,TRUE
S52,S34,0.9090909090909091,0.6153846153846154,0.29370629370629375,Seagrass,East,Coral,East,Coral_vs_Seagrass,TRUE
S53,S34,0.941747572815534,0.5384615384615384,0.4032860343539955,Seagrass,East,Coral,East,Coral_vs_Seagrass,TRUE
S54,S34,0.9558823529411765,0.7692307692307693,0.18665158371040724,Seagrass,East,Coral,East,Coral_vs_Seagrass,TRUE
S55,S34,0.9431818181818182,0.6153846153846154,0.3277972027972028,Seagrass,East,Coral,East,Coral_vs_Seagrass,TRUE
S61,S34,0.9402985074626866,0.6923076923076923,0.24799081515499427,Mangrove,West,Coral,East,Coral_vs_Mangrove,FALSE
S62,S34,0.9230769230769231,0.6923076923076923,0.23076923076923078,Mangrove,West,Coral,East,Coral_vs_Mangrove,FALSE
S63,S34,0.967741935483871,0.8461538461538461,0.12158808933002481,Mangrove,West,Coral,East,Coral_vs_Mangrove,FALSE
S64,S34,0.9738562091503268,0.8461538461538461,0.12770236299648066,Mangrove,West,Coral,East,Coral_vs_Mangrove,FALSE
S65,S34,0.9655172413793104,0.7692307692307693,0.1962864721485411,Mangrove,West,Coral,East,Coral_vs_Mangrove,FALSE
S66,S34,0.8933333333333333,0.6923076923076923,0.20102564102564102,Seagrass,West,Coral,East,Coral_vs_Seagrass,FALSE
S67,S34,0.9316239316239316,0.6923076923076923,0.23931623931623933,Seagrass,West,Coral,East,Coral_vs_Seagrass,FALSE
S68,S34,0.9540229885057471,0.6923076923076923,0.26171529619805484,Seagrass,West,Coral,East,Coral_vs_Seagrass,FALSE
S69,S34,0.9459459459459459,0.6153846153846154,0.3305613305613306,Seagrass,West,Coral,East,Coral_vs_Seagrass,FALSE
S70,S34,0.9354838709677419,0.6153846153846154,0.3200992555831266,Seagrass,West,Coral,East,Coral_vs_Seagrass,FALSE
S81,S34,0.95,0.6923076923076923,0.2576923076923077,Mangrove,East,Coral,East,Coral_vs_Mangrove,TRUE
S82,S34,0.9590643274853801,0.46153846153846156,0.4975258659469185,Mangrove,East,Coral,East,Coral_vs_Mangrove,TRUE
S83,S34,0.9310344827586207,0.46153846153846156,0.46949602122015915,Mangrove,East,Coral,East,Coral_vs_Mangrove,TRUE
S84,S34,0.9310344827586207,0.5384615384615384,0.3925729442970822,Mangrove,East,Coral,East,Coral_vs_Mangrove,TRUE
S85,S34,0.9646017699115044,0.8461538461538461,0.11844792375765828,Mangrove,East,Coral,East,Coral_vs_Mangrove,TRUE
S86,S34,0.9230769230769231,0.7692307692307693,0.15384615384615385,Mangrove,West,Coral,East,Coral_vs_Mangrove,FALSE
S87,S34,0.875,0.7692307692307693,0.10576923076923077,Mangrove,West,Coral,East,Coral_vs_Mangrove,FALSE
S88,S34,1,1,0,Mangrove,West,Coral,East,Coral_vs_Mangrove,FALSE
S89,S34,1,1,0,Mangrove,West,Coral,East,Coral_vs_Mangrove,FALSE
S90,S34,1,1,0,Mangrove,West,Coral,East,Coral_vs_Mangrove,FALSE
S91,S34,0.9646017699115044,0.8461538461538461,0.11844792375765828,Seagrass,West,Coral,East,Coral_vs_Seagrass,FALSE
S92,S34,0.8787878787878788,0.6923076923076923,0.1864801864801865,Seagrass,West,Coral,East,Coral_vs_Seagrass,FALSE
S93,S34,0.9523809523809523,0.9230769230769231,0.029304029304029304,Seagrass,West,Coral,East,Coral_vs_Seagrass,FALSE
S94,S34,0.9354838709677419,0.9230769230769231,0.01240694789081886,Seagrass,West,Coral,East,Coral_vs_Seagrass,FALSE
S95,S34,0.8888888888888888,0.7692307692307693,0.11965811965811966,Seagrass,West,Coral,East,Coral_vs_Seagrass,FALSE
S96,S34,1,1,0,Mangrove,West,Coral,East,Coral_vs_Mangrove,FALSE
S97,S34,1,1,0,Mangrove,West,Coral,East,Coral_vs_Mangrove,FALSE
S98,S34,1,1,0,Mangrove,West,Coral,East,Coral_vs_Mangrove,FALSE
S99,S34,1,1,0,Mangrove,West,Coral,East,Coral_vs_Mangrove,FALSE
S100,S34,1,1,0,Mangrove,West,Coral,East,Coral_vs_Mangrove,FALSE
S106,S34,1,1,0,Mangrove,West,Coral,East,Coral_vs_Mangrove,FALSE
S107,S34,0.95,0.9230769230769231,0.026923076923076925,Mangrove,West,Coral,East,Coral_vs_Mangrove,FALSE
S108,S34,0.9512195121951219,0.9230769230769231,0.028142589118198877,Mangrove,West,Coral,East,Coral_vs_Mangrove,FALSE
S109,S34,1,1,0,Mangrove,West,Coral,East,Coral_vs_Mangrove,FALSE
S110,S34,1,1,0,Mangrove,West,Coral,East,Coral_vs_Mangrove,FALSE
S36,S35,1,1,0,Mangrove,East,Coral,East,Coral_vs_Mangrove,TRUE
S37,S35,1,1,0,Mangrove,East,Coral,East,Coral_vs_Mangrove,TRUE
S38,S35,1,1,0,Mangrove,East,Coral,East,Coral_vs_Mangrove,TRUE
S39,S35,1,1,0,Mangrove,East,Coral,East,Coral_vs_Mangrove,TRUE
S40,S35,1,1,0,Mangrove,East,Coral,East,Coral_vs_Mangrove,TRUE
S46,S35,0.9459459459459459,0.8936170212765957,0.052328924669350206,Mangrove,East,Coral,East,Coral_vs_Mangrove,TRUE
S47,S35,1,1,0,Mangrove,East,Coral,East,Coral_vs_Mangrove,TRUE
S48,S35,0.9183673469387755,0.7872340425531915,0.13113330438558402,Mangrove,East,Coral,East,Coral_vs_Mangrove,TRUE
S49,S35,1,1,0,Mangrove,East,Coral,East,Coral_vs_Mangrove,TRUE
S50,S35,0.9294117647058824,0.9210526315789473,0.008359133126934985,Mangrove,East,Coral,East,Coral_vs_Mangrove,TRUE
S51,S35,0.92,0.8936170212765957,0.026382978723404255,Seagrass,East,Coral,East,Coral_vs_Seagrass,TRUE
S52,S35,0.8333333333333334,0.7446808510638298,0.08865248226950354,Seagrass,East,Coral,East,Coral_vs_Seagrass,TRUE
S53,S35,0.8666666666666667,0.6595744680851063,0.20709219858156025,Seagrass,East,Coral,East,Coral_vs_Seagrass,TRUE
S54,S35,0.9176470588235294,0.851063829787234,0.06658322903629536,Seagrass,East,Coral,East,Coral_vs_Seagrass,TRUE
S55,S35,0.9142857142857143,0.8085106382978723,0.10577507598784196,Seagrass,East,Coral,East,Coral_vs_Seagrass,TRUE
S61,S35,0.8809523809523809,0.7872340425531915,0.09371833839918946,Mangrove,West,Coral,East,Coral_vs_Mangrove,FALSE
S62,S35,0.782608695652174,0.6808510638297872,0.10175763182238667,Mangrove,West,Coral,East,Coral_vs_Mangrove,FALSE
S63,S35,0.8607594936708861,0.7659574468085106,0.09480204686237544,Mangrove,West,Coral,East,Coral_vs_Mangrove,FALSE
S64,S35,0.8716577540106952,0.7446808510638298,0.1269769029468654,Mangrove,West,Coral,East,Coral_vs_Mangrove,FALSE
S65,S35,0.8846153846153846,0.7446808510638298,0.13993453355155483,Mangrove,West,Coral,East,Coral_vs_Mangrove,FALSE
S66,S35,0.7614678899082569,0.723404255319149,0.03806363458910795,Seagrass,West,Coral,East,Coral_vs_Seagrass,FALSE
S67,S35,0.8013245033112583,0.6808510638297872,0.12047343948147105,Seagrass,West,Coral,East,Coral_vs_Seagrass,FALSE
S68,S35,0.8173076923076923,0.5957446808510638,0.2215630114566285,Seagrass,West,Coral,East,Coral_vs_Seagrass,FALSE
S69,S35,0.8264840182648402,0.5957446808510638,0.23073933741377634,Seagrass,West,Coral,East,Coral_vs_Seagrass,FALSE
S70,S35,0.8095238095238095,0.6170212765957447,0.19250253292806485,Seagrass,West,Coral,East,Coral_vs_Seagrass,FALSE
S81,S35,0.8762886597938144,0.7446808510638298,0.13160780872998462,Mangrove,East,Coral,East,Coral_vs_Mangrove,TRUE
S82,S35,0.8776595744680851,0.5106382978723404,0.3670212765957447,Mangrove,East,Coral,East,Coral_vs_Mangrove,TRUE
S83,S35,0.8818565400843882,0.7021276595744681,0.17972888050992009,Mangrove,East,Coral,East,Coral_vs_Mangrove,TRUE
S84,S35,0.8846153846153846,0.7446808510638298,0.13993453355155483,Mangrove,East,Coral,East,Coral_vs_Mangrove,TRUE
S85,S35,0.9591836734693877,0.9361702127659575,0.023013460703430307,Mangrove,East,Coral,East,Coral_vs_Mangrove,TRUE
S86,S35,0.8571428571428571,0.8297872340425532,0.02735562310030395,Mangrove,West,Coral,East,Coral_vs_Mangrove,FALSE
S87,S35,0.8780487804878049,0.8571428571428571,0.020905923344947733,Mangrove,West,Coral,East,Coral_vs_Mangrove,FALSE
S88,S35,0.9710144927536232,0.9574468085106383,0.01356768424298489,Mangrove,West,Coral,East,Coral_vs_Mangrove,FALSE
S89,S35,1,1,0,Mangrove,West,Coral,East,Coral_vs_Mangrove,FALSE
S90,S35,1,1,0,Mangrove,West,Coral,East,Coral_vs_Mangrove,FALSE
S91,S35,0.8367346938775511,0.7446808510638298,0.09205384281372123,Seagrass,West,Coral,East,Coral_vs_Seagrass,FALSE
S92,S35,0.8,0.7872340425531915,0.01276595744680851,Seagrass,West,Coral,East,Coral_vs_Seagrass,FALSE
S93,S35,0.8421052631578947,0.7931034482758621,0.04900181488203267,Seagrass,West,Coral,East,Coral_vs_Seagrass,FALSE
S94,S35,0.8461538461538461,0.7222222222222222,0.12393162393162395,Seagrass,West,Coral,East,Coral_vs_Seagrass,FALSE
S95,S35,0.8181818181818182,0.8048780487804879,0.013303769401330377,Seagrass,West,Coral,East,Coral_vs_Seagrass,FALSE
S96,S35,0.98,0.9787234042553191,0.001276595744680851,Mangrove,West,Coral,East,Coral_vs_Mangrove,FALSE
S97,S35,1,1,0,Mangrove,West,Coral,East,Coral_vs_Mangrove,FALSE
S98,S35,1,1,0,Mangrove,West,Coral,East,Coral_vs_Mangrove,FALSE
S99,S35,0.9878048780487805,0.9787234042553191,0.009081473793461338,Mangrove,West,Coral,East,Coral_vs_Mangrove,FALSE
S100,S35,0.9868421052631579,0.9787234042553191,0.008118701007838746,Mangrove,West,Coral,East,Coral_vs_Mangrove,FALSE
S106,S35,0.9529411764705882,0.9473684210526315,0.005572755417956656,Mangrove,West,Coral,East,Coral_vs_Mangrove,FALSE
S107,S35,0.918918918918919,0.8888888888888888,0.03003003003003003,Mangrove,West,Coral,East,Coral_vs_Mangrove,FALSE
S108,S35,0.92,0.8928571428571429,0.027142857142857142,Mangrove,West,Coral,East,Coral_vs_Mangrove,FALSE
S109,S35,0.9696969696969697,0.9473684210526315,0.022328548644338118,Mangrove,West,Coral,East,Coral_vs_Mangrove,FALSE
S110,S35,0.9710144927536232,0.9545454545454546,0.016469038208168644,Mangrove,West,Coral,East,Coral_vs_Mangrove,FALSE
S41,S36,1,1,0,Coral,East,Mangrove,East,Coral_vs_Mangrove,TRUE
S42,S36,1,1,0,Coral,East,Mangrove,East,Coral_vs_Mangrove,TRUE
S43,S36,1,1,0,Coral,East,Mangrove,East,Coral_vs_Mangrove,TRUE
S44,S36,1,1,0,Coral,East,Mangrove,East,Coral_vs_Mangrove,TRUE
S45,S36,1,1,0,Coral,East,Mangrove,East,Coral_vs_Mangrove,TRUE
S51,S36,1,1,0,Seagrass,East,Mangrove,East,Mangrove_vs_Seagrass,TRUE
S52,S36,1,1,0,Seagrass,East,Mangrove,East,Mangrove_vs_Seagrass,TRUE
S53,S36,0.9802955665024631,0.8,0.18029556650246306,Seagrass,East,Mangrove,East,Mangrove_vs_Seagrass,TRUE
S54,S36,1,1,0,Seagrass,East,Mangrove,East,Mangrove_vs_Seagrass,TRUE
S55,S36,0.976878612716763,0.8,0.176878612716763,Seagrass,East,Mangrove,East,Mangrove_vs_Seagrass,TRUE
S56,S36,1,1,0,Coral,West,Mangrove,East,Coral_vs_Mangrove,FALSE
S57,S36,1,1,0,Coral,West,Mangrove,East,Coral_vs_Mangrove,FALSE
S58,S36,1,1,0,Coral,West,Mangrove,East,Coral_vs_Mangrove,FALSE
S59,S36,1,1,0,Coral,West,Mangrove,East,Coral_vs_Mangrove,FALSE
S60,S36,1,1,0,Coral,West,Mangrove,East,Coral_vs_Mangrove,FALSE
S66,S36,1,1,0,Seagrass,West,Mangrove,East,Mangrove_vs_Seagrass,FALSE
S67,S36,1,1,0,Seagrass,West,Mangrove,East,Mangrove_vs_Seagrass,FALSE
S68,S36,1,1,0,Seagrass,West,Mangrove,East,Mangrove_vs_Seagrass,FALSE
S69,S36,1,1,0,Seagrass,West,Mangrove,East,Mangrove_vs_Seagrass,FALSE
S70,S36,1,1,0,Seagrass,West,Mangrove,East,Mangrove_vs_Seagrass,FALSE
S71,S36,1,1,0,Coral,East,Mangrove,East,Coral_vs_Mangrove,TRUE
S73,S36,1,1,0,Coral,East,Mangrove,East,Coral_vs_Mangrove,TRUE
S74,S36,1,1,0,Coral,East,Mangrove,East,Coral_vs_Mangrove,TRUE
S75,S36,1,1,0,Coral,East,Mangrove,East,Coral_vs_Mangrove,TRUE
S77,S36,1,1,0,Coral,East,Mangrove,East,Coral_vs_Mangrove,TRUE
S78,S36,1,1,0,Coral,East,Mangrove,East,Coral_vs_Mangrove,TRUE
S80,S36,1,1,0,Coral,East,Mangrove,East,Coral_vs_Mangrove,TRUE
S91,S36,1,1,0,Seagrass,West,Mangrove,East,Mangrove_vs_Seagrass,FALSE
S92,S36,1,1,0,Seagrass,West,Mangrove,East,Mangrove_vs_Seagrass,FALSE
S93,S36,1,1,0,Seagrass,West,Mangrove,East,Mangrove_vs_Seagrass,FALSE
S94,S36,1,1,0,Seagrass,West,Mangrove,East,Mangrove_vs_Seagrass,FALSE
S95,S36,1,1,0,Seagrass,West,Mangrove,East,Mangrove_vs_Seagrass,FALSE
S101,S36,1,1,0,Coral,West,Mangrove,East,Coral_vs_Mangrove,FALSE
S102,S36,1,1,0,Coral,West,Mangrove,East,Coral_vs_Mangrove,FALSE
S103,S36,1,1,0,Coral,West,Mangrove,East,Coral_vs_Mangrove,FALSE
S104,S36,1,1,0,Coral,West,Mangrove,East,Coral_vs_Mangrove,FALSE
S105,S36,1,1,0,Coral,West,Mangrove,East,Coral_vs_Mangrove,FALSE
S41,S37,1,1,0,Coral,East,Mangrove,East,Coral_vs_Mangrove,TRUE
S42,S37,1,1,0,Coral,East,Mangrove,East,Coral_vs_Mangrove,TRUE
S43,S37,1,1,0,Coral,East,Mangrove,East,Coral_vs_Mangrove,TRUE
S44,S37,1,1,0,Coral,East,Mangrove,East,Coral_vs_Mangrove,TRUE
S45,S37,1,1,0,Coral,East,Mangrove,East,Coral_vs_Mangrove,TRUE
S51,S37,1,1,0,Seagrass,East,Mangrove,East,Mangrove_vs_Seagrass,TRUE
S52,S37,1,1,0,Seagrass,East,Mangrove,East,Mangrove_vs_Seagrass,TRUE
S53,S37,0.9523809523809523,0.7058823529411765,0.24649859943977592,Seagrass,East,Mangrove,East,Mangrove_vs_Seagrass,TRUE
S54,S37,0.9714285714285714,0.8823529411764706,0.08907563025210083,Seagrass,East,Mangrove,East,Mangrove_vs_Seagrass,TRUE
S55,S37,0.9555555555555556,0.7647058823529411,0.19084967320261437,Seagrass,East,Mangrove,East,Mangrove_vs_Seagrass,TRUE
S56,S37,1,1,0,Coral,West,Mangrove,East,Coral_vs_Mangrove,FALSE
S57,S37,1,1,0,Coral,West,Mangrove,East,Coral_vs_Mangrove,FALSE
S58,S37,1,1,0,Coral,West,Mangrove,East,Coral_vs_Mangrove,FALSE
S59,S37,1,1,0,Coral,West,Mangrove,East,Coral_vs_Mangrove,FALSE
S60,S37,1,1,0,Coral,West,Mangrove,East,Coral_vs_Mangrove,FALSE
S66,S37,1,1,0,Seagrass,West,Mangrove,East,Mangrove_vs_Seagrass,FALSE
S67,S37,1,1,0,Seagrass,West,Mangrove,East,Mangrove_vs_Seagrass,FALSE
S68,S37,1,1,0,Seagrass,West,Mangrove,East,Mangrove_vs_Seagrass,FALSE
S69,S37,1,1,0,Seagrass,West,Mangrove,East,Mangrove_vs_Seagrass,FALSE
S70,S37,1,1,0,Seagrass,West,Mangrove,East,Mangrove_vs_Seagrass,FALSE
S71,S37,1,1,0,Coral,East,Mangrove,East,Coral_vs_Mangrove,TRUE
S73,S37,1,1,0,Coral,East,Mangrove,East,Coral_vs_Mangrove,TRUE
S74,S37,1,1,0,Coral,East,Mangrove,East,Coral_vs_Mangrove,TRUE
S75,S37,1,1,0,Coral,East,Mangrove,East,Coral_vs_Mangrove,TRUE
S77,S37,1,1,0,Coral,East,Mangrove,East,Coral_vs_Mangrove,TRUE
S78,S37,1,1,0,Coral,East,Mangrove,East,Coral_vs_Mangrove,TRUE
S80,S37,1,1,0,Coral,East,Mangrove,East,Coral_vs_Mangrove,TRUE
S91,S37,1,1,0,Seagrass,West,Mangrove,East,Mangrove_vs_Seagrass,FALSE
S92,S37,1,1,0,Seagrass,West,Mangrove,East,Mangrove_vs_Seagrass,FALSE
S93,S37,1,1,0,Seagrass,West,Mangrove,East,Mangrove_vs_Seagrass,FALSE
S94,S37,1,1,0,Seagrass,West,Mangrove,East,Mangrove_vs_Seagrass,FALSE
S95,S37,1,1,0,Seagrass,West,Mangrove,East,Mangrove_vs_Seagrass,FALSE
S101,S37,1,1,0,Coral,West,Mangrove,East,Coral_vs_Mangrove,FALSE
S102,S37,1,1,0,Coral,West,Mangrove,East,Coral_vs_Mangrove,FALSE
S103,S37,1,1,0,Coral,West,Mangrove,East,Coral_vs_Mangrove,FALSE
S104,S37,1,1,0,Coral,West,Mangrove,East,Coral_vs_Mangrove,FALSE
S105,S37,1,1,0,Coral,West,Mangrove,East,Coral_vs_Mangrove,FALSE
S41,S38,1,1,0,Coral,East,Mangrove,East,Coral_vs_Mangrove,TRUE
S42,S38,1,1,0,Coral,East,Mangrove,East,Coral_vs_Mangrove,TRUE
S43,S38,1,1,0,Coral,East,Mangrove,East,Coral_vs_Mangrove,TRUE
S44,S38,1,1,0,Coral,East,Mangrove,East,Coral_vs_Mangrove,TRUE
S45,S38,1,1,0,Coral,East,Mangrove,East,Coral_vs_Mangrove,TRUE
S51,S38,1,1,0,Seagrass,East,Mangrove,East,Mangrove_vs_Seagrass,TRUE
S52,S38,1,1,0,Seagrass,East,Mangrove,East,Mangrove_vs_Seagrass,TRUE
S53,S38,0.9702970297029703,0.6666666666666666,0.30363036303630364,Seagrass,East,Mangrove,East,Mangrove_vs_Seagrass,TRUE
S54,S38,1,1,0,Seagrass,East,Mangrove,East,Mangrove_vs_Seagrass,TRUE
S55,S38,0.9651162790697675,0.6666666666666666,0.29844961240310075,Seagrass,East,Mangrove,East,Mangrove_vs_Seagrass,TRUE
S56,S38,1,1,0,Coral,West,Mangrove,East,Coral_vs_Mangrove,FALSE
S57,S38,1,1,0,Coral,West,Mangrove,East,Coral_vs_Mangrove,FALSE
S58,S38,1,1,0,Coral,West,Mangrove,East,Coral_vs_Mangrove,FALSE
S59,S38,1,1,0,Coral,West,Mangrove,East,Coral_vs_Mangrove,FALSE
S60,S38,1,1,0,Coral,West,Mangrove,East,Coral_vs_Mangrove,FALSE
S66,S38,1,1,0,Seagrass,West,Mangrove,East,Mangrove_vs_Seagrass,FALSE
S67,S38,1,1,0,Seagrass,West,Mangrove,East,Mangrove_vs_Seagrass,FALSE
S68,S38,1,1,0,Seagrass,West,Mangrove,East,Mangrove_vs_Seagrass,FALSE
S69,S38,1,1,0,Seagrass,West,Mangrove,East,Mangrove_vs_Seagrass,FALSE
S70,S38,1,1,0,Seagrass,West,Mangrove,East,Mangrove_vs_Seagrass,FALSE
S71,S38,1,1,0,Coral,East,Mangrove,East,Coral_vs_Mangrove,TRUE
S73,S38,1,1,0,Coral,East,Mangrove,East,Coral_vs_Mangrove,TRUE
S74,S38,1,1,0,Coral,East,Mangrove,East,Coral_vs_Mangrove,TRUE
S75,S38,1,1,0,Coral,East,Mangrove,East,Coral_vs_Mangrove,TRUE
S77,S38,1,1,0,Coral,East,Mangrove,East,Coral_vs_Mangrove,TRUE
S78,S38,1,1,0,Coral,East,Mangrove,East,Coral_vs_Mangrove,TRUE
S80,S38,1,1,0,Coral,East,Mangrove,East,Coral_vs_Mangrove,TRUE
S91,S38,1,1,0,Seagrass,West,Mangrove,East,Mangrove_vs_Seagrass,FALSE
S92,S38,1,1,0,Seagrass,West,Mangrove,East,Mangrove_vs_Seagrass,FALSE
S93,S38,1,1,0,Seagrass,West,Mangrove,East,Mangrove_vs_Seagrass,FALSE
S94,S38,1,1,0,Seagrass,West,Mangrove,East,Mangrove_vs_Seagrass,FALSE
S95,S38,1,1,0,Seagrass,West,Mangrove,East,Mangrove_vs_Seagrass,FALSE
S101,S38,1,1,0,Coral,West,Mangrove,East,Coral_vs_Mangrove,FALSE
S102,S38,1,1,0,Coral,West,Mangrove,East,Coral_vs_Mangrove,FALSE
S103,S38,1,1,0,Coral,West,Mangrove,East,Coral_vs_Mangrove,FALSE
S104,S38,1,1,0,Coral,West,Mangrove,East,Coral_vs_Mangrove,FALSE
S105,S38,1,1,0,Coral,West,Mangrove,East,Coral_vs_Mangrove,FALSE
S41,S39,1,1,0,Coral,East,Mangrove,East,Coral_vs_Mangrove,TRUE
S42,S39,1,1,0,Coral,East,Mangrove,East,Coral_vs_Mangrove,TRUE
S43,S39,1,1,0,Coral,East,Mangrove,East,Coral_vs_Mangrove,TRUE
S44,S39,1,1,0,Coral,East,Mangrove,East,Coral_vs_Mangrove,TRUE
S45,S39,1,1,0,Coral,East,Mangrove,East,Coral_vs_Mangrove,TRUE
S51,S39,1,1,0,Seagrass,East,Mangrove,East,Mangrove_vs_Seagrass,TRUE
S52,S39,0.9805825242718447,0.8333333333333334,0.14724919093851133,Seagrass,East,Mangrove,East,Mangrove_vs_Seagrass,TRUE
S53,S39,1,1,0,Seagrass,East,Mangrove,East,Mangrove_vs_Seagrass,TRUE
S54,S39,1,1,0,Seagrass,East,Mangrove,East,Mangrove_vs_Seagrass,TRUE
S55,S39,1,1,0,Seagrass,East,Mangrove,East,Mangrove_vs_Seagrass,TRUE
S56,S39,1,1,0,Coral,West,Mangrove,East,Coral_vs_Mangrove,FALSE
S57,S39,1,1,0,Coral,West,Mangrove,East,Coral_vs_Mangrove,FALSE
S58,S39,1,1,0,Coral,West,Mangrove,East,Coral_vs_Mangrove,FALSE
S59,S39,1,1,0,Coral,West,Mangrove,East,Coral_vs_Mangrove,FALSE
S60,S39,1,1,0,Coral,West,Mangrove,East,Coral_vs_Mangrove,FALSE
S66,S39,1,1,0,Seagrass,West,Mangrove,East,Mangrove_vs_Seagrass,FALSE
S67,S39,1,1,0,Seagrass,West,Mangrove,East,Mangrove_vs_Seagrass,FALSE
S68,S39,1,1,0,Seagrass,West,Mangrove,East,Mangrove_vs_Seagrass,FALSE
S69,S39,1,1,0,Seagrass,West,Mangrove,East,Mangrove_vs_Seagrass,FALSE
S70,S39,1,1,0,Seagrass,West,Mangrove,East,Mangrove_vs_Seagrass,FALSE
S71,S39,1,1,0,Coral,East,Mangrove,East,Coral_vs_Mangrove,TRUE
S73,S39,1,1,0,Coral,East,Mangrove,East,Coral_vs_Mangrove,TRUE
S74,S39,1,1,0,Coral,East,Mangrove,East,Coral_vs_Mangrove,TRUE
S75,S39,1,1,0,Coral,East,Mangrove,East,Coral_vs_Mangrove,TRUE
S77,S39,1,1,0,Coral,East,Mangrove,East,Coral_vs_Mangrove,TRUE
S78,S39,1,1,0,Coral,East,Mangrove,East,Coral_vs_Mangrove,TRUE
S80,S39,1,1,0,Coral,East,Mangrove,East,Coral_vs_Mangrove,TRUE
S91,S39,1,1,0,Seagrass,West,Mangrove,East,Mangrove_vs_Seagrass,FALSE
S92,S39,1,1,0,Seagrass,West,Mangrove,East,Mangrove_vs_Seagrass,FALSE
S93,S39,1,1,0,Seagrass,West,Mangrove,East,Mangrove_vs_Seagrass,FALSE
S94,S39,1,1,0,Seagrass,West,Mangrove,East,Mangrove_vs_Seagrass,FALSE
S95,S39,1,1,0,Seagrass,West,Mangrove,East,Mangrove_vs_Seagrass,FALSE
S101,S39,1,1,0,Coral,West,Mangrove,East,Coral_vs_Mangrove,FALSE
S102,S39,1,1,0,Coral,West,Mangrove,East,Coral_vs_Mangrove,FALSE
S103,S39,1,1,0,Coral,West,Mangrove,East,Coral_vs_Mangrove,FALSE
S104,S39,1,1,0,Coral,West,Mangrove,East,Coral_vs_Mangrove,FALSE
S105,S39,1,1,0,Coral,West,Mangrove,East,Coral_vs_Mangrove,FALSE
S41,S40,1,1,0,Coral,East,Mangrove,East,Coral_vs_Mangrove,TRUE
S42,S40,1,1,0,Coral,East,Mangrove,East,Coral_vs_Mangrove,TRUE
S43,S40,1,1,0,Coral,East,Mangrove,East,Coral_vs_Mangrove,TRUE
S44,S40,1,1,0,Coral,East,Mangrove,East,Coral_vs_Mangrove,TRUE
S45,S40,1,1,0,Coral,East,Mangrove,East,Coral_vs_Mangrove,TRUE
S51,S40,1,1,0,Seagrass,East,Mangrove,East,Mangrove_vs_Seagrass,TRUE
S52,S40,1,1,0,Seagrass,East,Mangrove,East,Mangrove_vs_Seagrass,TRUE
S53,S40,0.9539170506912442,0.7916666666666666,0.16225038402457756,Seagrass,East,Mangrove,East,Mangrove_vs_Seagrass,TRUE
S54,S40,0.9863945578231292,0.9583333333333334,0.028061224489795915,Seagrass,East,Mangrove,East,Mangrove_vs_Seagrass,TRUE
S55,S40,0.9679144385026738,0.875,0.0929144385026738,Seagrass,East,Mangrove,East,Mangrove_vs_Seagrass,TRUE
S56,S40,1,1,0,Coral,West,Mangrove,East,Coral_vs_Mangrove,FALSE
S57,S40,1,1,0,Coral,West,Mangrove,East,Coral_vs_Mangrove,FALSE
S58,S40,1,1,0,Coral,West,Mangrove,East,Coral_vs_Mangrove,FALSE
S59,S40,1,1,0,Coral,West,Mangrove,East,Coral_vs_Mangrove,FALSE
S60,S40,1,1,0,Coral,West,Mangrove,East,Coral_vs_Mangrove,FALSE
S66,S40,1,1,0,Seagrass,West,Mangrove,East,Mangrove_vs_Seagrass,FALSE
S67,S40,1,1,0,Seagrass,West,Mangrove,East,Mangrove_vs_Seagrass,FALSE
S68,S40,1,1,0,Seagrass,West,Mangrove,East,Mangrove_vs_Seagrass,FALSE
S69,S40,1,1,0,Seagrass,West,Mangrove,East,Mangrove_vs_Seagrass,FALSE
S70,S40,1,1,0,Seagrass,West,Mangrove,East,Mangrove_vs_Seagrass,FALSE
S71,S40,1,1,0,Coral,East,Mangrove,East,Coral_vs_Mangrove,TRUE
S73,S40,1,1,0,Coral,East,Mangrove,East,Coral_vs_Mangrove,TRUE
S74,S40,1,1,0,Coral,East,Mangrove,East,Coral_vs_Mangrove,TRUE
S75,S40,1,1,0,Coral,East,Mangrove,East,Coral_vs_Mangrove,TRUE
S77,S40,1,1,0,Coral,East,Mangrove,East,Coral_vs_Mangrove,TRUE
S78,S40,1,1,0,Coral,East,Mangrove,East,Coral_vs_Mangrove,TRUE
S80,S40,1,1,0,Coral,East,Mangrove,East,Coral_vs_Mangrove,TRUE
S91,S40,1,1,0,Seagrass,West,Mangrove,East,Mangrove_vs_Seagrass,FALSE
S92,S40,1,1,0,Seagrass,West,Mangrove,East,Mangrove_vs_Seagrass,FALSE
S93,S40,1,1,0,Seagrass,West,Mangrove,East,Mangrove_vs_Seagrass,FALSE
S94,S40,1,1,0,Seagrass,West,Mangrove,East,Mangrove_vs_Seagrass,FALSE
S95,S40,1,1,0,Seagrass,West,Mangrove,East,Mangrove_vs_Seagrass,FALSE
S101,S40,1,1,0,Coral,West,Mangrove,East,Coral_vs_Mangrove,FALSE
S102,S40,1,1,0,Coral,West,Mangrove,East,Coral_vs_Mangrove,FALSE
S103,S40,1,1,0,Coral,West,Mangrove,East,Coral_vs_Mangrove,FALSE
S104,S40,1,1,0,Coral,West,Mangrove,East,Coral_vs_Mangrove,FALSE
S105,S40,1,1,0,Coral,West,Mangrove,East,Coral_vs_Mangrove,FALSE
S46,S41,0.9393939393939394,0.8148148148148148,0.12457912457912457,Mangrove,East,Coral,East,Coral_vs_Mangrove,TRUE
S47,S41,1,1,0,Mangrove,East,Coral,East,Coral_vs_Mangrove,TRUE
S48,S41,0.9111111111111111,0.6296296296296297,0.28148148148148144,Mangrove,East,Coral,East,Coral_vs_Mangrove,TRUE
S49,S41,1,1,0,Mangrove,East,Coral,East,Coral_vs_Mangrove,TRUE
S50,S41,0.9076923076923077,0.8888888888888888,0.018803418803418803,Mangrove,East,Coral,East,Coral_vs_Mangrove,TRUE
S51,S41,0.9047619047619048,0.8148148148148148,0.08994708994708994,Seagrass,East,Coral,East,Coral_vs_Seagrass,TRUE
S52,S41,0.8387096774193549,0.6296296296296297,0.20908004778972522,Seagrass,East,Coral,East,Coral_vs_Seagrass,TRUE
S53,S41,0.9272727272727272,0.7037037037037037,0.22356902356902356,Seagrass,East,Coral,East,Coral_vs_Seagrass,TRUE
S54,S41,0.9333333333333333,0.8148148148148148,0.11851851851851851,Seagrass,East,Coral,East,Coral_vs_Seagrass,TRUE
S55,S41,0.9263157894736842,0.7407407407407407,0.18557504873294345,Seagrass,East,Coral,East,Coral_vs_Seagrass,TRUE
S61,S41,0.9459459459459459,0.8518518518518519,0.09409409409409408,Mangrove,West,Coral,East,Coral_vs_Mangrove,FALSE
S62,S41,0.9491525423728814,0.8888888888888888,0.060263653483992465,Mangrove,West,Coral,East,Coral_vs_Mangrove,FALSE
S63,S41,0.9565217391304348,0.8888888888888888,0.06763285024154589,Mangrove,West,Coral,East,Coral_vs_Mangrove,FALSE
S64,S41,0.9401197604790419,0.8148148148148148,0.1253049456642271,Mangrove,West,Coral,East,Coral_vs_Mangrove,FALSE
S65,S41,0.9574468085106383,0.8518518518518519,0.10559495665878643,Mangrove,West,Coral,East,Coral_vs_Mangrove,FALSE
S66,S41,0.9101123595505618,0.8518518518518519,0.05826050769870995,Seagrass,West,Coral,East,Coral_vs_Seagrass,FALSE
S67,S41,0.9541984732824428,0.8888888888888888,0.06530958439355386,Seagrass,West,Coral,East,Coral_vs_Seagrass,FALSE
S68,S41,0.9574468085106383,0.8518518518518519,0.10559495665878643,Seagrass,West,Coral,East,Coral_vs_Seagrass,FALSE
S69,S41,0.9698492462311558,0.8888888888888888,0.08096035734226689,Seagrass,West,Coral,East,Coral_vs_Seagrass,FALSE
S70,S41,0.9644970414201184,0.8888888888888888,0.07560815253122945,Seagrass,West,Coral,East,Coral_vs_Seagrass,FALSE
S81,S41,0.8505747126436781,0.5185185185185185,0.33205619412515963,Mangrove,East,Coral,East,Coral_vs_Mangrove,TRUE
S82,S41,0.9157303370786517,0.4444444444444444,0.4712858926342072,Mangrove,East,Coral,East,Coral_vs_Mangrove,TRUE
S83,S41,0.8617511520737328,0.4444444444444444,0.4173067076292883,Mangrove,East,Coral,East,Coral_vs_Mangrove,TRUE
S84,S41,0.8404255319148937,0.4444444444444444,0.3959810874704492,Mangrove,East,Coral,East,Coral_vs_Mangrove,TRUE
S85,S41,0.9212598425196851,0.8148148148148148,0.10644502770487022,Mangrove,East,Coral,East,Coral_vs_Mangrove,TRUE
S86,S41,0.8913043478260869,0.8148148148148148,0.07648953301127213,Mangrove,West,Coral,East,Coral_vs_Mangrove,FALSE
S87,S41,0.9032258064516129,0.8888888888888888,0.014336917562724013,Mangrove,West,Coral,East,Coral_vs_Mangrove,FALSE
S88,S41,0.9830508474576272,0.9629629629629629,0.020087884494664154,Mangrove,West,Coral,East,Coral_vs_Mangrove,FALSE
S89,S41,1,1,0,Mangrove,West,Coral,East,Coral_vs_Mangrove,FALSE
S90,S41,1,1,0,Mangrove,West,Coral,East,Coral_vs_Mangrove,FALSE
S91,S41,0.952755905511811,0.8888888888888888,0.06386701662292213,Seagrass,West,Coral,East,Coral_vs_Seagrass,FALSE
S92,S41,0.9,0.8518518518518519,0.04814814814814815,Seagrass,West,Coral,East,Coral_vs_Seagrass,FALSE
S93,S41,0.8928571428571429,0.8888888888888888,0.003968253968253968,Seagrass,West,Coral,East,Coral_vs_Seagrass,FALSE
S94,S41,0.9555555555555556,0.9444444444444444,0.011111111111111112,Seagrass,West,Coral,East,Coral_vs_Seagrass,FALSE
S95,S41,0.8823529411764706,0.8518518518518519,0.030501089324618733,Seagrass,West,Coral,East,Coral_vs_Seagrass,FALSE
S96,S41,1,1,0,Mangrove,West,Coral,East,Coral_vs_Mangrove,FALSE
S97,S41,1,1,0,Mangrove,West,Coral,East,Coral_vs_Mangrove,FALSE
S98,S41,1,1,0,Mangrove,West,Coral,East,Coral_vs_Mangrove,FALSE
S99,S41,1,1,0,Mangrove,West,Coral,East,Coral_vs_Mangrove,FALSE
S100,S41,1,1,0,Mangrove,West,Coral,East,Coral_vs_Mangrove,FALSE
S106,S41,1,1,0,Mangrove,West,Coral,East,Coral_vs_Mangrove,FALSE
S107,S41,0.9629629629629629,0.9629629629629629,0,Mangrove,West,Coral,East,Coral_vs_Mangrove,FALSE
S108,S41,0.9636363636363636,0.9629629629629629,6.734006734006733e-4,Mangrove,West,Coral,East,Coral_vs_Mangrove,FALSE
S109,S41,0.9565217391304348,0.9473684210526315,0.009153318077803204,Mangrove,West,Coral,East,Coral_vs_Mangrove,FALSE
S110,S41,1,1,0,Mangrove,West,Coral,East,Coral_vs_Mangrove,FALSE
S46,S42,0.9342723004694836,0.9066666666666666,0.0276056338028169,Mangrove,East,Coral,East,Coral_vs_Mangrove,TRUE
S47,S42,1,1,0,Mangrove,East,Coral,East,Coral_vs_Mangrove,TRUE
S48,S42,0.8901098901098901,0.8,0.09010989010989012,Mangrove,East,Coral,East,Coral_vs_Mangrove,TRUE
S49,S42,1,1,0,Mangrove,East,Coral,East,Coral_vs_Mangrove,TRUE
S50,S42,0.9469026548672567,0.9210526315789473,0.02585002328830927,Mangrove,East,Coral,East,Coral_vs_Mangrove,TRUE
S51,S42,0.8954248366013072,0.8933333333333333,0.0020915032679738564,Seagrass,East,Coral,East,Coral_vs_Seagrass,TRUE
S52,S42,0.7790697674418605,0.7466666666666667,0.0324031007751938,Seagrass,East,Coral,East,Coral_vs_Seagrass,TRUE
S53,S42,0.8507462686567164,0.7333333333333333,0.11741293532338308,Seagrass,East,Coral,East,Coral_vs_Seagrass,TRUE
S54,S42,0.8787878787878788,0.84,0.03878787878787879,Seagrass,East,Coral,East,Coral_vs_Seagrass,TRUE
S55,S42,0.8907563025210085,0.8266666666666667,0.06408963585434174,Seagrass,East,Coral,East,Coral_vs_Seagrass,TRUE
S61,S42,0.8979591836734694,0.8666666666666667,0.031292517006802724,Mangrove,West,Coral,East,Coral_vs_Mangrove,FALSE
S62,S42,0.9036144578313253,0.8933333333333333,0.01028112449799197,Mangrove,West,Coral,East,Coral_vs_Mangrove,FALSE
S63,S42,0.9247311827956989,0.9066666666666666,0.01806451612903226,Mangrove,West,Coral,East,Coral_vs_Mangrove,FALSE
S64,S42,0.9534883720930233,0.9333333333333333,0.020155038759689922,Mangrove,West,Coral,East,Coral_vs_Mangrove,FALSE
S65,S42,0.923728813559322,0.88,0.04372881355932203,Mangrove,West,Coral,East,Coral_vs_Mangrove,FALSE
S66,S42,0.9124087591240876,0.9032258064516129,0.009182952672474686,Seagrass,West,Coral,East,Coral_vs_Seagrass,FALSE
S67,S42,0.8770949720670391,0.8533333333333334,0.02376163873370577,Seagrass,West,Coral,East,Coral_vs_Seagrass,FALSE
S68,S42,0.8983050847457628,0.84,0.05830508474576271,Seagrass,West,Coral,East,Coral_vs_Seagrass,FALSE
S69,S42,0.9190283400809717,0.8666666666666667,0.05236167341430499,Seagrass,West,Coral,East,Coral_vs_Seagrass,FALSE
S70,S42,0.8986175115207373,0.8533333333333334,0.045284178187403996,Seagrass,West,Coral,East,Coral_vs_Seagrass,FALSE
S81,S42,0.7567567567567568,0.64,0.11675675675675676,Mangrove,East,Coral,East,Coral_vs_Mangrove,TRUE
S82,S42,0.7821782178217822,0.41333333333333333,0.3688448844884489,Mangrove,East,Coral,East,Coral_vs_Mangrove,TRUE
S83,S42,0.7660377358490567,0.5866666666666667,0.17937106918238993,Mangrove,East,Coral,East,Coral_vs_Mangrove,TRUE
S84,S42,0.7542372881355932,0.6133333333333333,0.14090395480225987,Mangrove,East,Coral,East,Coral_vs_Mangrove,TRUE
S85,S42,0.9085714285714286,0.8933333333333333,0.015238095238095238,Mangrove,East,Coral,East,Coral_vs_Mangrove,TRUE
S86,S42,0.8714285714285714,0.8615384615384616,0.00989010989010989,Mangrove,West,Coral,East,Coral_vs_Mangrove,FALSE
S87,S42,0.9090909090909091,0.8571428571428571,0.051948051948051945,Mangrove,West,Coral,East,Coral_vs_Mangrove,FALSE
S88,S42,0.9759036144578314,0.9733333333333334,0.0025702811244979924,Mangrove,West,Coral,East,Coral_vs_Mangrove,FALSE
S89,S42,1,1,0,Mangrove,West,Coral,East,Coral_vs_Mangrove,FALSE
S90,S42,1,1,0,Mangrove,West,Coral,East,Coral_vs_Mangrove,FALSE
S91,S42,0.92,0.9066666666666666,0.013333333333333332,Seagrass,West,Coral,East,Coral_vs_Seagrass,FALSE
S92,S42,0.875,0.8490566037735849,0.025943396226415092,Seagrass,West,Coral,East,Coral_vs_Seagrass,FALSE
S93,S42,0.8461538461538461,0.7241379310344828,0.12201591511936338,Seagrass,West,Coral,East,Coral_vs_Seagrass,FALSE
S94,S42,0.978494623655914,0.9444444444444444,0.034050179211469536,Seagrass,West,Coral,East,Coral_vs_Seagrass,FALSE
S95,S42,0.896551724137931,0.8536585365853658,0.042893187552565173,Seagrass,West,Coral,East,Coral_vs_Seagrass,FALSE
S96,S42,1,1,0,Mangrove,West,Coral,East,Coral_vs_Mangrove,FALSE
S97,S42,1,1,0,Mangrove,West,Coral,East,Coral_vs_Mangrove,FALSE
S98,S42,1,1,0,Mangrove,West,Coral,East,Coral_vs_Mangrove,FALSE
S99,S42,1,1,0,Mangrove,West,Coral,East,Coral_vs_Mangrove,FALSE
S100,S42,1,1,0,Mangrove,West,Coral,East,Coral_vs_Mangrove,FALSE
S106,S42,0.9646017699115044,0.9473684210526315,0.017233348858872847,Mangrove,West,Coral,East,Coral_vs_Mangrove,FALSE
S107,S42,0.9411764705882353,0.8888888888888888,0.0522875816993464,Mangrove,West,Coral,East,Coral_vs_Mangrove,FALSE
S108,S42,0.9805825242718447,0.9642857142857143,0.016296809986130374,Mangrove,West,Coral,East,Coral_vs_Mangrove,FALSE
S109,S42,0.9574468085106383,0.8947368421052632,0.06270996640537513,Mangrove,West,Coral,East,Coral_vs_Mangrove,FALSE
S110,S42,0.9587628865979382,0.9090909090909091,0.04967197750702905,Mangrove,West,Coral,East,Coral_vs_Mangrove,FALSE
S46,S43,0.9869281045751634,0.9333333333333333,0.05359477124183007,Mangrove,East,Coral,East,Coral_vs_Mangrove,TRUE
S47,S43,1,1,0,Mangrove,East,Coral,East,Coral_vs_Mangrove,TRUE
S48,S43,0.9624413145539906,0.7333333333333333,0.22910798122065726,Mangrove,East,Coral,East,Coral_vs_Mangrove,TRUE
S49,S43,1,1,0,Mangrove,East,Coral,East,Coral_vs_Mangrove,TRUE
S50,S43,0.9622641509433962,0.9333333333333333,0.028930817610062894,Mangrove,East,Coral,East,Coral_vs_Mangrove,TRUE
S51,S43,0.956989247311828,0.8666666666666667,0.09032258064516129,Seagrass,East,Coral,East,Coral_vs_Seagrass,TRUE
S52,S43,0.9107142857142857,0.6666666666666666,0.244047619047619,Seagrass,East,Coral,East,Coral_vs_Seagrass,TRUE
S53,S43,0.9326923076923077,0.5333333333333333,0.39935897435897433,Seagrass,East,Coral,East,Coral_vs_Seagrass,TRUE
S54,S43,0.9855072463768116,0.9333333333333333,0.052173913043478265,Seagrass,East,Coral,East,Coral_vs_Seagrass,TRUE
S55,S43,0.9775280898876404,0.8666666666666667,0.11086142322097378,Seagrass,East,Coral,East,Coral_vs_Seagrass,TRUE
S61,S43,0.9705882352941176,0.8666666666666667,0.10392156862745099,Mangrove,West,Coral,East,Coral_vs_Mangrove,FALSE
S62,S43,0.9433962264150944,0.8,0.14339622641509434,Mangrove,West,Coral,East,Coral_vs_Mangrove,FALSE
S63,S43,0.9841269841269841,0.9333333333333333,0.05079365079365079,Mangrove,West,Coral,East,Coral_vs_Mangrove,FALSE
S64,S43,0.9741935483870968,0.8666666666666667,0.1075268817204301,Mangrove,West,Coral,East,Coral_vs_Mangrove,FALSE
S65,S43,0.9772727272727273,0.8666666666666667,0.11060606060606061,Mangrove,West,Coral,East,Coral_vs_Mangrove,FALSE
S66,S43,0.948051948051948,0.8666666666666667,0.08138528138528138,Seagrass,West,Coral,East,Coral_vs_Seagrass,FALSE
S67,S43,0.9495798319327731,0.8,0.1495798319327731,Seagrass,West,Coral,East,Coral_vs_Seagrass,FALSE
S68,S43,0.9659090909090909,0.8,0.16590909090909092,Seagrass,West,Coral,East,Coral_vs_Seagrass,FALSE
S69,S43,0.9679144385026738,0.8,0.16791443850267382,Seagrass,West,Coral,East,Coral_vs_Seagrass,FALSE
S70,S43,0.9745222929936306,0.8666666666666667,0.10785562632696391,Seagrass,West,Coral,East,Coral_vs_Seagrass,FALSE
S81,S43,0.8888888888888888,0.4,0.4888888888888888,Mangrove,East,Coral,East,Coral_vs_Mangrove,TRUE
S82,S43,0.9302325581395349,0.2,0.7302325581395349,Mangrove,East,Coral,East,Coral_vs_Mangrove,TRUE
S83,S43,0.9024390243902439,0.3333333333333333,0.5691056910569106,Mangrove,East,Coral,East,Coral_vs_Mangrove,TRUE
S84,S43,0.8977272727272727,0.4,0.49772727272727274,Mangrove,East,Coral,East,Coral_vs_Mangrove,TRUE
S85,S43,0.9478260869565217,0.8,0.14782608695652175,Mangrove,East,Coral,East,Coral_vs_Mangrove,TRUE
S86,S43,0.9,0.7333333333333333,0.16666666666666666,Mangrove,West,Coral,East,Coral_vs_Mangrove,FALSE
S87,S43,0.92,0.8666666666666667,0.05333333333333334,Mangrove,West,Coral,East,Coral_vs_Mangrove,FALSE
S88,S43,1,1,0,Mangrove,West,Coral,East,Coral_vs_Mangrove,FALSE
S89,S43,1,1,0,Mangrove,West,Coral,East,Coral_vs_Mangrove,FALSE
S90,S43,1,1,0,Mangrove,West,Coral,East,Coral_vs_Mangrove,FALSE
S91,S43,0.9478260869565217,0.8,0.14782608695652175,Seagrass,West,Coral,East,Coral_vs_Seagrass,FALSE
S92,S43,0.9117647058823529,0.8,0.11176470588235295,Seagrass,West,Coral,East,Coral_vs_Seagrass,FALSE
S93,S43,0.9545454545454546,0.9333333333333333,0.02121212121212121,Seagrass,West,Coral,East,Coral_vs_Seagrass,FALSE
S94,S43,1,1,0,Seagrass,West,Coral,East,Coral_vs_Seagrass,FALSE
S95,S43,0.9285714285714286,0.8666666666666667,0.06190476190476191,Seagrass,West,Coral,East,Coral_vs_Seagrass,FALSE
S96,S43,1,1,0,Mangrove,West,Coral,East,Coral_vs_Mangrove,FALSE
S97,S43,1,1,0,Mangrove,West,Coral,East,Coral_vs_Mangrove,FALSE
S98,S43,1,1,0,Mangrove,West,Coral,East,Coral_vs_Mangrove,FALSE
S99,S43,1,1,0,Mangrove,West,Coral,East,Coral_vs_Mangrove,FALSE
S100,S43,1,1,0,Mangrove,West,Coral,East,Coral_vs_Mangrove,FALSE
S106,S43,1,1,0,Mangrove,West,Coral,East,Coral_vs_Mangrove,FALSE
S107,S43,1,1,0,Mangrove,West,Coral,East,Coral_vs_Mangrove,FALSE
S108,S43,1,1,0,Mangrove,West,Coral,East,Coral_vs_Mangrove,FALSE
S109,S43,1,1,0,Mangrove,West,Coral,East,Coral_vs_Mangrove,FALSE
S110,S43,1,1,0,Mangrove,West,Coral,East,Coral_vs_Mangrove,FALSE
S46,S44,0.9203539823008849,0.8977272727272727,0.022626709573612232,Mangrove,East,Coral,East,Coral_vs_Mangrove,TRUE
S47,S44,1,1,0,Mangrove,East,Coral,East,Coral_vs_Mangrove,TRUE
S48,S44,0.8671328671328671,0.7840909090909091,0.08304195804195805,Mangrove,East,Coral,East,Coral_vs_Mangrove,TRUE
S49,S44,1,1,0,Mangrove,East,Coral,East,Coral_vs_Mangrove,TRUE
S50,S44,0.9365079365079365,0.8947368421052632,0.04177109440267335,Mangrove,East,Coral,East,Coral_vs_Mangrove,TRUE
S51,S44,0.9036144578313253,0.8974358974358975,0.006178560395427865,Seagrass,East,Coral,East,Coral_vs_Seagrass,TRUE
S52,S44,0.7945945945945946,0.7840909090909091,0.010503685503685505,Seagrass,East,Coral,East,Coral_vs_Seagrass,TRUE
S53,S44,0.8434163701067615,0.75,0.09341637010676157,Seagrass,East,Coral,East,Coral_vs_Seagrass,TRUE
S54,S44,0.8862559241706162,0.8636363636363636,0.022619560534252476,Seagrass,East,Coral,East,Coral_vs_Seagrass,TRUE
S55,S44,0.8804780876494024,0.8295454545454546,0.05093263310394784,Seagrass,East,Coral,East,Coral_vs_Seagrass,TRUE
S61,S44,0.8660287081339713,0.8409090909090909,0.025119617224880382,Mangrove,West,Coral,East,Coral_vs_Mangrove,FALSE
S62,S44,0.888268156424581,0.8863636363636364,0.001904520060944642,Mangrove,West,Coral,East,Coral_vs_Mangrove,FALSE
S63,S44,0.8994974874371859,0.8863636363636364,0.013133851073549566,Mangrove,West,Coral,East,Coral_vs_Mangrove,FALSE
S64,S44,0.8859649122807017,0.8522727272727273,0.03369218500797448,Mangrove,West,Coral,East,Coral_vs_Mangrove,FALSE
S65,S44,0.9036144578313253,0.8636363636363636,0.03997809419496166,Mangrove,West,Coral,East,Coral_vs_Mangrove,FALSE
S66,S44,0.9066666666666666,0.8870967741935484,0.01956989247311828,Seagrass,West,Coral,East,Coral_vs_Seagrass,FALSE
S67,S44,0.8645833333333334,0.8522727272727273,0.01231060606060606,Seagrass,West,Coral,East,Coral_vs_Seagrass,FALSE
S68,S44,0.9116465863453815,0.875,0.036646586345381524,Seagrass,West,Coral,East,Coral_vs_Seagrass,FALSE
S69,S44,0.8769230769230769,0.8181818181818182,0.058741258741258746,Seagrass,West,Coral,East,Coral_vs_Seagrass,FALSE
S70,S44,0.8782608695652174,0.8409090909090909,0.03735177865612648,Seagrass,West,Coral,East,Coral_vs_Seagrass,FALSE
S81,S44,0.7446808510638298,0.6590909090909091,0.08558994197292068,Mangrove,East,Coral,East,Coral_vs_Mangrove,TRUE
S82,S44,0.7649880095923262,0.4431818181818182,0.3218061914105079,Mangrove,East,Coral,East,Coral_vs_Mangrove,TRUE
S83,S44,0.7266187050359713,0.5681818181818182,0.15843688685415305,Mangrove,East,Coral,East,Coral_vs_Mangrove,TRUE
S84,S44,0.751004016064257,0.6477272727272727,0.1032767433369843,Mangrove,East,Coral,East,Coral_vs_Mangrove,TRUE
S85,S44,0.8829787234042553,0.875,0.007978723404255319,Mangrove,East,Coral,East,Coral_vs_Mangrove,TRUE
S86,S44,0.8431372549019608,0.8153846153846154,0.0277526395173454,Mangrove,West,Coral,East,Coral_vs_Mangrove,FALSE
S87,S44,0.9349593495934959,0.8857142857142857,0.04924506387921022,Mangrove,West,Coral,East,Coral_vs_Mangrove,FALSE
S88,S44,0.9664804469273743,0.9659090909090909,5.713560182833926e-4,Mangrove,West,Coral,East,Coral_vs_Mangrove,FALSE
S89,S44,1,1,0,Mangrove,West,Coral,East,Coral_vs_Mangrove,FALSE
S90,S44,1,1,0,Mangrove,West,Coral,East,Coral_vs_Mangrove,FALSE
S91,S44,0.8936170212765957,0.8863636363636364,0.00725338491295938,Seagrass,West,Coral,East,Coral_vs_Seagrass,FALSE
S92,S44,0.8723404255319149,0.8301886792452831,0.042151746286631875,Seagrass,West,Coral,East,Coral_vs_Seagrass,FALSE
S93,S44,0.8803418803418803,0.7586206896551724,0.12172119068670793,Seagrass,West,Coral,East,Coral_vs_Seagrass,FALSE
S94,S44,0.9433962264150944,0.8333333333333334,0.110062893081761,Seagrass,West,Coral,East,Coral_vs_Seagrass,FALSE
S95,S44,0.8449612403100775,0.7560975609756098,0.08886367933446776,Seagrass,West,Coral,East,Coral_vs_Seagrass,FALSE
S96,S44,0.9858156028368794,0.9811320754716981,0.004683527365181319,Mangrove,West,Coral,East,Coral_vs_Mangrove,FALSE
S97,S44,1,1,0,Mangrove,West,Coral,East,Coral_vs_Mangrove,FALSE
S98,S44,0.988950276243094,0.9886363636363636,3.139126067302863e-4,Mangrove,West,Coral,East,Coral_vs_Mangrove,FALSE
S99,S44,0.9902439024390244,0.9886363636363636,0.0016075388026607538,Mangrove,West,Coral,East,Coral_vs_Mangrove,FALSE
S100,S44,0.9896373056994818,0.9886363636363636,0.0010009420631182289,Mangrove,West,Coral,East,Coral_vs_Mangrove,FALSE
S106,S44,0.9523809523809523,0.9210526315789473,0.03132832080200501,Mangrove,West,Coral,East,Coral_vs_Mangrove,FALSE
S107,S44,0.9304347826086956,0.8518518518518519,0.0785829307568438,Mangrove,West,Coral,East,Coral_vs_Mangrove,FALSE
S108,S44,0.9137931034482759,0.8214285714285714,0.09236453201970445,Mangrove,West,Coral,East,Coral_vs_Mangrove,FALSE
S109,S44,0.9439252336448598,0.8421052631578947,0.10181997048696506,Mangrove,West,Coral,East,Coral_vs_Mangrove,FALSE
S110,S44,0.9636363636363636,0.9090909090909091,0.05454545454545454,Mangrove,West,Coral,East,Coral_vs_Mangrove,FALSE
S46,S45,0.9470899470899471,0.9019607843137255,0.045129162776221594,Mangrove,East,Coral,East,Coral_vs_Mangrove,TRUE
S47,S45,1,1,0,Mangrove,East,Coral,East,Coral_vs_Mangrove,TRUE
S48,S45,0.9196787148594378,0.803921568627451,0.11575714623198677,Mangrove,East,Coral,East,Coral_vs_Mangrove,TRUE
S49,S45,1,1,0,Mangrove,East,Coral,East,Coral_vs_Mangrove,TRUE
S50,S45,0.9101123595505618,0.8947368421052632,0.015375517445298638,Mangrove,East,Coral,East,Coral_vs_Mangrove,TRUE
S51,S45,0.9224806201550387,0.9019607843137255,0.02051983584131327,Seagrass,East,Coral,East,Coral_vs_Seagrass,TRUE
S52,S45,0.8108108108108109,0.7254901960784313,0.08532061473237944,Seagrass,East,Coral,East,Coral_vs_Seagrass,TRUE
S53,S45,0.8770491803278688,0.7058823529411765,0.1711668273866924,Seagrass,East,Coral,East,Coral_vs_Seagrass,TRUE
S54,S45,0.9080459770114943,0.8431372549019608,0.06490872210953347,Seagrass,East,Coral,East,Coral_vs_Seagrass,TRUE
S55,S45,0.897196261682243,0.7843137254901961,0.11288253619204691,Seagrass,East,Coral,East,Coral_vs_Seagrass,TRUE
S61,S45,0.9302325581395349,0.8823529411764706,0.047879616963064295,Mangrove,West,Coral,East,Coral_vs_Mangrove,FALSE
S62,S45,0.9436619718309859,0.9215686274509803,0.022093344380005524,Mangrove,West,Coral,East,Coral_vs_Mangrove,FALSE
S63,S45,0.9506172839506173,0.9215686274509803,0.02904865649963689,Mangrove,West,Coral,East,Coral_vs_Mangrove,FALSE
S64,S45,0.93717277486911,0.8823529411764706,0.05481983369263936,Mangrove,West,Coral,East,Coral_vs_Mangrove,FALSE
S65,S45,0.9622641509433962,0.9215686274509803,0.040695523492415835,Mangrove,West,Coral,East,Coral_vs_Mangrove,FALSE
S66,S45,0.911504424778761,0.9019607843137255,0.009543640465035572,Seagrass,West,Coral,East,Coral_vs_Seagrass,FALSE
S67,S45,0.9354838709677419,0.9019607843137255,0.033523086654016446,Seagrass,West,Coral,East,Coral_vs_Seagrass,FALSE
S68,S45,0.9528301886792453,0.9019607843137255,0.050869404365519795,Seagrass,West,Coral,East,Coral_vs_Seagrass,FALSE
S69,S45,0.9551569506726457,0.9019607843137255,0.05319616635892025,Seagrass,West,Coral,East,Coral_vs_Seagrass,FALSE
S70,S45,0.9585492227979274,0.9215686274509803,0.036980595346947066,Seagrass,West,Coral,East,Coral_vs_Seagrass,FALSE
S81,S45,0.8484848484848485,0.7058823529411765,0.14260249554367202,Mangrove,East,Coral,East,Coral_vs_Mangrove,TRUE
S82,S45,0.8578947368421053,0.47058823529411764,0.3873065015479876,Mangrove,East,Coral,East,Coral_vs_Mangrove,TRUE
S83,S45,0.8423236514522822,0.6274509803921569,0.21487267106012528,Mangrove,East,Coral,East,Coral_vs_Mangrove,TRUE
S84,S45,0.8490566037735849,0.6862745098039216,0.16278209396966334,Mangrove,East,Coral,East,Coral_vs_Mangrove,TRUE
S85,S45,0.9205298013245033,0.8823529411764706,0.038176860148032725,Mangrove,East,Coral,East,Coral_vs_Mangrove,TRUE
S86,S45,0.9310344827586207,0.9215686274509803,0.009465855307640297,Mangrove,West,Coral,East,Coral_vs_Mangrove,FALSE
S87,S45,0.9534883720930233,0.9428571428571428,0.010631229235880398,Mangrove,West,Coral,East,Coral_vs_Mangrove,FALSE
S88,S45,0.9859154929577465,0.9803921568627451,0.005523336095001381,Mangrove,West,Coral,East,Coral_vs_Mangrove,FALSE
S89,S45,1,1,0,Mangrove,West,Coral,East,Coral_vs_Mangrove,FALSE
S90,S45,1,1,0,Mangrove,West,Coral,East,Coral_vs_Mangrove,FALSE
S91,S45,0.9205298013245033,0.8823529411764706,0.038176860148032725,Seagrass,West,Coral,East,Coral_vs_Seagrass,FALSE
S92,S45,0.9423076923076923,0.9411764705882353,0.0011312217194570137,Seagrass,West,Coral,East,Coral_vs_Seagrass,FALSE
S93,S45,0.95,0.9310344827586207,0.01896551724137931,Seagrass,West,Coral,East,Coral_vs_Seagrass,FALSE
S94,S45,1,1,0,Seagrass,West,Coral,East,Coral_vs_Seagrass,FALSE
S95,S45,0.9130434782608695,0.9024390243902439,0.010604453870625663,Seagrass,West,Coral,East,Coral_vs_Seagrass,FALSE
S96,S45,1,1,0,Mangrove,West,Coral,East,Coral_vs_Mangrove,FALSE
S97,S45,1,1,0,Mangrove,West,Coral,East,Coral_vs_Mangrove,FALSE
S98,S45,1,1,0,Mangrove,West,Coral,East,Coral_vs_Mangrove,FALSE
S99,S45,1,1,0,Mangrove,West,Coral,East,Coral_vs_Mangrove,FALSE
S100,S45,1,1,0,Mangrove,West,Coral,East,Coral_vs_Mangrove,FALSE
S106,S45,0.9775280898876404,0.9736842105263158,0.0038438793613246596,Mangrove,West,Coral,East,Coral_vs_Mangrove,FALSE
S107,S45,0.9743589743589743,0.9629629629629629,0.011396011396011397,Mangrove,West,Coral,East,Coral_vs_Mangrove,FALSE
S108,S45,0.9746835443037974,0.9642857142857143,0.010397830018083183,Mangrove,West,Coral,East,Coral_vs_Mangrove,FALSE
S109,S45,0.9428571428571428,0.8947368421052632,0.048120300751879695,Mangrove,West,Coral,East,Coral_vs_Mangrove,FALSE
S110,S45,0.9726027397260274,0.9545454545454546,0.01805728518057285,Mangrove,West,Coral,East,Coral_vs_Mangrove,FALSE
S51,S46,0.8796296296296297,0.8333333333333334,0.046296296296296294,Seagrass,East,Mangrove,East,Mangrove_vs_Seagrass,TRUE
S52,S46,0.8638297872340426,0.8350515463917526,0.028778240842289974,Seagrass,East,Mangrove,East,Mangrove_vs_Seagrass,TRUE
S53,S46,0.8187311178247734,0.782608695652174,0.0361224221725995,Seagrass,East,Mangrove,East,Mangrove_vs_Seagrass,TRUE
S54,S46,0.8620689655172413,0.8536585365853658,0.008410428931875526,Seagrass,East,Mangrove,East,Mangrove_vs_Seagrass,TRUE
S55,S46,0.8272425249169435,0.8115942028985508,0.015648322018392797,Seagrass,East,Mangrove,East,Mangrove_vs_Seagrass,TRUE
S56,S46,0.9327731092436975,0.92,0.012773109243697478,Coral,West,Mangrove,East,Coral_vs_Mangrove,FALSE
S57,S46,0.9109311740890689,0.8990825688073395,0.011848605281729378,Coral,West,Mangrove,East,Coral_vs_Mangrove,FALSE
S58,S46,0.9224806201550387,0.8913043478260869,0.031176272328951805,Coral,West,Mangrove,East,Coral_vs_Mangrove,FALSE
S59,S46,0.9448275862068966,0.9420289855072463,0.002798600699650175,Coral,West,Mangrove,East,Coral_vs_Mangrove,FALSE
S60,S46,0.9127906976744186,0.8913043478260869,0.021486349848331646,Coral,West,Mangrove,East,Coral_vs_Mangrove,FALSE
S66,S46,0.93,0.8870967741935484,0.04290322580645161,Seagrass,West,Mangrove,East,Mangrove_vs_Seagrass,FALSE
S67,S46,0.9338842975206612,0.9230769230769231,0.01080737444373808,Seagrass,West,Mangrove,East,Mangrove_vs_Seagrass,FALSE
S68,S46,0.8996655518394648,0.8913043478260869,0.008361204013377926,Seagrass,West,Mangrove,East,Mangrove_vs_Seagrass,FALSE
S69,S46,0.8903225806451613,0.8768115942028986,0.013510986442262741,Seagrass,West,Mangrove,East,Mangrove_vs_Seagrass,FALSE
S70,S46,0.9071428571428571,0.9057971014492754,0.0013457556935817805,Seagrass,West,Mangrove,East,Mangrove_vs_Seagrass,FALSE
S71,S46,1,1,0,Coral,East,Mangrove,East,Coral_vs_Mangrove,TRUE
S73,S46,1,1,0,Coral,East,Mangrove,East,Coral_vs_Mangrove,TRUE
S74,S46,1,1,0,Coral,East,Mangrove,East,Coral_vs_Mangrove,TRUE
S75,S46,1,1,0,Coral,East,Mangrove,East,Coral_vs_Mangrove,TRUE
S77,S46,0.9869281045751634,0.9333333333333333,0.05359477124183007,Coral,East,Mangrove,East,Coral_vs_Mangrove,TRUE
S78,S46,0.9612903225806452,0.8235294117647058,0.13776091081593927,Coral,East,Mangrove,East,Coral_vs_Mangrove,TRUE
S80,S46,0.9858156028368794,0.6666666666666666,0.3191489361702128,Coral,East,Mangrove,East,Coral_vs_Mangrove,TRUE
S91,S46,0.8403361344537815,0.81,0.03033613445378151,Seagrass,West,Mangrove,East,Mangrove_vs_Seagrass,FALSE
S92,S46,0.8848167539267016,0.7924528301886793,0.09236392373802234,Seagrass,West,Mangrove,East,Mangrove_vs_Seagrass,FALSE
S93,S46,0.9281437125748503,0.7931034482758621,0.13504026429898824,Seagrass,West,Mangrove,East,Mangrove_vs_Seagrass,FALSE
S94,S46,0.9230769230769231,0.6666666666666666,0.2564102564102564,Seagrass,West,Mangrove,East,Mangrove_vs_Seagrass,FALSE
S95,S46,0.8994413407821229,0.7804878048780488,0.11895353590407413,Seagrass,West,Mangrove,East,Mangrove_vs_Seagrass,FALSE
S101,S46,0.972972972972973,0.8,0.17297297297297298,Coral,West,Mangrove,East,Coral_vs_Mangrove,FALSE
S102,S46,1,1,0,Coral,West,Mangrove,East,Coral_vs_Mangrove,FALSE
S103,S46,0.9863013698630136,0.875,0.1113013698630137,Coral,West,Mangrove,East,Coral_vs_Mangrove,FALSE
S104,S46,0.9870967741935484,0.9411764705882353,0.045920303605313094,Coral,West,Mangrove,East,Coral_vs_Mangrove,FALSE
S105,S46,0.9872611464968153,0.9473684210526315,0.03989272544418371,Coral,West,Mangrove,East,Coral_vs_Mangrove,FALSE
S51,S47,0.8545454545454545,0.75,0.10454545454545454,Seagrass,East,Mangrove,East,Mangrove_vs_Seagrass,TRUE
S52,S47,0.875968992248062,0.75,0.12596899224806202,Seagrass,East,Mangrove,East,Mangrove_vs_Seagrass,TRUE
S53,S47,0.8577777777777778,0.5,0.35777777777777775,Seagrass,East,Mangrove,East,Mangrove_vs_Seagrass,TRUE
S54,S47,0.8451612903225807,0.625,0.22016129032258064,Seagrass,East,Mangrove,East,Mangrove_vs_Seagrass,TRUE
S55,S47,0.8871794871794871,0.65625,0.23092948717948716,Seagrass,East,Mangrove,East,Mangrove_vs_Seagrass,TRUE
S56,S47,0.9848484848484849,0.96875,0.016098484848484848,Coral,West,Mangrove,East,Coral_vs_Mangrove,FALSE
S57,S47,0.9858156028368794,0.96875,0.017065602836879433,Coral,West,Mangrove,East,Coral_vs_Mangrove,FALSE
S58,S47,0.9928825622775801,0.96875,0.02413256227758007,Coral,West,Mangrove,East,Coral_vs_Mangrove,FALSE
S59,S47,0.9891304347826086,0.96875,0.020380434782608696,Coral,West,Mangrove,East,Coral_vs_Mangrove,FALSE
S60,S47,0.9915966386554622,0.96875,0.022846638655462184,Coral,West,Mangrove,East,Coral_vs_Mangrove,FALSE
S66,S47,0.9787234042553191,0.96875,0.00997340425531915,Seagrass,West,Mangrove,East,Mangrove_vs_Seagrass,FALSE
S67,S47,0.9558823529411765,0.90625,0.049632352941176475,Seagrass,West,Mangrove,East,Mangrove_vs_Seagrass,FALSE
S68,S47,0.9481865284974094,0.84375,0.10443652849740934,Seagrass,West,Mangrove,East,Mangrove_vs_Seagrass,FALSE
S69,S47,0.9607843137254902,0.875,0.0857843137254902,Seagrass,West,Mangrove,East,Mangrove_vs_Seagrass,FALSE
S70,S47,0.9425287356321839,0.84375,0.09877873563218391,Seagrass,West,Mangrove,East,Mangrove_vs_Seagrass,FALSE
S71,S47,1,1,0,Coral,East,Mangrove,East,Coral_vs_Mangrove,TRUE
S73,S47,1,1,0,Coral,East,Mangrove,East,Coral_vs_Mangrove,TRUE
S74,S47,1,1,0,Coral,East,Mangrove,East,Coral_vs_Mangrove,TRUE
S75,S47,1,1,0,Coral,East,Mangrove,East,Coral_vs_Mangrove,TRUE
S77,S47,1,1,0,Coral,East,Mangrove,East,Coral_vs_Mangrove,TRUE
S78,S47,1,1,0,Coral,East,Mangrove,East,Coral_vs_Mangrove,TRUE
S80,S47,1,1,0,Coral,East,Mangrove,East,Coral_vs_Mangrove,TRUE
S91,S47,0.9090909090909091,0.8125,0.09659090909090909,Seagrass,West,Mangrove,East,Mangrove_vs_Seagrass,FALSE
S92,S47,0.9058823529411765,0.875,0.030882352941176472,Seagrass,West,Mangrove,East,Mangrove_vs_Seagrass,FALSE
S93,S47,0.9016393442622951,0.896551724137931,0.005087620124364047,Seagrass,West,Mangrove,East,Mangrove_vs_Seagrass,FALSE
S94,S47,0.92,0.8888888888888888,0.031111111111111114,Seagrass,West,Mangrove,East,Mangrove_vs_Seagrass,FALSE
S95,S47,0.863013698630137,0.84375,0.019263698630136987,Seagrass,West,Mangrove,East,Mangrove_vs_Seagrass,FALSE
S101,S47,1,1,0,Coral,West,Mangrove,East,Coral_vs_Mangrove,FALSE
S102,S47,1,1,0,Coral,West,Mangrove,East,Coral_vs_Mangrove,FALSE
S103,S47,1,1,0,Coral,West,Mangrove,East,Coral_vs_Mangrove,FALSE
S104,S47,1,1,0,Coral,West,Mangrove,East,Coral_vs_Mangrove,FALSE
S105,S47,1,1,0,Coral,West,Mangrove,East,Coral_vs_Mangrove,FALSE
S51,S48,0.8188405797101449,0.6794871794871795,0.13935340022296544,Seagrass,East,Mangrove,East,Mangrove_vs_Seagrass,TRUE
S52,S48,0.7898305084745763,0.6804123711340206,0.10941813734055564,Seagrass,East,Mangrove,East,Mangrove_vs_Seagrass,TRUE
S53,S48,0.6777493606138107,0.6735751295336787,0.004174231080131985,Seagrass,East,Mangrove,East,Mangrove_vs_Seagrass,TRUE
S54,S48,0.7445482866043613,0.6666666666666666,0.0778816199376947,Seagrass,East,Mangrove,East,Mangrove_vs_Seagrass,TRUE
S55,S48,0.6952908587257618,0.6625766871165644,0.03271417160919736,Seagrass,East,Mangrove,East,Mangrove_vs_Seagrass,TRUE
S56,S48,0.912751677852349,0.87,0.042751677852349,Coral,West,Mangrove,East,Coral_vs_Mangrove,FALSE
S57,S48,0.8697068403908795,0.8165137614678899,0.05319307892298958,Coral,West,Mangrove,East,Coral_vs_Mangrove,FALSE
S58,S48,0.8702460850111857,0.8535353535353535,0.016710731475832147,Coral,West,Mangrove,East,Coral_vs_Mangrove,FALSE
S59,S48,0.8742857142857143,0.8552631578947368,0.019022556390977444,Coral,West,Mangrove,East,Coral_vs_Mangrove,FALSE
S60,S48,0.8910891089108911,0.8888888888888888,0.0022002200220022,Coral,West,Mangrove,East,Coral_vs_Mangrove,FALSE
S66,S48,0.9307692307692308,0.8548387096774194,0.07593052109181142,Seagrass,West,Mangrove,East,Mangrove_vs_Seagrass,FALSE
S67,S48,0.8874172185430463,0.8365384615384616,0.050878757004584815,Seagrass,West,Mangrove,East,Mangrove_vs_Seagrass,FALSE
S68,S48,0.8551532033426184,0.8385093167701864,0.01664388657243205,Seagrass,West,Mangrove,East,Mangrove_vs_Seagrass,FALSE
S69,S48,0.8540540540540541,0.8430232558139535,0.011030798240100566,Seagrass,West,Mangrove,East,Mangrove_vs_Seagrass,FALSE
S70,S48,0.8588235294117647,0.8309859154929577,0.027837613918806958,Seagrass,West,Mangrove,East,Mangrove_vs_Seagrass,FALSE
S71,S48,1,1,0,Coral,East,Mangrove,East,Coral_vs_Mangrove,TRUE
S73,S48,1,1,0,Coral,East,Mangrove,East,Coral_vs_Mangrove,TRUE
S74,S48,1,1,0,Coral,East,Mangrove,East,Coral_vs_Mangrove,TRUE
S75,S48,0.9900990099009901,0.75,0.2400990099009901,Coral,East,Mangrove,East,Coral_vs_Mangrove,TRUE
S77,S48,0.971830985915493,0.8,0.17183098591549295,Coral,East,Mangrove,East,Coral_vs_Mangrove,TRUE
S78,S48,0.9720930232558139,0.8235294117647058,0.14856361149110808,Coral,East,Mangrove,East,Coral_vs_Mangrove,TRUE
S80,S48,0.9900497512437811,0.6666666666666666,0.3233830845771144,Coral,East,Mangrove,East,Coral_vs_Mangrove,TRUE
S91,S48,0.8187919463087249,0.73,0.08879194630872485,Seagrass,West,Mangrove,East,Mangrove_vs_Seagrass,FALSE
S92,S48,0.9043824701195219,0.7735849056603774,0.13079756445914456,Seagrass,West,Mangrove,East,Mangrove_vs_Seagrass,FALSE
S93,S48,0.9030837004405287,0.6206896551724138,0.28239404526811485,Seagrass,West,Mangrove,East,Mangrove_vs_Seagrass,FALSE
S94,S48,0.9351851851851852,0.6111111111111112,0.32407407407407407,Seagrass,West,Mangrove,East,Mangrove_vs_Seagrass,FALSE
S95,S48,0.8661087866108786,0.6097560975609756,0.25635268904990305,Seagrass,West,Mangrove,East,Mangrove_vs_Seagrass,FALSE
S101,S48,0.9711538461538461,0.7,0.27115384615384613,Coral,West,Mangrove,East,Coral_vs_Mangrove,FALSE
S102,S48,0.9803921568627451,0.6666666666666666,0.3137254901960784,Coral,West,Mangrove,East,Coral_vs_Mangrove,FALSE
S103,S48,0.9902912621359223,0.875,0.11529126213592233,Coral,West,Mangrove,East,Coral_vs_Mangrove,FALSE
S104,S48,0.9813953488372092,0.8823529411764706,0.09904240766073871,Coral,West,Mangrove,East,Coral_vs_Mangrove,FALSE
S105,S48,0.9723502304147466,0.8421052631578947,0.1302449672568518,Coral,West,Mangrove,East,Coral_vs_Mangrove,FALSE
S51,S49,0.9101123595505618,0.6363636363636364,0.27374872318692545,Seagrass,East,Mangrove,East,Mangrove_vs_Seagrass,TRUE
S52,S49,0.9074074074074074,0.5454545454545454,0.3619528619528619,Seagrass,East,Mangrove,East,Mangrove_vs_Seagrass,TRUE
S53,S49,0.9411764705882353,0.45454545454545453,0.48663101604278075,Seagrass,East,Mangrove,East,Mangrove_vs_Seagrass,TRUE
S54,S49,0.9402985074626866,0.6363636363636364,0.3039348710990502,Seagrass,East,Mangrove,East,Mangrove_vs_Seagrass,TRUE
S55,S49,0.9425287356321839,0.5454545454545454,0.39707419017763845,Seagrass,East,Mangrove,East,Mangrove_vs_Seagrass,TRUE
S56,S49,1,1,0,Coral,West,Mangrove,East,Coral_vs_Mangrove,FALSE
S57,S49,1,1,0,Coral,West,Mangrove,East,Coral_vs_Mangrove,FALSE
S58,S49,1,1,0,Coral,West,Mangrove,East,Coral_vs_Mangrove,FALSE
S59,S49,1,1,0,Coral,West,Mangrove,East,Coral_vs_Mangrove,FALSE
S60,S49,1,1,0,Coral,West,Mangrove,East,Coral_vs_Mangrove,FALSE
S66,S49,0.9726027397260274,0.9090909090909091,0.06351183063511831,Seagrass,West,Mangrove,East,Mangrove_vs_Seagrass,FALSE
S67,S49,0.9652173913043478,0.8181818181818182,0.14703557312252966,Seagrass,West,Mangrove,East,Mangrove_vs_Seagrass,FALSE
S68,S49,0.9767441860465116,0.8181818181818182,0.15856236786469344,Seagrass,West,Mangrove,East,Mangrove_vs_Seagrass,FALSE
S69,S49,0.9672131147540983,0.7272727272727273,0.23994038748137106,Seagrass,West,Mangrove,East,Mangrove_vs_Seagrass,FALSE
S70,S49,0.9477124183006536,0.6363636363636364,0.3113487819370172,Seagrass,West,Mangrove,East,Mangrove_vs_Seagrass,FALSE
S71,S49,1,1,0,Coral,East,Mangrove,East,Coral_vs_Mangrove,TRUE
S73,S49,1,1,0,Coral,East,Mangrove,East,Coral_vs_Mangrove,TRUE
S74,S49,1,1,0,Coral,East,Mangrove,East,Coral_vs_Mangrove,TRUE
S75,S49,1,1,0,Coral,East,Mangrove,East,Coral_vs_Mangrove,TRUE
S77,S49,1,1,0,Coral,East,Mangrove,East,Coral_vs_Mangrove,TRUE
S78,S49,1,1,0,Coral,East,Mangrove,East,Coral_vs_Mangrove,TRUE
S80,S49,1,1,0,Coral,East,Mangrove,East,Coral_vs_Mangrove,TRUE
S91,S49,0.963963963963964,0.8181818181818182,0.1457821457821458,Seagrass,West,Mangrove,East,Mangrove_vs_Seagrass,FALSE
S92,S49,0.9375,0.8181818181818182,0.11931818181818182,Seagrass,West,Mangrove,East,Mangrove_vs_Seagrass,FALSE
S93,S49,0.9,0.8181818181818182,0.08181818181818182,Seagrass,West,Mangrove,East,Mangrove_vs_Seagrass,FALSE
S94,S49,0.8620689655172413,0.8181818181818182,0.0438871473354232,Seagrass,West,Mangrove,East,Mangrove_vs_Seagrass,FALSE
S95,S49,0.9230769230769231,0.8181818181818182,0.10489510489510488,Seagrass,West,Mangrove,East,Mangrove_vs_Seagrass,FALSE
S101,S49,1,1,0,Coral,West,Mangrove,East,Coral_vs_Mangrove,FALSE
S102,S49,1,1,0,Coral,West,Mangrove,East,Coral_vs_Mangrove,FALSE
S103,S49,1,1,0,Coral,West,Mangrove,East,Coral_vs_Mangrove,FALSE
S104,S49,1,1,0,Coral,West,Mangrove,East,Coral_vs_Mangrove,FALSE
S105,S49,1,1,0,Coral,West,Mangrove,East,Coral_vs_Mangrove,FALSE
S51,S50,0.8448275862068966,0.7631578947368421,0.08166969147005444,Seagrass,East,Mangrove,East,Mangrove_vs_Seagrass,TRUE
S52,S50,0.8518518518518519,0.7368421052631579,0.11500974658869395,Seagrass,East,Mangrove,East,Mangrove_vs_Seagrass,TRUE
S53,S50,0.8701298701298701,0.6052631578947368,0.2648667122351333,Seagrass,East,Mangrove,East,Mangrove_vs_Seagrass,TRUE
S54,S50,0.9130434782608695,0.8157894736842105,0.09725400457665903,Seagrass,East,Mangrove,East,Mangrove_vs_Seagrass,TRUE
S55,S50,0.9104477611940298,0.7631578947368421,0.14728986645718772,Seagrass,East,Mangrove,East,Mangrove_vs_Seagrass,TRUE
S56,S50,0.9420289855072463,0.8947368421052632,0.04729214340198322,Coral,West,Mangrove,East,Coral_vs_Mangrove,FALSE
S57,S50,0.9455782312925171,0.8947368421052632,0.050841389187253845,Coral,West,Mangrove,East,Coral_vs_Mangrove,FALSE
S58,S50,0.9581881533101045,0.8421052631578947,0.11608289015220978,Coral,West,Mangrove,East,Coral_vs_Mangrove,FALSE
S59,S50,0.9263157894736842,0.8157894736842105,0.11052631578947368,Coral,West,Mangrove,East,Coral_vs_Mangrove,FALSE
S60,S50,0.9672131147540983,0.8947368421052632,0.0724762726488352,Coral,West,Mangrove,East,Coral_vs_Mangrove,FALSE
S66,S50,0.94,0.9210526315789473,0.01894736842105263,Seagrass,West,Mangrove,East,Mangrove_vs_Seagrass,FALSE
S67,S50,0.9436619718309859,0.8947368421052632,0.04892512972572276,Seagrass,West,Mangrove,East,Mangrove_vs_Seagrass,FALSE
S68,S50,0.9095477386934674,0.7631578947368421,0.14638984395662522,Seagrass,West,Mangrove,East,Mangrove_vs_Seagrass,FALSE
S69,S50,0.9428571428571428,0.8421052631578947,0.1007518796992481,Seagrass,West,Mangrove,East,Mangrove_vs_Seagrass,FALSE
S70,S50,0.8888888888888888,0.7368421052631579,0.15204678362573096,Seagrass,West,Mangrove,East,Mangrove_vs_Seagrass,FALSE
S71,S50,1,1,0,Coral,East,Mangrove,East,Coral_vs_Mangrove,TRUE
S73,S50,1,1,0,Coral,East,Mangrove,East,Coral_vs_Mangrove,TRUE
S74,S50,1,1,0,Coral,East,Mangrove,East,Coral_vs_Mangrove,TRUE
S75,S50,1,1,0,Coral,East,Mangrove,East,Coral_vs_Mangrove,TRUE
S77,S50,0.9622641509433962,0.9333333333333333,0.028930817610062894,Coral,East,Mangrove,East,Coral_vs_Mangrove,TRUE
S78,S50,0.9272727272727272,0.8823529411764706,0.044919786096256686,Coral,East,Mangrove,East,Coral_vs_Mangrove,TRUE
S80,S50,1,1,0,Coral,East,Mangrove,East,Coral_vs_Mangrove,TRUE
S91,S50,0.9130434782608695,0.8421052631578947,0.07093821510297482,Seagrass,West,Mangrove,East,Mangrove_vs_Seagrass,FALSE
S92,S50,0.8681318681318682,0.8421052631578947,0.026026604973973393,Seagrass,West,Mangrove,East,Mangrove_vs_Seagrass,FALSE
S93,S50,0.8805970149253731,0.8620689655172413,0.018528049408131755,Seagrass,West,Mangrove,East,Mangrove_vs_Seagrass,FALSE
S94,S50,0.9285714285714286,0.8888888888888888,0.03968253968253968,Seagrass,West,Mangrove,East,Mangrove_vs_Seagrass,FALSE
S95,S50,0.8481012658227848,0.8421052631578947,0.005996002664890073,Seagrass,West,Mangrove,East,Mangrove_vs_Seagrass,FALSE
S101,S50,1,1,0,Coral,West,Mangrove,East,Coral_vs_Mangrove,FALSE
S102,S50,0.9090909090909091,0.6666666666666666,0.24242424242424243,Coral,West,Mangrove,East,Coral_vs_Mangrove,FALSE
S103,S50,1,1,0,Coral,West,Mangrove,East,Coral_vs_Mangrove,FALSE
S104,S50,1,1,0,Coral,West,Mangrove,East,Coral_vs_Mangrove,FALSE
S105,S50,0.9649122807017544,0.9473684210526315,0.017543859649122806,Coral,West,Mangrove,East,Coral_vs_Mangrove,FALSE
S56,S51,0.898876404494382,0.8846153846153846,0.014261019878997408,Coral,West,Seagrass,East,Coral_vs_Seagrass,FALSE
S57,S51,0.8823529411764706,0.8589743589743589,0.023378582202111614,Coral,West,Seagrass,East,Coral_vs_Seagrass,FALSE
S58,S51,0.9143730886850153,0.8205128205128205,0.09386026817219477,Coral,West,Seagrass,East,Coral_vs_Seagrass,FALSE
S59,S51,0.9043478260869565,0.8589743589743589,0.04537346711259754,Coral,West,Seagrass,East,Coral_vs_Seagrass,FALSE
S60,S51,0.9154929577464789,0.8461538461538461,0.06933911159263273,Coral,West,Seagrass,East,Coral_vs_Seagrass,FALSE
S61,S51,0.8592964824120602,0.8205128205128205,0.03878366189923979,Mangrove,West,Seagrass,East,Mangrove_vs_Seagrass,FALSE
S62,S51,0.8461538461538461,0.8333333333333334,0.01282051282051282,Mangrove,West,Seagrass,East,Mangrove_vs_Seagrass,FALSE
S63,S51,0.873015873015873,0.8461538461538461,0.026862026862026864,Mangrove,West,Seagrass,East,Mangrove_vs_Seagrass,FALSE
S64,S51,0.8807339449541285,0.8333333333333334,0.047400611620795105,Mangrove,West,Seagrass,East,Mangrove_vs_Seagrass,FALSE
S65,S51,0.8661087866108786,0.7948717948717948,0.0712369917390838,Mangrove,West,Seagrass,East,Mangrove_vs_Seagrass,FALSE
S71,S51,1,1,0,Coral,East,Seagrass,East,Coral_vs_Seagrass,TRUE
S73,S51,1,1,0,Coral,East,Seagrass,East,Coral_vs_Seagrass,TRUE
S74,S51,1,1,0,Coral,East,Seagrass,East,Coral_vs_Seagrass,TRUE
S75,S51,1,1,0,Coral,East,Seagrass,East,Coral_vs_Seagrass,TRUE
S77,S51,0.9139784946236559,0.7333333333333333,0.18064516129032257,Coral,East,Seagrass,East,Coral_vs_Seagrass,TRUE
S78,S51,0.9368421052631579,0.8235294117647058,0.11331269349845202,Coral,East,Seagrass,East,Coral_vs_Seagrass,TRUE
S80,S51,0.9753086419753086,0.6666666666666666,0.30864197530864196,Coral,East,Seagrass,East,Coral_vs_Seagrass,TRUE
S81,S51,0.7511111111111111,0.6410256410256411,0.11008547008547008,Mangrove,East,Seagrass,East,Mangrove_vs_Seagrass,TRUE
S82,S51,0.7886977886977887,0.44871794871794873,0.33997983997984005,Mangrove,East,Seagrass,East,Mangrove_vs_Seagrass,TRUE
S83,S51,0.8134328358208955,0.6794871794871795,0.13394565633371605,Mangrove,East,Seagrass,East,Mangrove_vs_Seagrass,TRUE
S84,S51,0.8075313807531381,0.7051282051282052,0.10240317562493295,Mangrove,East,Seagrass,East,Mangrove_vs_Seagrass,TRUE
S85,S51,0.8651685393258427,0.8461538461538461,0.019014693171996545,Mangrove,East,Seagrass,East,Mangrove_vs_Seagrass,TRUE
S86,S51,0.916083916083916,0.9076923076923077,0.008391608391608392,Mangrove,West,Seagrass,East,Mangrove_vs_Seagrass,FALSE
S87,S51,0.9469026548672567,0.9142857142857143,0.03261694058154235,Mangrove,West,Seagrass,East,Mangrove_vs_Seagrass,FALSE
S88,S51,0.9526627218934911,0.9487179487179487,0.0039447731755424065,Mangrove,West,Seagrass,East,Mangrove_vs_Seagrass,FALSE
S89,S51,0.9866666666666667,0.9861111111111112,5.555555555555556e-4,Mangrove,West,Seagrass,East,Mangrove_vs_Seagrass,FALSE
S90,S51,1,1,0,Mangrove,West,Seagrass,East,Mangrove_vs_Seagrass,FALSE
S96,S51,0.9389312977099237,0.9245283018867925,0.014402995823131213,Mangrove,West,Seagrass,East,Mangrove_vs_Seagrass,FALSE
S97,S51,0.9699248120300752,0.9636363636363636,0.006288448393711551,Mangrove,West,Seagrass,East,Mangrove_vs_Seagrass,FALSE
S98,S51,0.9181286549707602,0.9102564102564102,0.007872244714349977,Mangrove,West,Seagrass,East,Mangrove_vs_Seagrass,FALSE
S99,S51,0.9384615384615385,0.9230769230769231,0.015384615384615385,Mangrove,West,Seagrass,East,Mangrove_vs_Seagrass,FALSE
S100,S51,0.9453551912568307,0.9358974358974359,0.009457755359394703,Mangrove,West,Seagrass,East,Mangrove_vs_Seagrass,FALSE
S101,S51,0.9318181818181818,0.7,0.2318181818181818,Coral,West,Seagrass,East,Coral_vs_Seagrass,FALSE
S102,S51,0.9761904761904762,0.8333333333333334,0.14285714285714285,Coral,West,Seagrass,East,Coral_vs_Seagrass,FALSE
S103,S51,0.9767441860465116,0.875,0.10174418604651163,Coral,West,Seagrass,East,Coral_vs_Seagrass,FALSE
S104,S51,0.9368421052631579,0.8235294117647058,0.11331269349845202,Coral,West,Seagrass,East,Coral_vs_Seagrass,FALSE
S105,S51,0.9381443298969072,0.8421052631578947,0.09603906673901247,Coral,West,Seagrass,East,Coral_vs_Seagrass,FALSE
S106,S51,0.8620689655172413,0.7894736842105263,0.07259528130671507,Mangrove,West,Seagrass,East,Mangrove_vs_Seagrass,FALSE
S107,S51,0.8476190476190476,0.7037037037037037,0.1439153439153439,Mangrove,West,Seagrass,East,Mangrove_vs_Seagrass,FALSE
S108,S51,0.9056603773584906,0.8214285714285714,0.08423180592991913,Mangrove,West,Seagrass,East,Mangrove_vs_Seagrass,FALSE
S109,S51,0.9587628865979382,0.8947368421052632,0.06402604449267497,Mangrove,West,Seagrass,East,Mangrove_vs_Seagrass,FALSE
S110,S51,0.9,0.7727272727272727,0.1272727272727273,Mangrove,West,Seagrass,East,Mangrove_vs_Seagrass,FALSE
S56,S52,0.8883248730964467,0.8865979381443299,0.0017269349521168036,Coral,West,Seagrass,East,Coral_vs_Seagrass,FALSE
S57,S52,0.8737864077669902,0.865979381443299,0.007807026323691322,Coral,West,Seagrass,East,Coral_vs_Seagrass,FALSE
S58,S52,0.884393063583815,0.7938144329896907,0.0905786305941243,Coral,West,Seagrass,East,Coral_vs_Seagrass,FALSE
S59,S52,0.8955823293172691,0.865979381443299,0.029602947873970106,Coral,West,Seagrass,East,Coral_vs_Seagrass,FALSE
S60,S52,0.9075907590759076,0.8556701030927835,0.051920655983124085,Coral,West,Seagrass,East,Coral_vs_Seagrass,FALSE
S61,S52,0.8715596330275229,0.8556701030927835,0.01588952993473943,Mangrove,West,Seagrass,East,Mangrove_vs_Seagrass,FALSE
S62,S52,0.8297872340425532,0.8241758241758241,0.005611409866729015,Mangrove,West,Seagrass,East,Mangrove_vs_Seagrass,FALSE
S63,S52,0.8653846153846154,0.8556701030927835,0.009714512291831878,Mangrove,West,Seagrass,East,Mangrove_vs_Seagrass,FALSE
S64,S52,0.8734177215189873,0.845360824742268,0.0280568967767193,Mangrove,West,Seagrass,East,Mangrove_vs_Seagrass,FALSE
S65,S52,0.8682170542635659,0.8247422680412371,0.043474786222328775,Mangrove,West,Seagrass,East,Mangrove_vs_Seagrass,FALSE
S71,S52,1,1,0,Coral,East,Seagrass,East,Coral_vs_Seagrass,TRUE
S73,S52,1,1,0,Coral,East,Seagrass,East,Coral_vs_Seagrass,TRUE
S74,S52,1,1,0,Coral,East,Seagrass,East,Coral_vs_Seagrass,TRUE
S75,S52,0.9801980198019802,0.75,0.2301980198019802,Coral,East,Seagrass,East,Coral_vs_Seagrass,TRUE
S77,S52,0.9464285714285714,0.8,0.14642857142857144,Coral,East,Seagrass,East,Coral_vs_Seagrass,TRUE
S78,S52,0.9473684210526315,0.8235294117647058,0.1238390092879257,Coral,East,Seagrass,East,Coral_vs_Seagrass,TRUE
S80,S52,0.96,0.3333333333333333,0.6266666666666666,Coral,East,Seagrass,East,Coral_vs_Seagrass,TRUE
S81,S52,0.7295081967213115,0.6597938144329897,0.06971438228832179,Mangrove,East,Seagrass,East,Mangrove_vs_Seagrass,TRUE
S82,S52,0.7370892018779343,0.422680412371134,0.31440878950680023,Mangrove,East,Seagrass,East,Mangrove_vs_Seagrass,TRUE
S83,S52,0.7839721254355401,0.6804123711340206,0.10355975430151944,Mangrove,East,Seagrass,East,Mangrove_vs_Seagrass,TRUE
S84,S52,0.7751937984496124,0.7010309278350515,0.07416287061456085,Mangrove,East,Seagrass,East,Mangrove_vs_Seagrass,TRUE
S85,S52,0.8477157360406091,0.845360824742268,0.002354911298341096,Mangrove,East,Seagrass,East,Mangrove_vs_Seagrass,TRUE
S86,S52,0.9012345679012346,0.8769230769230769,0.024311490978157643,Mangrove,West,Seagrass,East,Mangrove_vs_Seagrass,FALSE
S87,S52,0.9545454545454546,0.9142857142857143,0.04025974025974026,Mangrove,West,Seagrass,East,Mangrove_vs_Seagrass,FALSE
S88,S52,0.9787234042553191,0.978021978021978,7.014262333411269e-4,Mangrove,West,Seagrass,East,Mangrove_vs_Seagrass,FALSE
S89,S52,1,1,0,Mangrove,West,Seagrass,East,Mangrove_vs_Seagrass,FALSE
S90,S52,1,1,0,Mangrove,West,Seagrass,East,Mangrove_vs_Seagrass,FALSE
S96,S52,0.9333333333333333,0.9056603773584906,0.027672955974842768,Mangrove,West,Seagrass,East,Mangrove_vs_Seagrass,FALSE
S97,S52,0.9605263157894737,0.9454545454545454,0.015071770334928231,Mangrove,West,Seagrass,East,Mangrove_vs_Seagrass,FALSE
S98,S52,0.8947368421052632,0.8924731182795699,0.0022637238256932655,Mangrove,West,Seagrass,East,Mangrove_vs_Seagrass,FALSE
S99,S52,0.9252336448598131,0.9175257731958762,0.007707871663936795,Mangrove,West,Seagrass,East,Mangrove_vs_Seagrass,FALSE
S100,S52,0.9207920792079208,0.9175257731958762,0.0032663060120445035,Mangrove,West,Seagrass,East,Mangrove_vs_Seagrass,FALSE
S101,S52,0.9626168224299065,0.8,0.16261682242990655,Coral,West,Seagrass,East,Coral_vs_Seagrass,FALSE
S102,S52,0.9611650485436893,0.6666666666666666,0.29449838187702265,Coral,West,Seagrass,East,Coral_vs_Seagrass,FALSE
S103,S52,0.9809523809523809,0.875,0.10595238095238095,Coral,West,Seagrass,East,Coral_vs_Seagrass,FALSE
S104,S52,0.9473684210526315,0.8235294117647058,0.1238390092879257,Coral,West,Seagrass,East,Coral_vs_Seagrass,FALSE
S105,S52,0.9482758620689655,0.8421052631578947,0.10617059891107078,Coral,West,Seagrass,East,Coral_vs_Seagrass,FALSE
S106,S52,0.8962962962962963,0.8157894736842105,0.08050682261208576,Mangrove,West,Seagrass,East,Mangrove_vs_Seagrass,FALSE
S107,S52,0.9193548387096774,0.8148148148148148,0.10454002389486261,Mangrove,West,Seagrass,East,Mangrove_vs_Seagrass,FALSE
S108,S52,0.936,0.8571428571428571,0.07885714285714286,Mangrove,West,Seagrass,East,Mangrove_vs_Seagrass,FALSE
S109,S52,0.9482758620689655,0.8421052631578947,0.10617059891107078,Mangrove,West,Seagrass,East,Mangrove_vs_Seagrass,FALSE
S110,S52,0.9495798319327731,0.8636363636363636,0.08594346829640946,Mangrove,West,Seagrass,East,Mangrove_vs_Seagrass,FALSE
S56,S53,0.863481228668942,0.8,0.06348122866894199,Coral,West,Seagrass,East,Coral_vs_Seagrass,FALSE
S57,S53,0.8344370860927153,0.7706422018348624,0.06379488425785285,Coral,West,Seagrass,East,Coral_vs_Seagrass,FALSE
S58,S53,0.8416289592760181,0.8186528497409327,0.022976109535085457,Coral,West,Seagrass,East,Coral_vs_Seagrass,FALSE
S59,S53,0.8434782608695652,0.8223684210526315,0.021109839816933637,Coral,West,Seagrass,East,Coral_vs_Seagrass,FALSE
S60,S53,0.8195488721804511,0.8134715025906736,0.006077369589777552,Coral,West,Seagrass,East,Coral_vs_Seagrass,FALSE
S61,S53,0.821656050955414,0.768595041322314,0.05306100963309997,Mangrove,West,Seagrass,East,Mangrove_vs_Seagrass,FALSE
S62,S53,0.8450704225352113,0.7582417582417582,0.08682866429345303,Mangrove,West,Seagrass,East,Mangrove_vs_Seagrass,FALSE
S63,S53,0.8421052631578947,0.7837837837837838,0.05832147937411096,Mangrove,West,Seagrass,East,Mangrove_vs_Seagrass,FALSE
S64,S53,0.8378378378378378,0.8071428571428572,0.030694980694980695,Mangrove,West,Seagrass,East,Mangrove_vs_Seagrass,FALSE
S65,S53,0.847457627118644,0.8322981366459627,0.015159490472681336,Mangrove,West,Seagrass,East,Mangrove_vs_Seagrass,FALSE
S71,S53,1,1,0,Coral,East,Seagrass,East,Coral_vs_Seagrass,TRUE
S73,S53,1,1,0,Coral,East,Seagrass,East,Coral_vs_Seagrass,TRUE
S74,S53,0.9898477157360406,0.75,0.2398477157360406,Coral,East,Seagrass,East,Coral_vs_Seagrass,TRUE
S75,S53,0.9898477157360406,0.75,0.2398477157360406,Coral,East,Seagrass,East,Coral_vs_Seagrass,TRUE
S77,S53,0.9615384615384616,0.7333333333333333,0.2282051282051282,Coral,East,Seagrass,East,Coral_vs_Seagrass,TRUE
S78,S53,0.9714285714285714,0.8235294117647058,0.14789915966386555,Coral,East,Seagrass,East,Coral_vs_Seagrass,TRUE
S80,S53,0.9795918367346939,0.3333333333333333,0.6462585034013605,Coral,East,Seagrass,East,Coral_vs_Seagrass,TRUE
S81,S53,0.7176470588235294,0.673469387755102,0.04417767106842736,Mangrove,East,Seagrass,East,Mangrove_vs_Seagrass,TRUE
S82,S53,0.632183908045977,0.5025906735751295,0.12959323447084747,Mangrove,East,Seagrass,East,Mangrove_vs_Seagrass,TRUE
S83,S53,0.7023498694516971,0.7,0.0023498694516971277,Mangrove,East,Seagrass,East,Mangrove_vs_Seagrass,TRUE
S84,S53,0.6949152542372882,0.6645962732919255,0.030318980945362672,Mangrove,East,Seagrass,East,Mangrove_vs_Seagrass,TRUE
S85,S53,0.7952218430034129,0.7,0.09522184300341296,Mangrove,East,Seagrass,East,Mangrove_vs_Seagrass,TRUE
S86,S53,0.8837209302325582,0.7692307692307693,0.11449016100178891,Mangrove,West,Seagrass,East,Mangrove_vs_Seagrass,FALSE
S87,S53,0.9385964912280702,0.8,0.1385964912280702,Mangrove,West,Seagrass,East,Mangrove_vs_Seagrass,FALSE
S88,S53,0.9577464788732394,0.9340659340659341,0.023680544807305373,Mangrove,West,Seagrass,East,Mangrove_vs_Seagrass,FALSE
S89,S53,0.9773584905660377,0.9583333333333334,0.019025157232704402,Mangrove,West,Seagrass,East,Mangrove_vs_Seagrass,FALSE
S90,S53,0.9850187265917603,0.972972972972973,0.012045753618787326,Mangrove,West,Seagrass,East,Mangrove_vs_Seagrass,FALSE
S96,S53,0.9105691056910569,0.7924528301886793,0.11811627550237767,Mangrove,West,Seagrass,East,Mangrove_vs_Seagrass,FALSE
S97,S53,0.9596774193548387,0.9090909090909091,0.050586510263929615,Mangrove,West,Seagrass,East,Mangrove_vs_Seagrass,FALSE
S98,S53,0.8811188811188811,0.8172043010752689,0.0639145800436123,Mangrove,West,Seagrass,East,Mangrove_vs_Seagrass,FALSE
S99,S53,0.8709677419354839,0.8290598290598291,0.04190791287565481,Mangrove,West,Seagrass,East,Mangrove_vs_Seagrass,FALSE
S100,S53,0.8993288590604027,0.8571428571428571,0.04218600191754554,Mangrove,West,Seagrass,East,Mangrove_vs_Seagrass,FALSE
S101,S53,0.9605911330049262,0.6,0.3605911330049261,Coral,West,Seagrass,East,Coral_vs_Seagrass,FALSE
S102,S53,0.9798994974874372,0.6666666666666666,0.31323283082077047,Coral,West,Seagrass,East,Coral_vs_Seagrass,FALSE
S103,S53,0.9900497512437811,0.875,0.1150497512437811,Coral,West,Seagrass,East,Coral_vs_Seagrass,FALSE
S104,S53,0.9619047619047619,0.7647058823529411,0.19719887955182072,Coral,West,Seagrass,East,Coral_vs_Seagrass,FALSE
S105,S53,0.9528301886792453,0.7368421052631579,0.21598808341608738,Coral,West,Seagrass,East,Coral_vs_Seagrass,FALSE
S106,S53,0.9134199134199135,0.7368421052631579,0.17657780815675553,Mangrove,West,Seagrass,East,Mangrove_vs_Seagrass,FALSE
S107,S53,0.8909090909090909,0.5555555555555556,0.33535353535353535,Mangrove,West,Seagrass,East,Mangrove_vs_Seagrass,FALSE
S108,S53,0.9095022624434389,0.6428571428571429,0.26664511958629605,Mangrove,West,Seagrass,East,Mangrove_vs_Seagrass,FALSE
S109,S53,0.9622641509433962,0.7894736842105263,0.1727904667328699,Mangrove,West,Seagrass,East,Mangrove_vs_Seagrass,FALSE
S110,S53,0.9441860465116279,0.7272727272727273,0.21691331923890061,Mangrove,West,Seagrass,East,Mangrove_vs_Seagrass,FALSE
S56,S54,0.8923766816143498,0.88,0.012376681614349776,Coral,West,Seagrass,East,Coral_vs_Seagrass,FALSE
S57,S54,0.8879310344827587,0.8807339449541285,0.007197089528630181,Coral,West,Seagrass,East,Coral_vs_Seagrass,FALSE
S58,S54,0.8817204301075269,0.8211382113821138,0.060582218725413056,Coral,West,Seagrass,East,Coral_vs_Seagrass,FALSE
S59,S54,0.8618181818181818,0.8455284552845529,0.016289726533628972,Coral,West,Seagrass,East,Coral_vs_Seagrass,FALSE
S60,S54,0.9027355623100304,0.8699186991869918,0.03281686312303853,Coral,West,Seagrass,East,Coral_vs_Seagrass,FALSE
S61,S54,0.8852459016393442,0.8842975206611571,9.483809781872376e-4,Mangrove,West,Seagrass,East,Mangrove_vs_Seagrass,FALSE
S62,S54,0.8785046728971962,0.8571428571428571,0.021361815754339115,Mangrove,West,Seagrass,East,Mangrove_vs_Seagrass,FALSE
S63,S54,0.905982905982906,0.9009009009009009,0.005082005082005082,Mangrove,West,Seagrass,East,Mangrove_vs_Seagrass,FALSE
S64,S54,0.8783269961977186,0.8699186991869918,0.008408297010726762,Mangrove,West,Seagrass,East,Mangrove_vs_Seagrass,FALSE
S65,S54,0.8661971830985915,0.8455284552845529,0.020668727814038702,Mangrove,West,Seagrass,East,Mangrove_vs_Seagrass,FALSE
S71,S54,1,1,0,Coral,East,Seagrass,East,Coral_vs_Seagrass,TRUE
S73,S54,1,1,0,Coral,East,Seagrass,East,Coral_vs_Seagrass,TRUE
S74,S54,1,1,0,Coral,East,Seagrass,East,Coral_vs_Seagrass,TRUE
S75,S54,1,1,0,Coral,East,Seagrass,East,Coral_vs_Seagrass,TRUE
S77,S54,0.9710144927536232,0.8666666666666667,0.10434782608695653,Coral,East,Seagrass,East,Coral_vs_Seagrass,TRUE
S78,S54,0.9714285714285714,0.8823529411764706,0.08907563025210083,Coral,East,Seagrass,East,Coral_vs_Seagrass,TRUE
S80,S54,0.9841269841269841,0.6666666666666666,0.31746031746031744,Coral,East,Seagrass,East,Coral_vs_Seagrass,TRUE
S81,S54,0.7925925925925926,0.7723577235772358,0.02023486901535682,Mangrove,East,Seagrass,East,Mangrove_vs_Seagrass,TRUE
S82,S54,0.7345132743362832,0.5121951219512195,0.22231815238506367,Mangrove,East,Seagrass,East,Mangrove_vs_Seagrass,TRUE
S83,S54,0.7827476038338658,0.7235772357723578,0.05917036806150809,Mangrove,East,Seagrass,East,Mangrove_vs_Seagrass,TRUE
S84,S54,0.795774647887324,0.7642276422764228,0.03154700561090118,Mangrove,East,Seagrass,East,Mangrove_vs_Seagrass,TRUE
S85,S54,0.8026905829596412,0.78,0.022690582959641256,Mangrove,East,Seagrass,East,Mangrove_vs_Seagrass,TRUE
S86,S54,0.925531914893617,0.8923076923076924,0.033224222585924716,Mangrove,West,Seagrass,East,Mangrove_vs_Seagrass,FALSE
S87,S54,0.9493670886075949,0.8857142857142857,0.06365280289330921,Mangrove,West,Seagrass,East,Mangrove_vs_Seagrass,FALSE
S88,S54,0.9532710280373832,0.945054945054945,0.008216082982438122,Mangrove,West,Seagrass,East,Mangrove_vs_Seagrass,FALSE
S89,S54,0.9794871794871794,0.9722222222222222,0.007264957264957265,Mangrove,West,Seagrass,East,Mangrove_vs_Seagrass,FALSE
S90,S54,0.9796954314720813,0.972972972972973,0.006722458499108246,Mangrove,West,Seagrass,East,Mangrove_vs_Seagrass,FALSE
S96,S54,0.9204545454545454,0.8679245283018868,0.05253001715265866,Mangrove,West,Seagrass,East,Mangrove_vs_Seagrass,FALSE
S97,S54,0.9550561797752809,0.9272727272727272,0.027783452502553624,Mangrove,West,Seagrass,East,Mangrove_vs_Seagrass,FALSE
S98,S54,0.9074074074074074,0.8924731182795699,0.014934289127837517,Mangrove,West,Seagrass,East,Mangrove_vs_Seagrass,FALSE
S99,S54,0.9083333333333333,0.905982905982906,0.0023504273504273508,Mangrove,West,Seagrass,East,Mangrove_vs_Seagrass,FALSE
S100,S54,0.9122807017543859,0.9047619047619048,0.007518796992481203,Mangrove,West,Seagrass,East,Mangrove_vs_Seagrass,FALSE
S101,S54,0.9548872180451128,0.7,0.2548872180451128,Coral,West,Seagrass,East,Coral_vs_Seagrass,FALSE
S102,S54,0.9844961240310077,0.8333333333333334,0.1511627906976744,Coral,West,Seagrass,East,Coral_vs_Seagrass,FALSE
S103,S54,0.9847328244274809,0.875,0.10973282442748092,Coral,West,Seagrass,East,Coral_vs_Seagrass,FALSE
S104,S54,0.9571428571428572,0.8235294117647058,0.13361344537815126,Coral,West,Seagrass,East,Coral_vs_Seagrass,FALSE
S105,S54,0.9577464788732394,0.8421052631578947,0.11564121571534469,Coral,West,Seagrass,East,Coral_vs_Seagrass,FALSE
S106,S54,0.9130434782608695,0.8157894736842105,0.09725400457665903,Mangrove,West,Seagrass,East,Mangrove_vs_Seagrass,FALSE
S107,S54,0.92,0.7777777777777778,0.14222222222222222,Mangrove,West,Seagrass,East,Mangrove_vs_Seagrass,FALSE
S108,S54,0.9470198675496688,0.8571428571428571,0.08987701040681173,Mangrove,West,Seagrass,East,Mangrove_vs_Seagrass,FALSE
S109,S54,0.9577464788732394,0.8421052631578947,0.11564121571534469,Mangrove,West,Seagrass,East,Mangrove_vs_Seagrass,FALSE
S110,S54,0.9586206896551724,0.8636363636363636,0.09498432601880877,Mangrove,West,Seagrass,East,Mangrove_vs_Seagrass,FALSE
S56,S55,0.870722433460076,0.83,0.04072243346007605,Coral,West,Seagrass,East,Coral_vs_Seagrass,FALSE
S57,S55,0.8823529411764706,0.8532110091743119,0.02914193200215866,Coral,West,Seagrass,East,Coral_vs_Seagrass,FALSE
S58,S55,0.8495145631067961,0.8098159509202454,0.03969861218655072,Coral,West,Seagrass,East,Coral_vs_Seagrass,FALSE
S59,S55,0.873015873015873,0.868421052631579,0.004594820384294068,Coral,West,Seagrass,East,Coral_vs_Seagrass,FALSE
S60,S55,0.8699186991869918,0.852760736196319,0.01715796299067285,Coral,West,Seagrass,East,Coral_vs_Seagrass,FALSE
S61,S55,0.8450704225352113,0.8181818181818182,0.026888604353393086,Mangrove,West,Seagrass,East,Mangrove_vs_Seagrass,FALSE
S62,S55,0.8661417322834646,0.8131868131868132,0.05295491909665138,Mangrove,West,Seagrass,East,Mangrove_vs_Seagrass,FALSE
S63,S55,0.8686131386861314,0.8378378378378378,0.03077530084829355,Mangrove,West,Seagrass,East,Mangrove_vs_Seagrass,FALSE
S64,S55,0.8613861386138614,0.85,0.011386138613861386,Mangrove,West,Seagrass,East,Mangrove_vs_Seagrass,FALSE
S65,S55,0.8518518518518519,0.8509316770186336,9.201748332183115e-4,Mangrove,West,Seagrass,East,Mangrove_vs_Seagrass,FALSE
S71,S55,1,1,0,Coral,East,Seagrass,East,Coral_vs_Seagrass,TRUE
S73,S55,1,1,0,Coral,East,Seagrass,East,Coral_vs_Seagrass,TRUE
S74,S55,1,1,0,Coral,East,Seagrass,East,Coral_vs_Seagrass,TRUE
S75,S55,0.9880239520958084,0.75,0.23802395209580837,Coral,East,Seagrass,East,Coral_vs_Seagrass,TRUE
S77,S55,0.9550561797752809,0.7333333333333333,0.22172284644194756,Coral,East,Seagrass,East,Coral_vs_Seagrass,TRUE
S78,S55,0.9555555555555556,0.7647058823529411,0.19084967320261437,Coral,East,Seagrass,East,Coral_vs_Seagrass,TRUE
S80,S55,0.9879518072289156,0.6666666666666666,0.321285140562249,Coral,East,Seagrass,East,Coral_vs_Seagrass,TRUE
S81,S55,0.7483870967741936,0.7346938775510204,0.013693219223173141,Mangrove,East,Seagrass,East,Mangrove_vs_Seagrass,TRUE
S82,S55,0.7398373983739838,0.6073619631901841,0.1324754351837997,Mangrove,East,Seagrass,East,Mangrove_vs_Seagrass,TRUE
S83,S55,0.7507082152974505,0.7300613496932515,0.020646865604198893,Mangrove,East,Seagrass,East,Mangrove_vs_Seagrass,TRUE
S84,S55,0.7345679012345679,0.7329192546583851,0.001648646576182808,Mangrove,East,Seagrass,East,Mangrove_vs_Seagrass,TRUE
S85,S55,0.7870722433460076,0.72,0.06707224334600762,Mangrove,East,Seagrass,East,Mangrove_vs_Seagrass,TRUE
S86,S55,0.9122807017543859,0.8461538461538461,0.06612685560053981,Mangrove,West,Seagrass,East,Mangrove_vs_Seagrass,FALSE
S87,S55,0.9494949494949495,0.8571428571428571,0.09235209235209235,Mangrove,West,Seagrass,East,Mangrove_vs_Seagrass,FALSE
S88,S55,0.9291338582677166,0.9010989010989011,0.028034957168815437,Mangrove,West,Seagrass,East,Mangrove_vs_Seagrass,FALSE
S89,S55,0.9574468085106383,0.9305555555555556,0.026891252955082743,Mangrove,West,Seagrass,East,Mangrove_vs_Seagrass,FALSE
S90,S55,0.9746835443037974,0.9594594594594594,0.01522408484433801,Mangrove,West,Seagrass,East,Mangrove_vs_Seagrass,FALSE
S96,S55,0.9166666666666666,0.8301886792452831,0.08647798742138366,Mangrove,West,Seagrass,East,Mangrove_vs_Seagrass,FALSE
S97,S55,0.9541284403669725,0.9090909090909091,0.04503753127606339,Mangrove,West,Seagrass,East,Mangrove_vs_Seagrass,FALSE
S98,S55,0.8828125,0.8387096774193549,0.04410282258064516,Mangrove,West,Seagrass,East,Mangrove_vs_Seagrass,FALSE
S99,S55,0.8642857142857143,0.8376068376068376,0.02667887667887668,Mangrove,West,Seagrass,East,Mangrove_vs_Seagrass,FALSE
S100,S55,0.8880597014925373,0.8571428571428571,0.030916844349680166,Mangrove,West,Seagrass,East,Mangrove_vs_Seagrass,FALSE
S101,S55,0.9653179190751445,0.7,0.26531791907514446,Coral,West,Seagrass,East,Coral_vs_Seagrass,FALSE
S102,S55,0.9881656804733728,0.8333333333333334,0.15483234714003943,Coral,West,Seagrass,East,Coral_vs_Seagrass,FALSE
S103,S55,0.9883040935672515,0.875,0.11330409356725146,Coral,West,Seagrass,East,Coral_vs_Seagrass,FALSE
S104,S55,0.9666666666666667,0.8235294117647058,0.1431372549019608,Coral,West,Seagrass,East,Coral_vs_Seagrass,FALSE
S105,S55,0.9560439560439561,0.7894736842105263,0.1665702718334297,Coral,West,Seagrass,East,Coral_vs_Seagrass,FALSE
S106,S55,0.9104477611940298,0.7631578947368421,0.14728986645718772,Mangrove,West,Seagrass,East,Mangrove_vs_Seagrass,FALSE
S107,S55,0.9052631578947369,0.6666666666666666,0.23859649122807017,Mangrove,West,Seagrass,East,Mangrove_vs_Seagrass,FALSE
S108,S55,0.9057591623036649,0.6785714285714286,0.22718773373223639,Mangrove,West,Seagrass,East,Mangrove_vs_Seagrass,FALSE
S109,S55,0.967032967032967,0.8421052631578947,0.12492770387507228,Mangrove,West,Seagrass,East,Mangrove_vs_Seagrass,FALSE
S110,S55,0.9351351351351351,0.7272727272727273,0.20786240786240784,Mangrove,West,Seagrass,East,Mangrove_vs_Seagrass,FALSE
S61,S56,0.6380090497737556,0.6,0.03800904977375566,Mangrove,West,Coral,West,Coral_vs_Mangrove,TRUE
S62,S56,0.7172774869109948,0.7032967032967034,0.013980783614291468,Mangrove,West,Coral,West,Coral_vs_Mangrove,TRUE
S63,S56,0.7061611374407583,0.69,0.016161137440758293,Mangrove,West,Coral,West,Coral_vs_Mangrove,TRUE
S64,S56,0.725,0.67,0.055,Mangrove,West,Coral,West,Coral_vs_Mangrove,TRUE
S65,S56,0.6551724137931034,0.55,0.10517241379310345,Mangrove,West,Coral,West,Coral_vs_Mangrove,TRUE
S66,S56,0.654320987654321,0.5483870967741935,0.10593389088012743,Seagrass,West,Coral,West,Coral_vs_Seagrass,TRUE
S67,S56,0.6274509803921569,0.62,0.007450980392156863,Seagrass,West,Coral,West,Coral_vs_Seagrass,TRUE
S68,S56,0.578544061302682,0.45,0.128544061302682,Seagrass,West,Coral,West,Coral_vs_Seagrass,TRUE
S69,S56,0.6397058823529411,0.51,0.12970588235294117,Seagrass,West,Coral,West,Coral_vs_Seagrass,TRUE
S70,S56,0.5619834710743802,0.47,0.09198347107438017,Seagrass,West,Coral,West,Coral_vs_Seagrass,TRUE
S81,S56,0.902834008097166,0.88,0.02283400809716599,Mangrove,East,Coral,West,Coral_vs_Mangrove,FALSE
S82,S56,0.8927738927738927,0.77,0.12277389277389278,Mangrove,East,Coral,West,Coral_vs_Mangrove,FALSE
S83,S56,0.8620689655172413,0.8,0.062068965517241385,Mangrove,East,Coral,West,Coral_vs_Mangrove,FALSE
S84,S56,0.8850574712643678,0.85,0.03505747126436781,Mangrove,East,Coral,West,Coral_vs_Mangrove,FALSE
S85,S56,0.97,0.97,0,Mangrove,East,Coral,West,Coral_vs_Mangrove,FALSE
S86,S56,0.7818181818181819,0.7230769230769231,0.058741258741258746,Mangrove,West,Coral,West,Coral_vs_Mangrove,TRUE
S87,S56,0.9111111111111111,0.8285714285714286,0.08253968253968254,Mangrove,West,Coral,West,Coral_vs_Mangrove,TRUE
S88,S56,0.9581151832460733,0.9560439560439561,0.0020712272021172545,Mangrove,West,Coral,West,Coral_vs_Mangrove,TRUE
S89,S56,0.9883720930232558,0.9861111111111112,0.0022609819121447027,Mangrove,West,Coral,West,Coral_vs_Mangrove,TRUE
S90,S56,1,1,0,Mangrove,West,Coral,West,Coral_vs_Mangrove,TRUE
S91,S56,0.74,0.74,0,Seagrass,West,Coral,West,Coral_vs_Seagrass,TRUE
S92,S56,0.803921568627451,0.71698113207547165,0.08694043655197929,Seagrass,West,Coral,West,Coral_vs_Seagrass,TRUE
S93,S56,0.8449612403100775,0.6551724137931034,0.18978882651697407,Seagrass,West,Coral,West,Coral_vs_Seagrass,TRUE
S94,S56,0.9322033898305084,0.7777777777777778,0.1544256120527307,Seagrass,West,Coral,West,Coral_vs_Seagrass,TRUE
S95,S56,0.8156028368794326,0.6829268292682927,0.13267600761113993,Seagrass,West,Coral,West,Coral_vs_Seagrass,TRUE
S96,S56,0.9869281045751634,0.9811320754716981,0.005796029103465285,Mangrove,West,Coral,West,Coral_vs_Mangrove,TRUE
S97,S56,1,1,0,Mangrove,West,Coral,West,Coral_vs_Mangrove,TRUE
S98,S56,0.9792746113989638,0.978494623655914,7.79987743049752e-4,Mangrove,West,Coral,West,Coral_vs_Mangrove,TRUE
S99,S56,0.9815668202764977,0.98,0.0015668202764976959,Mangrove,West,Coral,West,Coral_vs_Mangrove,TRUE
S100,S56,0.9707317073170731,0.97,7.317073170731707e-4,Mangrove,West,Coral,West,Coral_vs_Mangrove,TRUE
S106,S56,0.8695652173913043,0.7631578947368421,0.10640732265446223,Mangrove,West,Coral,West,Coral_vs_Mangrove,TRUE
S107,S56,0.8582677165354331,0.6666666666666666,0.1916010498687664,Mangrove,West,Coral,West,Coral_vs_Mangrove,TRUE
S108,S56,0.828125,0.6071428571428571,0.22098214285714285,Mangrove,West,Coral,West,Coral_vs_Mangrove,TRUE
S109,S56,0.8991596638655462,0.6842105263157895,0.21494913754975675,Mangrove,West,Coral,West,Coral_vs_Mangrove,TRUE
S110,S56,0.9180327868852459,0.7727272727272727,0.1453055141579732,Mangrove,West,Coral,West,Coral_vs_Mangrove,TRUE
S61,S57,0.6260869565217392,0.6055045871559633,0.02058236936577583,Mangrove,West,Coral,West,Coral_vs_Mangrove,TRUE
S62,S57,0.69,0.6593406593406593,0.03065934065934066,Mangrove,West,Coral,West,Coral_vs_Mangrove,TRUE
S63,S57,0.6363636363636364,0.6330275229357798,0.003336113427856547,Mangrove,West,Coral,West,Coral_vs_Mangrove,TRUE
S64,S57,0.6947791164658634,0.6513761467889908,0.04340296967687263,Mangrove,West,Coral,West,Coral_vs_Mangrove,TRUE
S65,S57,0.6666666666666666,0.5871559633027523,0.07951070336391437,Mangrove,West,Coral,West,Coral_vs_Mangrove,TRUE
S66,S57,0.7192982456140351,0.6129032258064516,0.10639501980758347,Seagrass,West,Coral,West,Coral_vs_Seagrass,TRUE
S67,S57,0.6431924882629108,0.6346153846153846,0.008577103647526181,Seagrass,West,Coral,West,Coral_vs_Seagrass,TRUE
S68,S57,0.6296296296296297,0.5412844036697247,0.08834522595990486,Seagrass,West,Coral,West,Coral_vs_Seagrass,TRUE
S69,S57,0.6441281138790036,0.5412844036697247,0.1028437102092788,Seagrass,West,Coral,West,Coral_vs_Seagrass,TRUE
S70,S57,0.601593625498008,0.5412844036697247,0.060309221828283195,Seagrass,West,Coral,West,Coral_vs_Seagrass,TRUE
S81,S57,0.859375,0.8348623853211009,0.024512614678899085,Mangrove,East,Coral,West,Coral_vs_Mangrove,FALSE
S82,S57,0.863013698630137,0.7247706422018348,0.13824305642830212,Mangrove,East,Coral,West,Coral_vs_Mangrove,FALSE
S83,S57,0.8461538461538461,0.7889908256880734,0.05716302046577276,Mangrove,East,Coral,West,Coral_vs_Mangrove,FALSE
S84,S57,0.8592592592592593,0.8256880733944955,0.03357118586476385,Mangrove,East,Coral,West,Coral_vs_Mangrove,FALSE
S85,S57,0.9617224880382775,0.96,0.0017224880382775121,Mangrove,East,Coral,West,Coral_vs_Mangrove,FALSE
S86,S57,0.7701149425287356,0.6923076923076923,0.07780725022104333,Mangrove,West,Coral,West,Coral_vs_Mangrove,TRUE
S87,S57,0.9027777777777778,0.8,0.10277777777777777,Mangrove,West,Coral,West,Coral_vs_Mangrove,TRUE
S88,S57,0.95,0.945054945054945,0.004945054945054945,Mangrove,West,Coral,West,Coral_vs_Mangrove,TRUE
S89,S57,0.988950276243094,0.9861111111111112,0.0028391651319828117,Mangrove,West,Coral,West,Coral_vs_Mangrove,TRUE
S90,S57,1,1,0,Mangrove,West,Coral,West,Coral_vs_Mangrove,TRUE
S91,S57,0.722488038277512,0.71,0.012488038277511961,Seagrass,West,Coral,West,Coral_vs_Seagrass,TRUE
S92,S57,0.7654320987654321,0.6415094339622641,0.12392266480316794,Seagrass,West,Coral,West,Coral_vs_Seagrass,TRUE
S93,S57,0.8115942028985508,0.5517241379310345,0.25987006496751625,Seagrass,West,Coral,West,Coral_vs_Seagrass,TRUE
S94,S57,0.8740157480314961,0.5555555555555556,0.3184601924759405,Seagrass,West,Coral,West,Coral_vs_Seagrass,TRUE
S95,S57,0.8,0.6341463414634146,0.16585365853658535,Seagrass,West,Coral,West,Coral_vs_Seagrass,TRUE
S96,S57,0.9876543209876543,0.9811320754716981,0.006522245515956207,Mangrove,West,Coral,West,Coral_vs_Mangrove,TRUE
S97,S57,0.9878048780487805,0.9818181818181818,0.005986696230598669,Mangrove,West,Coral,West,Coral_vs_Mangrove,TRUE
S98,S57,0.9603960396039604,0.956989247311828,0.0034067922921324394,Mangrove,West,Coral,West,Coral_vs_Mangrove,TRUE
S99,S57,0.9911504424778761,0.9908256880733946,3.247544044816108e-4,Mangrove,West,Coral,West,Coral_vs_Mangrove,TRUE
S100,S57,0.9719626168224299,0.9714285714285714,5.340453938584779e-4,Mangrove,West,Coral,West,Coral_vs_Mangrove,TRUE
S106,S57,0.8775510204081632,0.7631578947368421,0.11439312567132115,Mangrove,West,Coral,West,Coral_vs_Mangrove,TRUE
S107,S57,0.8088235294117647,0.5185185185185185,0.2903050108932462,Mangrove,West,Coral,West,Coral_vs_Mangrove,TRUE
S108,S57,0.8394160583941606,0.6071428571428571,0.23227320125130346,Mangrove,West,Coral,West,Coral_vs_Mangrove,TRUE
S109,S57,0.921875,0.7368421052631579,0.1850328947368421,Mangrove,West,Coral,West,Coral_vs_Mangrove,TRUE
S110,S57,0.9083969465648855,0.7272727272727273,0.18112421929215822,Mangrove,West,Coral,West,Coral_vs_Mangrove,TRUE
S61,S58,0.6702702702702703,0.49586776859504134,0.17440250167522894,Mangrove,West,Coral,West,Coral_vs_Mangrove,TRUE
S62,S58,0.7235294117647059,0.4835164835164835,0.2400129282482224,Mangrove,West,Coral,West,Coral_vs_Mangrove,TRUE
S63,S58,0.7055555555555556,0.5225225225225225,0.18303303303303306,Mangrove,West,Coral,West,Coral_vs_Mangrove,TRUE
S64,S58,0.6452442159383034,0.5071428571428571,0.13810135879544622,Mangrove,West,Coral,West,Coral_vs_Mangrove,TRUE
S65,S58,0.6146341463414634,0.5093167701863354,0.10531737615512801,Mangrove,West,Coral,West,Coral_vs_Mangrove,TRUE
S66,S58,0.7620578778135049,0.4032258064516129,0.35883207136189194,Seagrass,West,Coral,West,Coral_vs_Seagrass,TRUE
S67,S58,0.6487252124645893,0.40384615384615385,0.24487905861843537,Seagrass,West,Coral,West,Coral_vs_Seagrass,TRUE
S68,S58,0.5609756097560976,0.4409937888198758,0.11998182093622177,Seagrass,West,Coral,West,Coral_vs_Seagrass,TRUE
S69,S58,0.5961995249406176,0.5058139534883721,0.09038557145224548,Seagrass,West,Coral,West,Coral_vs_Seagrass,TRUE
S70,S58,0.5601023017902813,0.39436619718309857,0.16573610460718272,Seagrass,West,Coral,West,Coral_vs_Seagrass,TRUE
S81,S58,0.898989898989899,0.8639455782312925,0.03504432075860647,Mangrove,East,Coral,West,Coral_vs_Mangrove,FALSE
S82,S58,0.8269896193771626,0.7991967871485943,0.027792832228568255,Mangrove,East,Coral,West,Coral_vs_Mangrove,FALSE
S83,S58,0.8678815489749431,0.8473684210526315,0.020513127922311473,Mangrove,East,Coral,West,Coral_vs_Mangrove,FALSE
S84,S58,0.8878048780487805,0.8571428571428571,0.03066202090592334,Mangrove,East,Coral,West,Coral_vs_Mangrove,FALSE
S85,S58,0.9598853868194842,0.93,0.02988538681948424,Mangrove,East,Coral,West,Coral_vs_Mangrove,FALSE
S86,S58,0.8152866242038217,0.5538461538461539,0.2614404703576678,Mangrove,West,Coral,West,Coral_vs_Mangrove,TRUE
S87,S58,0.9295774647887324,0.7142857142857143,0.2152917505030181,Mangrove,West,Coral,West,Coral_vs_Mangrove,TRUE
S88,S58,0.9588235294117647,0.9230769230769231,0.035746606334841634,Mangrove,West,Coral,West,Coral_vs_Mangrove,TRUE
S89,S58,0.9813084112149533,0.9583333333333334,0.022975077881619933,Mangrove,West,Coral,West,Coral_vs_Mangrove,TRUE
S90,S58,1,1,0,Mangrove,West,Coral,West,Coral_vs_Mangrove,TRUE
S91,S58,0.7707736389684814,0.6,0.17077363896848138,Seagrass,West,Coral,West,Coral_vs_Seagrass,TRUE
S92,S58,0.8278145695364238,0.5094339622641509,0.3183806072722729,Seagrass,West,Coral,West,Coral_vs_Seagrass,TRUE
S93,S58,0.8633093525179856,0.3448275862068966,0.518481766311089,Seagrass,West,Coral,West,Coral_vs_Seagrass,TRUE
S94,S58,0.9250936329588015,0.4444444444444444,0.48064918851435706,Seagrass,West,Coral,West,Coral_vs_Seagrass,TRUE
S95,S58,0.8482758620689655,0.4634146341463415,0.38486122792262406,Seagrass,West,Coral,West,Coral_vs_Seagrass,TRUE
S96,S58,0.9933774834437086,0.9811320754716981,0.012245407972010494,Mangrove,West,Coral,West,Coral_vs_Mangrove,TRUE
S97,S58,1,1,0,Mangrove,West,Coral,West,Coral_vs_Mangrove,TRUE
S98,S58,0.9766081871345029,0.956989247311828,0.019618939822674968,Mangrove,West,Coral,West,Coral_vs_Mangrove,TRUE
S99,S58,0.9890710382513661,0.9829059829059829,0.006165055345383215,Mangrove,West,Coral,West,Coral_vs_Mangrove,TRUE
S100,S58,0.9830508474576272,0.9714285714285714,0.011622276029055691,Mangrove,West,Coral,West,Coral_vs_Mangrove,TRUE
S106,S58,0.9163763066202091,0.6842105263157895,0.23216578030441956,Mangrove,West,Coral,West,Coral_vs_Mangrove,TRUE
S107,S58,0.8985507246376812,0.48148148148148145,0.41706924315619964,Mangrove,West,Coral,West,Coral_vs_Mangrove,TRUE
S108,S58,0.8989169675090253,0.5,0.3989169675090253,Mangrove,West,Coral,West,Coral_vs_Mangrove,TRUE
S109,S58,0.9402985074626866,0.5789473684210527,0.3613511390416339,Mangrove,West,Coral,West,Coral_vs_Mangrove,TRUE
S110,S58,0.933579335793358,0.5909090909090909,0.34267024488426706,Mangrove,West,Coral,West,Coral_vs_Mangrove,TRUE
S61,S59,0.6410256410256411,0.5950413223140496,0.045984318711591435,Mangrove,West,Coral,West,Coral_vs_Mangrove,TRUE
S62,S59,0.6707818930041153,0.5604395604395604,0.1103423325645548,Mangrove,West,Coral,West,Coral_vs_Mangrove,TRUE
S63,S59,0.6958174904942965,0.6396396396396397,0.05617785085465694,Mangrove,West,Coral,West,Coral_vs_Mangrove,TRUE
S64,S59,0.7054794520547946,0.6928571428571428,0.012622309197651664,Mangrove,West,Coral,West,Coral_vs_Mangrove,TRUE
S65,S59,0.6549520766773163,0.6447368421052632,0.010215234572053136,Mangrove,West,Coral,West,Coral_vs_Mangrove,TRUE
S66,S59,0.7383177570093458,0.5483870967741935,0.18993066023515223,Seagrass,West,Coral,West,Coral_vs_Seagrass,TRUE
S67,S59,0.6484375,0.5673076923076923,0.0811298076923077,Seagrass,West,Coral,West,Coral_vs_Seagrass,TRUE
S68,S59,0.5654952076677316,0.5526315789473685,0.012863628720363209,Seagrass,West,Coral,West,Coral_vs_Seagrass,TRUE
S69,S59,0.5802469135802469,0.5526315789473685,0.02761533463287849,Seagrass,West,Coral,West,Coral_vs_Seagrass,TRUE
S70,S59,0.54421768707483,0.528169014084507,0.01604867299032289,Seagrass,West,Coral,West,Coral_vs_Seagrass,TRUE
S81,S59,0.9130434782608695,0.9115646258503401,0.0014788524105294291,Mangrove,East,Coral,West,Coral_vs_Mangrove,FALSE
S82,S59,0.8711018711018711,0.7960526315789473,0.07504923952292374,Mangrove,East,Coral,West,Coral_vs_Mangrove,FALSE
S83,S59,0.8654970760233918,0.8486842105263158,0.016812865497076022,Mangrove,East,Coral,West,Coral_vs_Mangrove,FALSE
S84,S59,0.9105431309904153,0.9078947368421053,0.0026483941483100722,Mangrove,East,Coral,West,Coral_vs_Mangrove,FALSE
S85,S59,0.9682539682539683,0.96,0.008253968253968253,Mangrove,East,Coral,West,Coral_vs_Mangrove,FALSE
S86,S59,0.8341013824884793,0.7230769230769231,0.11102445941155618,Mangrove,West,Coral,West,Coral_vs_Mangrove,TRUE
S87,S59,0.9037433155080213,0.7428571428571429,0.1608861726508785,Mangrove,West,Coral,West,Coral_vs_Mangrove,TRUE
S88,S59,0.9670781893004116,0.9560439560439561,0.011034233256455481,Mangrove,West,Coral,West,Coral_vs_Mangrove,TRUE
S89,S59,0.9821428571428571,0.9722222222222222,0.00992063492063492,Mangrove,West,Coral,West,Coral_vs_Mangrove,TRUE
S90,S59,1,1,0,Mangrove,West,Coral,West,Coral_vs_Mangrove,TRUE
S91,S59,0.7063492063492064,0.63,0.07634920634920635,Seagrass,West,Coral,West,Coral_vs_Seagrass,TRUE
S92,S59,0.824390243902439,0.660377358490566,0.16401288541187298,Seagrass,West,Coral,West,Coral_vs_Seagrass,TRUE
S93,S59,0.8453038674033149,0.5172413793103449,0.3280624880929701,Seagrass,West,Coral,West,Coral_vs_Seagrass,TRUE
S94,S59,0.9176470588235294,0.6111111111111112,0.3065359477124183,Seagrass,West,Coral,West,Coral_vs_Seagrass,TRUE
S95,S59,0.8341968911917098,0.6097560975609756,0.22444079363073427,Seagrass,West,Coral,West,Coral_vs_Seagrass,TRUE
S96,S59,0.9902439024390244,0.9811320754716981,0.009111826967326276,Mangrove,West,Coral,West,Coral_vs_Mangrove,TRUE
S97,S59,1,1,0,Mangrove,West,Coral,West,Coral_vs_Mangrove,TRUE
S98,S59,0.9836734693877551,0.978494623655914,0.005178845731841124,Mangrove,West,Coral,West,Coral_vs_Mangrove,TRUE
S99,S59,0.9925650557620818,0.9914529914529915,0.0011120643090903315,Mangrove,West,Coral,West,Coral_vs_Mangrove,TRUE
S100,S59,0.9766536964980544,0.9714285714285714,0.005225125069483046,Mangrove,West,Coral,West,Coral_vs_Mangrove,TRUE
S106,S59,0.9052631578947369,0.7631578947368421,0.14210526315789473,Mangrove,West,Coral,West,Coral_vs_Mangrove,TRUE
S107,S59,0.8659217877094972,0.5555555555555556,0.3103662321539416,Mangrove,West,Coral,West,Coral_vs_Mangrove,TRUE
S108,S59,0.8888888888888888,0.6428571428571429,0.24603174603174605,Mangrove,West,Coral,West,Coral_vs_Mangrove,TRUE
S109,S59,0.9415204678362573,0.7368421052631579,0.2046783625730994,Mangrove,West,Coral,West,Coral_vs_Mangrove,TRUE
S110,S59,0.9540229885057471,0.8181818181818182,0.13584117032392895,Mangrove,West,Coral,West,Coral_vs_Mangrove,TRUE
S61,S60,0.6513761467889908,0.5289256198347108,0.12245052695428006,Mangrove,West,Coral,West,Coral_vs_Mangrove,TRUE
S62,S60,0.696969696969697,0.5054945054945055,0.1914751914751915,Mangrove,West,Coral,West,Coral_vs_Mangrove,TRUE
S63,S60,0.6656151419558359,0.5225225225225225,0.14309261943331344,Mangrove,West,Coral,West,Coral_vs_Mangrove,TRUE
S64,S60,0.6473988439306358,0.5642857142857143,0.08311312964492155,Mangrove,West,Coral,West,Coral_vs_Mangrove,TRUE
S65,S60,0.5967302452316077,0.5403726708074534,0.05635757442415421,Mangrove,West,Coral,West,Coral_vs_Mangrove,TRUE
S66,S60,0.7388059701492538,0.43548387096774194,0.3033220991815118,Seagrass,West,Coral,West,Coral_vs_Seagrass,TRUE
S67,S60,0.5935483870967742,0.3942307692307692,0.19931761786600496,Seagrass,West,Coral,West,Coral_vs_Seagrass,TRUE
S68,S60,0.55858310626703,0.4968944099378882,0.06168869632914177,Seagrass,West,Coral,West,Coral_vs_Seagrass,TRUE
S69,S60,0.5502645502645502,0.5058139534883721,0.044450596776178165,Seagrass,West,Coral,West,Coral_vs_Seagrass,TRUE
S70,S60,0.5172413793103449,0.4084507042253521,0.10879067508499271,Seagrass,West,Coral,West,Coral_vs_Seagrass,TRUE
S81,S60,0.8923512747875354,0.8707482993197279,0.021602975467807522,Mangrove,East,Coral,West,Coral_vs_Mangrove,FALSE
S82,S60,0.8429906542056075,0.7961165048543689,0.04687414935123854,Mangrove,East,Coral,West,Coral_vs_Mangrove,FALSE
S83,S60,0.8484848484848485,0.8421052631578947,0.006379585326953748,Mangrove,East,Coral,West,Coral_vs_Mangrove,FALSE
S84,S60,0.8801089918256131,0.8633540372670807,0.016754954558532334,Mangrove,East,Coral,West,Coral_vs_Mangrove,FALSE
S85,S60,0.9673202614379085,0.95,0.017320261437908498,Mangrove,East,Coral,West,Coral_vs_Mangrove,FALSE
S86,S60,0.8007380073800738,0.5846153846153846,0.2161226227646892,Mangrove,West,Coral,West,Coral_vs_Mangrove,TRUE
S87,S60,0.9087136929460581,0.6857142857142857,0.2229994072317724,Mangrove,West,Coral,West,Coral_vs_Mangrove,TRUE
S88,S60,0.9595959595959596,0.9340659340659341,0.025530025530025532,Mangrove,West,Coral,West,Coral_vs_Mangrove,TRUE
S89,S60,0.9784172661870504,0.9583333333333334,0.020083932853717026,Mangrove,West,Coral,West,Coral_vs_Mangrove,TRUE
S90,S60,1,1,0,Mangrove,West,Coral,West,Coral_vs_Mangrove,TRUE
S91,S60,0.6928104575163399,0.53,0.16281045751633985,Seagrass,West,Coral,West,Coral_vs_Seagrass,TRUE
S92,S60,0.7915057915057915,0.49056603773584906,0.3009397537699425,Seagrass,West,Coral,West,Coral_vs_Seagrass,TRUE
S93,S60,0.8723404255319149,0.4827586206896552,0.38958180484225974,Seagrass,West,Coral,West,Coral_vs_Seagrass,TRUE
S94,S60,0.9285714285714286,0.5555555555555556,0.373015873015873,Seagrass,West,Coral,West,Coral_vs_Seagrass,TRUE
S95,S60,0.8299595141700404,0.4878048780487805,0.34215463612126,Seagrass,West,Coral,West,Coral_vs_Seagrass,TRUE
S96,S60,0.9922779922779923,0.9811320754716981,0.011145916806294166,Mangrove,West,Coral,West,Coral_vs_Mangrove,TRUE
S97,S60,1,1,0,Mangrove,West,Coral,West,Coral_vs_Mangrove,TRUE
S98,S60,0.979933110367893,0.967741935483871,0.01219117488402201,Mangrove,West,Coral,West,Coral_vs_Mangrove,TRUE
S99,S60,0.9876160990712074,0.9829059829059829,0.004710116165224525,Mangrove,West,Coral,West,Coral_vs_Mangrove,TRUE
S100,S60,0.9871382636655949,0.9809523809523809,0.006185882713213903,Mangrove,West,Coral,West,Coral_vs_Mangrove,TRUE
S106,S60,0.9098360655737705,0.7105263157894737,0.1993097497842968,Mangrove,West,Coral,West,Coral_vs_Mangrove,TRUE
S107,S60,0.8798283261802575,0.48148148148148145,0.398346844698776,Mangrove,West,Coral,West,Coral_vs_Mangrove,TRUE
S108,S60,0.8632478632478633,0.42857142857142855,0.43467643467643463,Mangrove,West,Coral,West,Coral_vs_Mangrove,TRUE
S109,S60,0.9466666666666667,0.6842105263157895,0.26245614035087717,Mangrove,West,Coral,West,Coral_vs_Mangrove,TRUE
S110,S60,0.9385964912280702,0.6818181818181818,0.25677830940988833,Mangrove,West,Coral,West,Coral_vs_Mangrove,TRUE
S66,S61,0.6830601092896175,0.532258064516129,0.15080204477348846,Seagrass,West,Mangrove,West,Mangrove_vs_Seagrass,TRUE
S67,S61,0.6266666666666667,0.5961538461538461,0.030512820512820515,Seagrass,West,Mangrove,West,Mangrove_vs_Seagrass,TRUE
S68,S61,0.6312056737588653,0.5702479338842975,0.060957739874567735,Seagrass,West,Mangrove,West,Mangrove_vs_Seagrass,TRUE
S69,S61,0.6177474402730375,0.5371900826446281,0.08055735762840945,Seagrass,West,Mangrove,West,Mangrove_vs_Seagrass,TRUE
S70,S61,0.5893536121673004,0.5537190082644629,0.03563460390283757,Seagrass,West,Mangrove,West,Mangrove_vs_Seagrass,TRUE
S71,S61,1,1,0,Coral,East,Mangrove,West,Coral_vs_Mangrove,FALSE
S73,S61,1,1,0,Coral,East,Mangrove,West,Coral_vs_Mangrove,FALSE
S74,S61,1,1,0,Coral,East,Mangrove,West,Coral_vs_Mangrove,FALSE
S75,S61,1,1,0,Coral,East,Mangrove,West,Coral_vs_Mangrove,FALSE
S77,S61,0.9411764705882353,0.7333333333333333,0.20784313725490197,Coral,East,Mangrove,West,Coral_vs_Mangrove,FALSE
S78,S61,0.9710144927536232,0.8823529411764706,0.0886615515771526,Coral,East,Mangrove,West,Coral_vs_Mangrove,FALSE
S80,S61,0.9838709677419355,0.6666666666666666,0.3172043010752688,Coral,East,Mangrove,West,Coral_vs_Mangrove,FALSE
S91,S61,0.7375565610859729,0.71,0.027556561085972847,Seagrass,West,Mangrove,West,Mangrove_vs_Seagrass,TRUE
S92,S61,0.7931034482758621,0.660377358490566,0.13272608978529604,Seagrass,West,Mangrove,West,Mangrove_vs_Seagrass,TRUE
S93,S61,0.8533333333333334,0.6206896551724138,0.23264367816091952,Seagrass,West,Mangrove,West,Mangrove_vs_Seagrass,TRUE
S94,S61,0.9136690647482014,0.6666666666666666,0.24700239808153474,Seagrass,West,Mangrove,West,Mangrove_vs_Seagrass,TRUE
S95,S61,0.7654320987654321,0.5365853658536586,0.22884673291177357,Seagrass,West,Mangrove,West,Mangrove_vs_Seagrass,TRUE
S101,S61,0.9236641221374046,0.5,0.42366412213740456,Coral,West,Mangrove,West,Coral_vs_Mangrove,TRUE
S102,S61,0.968503937007874,0.6666666666666666,0.30183727034120733,Coral,West,Mangrove,West,Coral_vs_Mangrove,TRUE
S103,S61,0.937984496124031,0.5,0.437984496124031,Coral,West,Mangrove,West,Coral_vs_Mangrove,TRUE
S104,S61,0.8695652173913043,0.47058823529411764,0.39897698209718674,Coral,West,Mangrove,West,Coral_vs_Mangrove,TRUE
S105,S61,0.8571428571428571,0.47368421052631576,0.38345864661654133,Coral,West,Mangrove,West,Coral_vs_Mangrove,TRUE
S66,S62,0.673202614379085,0.5967741935483871,0.07642842083069787,Seagrass,West,Mangrove,West,Mangrove_vs_Seagrass,TRUE
S67,S62,0.6410256410256411,0.6153846153846154,0.025641025641025644,Seagrass,West,Mangrove,West,Mangrove_vs_Seagrass,TRUE
S68,S62,0.5873015873015873,0.42857142857142855,0.15873015873015872,Seagrass,West,Mangrove,West,Mangrove_vs_Seagrass,TRUE
S69,S62,0.5817490494296578,0.3956043956043956,0.18614465382526219,Seagrass,West,Mangrove,West,Mangrove_vs_Seagrass,TRUE
S70,S62,0.6394849785407726,0.5384615384615384,0.10102344007923408,Seagrass,West,Mangrove,West,Mangrove_vs_Seagrass,TRUE
S71,S62,1,1,0,Coral,East,Mangrove,West,Coral_vs_Mangrove,FALSE
S73,S62,1,1,0,Coral,East,Mangrove,West,Coral_vs_Mangrove,FALSE
S74,S62,1,1,0,Coral,East,Mangrove,West,Coral_vs_Mangrove,FALSE
S75,S62,1,1,0,Coral,East,Mangrove,West,Coral_vs_Mangrove,FALSE
S77,S62,0.9622641509433962,0.8666666666666667,0.09559748427672955,Coral,East,Mangrove,West,Coral_vs_Mangrove,FALSE
S78,S62,0.9814814814814815,0.9411764705882353,0.04030501089324619,Coral,East,Mangrove,West,Coral_vs_Mangrove,FALSE
S80,S62,0.9787234042553191,0.6666666666666666,0.3120567375886525,Coral,East,Mangrove,West,Coral_vs_Mangrove,FALSE
S91,S62,0.6858638743455497,0.6703296703296703,0.015534204015879408,Seagrass,West,Mangrove,West,Mangrove_vs_Seagrass,TRUE
S92,S62,0.75,0.660377358490566,0.08962264150943396,Seagrass,West,Mangrove,West,Mangrove_vs_Seagrass,TRUE
S93,S62,0.7666666666666667,0.5172413793103449,0.24942528735632188,Seagrass,West,Mangrove,West,Mangrove_vs_Seagrass,TRUE
S94,S62,0.8899082568807339,0.6666666666666666,0.22324159021406725,Seagrass,West,Mangrove,West,Mangrove_vs_Seagrass,TRUE
S95,S62,0.7121212121212122,0.5365853658536586,0.17553584626755359,Seagrass,West,Mangrove,West,Mangrove_vs_Seagrass,TRUE
S101,S62,0.9207920792079208,0.6,0.32079207920792085,Coral,West,Mangrove,West,Coral_vs_Mangrove,TRUE
S102,S62,0.9587628865979382,0.6666666666666666,0.29209621993127144,Coral,West,Mangrove,West,Coral_vs_Mangrove,TRUE
S103,S62,0.9595959595959596,0.75,0.20959595959595959,Coral,West,Mangrove,West,Coral_vs_Mangrove,TRUE
S104,S62,0.8888888888888888,0.6470588235294118,0.24183006535947715,Coral,West,Mangrove,West,Coral_vs_Mangrove,TRUE
S105,S62,0.8363636363636363,0.5263157894736842,0.31004784688995213,Coral,West,Mangrove,West,Coral_vs_Mangrove,TRUE
S66,S63,0.7109826589595376,0.5967741935483871,0.11420846541115048,Seagrass,West,Mangrove,West,Mangrove_vs_Seagrass,TRUE
S67,S63,0.627906976744186,0.6153846153846154,0.012522361359570662,Seagrass,West,Mangrove,West,Mangrove_vs_Seagrass,TRUE
S68,S63,0.6323529411764706,0.5495495495495496,0.08280339162692105,Seagrass,West,Mangrove,West,Mangrove_vs_Seagrass,TRUE
S69,S63,0.6466431095406361,0.5495495495495496,0.0970935599910865,Seagrass,West,Mangrove,West,Mangrove_vs_Seagrass,TRUE
S70,S63,0.6047430830039525,0.5495495495495496,0.05519353345440302,Seagrass,West,Mangrove,West,Mangrove_vs_Seagrass,TRUE
S71,S63,1,1,0,Coral,East,Mangrove,West,Coral_vs_Mangrove,FALSE
S73,S63,1,1,0,Coral,East,Mangrove,West,Coral_vs_Mangrove,FALSE
S74,S63,1,1,0,Coral,East,Mangrove,West,Coral_vs_Mangrove,FALSE
S75,S63,1,1,0,Coral,East,Mangrove,West,Coral_vs_Mangrove,FALSE
S77,S63,0.9523809523809523,0.8,0.1523809523809524,Coral,East,Mangrove,West,Coral_vs_Mangrove,FALSE
S78,S63,0.984375,0.9411764705882353,0.043198529411764705,Coral,East,Mangrove,West,Coral_vs_Mangrove,FALSE
S80,S63,0.9824561403508771,0.6666666666666666,0.3157894736842105,Coral,East,Mangrove,West,Coral_vs_Mangrove,FALSE
S91,S63,0.7251184834123223,0.71,0.015118483412322274,Seagrass,West,Mangrove,West,Mangrove_vs_Seagrass,TRUE
S92,S63,0.7926829268292683,0.6792452830188679,0.11343764381040036,Seagrass,West,Mangrove,West,Mangrove_vs_Seagrass,TRUE
S93,S63,0.8428571428571429,0.6206896551724138,0.22216748768472908,Seagrass,West,Mangrove,West,Mangrove_vs_Seagrass,TRUE
S94,S63,0.8604651162790697,0.5,0.36046511627906974,Seagrass,West,Mangrove,West,Mangrove_vs_Seagrass,TRUE
S95,S63,0.7763157894736842,0.5853658536585366,0.1909499358151476,Seagrass,West,Mangrove,West,Mangrove_vs_Seagrass,TRUE
S101,S63,0.9338842975206612,0.6,0.3338842975206612,Coral,West,Mangrove,West,Coral_vs_Mangrove,TRUE
S102,S63,0.9829059829059829,0.8333333333333334,0.14957264957264957,Coral,West,Mangrove,West,Coral_vs_Mangrove,TRUE
S103,S63,0.9327731092436975,0.5,0.4327731092436975,Coral,West,Mangrove,West,Coral_vs_Mangrove,TRUE
S104,S63,0.890625,0.5882352941176471,0.3023897058823529,Coral,West,Mangrove,West,Coral_vs_Mangrove,TRUE
S105,S63,0.8307692307692308,0.42105263157894735,0.4097165991902834,Coral,West,Mangrove,West,Coral_vs_Mangrove,TRUE
S66,S64,0.7029702970297029,0.5161290322580645,0.18684126477163845,Seagrass,West,Mangrove,West,Mangrove_vs_Seagrass,TRUE
S67,S64,0.6721311475409836,0.6153846153846154,0.056746532156368226,Seagrass,West,Mangrove,West,Mangrove_vs_Seagrass,TRUE
S68,S64,0.6611295681063123,0.6357142857142857,0.025415282392026575,Seagrass,West,Mangrove,West,Mangrove_vs_Seagrass,TRUE
S69,S64,0.6474358974358975,0.6071428571428571,0.04029304029304029,Seagrass,West,Mangrove,West,Mangrove_vs_Seagrass,TRUE
S70,S64,0.624113475177305,0.6214285714285714,0.002684903748733536,Seagrass,West,Mangrove,West,Mangrove_vs_Seagrass,TRUE
S71,S64,1,1,0,Coral,East,Mangrove,West,Coral_vs_Mangrove,FALSE
S73,S64,1,1,0,Coral,East,Mangrove,West,Coral_vs_Mangrove,FALSE
S74,S64,1,1,0,Coral,East,Mangrove,West,Coral_vs_Mangrove,FALSE
S75,S64,1,1,0,Coral,East,Mangrove,West,Coral_vs_Mangrove,FALSE
S77,S64,0.9741935483870968,0.8666666666666667,0.1075268817204301,Coral,East,Mangrove,West,Coral_vs_Mangrove,FALSE
S78,S64,0.9872611464968153,0.9411764705882353,0.046084675908579995,Coral,East,Mangrove,West,Coral_vs_Mangrove,FALSE
S80,S64,0.986013986013986,0.6666666666666666,0.3193473193473193,Coral,East,Mangrove,West,Coral_vs_Mangrove,FALSE
S91,S64,0.6916666666666667,0.63,0.06166666666666666,Seagrass,West,Mangrove,West,Mangrove_vs_Seagrass,TRUE
S92,S64,0.7927461139896373,0.6226415094339622,0.17010460455567505,Seagrass,West,Mangrove,West,Mangrove_vs_Seagrass,TRUE
S93,S64,0.8579881656804734,0.5862068965517241,0.2717812691287492,Seagrass,West,Mangrove,West,Mangrove_vs_Seagrass,TRUE
S94,S64,0.8860759493670886,0.5,0.3860759493670886,Seagrass,West,Mangrove,West,Mangrove_vs_Seagrass,TRUE
S95,S64,0.8011049723756906,0.5609756097560976,0.24012936261959306,Seagrass,West,Mangrove,West,Mangrove_vs_Seagrass,TRUE
S101,S64,0.9466666666666667,0.6,0.3466666666666667,Coral,West,Mangrove,West,Coral_vs_Mangrove,TRUE
S102,S64,0.9863013698630136,0.8333333333333334,0.15296803652968036,Coral,West,Mangrove,West,Coral_vs_Mangrove,TRUE
S103,S64,0.9594594594594594,0.625,0.33445945945945943,Coral,West,Mangrove,West,Coral_vs_Mangrove,TRUE
S104,S64,0.9235668789808917,0.6470588235294118,0.27650805545148,Coral,West,Mangrove,West,Coral_vs_Mangrove,TRUE
S105,S64,0.8616352201257862,0.42105263157894735,0.44058258854683885,Coral,West,Mangrove,West,Coral_vs_Mangrove,TRUE
S66,S65,0.7309417040358744,0.5161290322580645,0.21481267177780994,Seagrass,West,Mangrove,West,Mangrove_vs_Seagrass,TRUE
S67,S65,0.6452830188679245,0.5480769230769231,0.09720609579100145,Seagrass,West,Mangrove,West,Mangrove_vs_Seagrass,TRUE
S68,S65,0.6024844720496895,0.6024844720496895,0,Seagrass,West,Mangrove,West,Mangrove_vs_Seagrass,TRUE
S69,S65,0.5675675675675675,0.5527950310559007,0.014772536511666946,Seagrass,West,Mangrove,West,Mangrove_vs_Seagrass,TRUE
S70,S65,0.5445544554455446,0.5140845070422535,0.030469948403291033,Seagrass,West,Mangrove,West,Mangrove_vs_Seagrass,TRUE
S71,S65,1,1,0,Coral,East,Mangrove,West,Coral_vs_Mangrove,FALSE
S73,S65,1,1,0,Coral,East,Mangrove,West,Coral_vs_Mangrove,FALSE
S74,S65,1,1,0,Coral,East,Mangrove,West,Coral_vs_Mangrove,FALSE
S75,S65,1,1,0,Coral,East,Mangrove,West,Coral_vs_Mangrove,FALSE
S77,S65,0.9772727272727273,0.8666666666666667,0.11060606060606061,Coral,East,Mangrove,West,Coral_vs_Mangrove,FALSE
S78,S65,0.9662921348314607,0.8235294117647058,0.1427627230667548,Coral,East,Mangrove,West,Coral_vs_Mangrove,FALSE
S80,S65,0.9878048780487805,0.6666666666666666,0.3211382113821138,Coral,East,Mangrove,West,Coral_vs_Mangrove,FALSE
S91,S65,0.7241379310344828,0.64,0.08413793103448275,Seagrass,West,Mangrove,West,Mangrove_vs_Seagrass,TRUE
S92,S65,0.7663551401869159,0.5283018867924528,0.23805325339446304,Seagrass,West,Mangrove,West,Mangrove_vs_Seagrass,TRUE
S93,S65,0.8842105263157894,0.6206896551724138,0.2635208711433757,Seagrass,West,Mangrove,West,Mangrove_vs_Seagrass,TRUE
S94,S65,0.9217877094972067,0.6111111111111112,0.31067659838609557,Seagrass,West,Mangrove,West,Mangrove_vs_Seagrass,TRUE
S95,S65,0.7821782178217822,0.4634146341463415,0.3187635836754407,Seagrass,West,Mangrove,West,Mangrove_vs_Seagrass,TRUE
S101,S65,0.9415204678362573,0.5,0.4415204678362573,Coral,West,Mangrove,West,Coral_vs_Mangrove,TRUE
S102,S65,0.9760479041916168,0.6666666666666666,0.30938123752495006,Coral,West,Mangrove,West,Coral_vs_Mangrove,TRUE
S103,S65,0.9644970414201184,0.625,0.33949704142011833,Coral,West,Mangrove,West,Coral_vs_Mangrove,TRUE
S104,S65,0.898876404494382,0.47058823529411764,0.42828816920026436,Coral,West,Mangrove,West,Coral_vs_Mangrove,TRUE
S105,S65,0.8777777777777778,0.42105263157894735,0.4567251461988304,Coral,West,Mangrove,West,Coral_vs_Mangrove,TRUE
S71,S66,1,1,0,Coral,East,Seagrass,West,Coral_vs_Seagrass,FALSE
S73,S66,1,1,0,Coral,East,Seagrass,West,Coral_vs_Seagrass,FALSE
S74,S66,1,1,0,Coral,East,Seagrass,West,Coral_vs_Seagrass,FALSE
S75,S66,1,1,0,Coral,East,Seagrass,West,Coral_vs_Seagrass,FALSE
S77,S66,0.922077922077922,0.8,0.12207792207792208,Coral,East,Seagrass,West,Coral_vs_Seagrass,FALSE
S78,S66,0.9746835443037974,0.9411764705882353,0.03350707371556218,Coral,East,Seagrass,West,Coral_vs_Seagrass,FALSE
S80,S66,0.9692307692307692,0.6666666666666666,0.30256410256410254,Coral,East,Seagrass,West,Coral_vs_Seagrass,FALSE
S81,S66,0.9425837320574163,0.9032258064516129,0.03935792560580337,Mangrove,East,Seagrass,West,Mangrove_vs_Seagrass,FALSE
S82,S66,0.9386189258312021,0.8064516129032258,0.13216731292797623,Mangrove,East,Seagrass,West,Mangrove_vs_Seagrass,FALSE
S83,S66,0.9365079365079365,0.8709677419354839,0.06554019457245264,Mangrove,East,Seagrass,West,Mangrove_vs_Seagrass,FALSE
S84,S66,0.9282511210762332,0.8709677419354839,0.05728337914074931,Mangrove,East,Seagrass,West,Mangrove_vs_Seagrass,FALSE
S85,S66,0.9753086419753086,0.967741935483871,0.007566706491437674,Mangrove,East,Seagrass,West,Mangrove_vs_Seagrass,FALSE
S86,S66,0.889763779527559,0.8870967741935484,0.0026670053340106677,Mangrove,West,Seagrass,West,Mangrove_vs_Seagrass,TRUE
S87,S66,0.8350515463917526,0.7714285714285715,0.06362297496318114,Mangrove,West,Seagrass,West,Mangrove_vs_Seagrass,TRUE
S88,S66,0.9738562091503268,0.967741935483871,0.006114273666455829,Mangrove,West,Seagrass,West,Mangrove_vs_Seagrass,TRUE
S89,S66,0.9850746268656716,0.9838709677419355,0.0012036591237361578,Mangrove,West,Seagrass,West,Mangrove_vs_Seagrass,TRUE
S90,S66,1,1,0,Mangrove,West,Seagrass,West,Mangrove_vs_Seagrass,TRUE
S96,S66,0.9304347826086956,0.9245283018867925,0.0059064807219032,Mangrove,West,Seagrass,West,Mangrove_vs_Seagrass,TRUE
S97,S66,0.9316239316239316,0.9272727272727272,0.004351204351204351,Mangrove,West,Seagrass,West,Mangrove_vs_Seagrass,TRUE
S98,S66,0.9096774193548387,0.8870967741935484,0.022580645161290325,Mangrove,West,Seagrass,West,Mangrove_vs_Seagrass,TRUE
S99,S66,0.9329608938547486,0.9032258064516129,0.0297350874031357,Mangrove,West,Seagrass,West,Mangrove_vs_Seagrass,TRUE
S100,S66,0.9401197604790419,0.9193548387096774,0.020764921769364494,Mangrove,West,Seagrass,West,Mangrove_vs_Seagrass,TRUE
S101,S66,0.8611111111111112,0.5,0.3611111111111111,Coral,West,Seagrass,West,Coral_vs_Seagrass,TRUE
S102,S66,0.9411764705882353,0.6666666666666666,0.2745098039215686,Coral,West,Seagrass,West,Coral_vs_Seagrass,TRUE
S103,S66,0.9142857142857143,0.625,0.2892857142857143,Coral,West,Seagrass,West,Coral_vs_Seagrass,TRUE
S104,S66,0.7721518987341772,0.47058823529411764,0.3015636634400596,Coral,West,Seagrass,West,Coral_vs_Seagrass,TRUE
S105,S66,0.8024691358024691,0.5789473684210527,0.2235217673814165,Coral,West,Seagrass,West,Coral_vs_Seagrass,TRUE
S106,S66,0.8,0.7368421052631579,0.0631578947368421,Mangrove,West,Seagrass,West,Mangrove_vs_Seagrass,TRUE
S107,S66,0.7752808988764045,0.6296296296296297,0.14565126924677485,Mangrove,West,Seagrass,West,Mangrove_vs_Seagrass,TRUE
S108,S66,0.8444444444444444,0.75,0.09444444444444444,Mangrove,West,Seagrass,West,Mangrove_vs_Seagrass,TRUE
S109,S66,0.8518518518518519,0.6842105263157895,0.16764132553606237,Mangrove,West,Seagrass,West,Mangrove_vs_Seagrass,TRUE
S110,S66,0.8571428571428571,0.7272727272727273,0.12987012987012986,Mangrove,West,Seagrass,West,Mangrove_vs_Seagrass,TRUE
S71,S67,1,1,0,Coral,East,Seagrass,West,Coral_vs_Seagrass,FALSE
S73,S67,1,1,0,Coral,East,Seagrass,West,Coral_vs_Seagrass,FALSE
S74,S67,1,1,0,Coral,East,Seagrass,West,Coral_vs_Seagrass,FALSE
S75,S67,1,1,0,Coral,East,Seagrass,West,Coral_vs_Seagrass,FALSE
S77,S67,0.9495798319327731,0.8,0.1495798319327731,Coral,East,Seagrass,West,Coral_vs_Seagrass,FALSE
S78,S67,0.9669421487603306,0.8823529411764706,0.08458920758386,Coral,East,Seagrass,West,Coral_vs_Seagrass,FALSE
S80,S67,0.9813084112149533,0.6666666666666666,0.3146417445482866,Coral,East,Seagrass,West,Coral_vs_Seagrass,FALSE
S81,S67,0.8884462151394422,0.8653846153846154,0.023061599754826842,Mangrove,East,Seagrass,West,Mangrove_vs_Seagrass,FALSE
S82,S67,0.8891454965357968,0.7692307692307693,0.11991472730502754,Mangrove,East,Seagrass,West,Mangrove_vs_Seagrass,FALSE
S83,S67,0.891156462585034,0.8461538461538461,0.04500261643118786,Mangrove,East,Seagrass,West,Mangrove_vs_Seagrass,FALSE
S84,S67,0.879245283018868,0.8461538461538461,0.03309143686502177,Mangrove,East,Seagrass,West,Mangrove_vs_Seagrass,FALSE
S85,S67,0.9411764705882353,0.94,0.001176470588235294,Mangrove,East,Seagrass,West,Mangrove_vs_Seagrass,FALSE
S86,S67,0.8579881656804734,0.8153846153846154,0.042603550295857995,Mangrove,West,Seagrass,West,Mangrove_vs_Seagrass,TRUE
S87,S67,0.8848920863309353,0.7714285714285715,0.11346351490236382,Mangrove,West,Seagrass,West,Mangrove_vs_Seagrass,TRUE
S88,S67,0.9692307692307692,0.967032967032967,0.002197802197802198,Mangrove,West,Seagrass,West,Mangrove_vs_Seagrass,TRUE
S89,S67,0.9772727272727273,0.9722222222222222,0.00505050505050505,Mangrove,West,Seagrass,West,Mangrove_vs_Seagrass,TRUE
S90,S67,1,1,0,Mangrove,West,Seagrass,West,Mangrove_vs_Seagrass,TRUE
S96,S67,0.8980891719745223,0.8490566037735849,0.04903256820093738,Mangrove,West,Seagrass,West,Mangrove_vs_Seagrass,TRUE
S97,S67,0.9245283018867925,0.8909090909090909,0.03361921097770154,Mangrove,West,Seagrass,West,Mangrove_vs_Seagrass,TRUE
S98,S67,0.8984771573604061,0.8924731182795699,0.006004039080836199,Mangrove,West,Seagrass,West,Mangrove_vs_Seagrass,TRUE
S99,S67,0.8914027149321267,0.8846153846153846,0.006787330316742082,Mangrove,West,Seagrass,West,Mangrove_vs_Seagrass,TRUE
S100,S67,0.9330143540669856,0.9326923076923077,3.220463746779536e-4,Mangrove,West,Seagrass,West,Mangrove_vs_Seagrass,TRUE
S101,S67,0.9122807017543859,0.5,0.41228070175438597,Coral,West,Seagrass,West,Coral_vs_Seagrass,TRUE
S102,S67,0.9454545454545454,0.5,0.44545454545454544,Coral,West,Seagrass,West,Coral_vs_Seagrass,TRUE
S103,S67,0.9464285714285714,0.625,0.3214285714285714,Coral,West,Seagrass,West,Coral_vs_Seagrass,TRUE
S104,S67,0.8512396694214877,0.47058823529411764,0.38065143412736996,Coral,West,Seagrass,West,Coral_vs_Seagrass,TRUE
S105,S67,0.8699186991869918,0.5789473684210527,0.29097133076593923,Coral,West,Seagrass,West,Coral_vs_Seagrass,TRUE
S106,S67,0.7887323943661971,0.6052631578947368,0.18346923647146035,Mangrove,West,Seagrass,West,Mangrove_vs_Seagrass,TRUE
S107,S67,0.8320610687022901,0.5925925925925926,0.23946847610969746,Mangrove,West,Seagrass,West,Mangrove_vs_Seagrass,TRUE
S108,S67,0.8787878787878788,0.7142857142857143,0.1645021645021645,Mangrove,West,Seagrass,West,Mangrove_vs_Seagrass,TRUE
S109,S67,0.9024390243902439,0.6842105263157895,0.2182284980744544,Mangrove,West,Seagrass,West,Mangrove_vs_Seagrass,TRUE
S110,S67,0.9047619047619048,0.7272727272727273,0.17748917748917747,Mangrove,West,Seagrass,West,Mangrove_vs_Seagrass,TRUE
S71,S68,1,1,0,Coral,East,Seagrass,West,Coral_vs_Seagrass,FALSE
S73,S68,1,1,0,Coral,East,Seagrass,West,Coral_vs_Seagrass,FALSE
S74,S68,1,1,0,Coral,East,Seagrass,West,Coral_vs_Seagrass,FALSE
S75,S68,1,1,0,Coral,East,Seagrass,West,Coral_vs_Seagrass,FALSE
S77,S68,0.9545454545454546,0.7333333333333333,0.22121212121212122,Coral,East,Seagrass,West,Coral_vs_Seagrass,FALSE
S78,S68,0.9775280898876404,0.8823529411764706,0.09517514871116986,Coral,East,Seagrass,West,Coral_vs_Seagrass,FALSE
S80,S68,0.9878048780487805,0.6666666666666666,0.3211382113821138,Coral,East,Seagrass,West,Coral_vs_Seagrass,FALSE
S81,S68,0.8896103896103896,0.8843537414965986,0.0052566481137909715,Mangrove,East,Seagrass,West,Mangrove_vs_Seagrass,FALSE
S82,S68,0.8571428571428571,0.782608695652174,0.07453416149068323,Mangrove,East,Seagrass,West,Mangrove_vs_Seagrass,FALSE
S83,S68,0.8689458689458689,0.8571428571428571,0.011803011803011802,Mangrove,East,Seagrass,West,Mangrove_vs_Seagrass,FALSE
S84,S68,0.8881987577639752,0.8881987577639752,0,Mangrove,East,Seagrass,West,Mangrove_vs_Seagrass,FALSE
S85,S68,0.946360153256705,0.93,0.016360153256704982,Mangrove,East,Seagrass,West,Mangrove_vs_Seagrass,FALSE
S86,S68,0.8053097345132744,0.6615384615384615,0.1437712729748128,Mangrove,West,Seagrass,West,Mangrove_vs_Seagrass,TRUE
S87,S68,0.9081632653061225,0.7428571428571429,0.16530612244897958,Mangrove,West,Seagrass,West,Mangrove_vs_Seagrass,TRUE
S88,S68,0.9603174603174603,0.945054945054945,0.015262515262515264,Mangrove,West,Seagrass,West,Mangrove_vs_Seagrass,TRUE
S89,S68,0.9742489270386266,0.9583333333333334,0.015915593705293274,Mangrove,West,Seagrass,West,Mangrove_vs_Seagrass,TRUE
S90,S68,1,1,0,Mangrove,West,Seagrass,West,Mangrove_vs_Seagrass,TRUE
S96,S68,0.9532710280373832,0.9056603773584906,0.04761065067889261,Mangrove,West,Seagrass,West,Mangrove_vs_Seagrass,TRUE
S97,S68,0.9444444444444444,0.8909090909090909,0.05353535353535353,Mangrove,West,Seagrass,West,Mangrove_vs_Seagrass,TRUE
S98,S68,0.9212598425196851,0.8924731182795699,0.02878672424011515,Mangrove,West,Seagrass,West,Mangrove_vs_Seagrass,TRUE
S99,S68,0.9136690647482014,0.8974358974358975,0.016233167312304002,Mangrove,West,Seagrass,West,Mangrove_vs_Seagrass,TRUE
S100,S68,0.9172932330827067,0.8952380952380953,0.02205513784461153,Mangrove,West,Seagrass,West,Mangrove_vs_Seagrass,TRUE
S101,S68,0.9181286549707602,0.3,0.6181286549707602,Coral,West,Seagrass,West,Coral_vs_Seagrass,TRUE
S102,S68,0.9640718562874252,0.5,0.46407185628742514,Coral,West,Seagrass,West,Coral_vs_Seagrass,TRUE
S103,S68,0.9644970414201184,0.625,0.33949704142011833,Coral,West,Seagrass,West,Coral_vs_Seagrass,TRUE
S104,S68,0.8876404494382022,0.4117647058823529,0.47587574355584933,Coral,West,Seagrass,West,Coral_vs_Seagrass,TRUE
S105,S68,0.8888888888888888,0.47368421052631576,0.4152046783625731,Coral,West,Seagrass,West,Coral_vs_Seagrass,TRUE
S106,S68,0.7889447236180904,0.4473684210526316,0.3415763025654589,Mangrove,West,Seagrass,West,Mangrove_vs_Seagrass,TRUE
S107,S68,0.8617021276595744,0.5185185185185185,0.34318360914105595,Mangrove,West,Seagrass,West,Mangrove_vs_Seagrass,TRUE
S108,S68,0.873015873015873,0.5714285714285714,0.30158730158730157,Mangrove,West,Seagrass,West,Mangrove_vs_Seagrass,TRUE
S109,S68,0.9333333333333333,0.6842105263157895,0.24912280701754383,Mangrove,West,Seagrass,West,Mangrove_vs_Seagrass,TRUE
S110,S68,0.912568306010929,0.6363636363636364,0.27620466964729257,Mangrove,West,Seagrass,West,Mangrove_vs_Seagrass,TRUE
S71,S69,1,1,0,Coral,East,Seagrass,West,Coral_vs_Seagrass,FALSE
S73,S69,1,1,0,Coral,East,Seagrass,West,Coral_vs_Seagrass,FALSE
S74,S69,1,1,0,Coral,East,Seagrass,West,Coral_vs_Seagrass,FALSE
S75,S69,1,1,0,Coral,East,Seagrass,West,Coral_vs_Seagrass,FALSE
S77,S69,0.9679144385026738,0.8,0.16791443850267382,Coral,East,Seagrass,West,Coral_vs_Seagrass,FALSE
S78,S69,0.9788359788359788,0.8823529411764706,0.09648303765950825,Coral,East,Seagrass,West,Coral_vs_Seagrass,FALSE
S80,S69,0.9885714285714285,0.6666666666666666,0.3219047619047619,Coral,East,Seagrass,West,Coral_vs_Seagrass,FALSE
S81,S69,0.8746081504702194,0.8639455782312925,0.01066257223892692,Mangrove,East,Seagrass,West,Mangrove_vs_Seagrass,FALSE
S82,S69,0.8762475049900199,0.8197674418604651,0.05648006312955484,Mangrove,East,Seagrass,West,Mangrove_vs_Seagrass,FALSE
S83,S69,0.856353591160221,0.8488372093023255,0.007516381857895413,Mangrove,East,Seagrass,West,Mangrove_vs_Seagrass,FALSE
S84,S69,0.8738738738738738,0.8695652173913043,0.004308656482569525,Mangrove,East,Seagrass,West,Mangrove_vs_Seagrass,FALSE
S85,S69,0.9264705882352942,0.9,0.02647058823529412,Mangrove,East,Seagrass,West,Mangrove_vs_Seagrass,FALSE
S86,S69,0.8227848101265823,0.676923076923077,0.14586173320350534,Mangrove,West,Seagrass,West,Mangrove_vs_Seagrass,TRUE
S87,S69,0.9130434782608695,0.7428571428571429,0.1701863354037267,Mangrove,West,Seagrass,West,Mangrove_vs_Seagrass,TRUE
S88,S69,0.9619771863117871,0.945054945054945,0.016922241256842017,Mangrove,West,Seagrass,West,Mangrove_vs_Seagrass,TRUE
S89,S69,0.9836065573770492,0.9722222222222222,0.011384335154826957,Mangrove,West,Seagrass,West,Mangrove_vs_Seagrass,TRUE
S90,S69,1,1,0,Mangrove,West,Seagrass,West,Mangrove_vs_Seagrass,TRUE
S96,S69,0.92,0.8301886792452831,0.08981132075471697,Mangrove,West,Seagrass,West,Mangrove_vs_Seagrass,TRUE
S97,S69,0.9295154185022027,0.8545454545454545,0.0749699639567481,Mangrove,West,Seagrass,West,Mangrove_vs_Seagrass,TRUE
S98,S69,0.8867924528301887,0.8387096774193549,0.04808277541083384,Mangrove,West,Seagrass,West,Mangrove_vs_Seagrass,TRUE
S99,S69,0.8961937716262975,0.8717948717948718,0.02439889983142578,Mangrove,West,Seagrass,West,Mangrove_vs_Seagrass,TRUE
S100,S69,0.9205776173285198,0.8952380952380953,0.02533952209042462,Mangrove,West,Seagrass,West,Mangrove_vs_Seagrass,TRUE
S101,S69,0.9340659340659341,0.4,0.5340659340659341,Coral,West,Seagrass,West,Coral_vs_Seagrass,TRUE
S102,S69,0.9662921348314607,0.5,0.46629213483146065,Coral,West,Seagrass,West,Coral_vs_Seagrass,TRUE
S103,S69,0.9555555555555556,0.5,0.45555555555555555,Coral,West,Seagrass,West,Coral_vs_Seagrass,TRUE
S104,S69,0.8941798941798942,0.4117647058823529,0.48241518829754126,Coral,West,Seagrass,West,Coral_vs_Seagrass,TRUE
S105,S69,0.9057591623036649,0.5263157894736842,0.3794433728299807,Coral,West,Seagrass,West,Coral_vs_Seagrass,TRUE
S106,S69,0.7904761904761904,0.42105263157894735,0.3694235588972431,Mangrove,West,Seagrass,West,Mangrove_vs_Seagrass,TRUE
S107,S69,0.8391959798994975,0.4074074074074074,0.4317885724920901,Mangrove,West,Seagrass,West,Mangrove_vs_Seagrass,TRUE
S108,S69,0.86,0.5,0.36,Mangrove,West,Seagrass,West,Mangrove_vs_Seagrass,TRUE
S109,S69,0.9267015706806283,0.631578947368421,0.29512262331220723,Mangrove,West,Seagrass,West,Mangrove_vs_Seagrass,TRUE
S110,S69,0.9278350515463918,0.6818181818181818,0.24601686972820994,Mangrove,West,Seagrass,West,Mangrove_vs_Seagrass,TRUE
S71,S70,0.986013986013986,0,0.986013986013986,Coral,East,Seagrass,West,Coral_vs_Seagrass,FALSE
S73,S70,1,1,0,Coral,East,Seagrass,West,Coral_vs_Seagrass,FALSE
S74,S70,1,1,0,Coral,East,Seagrass,West,Coral_vs_Seagrass,FALSE
S75,S70,1,1,0,Coral,East,Seagrass,West,Coral_vs_Seagrass,FALSE
S77,S70,0.9490445859872612,0.7333333333333333,0.21571125265392782,Coral,East,Seagrass,West,Coral_vs_Seagrass,FALSE
S78,S70,0.9748427672955975,0.8823529411764706,0.0924898261191269,Coral,East,Seagrass,West,Coral_vs_Seagrass,FALSE
S80,S70,0.9862068965517241,0.6666666666666666,0.3195402298850575,Coral,East,Seagrass,West,Coral_vs_Seagrass,FALSE
S81,S70,0.8754325259515571,0.8732394366197183,0.0021930893318387835,Mangrove,East,Seagrass,West,Mangrove_vs_Seagrass,FALSE
S82,S70,0.8683651804670913,0.7816901408450704,0.08667503962202087,Mangrove,East,Seagrass,West,Mangrove_vs_Seagrass,FALSE
S83,S70,0.8433734939759037,0.8169014084507042,0.02647208552519939,Mangrove,East,Seagrass,West,Mangrove_vs_Seagrass,FALSE
S84,S70,0.8613861386138614,0.852112676056338,0.009273462557523357,Mangrove,East,Seagrass,West,Mangrove_vs_Seagrass,FALSE
S85,S70,0.9504132231404959,0.94,0.010413223140495868,Mangrove,East,Seagrass,West,Mangrove_vs_Seagrass,FALSE
S86,S70,0.8454106280193237,0.7538461538461538,0.09156447417316983,Mangrove,West,Seagrass,West,Mangrove_vs_Seagrass,TRUE
S87,S70,0.9096045197740112,0.7714285714285715,0.13817594834543986,Mangrove,West,Seagrass,West,Mangrove_vs_Seagrass,TRUE
S88,S70,0.9656652360515021,0.9560439560439561,0.009621280007546104,Mangrove,West,Seagrass,West,Mangrove_vs_Seagrass,TRUE
S89,S70,0.9813084112149533,0.9722222222222222,0.009086188992731047,Mangrove,West,Seagrass,West,Mangrove_vs_Seagrass,TRUE
S90,S70,1,1,0,Mangrove,West,Seagrass,West,Mangrove_vs_Seagrass,TRUE
S96,S70,0.9179487179487179,0.8490566037735849,0.06889211417513304,Mangrove,West,Seagrass,West,Mangrove_vs_Seagrass,TRUE
S97,S70,0.9390862944162437,0.8909090909090909,0.048177203507152745,Mangrove,West,Seagrass,West,Mangrove_vs_Seagrass,TRUE
S98,S70,0.9148936170212766,0.8924731182795699,0.022420498741706704,Mangrove,West,Seagrass,West,Mangrove_vs_Seagrass,TRUE
S99,S70,0.8996138996138996,0.8888888888888888,0.010725010725010725,Mangrove,West,Seagrass,West,Mangrove_vs_Seagrass,TRUE
S100,S70,0.9433198380566802,0.9333333333333333,0.009986504723346829,Mangrove,West,Seagrass,West,Mangrove_vs_Seagrass,TRUE
S101,S70,0.9342105263157895,0.5,0.4342105263157895,Coral,West,Seagrass,West,Coral_vs_Seagrass,TRUE
S102,S70,0.9594594594594594,0.5,0.4594594594594595,Coral,West,Seagrass,West,Coral_vs_Seagrass,TRUE
S103,S70,0.9466666666666667,0.5,0.44666666666666666,Coral,West,Seagrass,West,Coral_vs_Seagrass,TRUE
S104,S70,0.8616352201257862,0.35294117647058826,0.508694043655198,Coral,West,Seagrass,West,Coral_vs_Seagrass,TRUE
S105,S70,0.8881987577639752,0.5263157894736842,0.36188296829029093,Coral,West,Seagrass,West,Coral_vs_Seagrass,TRUE
S106,S70,0.8222222222222222,0.5789473684210527,0.24327485380116956,Mangrove,West,Seagrass,West,Mangrove_vs_Seagrass,TRUE
S107,S70,0.8461538461538461,0.5185185185185185,0.32763532763532766,Mangrove,West,Seagrass,West,Mangrove_vs_Seagrass,TRUE
S108,S70,0.8470588235294118,0.5357142857142857,0.31134453781512605,Mangrove,West,Seagrass,West,Mangrove_vs_Seagrass,TRUE
S109,S70,0.9006211180124224,0.5789473684210527,0.3216737495913697,Mangrove,West,Seagrass,West,Mangrove_vs_Seagrass,TRUE
S110,S70,0.9146341463414634,0.6818181818181818,0.2328159645232816,Mangrove,West,Seagrass,West,Mangrove_vs_Seagrass,TRUE
S81,S71,0.9864864864864865,0,0.9864864864864865,Mangrove,East,Coral,East,Coral_vs_Mangrove,TRUE
S82,S71,0.9939393939393939,0,0.9939393939393939,Mangrove,East,Coral,East,Coral_vs_Mangrove,TRUE
S83,S71,0.9895287958115183,0,0.9895287958115183,Mangrove,East,Coral,East,Coral_vs_Mangrove,TRUE
S84,S71,1,1,0,Mangrove,East,Coral,East,Coral_vs_Mangrove,TRUE
S85,S71,1,1,0,Mangrove,East,Coral,East,Coral_vs_Mangrove,TRUE
S86,S71,1,1,0,Mangrove,West,Coral,East,Coral_vs_Mangrove,FALSE
S87,S71,1,1,0,Mangrove,West,Coral,East,Coral_vs_Mangrove,FALSE
S88,S71,1,1,0,Mangrove,West,Coral,East,Coral_vs_Mangrove,FALSE
S89,S71,1,1,0,Mangrove,West,Coral,East,Coral_vs_Mangrove,FALSE
S90,S71,1,1,0,Mangrove,West,Coral,East,Coral_vs_Mangrove,FALSE
S91,S71,1,1,0,Seagrass,West,Coral,East,Coral_vs_Seagrass,FALSE
S92,S71,1,1,0,Seagrass,West,Coral,East,Coral_vs_Seagrass,FALSE
S93,S71,1,1,0,Seagrass,West,Coral,East,Coral_vs_Seagrass,FALSE
S94,S71,1,1,0,Seagrass,West,Coral,East,Coral_vs_Seagrass,FALSE
S95,S71,1,1,0,Seagrass,West,Coral,East,Coral_vs_Seagrass,FALSE
S96,S71,1,1,0,Mangrove,West,Coral,East,Coral_vs_Mangrove,FALSE
S97,S71,1,1,0,Mangrove,West,Coral,East,Coral_vs_Mangrove,FALSE
S98,S71,1,1,0,Mangrove,West,Coral,East,Coral_vs_Mangrove,FALSE
S99,S71,1,1,0,Mangrove,West,Coral,East,Coral_vs_Mangrove,FALSE
S100,S71,1,1,0,Mangrove,West,Coral,East,Coral_vs_Mangrove,FALSE
S106,S71,1,1,0,Mangrove,West,Coral,East,Coral_vs_Mangrove,FALSE
S107,S71,1,1,0,Mangrove,West,Coral,East,Coral_vs_Mangrove,FALSE
S108,S71,1,1,0,Mangrove,West,Coral,East,Coral_vs_Mangrove,FALSE
S109,S71,1,1,0,Mangrove,West,Coral,East,Coral_vs_Mangrove,FALSE
S110,S71,1,1,0,Mangrove,West,Coral,East,Coral_vs_Mangrove,FALSE
S81,S73,1,1,0,Mangrove,East,Coral,East,Coral_vs_Mangrove,TRUE
S82,S73,1,1,0,Mangrove,East,Coral,East,Coral_vs_Mangrove,TRUE
S83,S73,1,1,0,Mangrove,East,Coral,East,Coral_vs_Mangrove,TRUE
S84,S73,1,1,0,Mangrove,East,Coral,East,Coral_vs_Mangrove,TRUE
S85,S73,1,1,0,Mangrove,East,Coral,East,Coral_vs_Mangrove,TRUE
S86,S73,1,1,0,Mangrove,West,Coral,East,Coral_vs_Mangrove,FALSE
S87,S73,1,1,0,Mangrove,West,Coral,East,Coral_vs_Mangrove,FALSE
S88,S73,1,1,0,Mangrove,West,Coral,East,Coral_vs_Mangrove,FALSE
S89,S73,1,1,0,Mangrove,West,Coral,East,Coral_vs_Mangrove,FALSE
S90,S73,1,1,0,Mangrove,West,Coral,East,Coral_vs_Mangrove,FALSE
S91,S73,1,1,0,Seagrass,West,Coral,East,Coral_vs_Seagrass,FALSE
S92,S73,1,1,0,Seagrass,West,Coral,East,Coral_vs_Seagrass,FALSE
S93,S73,1,1,0,Seagrass,West,Coral,East,Coral_vs_Seagrass,FALSE
S94,S73,1,1,0,Seagrass,West,Coral,East,Coral_vs_Seagrass,FALSE
S95,S73,1,1,0,Seagrass,West,Coral,East,Coral_vs_Seagrass,FALSE
S96,S73,1,1,0,Mangrove,West,Coral,East,Coral_vs_Mangrove,FALSE
S97,S73,1,1,0,Mangrove,West,Coral,East,Coral_vs_Mangrove,FALSE
S98,S73,1,1,0,Mangrove,West,Coral,East,Coral_vs_Mangrove,FALSE
S99,S73,1,1,0,Mangrove,West,Coral,East,Coral_vs_Mangrove,FALSE
S100,S73,1,1,0,Mangrove,West,Coral,East,Coral_vs_Mangrove,FALSE
S106,S73,1,1,0,Mangrove,West,Coral,East,Coral_vs_Mangrove,FALSE
S107,S73,1,1,0,Mangrove,West,Coral,East,Coral_vs_Mangrove,FALSE
S108,S73,1,1,0,Mangrove,West,Coral,East,Coral_vs_Mangrove,FALSE
S109,S73,1,1,0,Mangrove,West,Coral,East,Coral_vs_Mangrove,FALSE
S110,S73,1,1,0,Mangrove,West,Coral,East,Coral_vs_Mangrove,FALSE
S81,S74,1,1,0,Mangrove,East,Coral,East,Coral_vs_Mangrove,TRUE
S82,S74,0.987987987987988,0.5,0.487987987987988,Mangrove,East,Coral,East,Coral_vs_Mangrove,TRUE
S83,S74,0.9896907216494846,0.75,0.23969072164948454,Mangrove,East,Coral,East,Coral_vs_Mangrove,TRUE
S84,S74,1,1,0,Mangrove,East,Coral,East,Coral_vs_Mangrove,TRUE
S85,S74,1,1,0,Mangrove,East,Coral,East,Coral_vs_Mangrove,TRUE
S86,S74,1,1,0,Mangrove,West,Coral,East,Coral_vs_Mangrove,FALSE
S87,S74,1,1,0,Mangrove,West,Coral,East,Coral_vs_Mangrove,FALSE
S88,S74,1,1,0,Mangrove,West,Coral,East,Coral_vs_Mangrove,FALSE
S89,S74,1,1,0,Mangrove,West,Coral,East,Coral_vs_Mangrove,FALSE
S90,S74,1,1,0,Mangrove,West,Coral,East,Coral_vs_Mangrove,FALSE
S91,S74,1,1,0,Seagrass,West,Coral,East,Coral_vs_Seagrass,FALSE
S92,S74,1,1,0,Seagrass,West,Coral,East,Coral_vs_Seagrass,FALSE
S93,S74,1,1,0,Seagrass,West,Coral,East,Coral_vs_Seagrass,FALSE
S94,S74,1,1,0,Seagrass,West,Coral,East,Coral_vs_Seagrass,FALSE
S95,S74,1,1,0,Seagrass,West,Coral,East,Coral_vs_Seagrass,FALSE
S96,S74,1,1,0,Mangrove,West,Coral,East,Coral_vs_Mangrove,FALSE
S97,S74,1,1,0,Mangrove,West,Coral,East,Coral_vs_Mangrove,FALSE
S98,S74,1,1,0,Mangrove,West,Coral,East,Coral_vs_Mangrove,FALSE
S99,S74,1,1,0,Mangrove,West,Coral,East,Coral_vs_Mangrove,FALSE
S100,S74,1,1,0,Mangrove,West,Coral,East,Coral_vs_Mangrove,FALSE
S106,S74,1,1,0,Mangrove,West,Coral,East,Coral_vs_Mangrove,FALSE
S107,S74,1,1,0,Mangrove,West,Coral,East,Coral_vs_Mangrove,FALSE
S108,S74,1,1,0,Mangrove,West,Coral,East,Coral_vs_Mangrove,FALSE
S109,S74,1,1,0,Mangrove,West,Coral,East,Coral_vs_Mangrove,FALSE
S110,S74,1,1,0,Mangrove,West,Coral,East,Coral_vs_Mangrove,FALSE
S81,S75,0.9867549668874173,0.75,0.2367549668874172,Mangrove,East,Coral,East,Coral_vs_Mangrove,TRUE
S82,S75,0.993993993993994,0.75,0.243993993993994,Mangrove,East,Coral,East,Coral_vs_Mangrove,TRUE
S83,S75,0.9896907216494846,0.75,0.23969072164948454,Mangrove,East,Coral,East,Coral_vs_Mangrove,TRUE
S84,S75,0.9878787878787879,0.75,0.23787878787878788,Mangrove,East,Coral,East,Coral_vs_Mangrove,TRUE
S85,S75,0.9807692307692307,0.75,0.23076923076923078,Mangrove,East,Coral,East,Coral_vs_Mangrove,TRUE
S86,S75,1,1,0,Mangrove,West,Coral,East,Coral_vs_Mangrove,FALSE
S87,S75,1,1,0,Mangrove,West,Coral,East,Coral_vs_Mangrove,FALSE
S88,S75,1,1,0,Mangrove,West,Coral,East,Coral_vs_Mangrove,FALSE
S89,S75,1,1,0,Mangrove,West,Coral,East,Coral_vs_Mangrove,FALSE
S90,S75,1,1,0,Mangrove,West,Coral,East,Coral_vs_Mangrove,FALSE
S91,S75,1,1,0,Seagrass,West,Coral,East,Coral_vs_Seagrass,FALSE
S92,S75,1,1,0,Seagrass,West,Coral,East,Coral_vs_Seagrass,FALSE
S93,S75,1,1,0,Seagrass,West,Coral,East,Coral_vs_Seagrass,FALSE
S94,S75,1,1,0,Seagrass,West,Coral,East,Coral_vs_Seagrass,FALSE
S95,S75,1,1,0,Seagrass,West,Coral,East,Coral_vs_Seagrass,FALSE
S96,S75,1,1,0,Mangrove,West,Coral,East,Coral_vs_Mangrove,FALSE
S97,S75,1,1,0,Mangrove,West,Coral,East,Coral_vs_Mangrove,FALSE
S98,S75,1,1,0,Mangrove,West,Coral,East,Coral_vs_Mangrove,FALSE
S99,S75,1,1,0,Mangrove,West,Coral,East,Coral_vs_Mangrove,FALSE
S100,S75,1,1,0,Mangrove,West,Coral,East,Coral_vs_Mangrove,FALSE
S106,S75,1,1,0,Mangrove,West,Coral,East,Coral_vs_Mangrove,FALSE
S107,S75,1,1,0,Mangrove,West,Coral,East,Coral_vs_Mangrove,FALSE
S108,S75,1,1,0,Mangrove,West,Coral,East,Coral_vs_Mangrove,FALSE
S109,S75,1,1,0,Mangrove,West,Coral,East,Coral_vs_Mangrove,FALSE
S110,S75,1,1,0,Mangrove,West,Coral,East,Coral_vs_Mangrove,FALSE
S81,S77,0.9382716049382716,0.6666666666666666,0.2716049382716049,Mangrove,East,Coral,East,Coral_vs_Mangrove,TRUE
S82,S77,0.9709302325581395,0.6666666666666666,0.30426356589147285,Mangrove,East,Coral,East,Coral_vs_Mangrove,TRUE
S83,S77,0.9609756097560975,0.7333333333333333,0.22764227642276422,Mangrove,East,Coral,East,Coral_vs_Mangrove,TRUE
S84,S77,0.9545454545454546,0.7333333333333333,0.22121212121212122,Mangrove,East,Coral,East,Coral_vs_Mangrove,TRUE
S85,S77,0.9652173913043478,0.8666666666666667,0.09855072463768115,Mangrove,East,Coral,East,Coral_vs_Mangrove,TRUE
S86,S77,0.95,0.8666666666666667,0.08333333333333333,Mangrove,West,Coral,East,Coral_vs_Mangrove,FALSE
S87,S77,0.92,0.8666666666666667,0.05333333333333334,Mangrove,West,Coral,East,Coral_vs_Mangrove,FALSE
S88,S77,1,1,0,Mangrove,West,Coral,East,Coral_vs_Mangrove,FALSE
S89,S77,1,1,0,Mangrove,West,Coral,East,Coral_vs_Mangrove,FALSE
S90,S77,1,1,0,Mangrove,West,Coral,East,Coral_vs_Mangrove,FALSE
S91,S77,0.9652173913043478,0.8666666666666667,0.09855072463768115,Seagrass,West,Coral,East,Coral_vs_Seagrass,FALSE
S92,S77,0.9411764705882353,0.8666666666666667,0.07450980392156863,Seagrass,West,Coral,East,Coral_vs_Seagrass,FALSE
S93,S77,0.9545454545454546,0.9333333333333333,0.02121212121212121,Seagrass,West,Coral,East,Coral_vs_Seagrass,FALSE
S94,S77,0.9393939393939394,0.9333333333333333,0.006060606060606061,Seagrass,West,Coral,East,Coral_vs_Seagrass,FALSE
S95,S77,0.9285714285714286,0.8666666666666667,0.06190476190476191,Seagrass,West,Coral,East,Coral_vs_Seagrass,FALSE
S96,S77,1,1,0,Mangrove,West,Coral,East,Coral_vs_Mangrove,FALSE
S97,S77,1,1,0,Mangrove,West,Coral,East,Coral_vs_Mangrove,FALSE
S98,S77,1,1,0,Mangrove,West,Coral,East,Coral_vs_Mangrove,FALSE
S99,S77,1,1,0,Mangrove,West,Coral,East,Coral_vs_Mangrove,FALSE
S100,S77,1,1,0,Mangrove,West,Coral,East,Coral_vs_Mangrove,FALSE
S106,S77,1,1,0,Mangrove,West,Coral,East,Coral_vs_Mangrove,FALSE
S107,S77,0.9523809523809523,0.9333333333333333,0.019047619047619046,Mangrove,West,Coral,East,Coral_vs_Mangrove,FALSE
S108,S77,0.9534883720930233,0.9333333333333333,0.020155038759689922,Mangrove,West,Coral,East,Coral_vs_Mangrove,FALSE
S109,S77,1,1,0,Mangrove,West,Coral,East,Coral_vs_Mangrove,FALSE
S110,S77,1,1,0,Mangrove,West,Coral,East,Coral_vs_Mangrove,FALSE
S81,S78,0.9634146341463414,0.8235294117647058,0.1398852223816356,Mangrove,East,Coral,East,Coral_vs_Mangrove,TRUE
S82,S78,0.9595375722543352,0.5882352941176471,0.3713022781366882,Mangrove,East,Coral,East,Coral_vs_Mangrove,TRUE
S83,S78,0.9516908212560387,0.7058823529411765,0.2458084683148622,Mangrove,East,Coral,East,Coral_vs_Mangrove,TRUE
S84,S78,0.9550561797752809,0.7647058823529411,0.19035029742233972,Mangrove,East,Coral,East,Coral_vs_Mangrove,TRUE
S85,S78,0.9658119658119658,0.8823529411764706,0.08345902463549523,Mangrove,East,Coral,East,Coral_vs_Mangrove,TRUE
S86,S78,0.975609756097561,0.9411764705882353,0.03443328550932568,Mangrove,West,Coral,East,Coral_vs_Mangrove,FALSE
S87,S78,0.9615384615384616,0.9411764705882353,0.020361990950226245,Mangrove,West,Coral,East,Coral_vs_Mangrove,FALSE
S88,S78,1,1,0,Mangrove,West,Coral,East,Coral_vs_Mangrove,FALSE
S89,S78,1,1,0,Mangrove,West,Coral,East,Coral_vs_Mangrove,FALSE
S90,S78,1,1,0,Mangrove,West,Coral,East,Coral_vs_Mangrove,FALSE
S91,S78,0.9829059829059829,0.9411764705882353,0.041729512317747616,Seagrass,West,Coral,East,Coral_vs_Seagrass,FALSE
S92,S78,0.9428571428571428,0.8823529411764706,0.06050420168067226,Seagrass,West,Coral,East,Coral_vs_Seagrass,FALSE
S93,S78,1,1,0,Seagrass,West,Coral,East,Coral_vs_Seagrass,FALSE
S94,S78,1,1,0,Seagrass,West,Coral,East,Coral_vs_Seagrass,FALSE
S95,S78,0.9655172413793104,0.9411764705882353,0.02434077079107505,Seagrass,West,Coral,East,Coral_vs_Seagrass,FALSE
S96,S78,1,1,0,Mangrove,West,Coral,East,Coral_vs_Mangrove,FALSE
S97,S78,1,1,0,Mangrove,West,Coral,East,Coral_vs_Mangrove,FALSE
S98,S78,1,1,0,Mangrove,West,Coral,East,Coral_vs_Mangrove,FALSE
S99,S78,1,1,0,Mangrove,West,Coral,East,Coral_vs_Mangrove,FALSE
S100,S78,1,1,0,Mangrove,West,Coral,East,Coral_vs_Mangrove,FALSE
S106,S78,1,1,0,Mangrove,West,Coral,East,Coral_vs_Mangrove,FALSE
S107,S78,1,1,0,Mangrove,West,Coral,East,Coral_vs_Mangrove,FALSE
S108,S78,1,1,0,Mangrove,West,Coral,East,Coral_vs_Mangrove,FALSE
S109,S78,1,1,0,Mangrove,West,Coral,East,Coral_vs_Mangrove,FALSE
S110,S78,1,1,0,Mangrove,West,Coral,East,Coral_vs_Mangrove,FALSE
S81,S80,0.9733333333333334,0.3333333333333333,0.6399999999999999,Mangrove,East,Coral,East,Coral_vs_Mangrove,TRUE
S82,S80,0.9879518072289156,0.3333333333333333,0.6546184738955823,Mangrove,East,Coral,East,Coral_vs_Mangrove,TRUE
S83,S80,0.9792746113989638,0.3333333333333333,0.6459412780656304,Mangrove,East,Coral,East,Coral_vs_Mangrove,TRUE
S84,S80,0.9878048780487805,0.6666666666666666,0.3211382113821138,Mangrove,East,Coral,East,Coral_vs_Mangrove,TRUE
S85,S80,0.9805825242718447,0.6666666666666666,0.313915857605178,Mangrove,East,Coral,East,Coral_vs_Mangrove,TRUE
S86,S80,0.9705882352941176,0.6666666666666666,0.30392156862745096,Mangrove,West,Coral,East,Coral_vs_Mangrove,FALSE
S87,S80,0.9473684210526315,0.6666666666666666,0.2807017543859649,Mangrove,West,Coral,East,Coral_vs_Mangrove,FALSE
S88,S80,1,1,0,Mangrove,West,Coral,East,Coral_vs_Mangrove,FALSE
S89,S80,1,1,0,Mangrove,West,Coral,East,Coral_vs_Mangrove,FALSE
S90,S80,1,1,0,Mangrove,West,Coral,East,Coral_vs_Mangrove,FALSE
S91,S80,0.9805825242718447,0.6666666666666666,0.313915857605178,Seagrass,West,Coral,East,Coral_vs_Seagrass,FALSE
S92,S80,0.9642857142857143,0.6666666666666666,0.2976190476190476,Seagrass,West,Coral,East,Coral_vs_Seagrass,FALSE
S93,S80,0.9375,0.6666666666666666,0.2708333333333333,Seagrass,West,Coral,East,Coral_vs_Seagrass,FALSE
S94,S80,0.9047619047619048,0.6666666666666666,0.23809523809523808,Seagrass,West,Coral,East,Coral_vs_Seagrass,FALSE
S95,S80,0.9545454545454546,0.6666666666666666,0.28787878787878785,Seagrass,West,Coral,East,Coral_vs_Seagrass,FALSE
S96,S80,1,1,0,Mangrove,West,Coral,East,Coral_vs_Mangrove,FALSE
S97,S80,1,1,0,Mangrove,West,Coral,East,Coral_vs_Mangrove,FALSE
S98,S80,1,1,0,Mangrove,West,Coral,East,Coral_vs_Mangrove,FALSE
S99,S80,1,1,0,Mangrove,West,Coral,East,Coral_vs_Mangrove,FALSE
S100,S80,1,1,0,Mangrove,West,Coral,East,Coral_vs_Mangrove,FALSE
S106,S80,1,1,0,Mangrove,West,Coral,East,Coral_vs_Mangrove,FALSE
S107,S80,0.9333333333333333,0.6666666666666666,0.26666666666666666,Mangrove,West,Coral,East,Coral_vs_Mangrove,FALSE
S108,S80,0.9354838709677419,0.6666666666666666,0.26881720430107525,Mangrove,West,Coral,East,Coral_vs_Mangrove,FALSE
S109,S80,1,1,0,Mangrove,West,Coral,East,Coral_vs_Mangrove,FALSE
S110,S80,1,1,0,Mangrove,West,Coral,East,Coral_vs_Mangrove,FALSE
S91,S81,0.8218623481781376,0.78,0.04186234817813765,Seagrass,West,Mangrove,East,Mangrove_vs_Seagrass,FALSE
S92,S81,0.88,0.7735849056603774,0.10641509433962264,Seagrass,West,Mangrove,East,Mangrove_vs_Seagrass,FALSE
S93,S81,0.9204545454545454,0.7586206896551724,0.16183385579937304,Seagrass,West,Mangrove,East,Mangrove_vs_Seagrass,FALSE
S94,S81,0.9151515151515152,0.6111111111111112,0.30404040404040406,Seagrass,West,Mangrove,East,Mangrove_vs_Seagrass,FALSE
S95,S81,0.851063829787234,0.6585365853658537,0.1925272444213804,Seagrass,West,Mangrove,East,Mangrove_vs_Seagrass,FALSE
S101,S81,0.9745222929936306,0.8,0.1745222929936306,Coral,West,Mangrove,East,Coral_vs_Mangrove,FALSE
S102,S81,0.9869281045751634,0.8333333333333334,0.15359477124183005,Coral,West,Mangrove,East,Coral_vs_Mangrove,FALSE
S103,S81,0.9870967741935484,0.875,0.11209677419354838,Coral,West,Mangrove,East,Coral_vs_Mangrove,FALSE
S104,S81,0.9634146341463414,0.8235294117647058,0.1398852223816356,Coral,West,Mangrove,East,Coral_vs_Mangrove,FALSE
S105,S81,0.963855421686747,0.8421052631578947,0.12175015852885225,Coral,West,Mangrove,East,Coral_vs_Mangrove,FALSE
S91,S82,0.8368298368298368,0.65,0.18682983682983684,Seagrass,West,Mangrove,East,Mangrove_vs_Seagrass,FALSE
S92,S82,0.9267015706806283,0.7358490566037735,0.1908525140768547,Seagrass,West,Mangrove,East,Mangrove_vs_Seagrass,FALSE
S93,S82,0.9385474860335196,0.6206896551724138,0.31785783086110575,Seagrass,West,Mangrove,East,Mangrove_vs_Seagrass,FALSE
S94,S82,0.9538904899135446,0.5555555555555556,0.39833493435798906,Seagrass,West,Mangrove,East,Mangrove_vs_Seagrass,FALSE
S95,S82,0.8972972972972973,0.5365853658536586,0.3607119314436388,Seagrass,West,Mangrove,East,Mangrove_vs_Seagrass,FALSE
S101,S82,0.9823008849557522,0.7,0.2823008849557522,Coral,West,Mangrove,East,Coral_vs_Mangrove,FALSE
S102,S82,0.9940298507462687,0.8333333333333334,0.1606965174129353,Coral,West,Mangrove,East,Coral_vs_Mangrove,FALSE
S103,S82,0.9940652818991098,0.875,0.1190652818991098,Coral,West,Mangrove,East,Coral_vs_Mangrove,FALSE
S104,S82,0.9826589595375722,0.8235294117647058,0.1591295477728664,Coral,West,Mangrove,East,Coral_vs_Mangrove,FALSE
S105,S82,0.9770114942528736,0.7894736842105263,0.18753781004234724,Coral,West,Mangrove,East,Coral_vs_Mangrove,FALSE
S91,S83,0.8413793103448276,0.77,0.0713793103448276,Seagrass,West,Mangrove,East,Mangrove_vs_Seagrass,FALSE
S92,S83,0.9176954732510288,0.8113207547169812,0.10637471853404767,Seagrass,West,Mangrove,East,Mangrove_vs_Seagrass,FALSE
S93,S83,0.9452054794520548,0.7931034482758621,0.15210203117619273,Seagrass,West,Mangrove,East,Mangrove_vs_Seagrass,FALSE
S94,S83,0.9519230769230769,0.7222222222222222,0.2297008547008547,Seagrass,West,Mangrove,East,Mangrove_vs_Seagrass,FALSE
S95,S83,0.8874458874458875,0.6829268292682927,0.20451905817759478,Seagrass,West,Mangrove,East,Mangrove_vs_Seagrass,FALSE
S101,S83,0.96,0.6,0.36000000000000004,Coral,West,Mangrove,East,Coral_vs_Mangrove,FALSE
S102,S83,0.9897959183673469,0.8333333333333334,0.1564625850340136,Coral,West,Mangrove,East,Coral_vs_Mangrove,FALSE
S103,S83,0.98989898989899,0.875,0.1148989898989899,Coral,West,Mangrove,East,Coral_vs_Mangrove,FALSE
S104,S83,0.961352657004831,0.7647058823529411,0.19664677465188976,Coral,West,Mangrove,East,Coral_vs_Mangrove,FALSE
S105,S83,0.9521531100478469,0.7368421052631579,0.215311004784689,Coral,West,Mangrove,East,Coral_vs_Mangrove,FALSE
S91,S84,0.8850574712643678,0.85,0.03505747126436781,Seagrass,West,Mangrove,East,Mangrove_vs_Seagrass,FALSE
S92,S84,0.8878504672897196,0.7735849056603774,0.11426556162934226,Seagrass,West,Mangrove,East,Mangrove_vs_Seagrass,FALSE
S93,S84,0.9263157894736842,0.7586206896551724,0.16769509981851183,Seagrass,West,Mangrove,East,Mangrove_vs_Seagrass,FALSE
S94,S84,0.9664804469273743,0.8333333333333334,0.13314711359404097,Seagrass,West,Mangrove,East,Mangrove_vs_Seagrass,FALSE
S95,S84,0.8712871287128713,0.6829268292682927,0.1883602994445786,Seagrass,West,Mangrove,East,Mangrove_vs_Seagrass,FALSE
S101,S84,0.9766081871345029,0.8,0.17660818713450294,Coral,West,Mangrove,East,Coral_vs_Mangrove,FALSE
S102,S84,0.9880239520958084,0.8333333333333334,0.15469061876247503,Coral,West,Mangrove,East,Coral_vs_Mangrove,FALSE
S103,S84,0.9881656804733728,0.875,0.11316568047337278,Coral,West,Mangrove,East,Coral_vs_Mangrove,FALSE
S104,S84,0.9662921348314607,0.8235294117647058,0.1427627230667548,Coral,West,Mangrove,East,Coral_vs_Mangrove,FALSE
S105,S84,0.9777777777777777,0.8947368421052632,0.08304093567251461,Coral,West,Mangrove,East,Coral_vs_Mangrove,FALSE
S91,S85,0.88,0.88,0,Seagrass,West,Mangrove,East,Mangrove_vs_Seagrass,FALSE
S92,S85,0.9215686274509803,0.8867924528301887,0.03477617462079172,Seagrass,West,Mangrove,East,Mangrove_vs_Seagrass,FALSE
S93,S85,0.9224806201550387,0.8275862068965517,0.09489441325848703,Seagrass,West,Mangrove,East,Mangrove_vs_Seagrass,FALSE
S94,S85,0.9322033898305084,0.7777777777777778,0.1544256120527307,Seagrass,West,Mangrove,East,Mangrove_vs_Seagrass,FALSE
S95,S85,0.9148936170212766,0.8536585365853658,0.061235080435910735,Seagrass,West,Mangrove,East,Mangrove_vs_Seagrass,FALSE
S101,S85,0.9818181818181818,0.9,0.08181818181818183,Coral,West,Mangrove,East,Coral_vs_Mangrove,FALSE
S102,S85,1,1,0,Coral,West,Mangrove,East,Coral_vs_Mangrove,FALSE
S103,S85,0.9814814814814815,0.875,0.10648148148148148,Coral,West,Mangrove,East,Coral_vs_Mangrove,FALSE
S104,S85,0.9829059829059829,0.9411764705882353,0.041729512317747616,Coral,West,Mangrove,East,Coral_vs_Mangrove,FALSE
S105,S85,1,1,0,Coral,West,Mangrove,East,Coral_vs_Mangrove,FALSE
S91,S86,0.7212121212121212,0.6461538461538462,0.07505827505827506,Seagrass,West,Mangrove,West,Mangrove_vs_Seagrass,TRUE
S92,S86,0.7796610169491526,0.7547169811320755,0.024944035817077072,Seagrass,West,Mangrove,West,Mangrove_vs_Seagrass,TRUE
S93,S86,0.7446808510638298,0.5862068965517241,0.15847395451210564,Seagrass,West,Mangrove,West,Mangrove_vs_Seagrass,TRUE
S94,S86,0.8313253012048193,0.6111111111111112,0.22021419009370818,Seagrass,West,Mangrove,West,Mangrove_vs_Seagrass,TRUE
S95,S86,0.7358490566037735,0.6585365853658537,0.07731247123791993,Seagrass,West,Mangrove,West,Mangrove_vs_Seagrass,TRUE
S101,S86,0.9466666666666667,0.8,0.14666666666666667,Coral,West,Mangrove,West,Coral_vs_Mangrove,TRUE
S102,S86,0.971830985915493,0.8333333333333334,0.13849765258215962,Coral,West,Mangrove,West,Coral_vs_Mangrove,TRUE
S103,S86,0.9726027397260274,0.875,0.0976027397260274,Coral,West,Mangrove,West,Coral_vs_Mangrove,TRUE
S104,S86,0.9512195121951219,0.8823529411764706,0.06886657101865136,Coral,West,Mangrove,West,Coral_vs_Mangrove,TRUE
S105,S86,0.9047619047619048,0.7894736842105263,0.11528822055137845,Coral,West,Mangrove,West,Coral_vs_Mangrove,TRUE
S91,S87,0.8666666666666667,0.7428571428571429,0.12380952380952379,Seagrass,West,Mangrove,West,Mangrove_vs_Seagrass,TRUE
S92,S87,0.8409090909090909,0.8,0.040909090909090916,Seagrass,West,Mangrove,West,Mangrove_vs_Seagrass,TRUE
S93,S87,0.875,0.8620689655172413,0.01293103448275862,Seagrass,West,Mangrove,West,Mangrove_vs_Seagrass,TRUE
S94,S87,0.8490566037735849,0.7777777777777778,0.07127882599580712,Seagrass,West,Mangrove,West,Mangrove_vs_Seagrass,TRUE
S95,S87,0.7631578947368421,0.7428571428571429,0.020300751879699246,Seagrass,West,Mangrove,West,Mangrove_vs_Seagrass,TRUE
S101,S87,0.9555555555555556,0.9,0.05555555555555556,Coral,West,Mangrove,West,Coral_vs_Mangrove,TRUE
S102,S87,0.9512195121951219,0.8333333333333334,0.11788617886178861,Coral,West,Mangrove,West,Coral_vs_Mangrove,TRUE
S103,S87,0.9534883720930233,0.875,0.07848837209302326,Coral,West,Mangrove,West,Coral_vs_Mangrove,TRUE
S104,S87,0.9615384615384616,0.9411764705882353,0.020361990950226245,Coral,West,Mangrove,West,Coral_vs_Mangrove,TRUE
S105,S87,0.8888888888888888,0.8421052631578947,0.04678362573099415,Coral,West,Mangrove,West,Coral_vs_Mangrove,TRUE
S91,S88,0.9057591623036649,0.9010989010989011,0.004660261204763823,Seagrass,West,Mangrove,West,Mangrove_vs_Seagrass,TRUE
S92,S88,0.9166666666666666,0.8867924528301887,0.029874213836477988,Seagrass,West,Mangrove,West,Mangrove_vs_Seagrass,TRUE
S93,S88,0.9,0.7931034482758621,0.10689655172413794,Seagrass,West,Mangrove,West,Mangrove_vs_Seagrass,TRUE
S94,S88,0.944954128440367,0.8333333333333334,0.11162079510703363,Seagrass,West,Mangrove,West,Mangrove_vs_Seagrass,TRUE
S95,S88,0.9393939393939394,0.9024390243902439,0.03695491500369549,Seagrass,West,Mangrove,West,Mangrove_vs_Seagrass,TRUE
S101,S88,0.9801980198019802,0.9,0.08019801980198021,Coral,West,Mangrove,West,Coral_vs_Mangrove,TRUE
S102,S88,1,1,0,Coral,West,Mangrove,West,Coral_vs_Mangrove,TRUE
S103,S88,1,1,0,Coral,West,Mangrove,West,Coral_vs_Mangrove,TRUE
S104,S88,0.9814814814814815,0.9411764705882353,0.04030501089324619,Coral,West,Mangrove,West,Coral_vs_Mangrove,TRUE
S105,S88,0.9454545454545454,0.8421052631578947,0.1033492822966507,Coral,West,Mangrove,West,Coral_vs_Mangrove,TRUE
S91,S89,0.9418604651162791,0.9305555555555556,0.011304909560723516,Seagrass,West,Mangrove,West,Mangrove_vs_Seagrass,TRUE
S92,S89,0.952,0.9433962264150944,0.00860377358490566,Seagrass,West,Mangrove,West,Mangrove_vs_Seagrass,TRUE
S93,S89,0.9207920792079208,0.8620689655172413,0.05872311369067941,Seagrass,West,Mangrove,West,Mangrove_vs_Seagrass,TRUE
S94,S89,0.9333333333333333,0.8333333333333334,0.09999999999999999,Seagrass,West,Mangrove,West,Mangrove_vs_Seagrass,TRUE
S95,S89,0.9469026548672567,0.926829268292683,0.020073386574573707,Seagrass,West,Mangrove,West,Mangrove_vs_Seagrass,TRUE
S101,S89,0.975609756097561,0.9,0.07560975609756099,Coral,West,Mangrove,West,Coral_vs_Mangrove,TRUE
S102,S89,1,1,0,Coral,West,Mangrove,West,Coral_vs_Mangrove,TRUE
S103,S89,1,1,0,Coral,West,Mangrove,West,Coral_vs_Mangrove,TRUE
S104,S89,0.9775280898876404,0.9411764705882353,0.036351619299405155,Coral,West,Mangrove,West,Coral_vs_Mangrove,TRUE
S105,S89,0.978021978021978,0.9473684210526315,0.030653556969346442,Coral,West,Mangrove,West,Coral_vs_Mangrove,TRUE
S91,S90,1,1,0,Seagrass,West,Mangrove,West,Mangrove_vs_Seagrass,TRUE
S92,S90,1,1,0,Seagrass,West,Mangrove,West,Mangrove_vs_Seagrass,TRUE
S93,S90,1,1,0,Seagrass,West,Mangrove,West,Mangrove_vs_Seagrass,TRUE
S94,S90,1,1,0,Seagrass,West,Mangrove,West,Mangrove_vs_Seagrass,TRUE
S95,S90,1,1,0,Seagrass,West,Mangrove,West,Mangrove_vs_Seagrass,TRUE
S101,S90,1,1,0,Coral,West,Mangrove,West,Coral_vs_Mangrove,TRUE
S102,S90,1,1,0,Coral,West,Mangrove,West,Coral_vs_Mangrove,TRUE
S103,S90,1,1,0,Coral,West,Mangrove,West,Coral_vs_Mangrove,TRUE
S104,S90,1,1,0,Coral,West,Mangrove,West,Coral_vs_Mangrove,TRUE
S105,S90,1,1,0,Coral,West,Mangrove,West,Coral_vs_Mangrove,TRUE
S96,S91,0.934640522875817,0.9056603773584906,0.02898014551732643,Mangrove,West,Seagrass,West,Mangrove_vs_Seagrass,TRUE
S97,S91,0.9870967741935484,0.9818181818181818,0.005278592375366569,Mangrove,West,Seagrass,West,Mangrove_vs_Seagrass,TRUE
S98,S91,0.9067357512953368,0.9032258064516129,0.003509944843723884,Mangrove,West,Seagrass,West,Mangrove_vs_Seagrass,TRUE
S99,S91,0.9170506912442397,0.91,0.007050691244239631,Mangrove,West,Seagrass,West,Mangrove_vs_Seagrass,TRUE
S100,S91,0.9512195121951219,0.95,0.0012195121951219514,Mangrove,West,Seagrass,West,Mangrove_vs_Seagrass,TRUE
S101,S91,0.9272727272727272,0.6,0.3272727272727273,Coral,West,Seagrass,West,Coral_vs_Seagrass,TRUE
S102,S91,0.9622641509433962,0.6666666666666666,0.29559748427672955,Coral,West,Seagrass,West,Coral_vs_Seagrass,TRUE
S103,S91,0.9629629629629629,0.75,0.21296296296296297,Coral,West,Seagrass,West,Coral_vs_Seagrass,TRUE
S104,S91,0.9145299145299145,0.7058823529411765,0.20864756158873807,Coral,West,Seagrass,West,Coral_vs_Seagrass,TRUE
S105,S91,0.865546218487395,0.5789473684210527,0.28659885006634234,Coral,West,Seagrass,West,Coral_vs_Seagrass,TRUE
S106,S91,0.8695652173913043,0.7631578947368421,0.10640732265446223,Mangrove,West,Seagrass,West,Mangrove_vs_Seagrass,TRUE
S107,S91,0.8267716535433071,0.5925925925925926,0.23417906095071447,Mangrove,West,Seagrass,West,Mangrove_vs_Seagrass,TRUE
S108,S91,0.875,0.7142857142857143,0.1607142857142857,Mangrove,West,Seagrass,West,Mangrove_vs_Seagrass,TRUE
S109,S91,0.9159663865546218,0.7368421052631579,0.17912428129146396,Mangrove,West,Seagrass,West,Mangrove_vs_Seagrass,TRUE
S110,S91,0.9016393442622951,0.7272727272727273,0.17436661698956782,Mangrove,West,Seagrass,West,Mangrove_vs_Seagrass,TRUE
S96,S92,0.9622641509433962,0.9622641509433962,0,Mangrove,West,Seagrass,West,Mangrove_vs_Seagrass,TRUE
S97,S92,0.9629629629629629,0.9622641509433962,6.988120195667365e-4,Mangrove,West,Seagrass,West,Mangrove_vs_Seagrass,TRUE
S98,S92,0.9315068493150684,0.9056603773584906,0.025846471956577927,Mangrove,West,Seagrass,West,Mangrove_vs_Seagrass,TRUE
S99,S92,0.9294117647058824,0.8867924528301887,0.04261931187569368,Mangrove,West,Seagrass,West,Mangrove_vs_Seagrass,TRUE
S100,S92,0.9620253164556962,0.9433962264150944,0.018629090040601863,Mangrove,West,Seagrass,West,Mangrove_vs_Seagrass,TRUE
S101,S92,0.873015873015873,0.6,0.27301587301587305,Coral,West,Seagrass,West,Coral_vs_Seagrass,TRUE
S102,S92,0.8983050847457628,0.5,0.3983050847457627,Coral,West,Seagrass,West,Coral_vs_Seagrass,TRUE
S103,S92,0.9672131147540983,0.875,0.09221311475409837,Coral,West,Seagrass,West,Coral_vs_Seagrass,TRUE
S104,S92,0.8571428571428571,0.7058823529411765,0.15126050420168066,Coral,West,Seagrass,West,Coral_vs_Seagrass,TRUE
S105,S92,0.8888888888888888,0.7894736842105263,0.09941520467836257,Coral,West,Seagrass,West,Coral_vs_Seagrass,TRUE
S106,S92,0.8901098901098901,0.868421052631579,0.02168883747831116,Mangrove,West,Seagrass,West,Mangrove_vs_Seagrass,TRUE
S107,S92,0.775,0.6666666666666666,0.10833333333333334,Mangrove,West,Seagrass,West,Mangrove_vs_Seagrass,TRUE
S108,S92,0.8271604938271605,0.75,0.07716049382716049,Mangrove,West,Seagrass,West,Mangrove_vs_Seagrass,TRUE
S109,S92,0.9444444444444444,0.8947368421052632,0.049707602339181284,Mangrove,West,Seagrass,West,Mangrove_vs_Seagrass,TRUE
S110,S92,0.8933333333333333,0.8181818181818182,0.07515151515151515,Mangrove,West,Seagrass,West,Mangrove_vs_Seagrass,TRUE
S96,S93,0.975609756097561,0.9655172413793104,0.01009251471825063,Mangrove,West,Seagrass,West,Mangrove_vs_Seagrass,TRUE
S97,S93,1,1,0,Mangrove,West,Seagrass,West,Mangrove_vs_Seagrass,TRUE
S98,S93,0.9672131147540983,0.9310344827586207,0.036178631995477675,Mangrove,West,Seagrass,West,Mangrove_vs_Seagrass,TRUE
S99,S93,0.9726027397260274,0.9310344827586207,0.04156825696740671,Mangrove,West,Seagrass,West,Mangrove_vs_Seagrass,TRUE
S100,S93,0.9701492537313433,0.9310344827586207,0.03911477097272259,Mangrove,West,Seagrass,West,Mangrove_vs_Seagrass,TRUE
S101,S93,0.8461538461538461,0.7,0.14615384615384613,Coral,West,Seagrass,West,Coral_vs_Seagrass,TRUE
S102,S93,0.9428571428571428,0.8333333333333334,0.10952380952380952,Coral,West,Seagrass,West,Coral_vs_Seagrass,TRUE
S103,S93,0.9459459459459459,0.875,0.07094594594594594,Coral,West,Seagrass,West,Coral_vs_Seagrass,TRUE
S104,S93,0.8695652173913043,0.8235294117647058,0.04603580562659847,Coral,West,Seagrass,West,Coral_vs_Seagrass,TRUE
S105,S93,0.8333333333333334,0.7894736842105263,0.043859649122807015,Coral,West,Seagrass,West,Coral_vs_Seagrass,TRUE
S106,S93,0.8805970149253731,0.8620689655172413,0.018528049408131755,Mangrove,West,Seagrass,West,Mangrove_vs_Seagrass,TRUE
S107,S93,0.7857142857142857,0.7777777777777778,0.007936507936507936,Mangrove,West,Seagrass,West,Mangrove_vs_Seagrass,TRUE
S108,S93,0.8245614035087719,0.8214285714285714,0.003132832080200501,Mangrove,West,Seagrass,West,Mangrove_vs_Seagrass,TRUE
S109,S93,0.9166666666666666,0.8947368421052632,0.021929824561403508,Mangrove,West,Seagrass,West,Mangrove_vs_Seagrass,TRUE
S110,S93,0.8431372549019608,0.8181818181818182,0.024955436720142606,Mangrove,West,Seagrass,West,Mangrove_vs_Seagrass,TRUE
S96,S94,0.971830985915493,0.9444444444444444,0.027386541471048513,Mangrove,West,Seagrass,West,Mangrove_vs_Seagrass,TRUE
S97,S94,1,1,0,Mangrove,West,Seagrass,West,Mangrove_vs_Seagrass,TRUE
S98,S94,0.9819819819819819,0.9444444444444444,0.03753753753753753,Mangrove,West,Seagrass,West,Mangrove_vs_Seagrass,TRUE
S99,S94,0.9703703703703703,0.8888888888888888,0.08148148148148147,Mangrove,West,Seagrass,West,Mangrove_vs_Seagrass,TRUE
S100,S94,0.983739837398374,0.9444444444444444,0.03929539295392954,Mangrove,West,Seagrass,West,Mangrove_vs_Seagrass,TRUE
S101,S94,0.9285714285714286,0.9,0.02857142857142857,Coral,West,Seagrass,West,Coral_vs_Seagrass,TRUE
S102,S94,0.9166666666666666,0.8333333333333334,0.08333333333333333,Coral,West,Seagrass,West,Coral_vs_Seagrass,TRUE
S103,S94,0.9230769230769231,0.875,0.04807692307692308,Coral,West,Seagrass,West,Coral_vs_Seagrass,TRUE
S104,S94,0.9428571428571428,0.9411764705882353,0.001680672268907563,Coral,West,Seagrass,West,Coral_vs_Seagrass,TRUE
S105,S94,0.8918918918918919,0.8888888888888888,0.003003003003003003,Coral,West,Seagrass,West,Coral_vs_Seagrass,TRUE
S106,S94,0.9642857142857143,0.9444444444444444,0.01984126984126984,Mangrove,West,Seagrass,West,Mangrove_vs_Seagrass,TRUE
S107,S94,0.9111111111111111,0.8888888888888888,0.022222222222222223,Mangrove,West,Seagrass,West,Mangrove_vs_Seagrass,TRUE
S108,S94,0.8260869565217391,0.7777777777777778,0.04830917874396135,Mangrove,West,Seagrass,West,Mangrove_vs_Seagrass,TRUE
S109,S94,0.9459459459459459,0.9444444444444444,0.0015015015015015015,Mangrove,West,Seagrass,West,Mangrove_vs_Seagrass,TRUE
S110,S94,1,1,0,Mangrove,West,Seagrass,West,Mangrove_vs_Seagrass,TRUE
S96,S95,0.9574468085106383,0.9512195121951219,0.006227296315516347,Mangrove,West,Seagrass,West,Mangrove_vs_Seagrass,TRUE
S97,S95,1,1,0,Mangrove,West,Seagrass,West,Mangrove_vs_Seagrass,TRUE
S98,S95,0.9253731343283582,0.8780487804878049,0.04732435384055333,Mangrove,West,Seagrass,West,Mangrove_vs_Seagrass,TRUE
S99,S95,0.9240506329113924,0.8536585365853658,0.07039209632602655,Mangrove,West,Seagrass,West,Mangrove_vs_Seagrass,TRUE
S100,S95,0.958904109589041,0.926829268292683,0.03207484129635817,Mangrove,West,Seagrass,West,Mangrove_vs_Seagrass,TRUE
S101,S95,0.8823529411764706,0.7,0.18235294117647058,Coral,West,Seagrass,West,Coral_vs_Seagrass,TRUE
S102,S95,0.8723404255319149,0.5,0.3723404255319149,Coral,West,Seagrass,West,Coral_vs_Seagrass,TRUE
S103,S95,0.9183673469387755,0.75,0.1683673469387755,Coral,West,Seagrass,West,Coral_vs_Seagrass,TRUE
S104,S95,0.896551724137931,0.8235294117647058,0.07302231237322515,Coral,West,Seagrass,West,Coral_vs_Seagrass,TRUE
S105,S95,0.8333333333333334,0.7368421052631579,0.09649122807017543,Coral,West,Seagrass,West,Coral_vs_Seagrass,TRUE
S106,S95,0.8987341772151899,0.8947368421052632,0.003997335109926716,Mangrove,West,Seagrass,West,Mangrove_vs_Seagrass,TRUE
S107,S95,0.8529411764705882,0.8148148148148148,0.03812636165577342,Mangrove,West,Seagrass,West,Mangrove_vs_Seagrass,TRUE
S108,S95,0.7681159420289855,0.7142857142857143,0.05383022774327122,Mangrove,West,Seagrass,West,Mangrove_vs_Seagrass,TRUE
S109,S95,0.9,0.8421052631578947,0.057894736842105256,Mangrove,West,Seagrass,West,Mangrove_vs_Seagrass,TRUE
S110,S95,0.9365079365079365,0.9090909090909091,0.027417027417027416,Mangrove,West,Seagrass,West,Mangrove_vs_Seagrass,TRUE
S101,S96,1,1,0,Coral,West,Mangrove,West,Coral_vs_Mangrove,TRUE
S102,S96,1,1,0,Coral,West,Mangrove,West,Coral_vs_Mangrove,TRUE
S103,S96,1,1,0,Coral,West,Mangrove,West,Coral_vs_Mangrove,TRUE
S104,S96,1,1,0,Coral,West,Mangrove,West,Coral_vs_Mangrove,TRUE
S105,S96,0.9722222222222222,0.9473684210526315,0.024853801169590642,Coral,West,Mangrove,West,Coral_vs_Mangrove,TRUE
S101,S97,0.9692307692307692,0.9,0.06923076923076923,Coral,West,Mangrove,West,Coral_vs_Mangrove,TRUE
S102,S97,1,1,0,Coral,West,Mangrove,West,Coral_vs_Mangrove,TRUE
S103,S97,1,1,0,Coral,West,Mangrove,West,Coral_vs_Mangrove,TRUE
S104,S97,1,1,0,Coral,West,Mangrove,West,Coral_vs_Mangrove,TRUE
S105,S97,1,1,0,Coral,West,Mangrove,West,Coral_vs_Mangrove,TRUE
S101,S98,0.9805825242718447,0.9,0.08058252427184466,Coral,West,Mangrove,West,Coral_vs_Mangrove,TRUE
S102,S98,1,1,0,Coral,West,Mangrove,West,Coral_vs_Mangrove,TRUE
S103,S98,1,1,0,Coral,West,Mangrove,West,Coral_vs_Mangrove,TRUE
S104,S98,0.9818181818181818,0.9411764705882353,0.040641711229946524,Coral,West,Mangrove,West,Coral_vs_Mangrove,TRUE
S105,S98,0.9821428571428571,0.9473684210526315,0.03477443609022556,Coral,West,Mangrove,West,Coral_vs_Mangrove,TRUE
S101,S99,1,1,0,Coral,West,Mangrove,West,Coral_vs_Mangrove,TRUE
S102,S99,1,1,0,Coral,West,Mangrove,West,Coral_vs_Mangrove,TRUE
S103,S99,1,1,0,Coral,West,Mangrove,West,Coral_vs_Mangrove,TRUE
S104,S99,1,1,0,Coral,West,Mangrove,West,Coral_vs_Mangrove,TRUE
S105,S99,0.9852941176470589,0.9473684210526315,0.037925696594427245,Coral,West,Mangrove,West,Coral_vs_Mangrove,TRUE
S101,S100,1,1,0,Coral,West,Mangrove,West,Coral_vs_Mangrove,TRUE
S102,S100,1,1,0,Coral,West,Mangrove,West,Coral_vs_Mangrove,TRUE
S103,S100,1,1,0,Coral,West,Mangrove,West,Coral_vs_Mangrove,TRUE
S104,S100,1,1,0,Coral,West,Mangrove,West,Coral_vs_Mangrove,TRUE
S105,S100,0.9838709677419355,0.9473684210526315,0.0365025466893039,Coral,West,Mangrove,West,Coral_vs_Mangrove,TRUE
S106,S101,0.8333333333333334,0.6,0.23333333333333336,Mangrove,West,Coral,West,Coral_vs_Mangrove,TRUE
S107,S101,0.7837837837837838,0.6,0.1837837837837838,Mangrove,West,Coral,West,Coral_vs_Mangrove,TRUE
S108,S101,0.7894736842105263,0.6,0.18947368421052632,Mangrove,West,Coral,West,Coral_vs_Mangrove,TRUE
S109,S101,0.7931034482758621,0.7,0.09310344827586207,Mangrove,West,Coral,West,Coral_vs_Mangrove,TRUE
S110,S101,0.8125,0.7,0.11249999999999999,Mangrove,West,Coral,West,Coral_vs_Mangrove,TRUE
S106,S102,1,1,0,Mangrove,West,Coral,West,Coral_vs_Mangrove,TRUE
S107,S102,1,1,0,Mangrove,West,Coral,West,Coral_vs_Mangrove,TRUE
S108,S102,1,1,0,Mangrove,West,Coral,West,Coral_vs_Mangrove,TRUE
S109,S102,1,1,0,Mangrove,West,Coral,West,Coral_vs_Mangrove,TRUE
S110,S102,1,1,0,Mangrove,West,Coral,West,Coral_vs_Mangrove,TRUE
S106,S103,0.9565217391304348,0.875,0.08152173913043478,Mangrove,West,Coral,West,Coral_vs_Mangrove,TRUE
S107,S103,0.9428571428571428,0.875,0.06785714285714285,Mangrove,West,Coral,West,Coral_vs_Mangrove,TRUE
S108,S103,0.9444444444444444,0.875,0.06944444444444445,Mangrove,West,Coral,West,Coral_vs_Mangrove,TRUE
S109,S103,0.9259259259259259,0.875,0.05092592592592592,Mangrove,West,Coral,West,Coral_vs_Mangrove,TRUE
S110,S103,1,1,0,Mangrove,West,Coral,West,Coral_vs_Mangrove,TRUE
S106,S104,0.8545454545454545,0.7647058823529411,0.08983957219251337,Mangrove,West,Coral,West,Coral_vs_Mangrove,TRUE
S107,S104,0.8181818181818182,0.7647058823529411,0.053475935828877004,Mangrove,West,Coral,West,Coral_vs_Mangrove,TRUE
S108,S104,0.8222222222222222,0.7647058823529411,0.05751633986928104,Mangrove,West,Coral,West,Coral_vs_Mangrove,TRUE
S109,S104,0.8333333333333334,0.8235294117647058,0.00980392156862745,Mangrove,West,Coral,West,Coral_vs_Mangrove,TRUE
S110,S104,0.7948717948717948,0.7647058823529411,0.030165912518853692,Mangrove,West,Coral,West,Coral_vs_Mangrove,TRUE
S106,S105,0.7894736842105263,0.6842105263157895,0.10526315789473684,Mangrove,West,Coral,West,Coral_vs_Mangrove,TRUE
S107,S105,0.8260869565217391,0.7894736842105263,0.036613272311212815,Mangrove,West,Coral,West,Coral_vs_Mangrove,TRUE
S108,S105,0.7872340425531915,0.7368421052631579,0.05039193729003359,Mangrove,West,Coral,West,Coral_vs_Mangrove,TRUE
S109,S105,0.7894736842105263,0.7894736842105263,0,Mangrove,West,Coral,West,Coral_vs_Mangrove,TRUE
S110,S105,0.8536585365853658,0.8421052631578947,0.011553273427471115,Mangrove,West,Coral,West,Coral_vs_Mangrove,TRUE
