sample_1,sample_2,community_distance,ocean_distance_km,east_or_west_1,habitat_1,east_or_west_2,habitat_2,metric
S2,S1,0.38189229905516614,1.4142135623730951,west,mangrove,west,mangrove,unifrac
S3,S1,0.3498548245240962,1.4142135623730951,west,mangrove,west,mangrove,unifrac
S4,S1,0.3867620010507329,3.414213562373095,west,mangrove,west,mangrove,unifrac
S5,S1,0.4313605665234107,2.414213562373095,west,mangrove,west,mangrove,unifrac
S6,S1,0.9273751215658872,81.95331880577403,west,mangrove,west,mangrove,unifrac
S7,S1,0.9291245921652137,82.36753236814714,west,mangrove,west,mangrove,unifrac
S8,S1,0.8280174814817172,80.95331880577403,west,mangrove,west,mangrove,unifrac
S9,S1,0.8784432755382876,82.36753236814714,west,mangrove,west,mangrove,unifrac
S10,S1,0.926715213707135,81.36753236814714,west,mangrove,west,mangrove,unifrac
S11,S1,0.6620717437528904,213.2914139223987,west,mangrove,west,mangrove,unifrac
S12,S1,0.6676854335931802,214.2914139223987,west,mangrove,west,mangrove,unifrac
S13,S1,0.6598961977511681,214.2914139223987,west,mangrove,west,mangrove,unifrac
S14,S1,0.6705665423713071,214.7056274847718,west,mangrove,west,mangrove,unifrac
S15,S1,0.6535018942124349,215.7056274847718,west,mangrove,west,mangrove,unifrac
S16,S1,0.5716777035335494,222.11984104714492,west,coral,west,mangrove,unifrac
S17,S1,0.5443304559752837,220.7056274847718,west,coral,west,mangrove,unifrac
S18,S1,0.5559502238104893,220.7056274847718,west,coral,west,mangrove,unifrac
S19,S1,0.5370645071421686,220.7056274847718,west,coral,west,mangrove,unifrac
S20,S1,0.52321976972417,222.11984104714492,west,coral,west,mangrove,unifrac
S21,S1,0.9227031682583328,199.84062043356602,east,mangrove,west,mangrove,unifrac
S22,S1,0.8159385791920921,199.84062043356602,east,mangrove,west,mangrove,unifrac
S23,S1,0.7360306446883365,199.84062043356602,east,mangrove,west,mangrove,unifrac
S24,S1,0.7254197126601603,199.84062043356602,east,mangrove,west,mangrove,unifrac
S25,S1,0.6035421074738019,199.84062043356602,east,mangrove,west,mangrove,unifrac
S26,S1,0.7987669995364193,198.84062043356602,east,seagrass,west,mangrove,unifrac
S27,S1,0.8379489845837037,198.84062043356602,east,seagrass,west,mangrove,unifrac
S28,S1,0.8715718466365336,199.84062043356602,east,seagrass,west,mangrove,unifrac
S29,S1,0.9566152438413846,200.25483399593912,east,seagrass,west,mangrove,unifrac
S30,S1,0.79687834234371,200.25483399593912,east,seagrass,west,mangrove,unifrac
S31,S1,0.6846650076560905,203.6690475583122,east,coral,west,mangrove,unifrac
S32,S1,0.8308692903958541,203.6690475583122,east,coral,west,mangrove,unifrac
S33,S1,0.8061823912769721,202.6690475583122,east,coral,west,mangrove,unifrac
S34,S1,0.8307690527770745,202.6690475583122,east,coral,west,mangrove,unifrac
S35,S1,0.6905555848171195,202.6690475583122,east,coral,west,mangrove,unifrac
S36,S1,0.9461605436208599,322.492424049175,east,mangrove,west,mangrove,unifrac
S37,S1,0.9648753814169511,321.492424049175,east,mangrove,west,mangrove,unifrac
S38,S1,0.9512574175928614,320.492424049175,east,mangrove,west,mangrove,unifrac
S39,S1,0.9581011242120109,319.9066376115481,east,mangrove,west,mangrove,unifrac
S40,S1,0.9184614368879618,318.492424049175,east,mangrove,west,mangrove,unifrac
S41,S1,0.7468349157440441,429.5634918610398,east,coral,west,mangrove,unifrac
S42,S1,0.6584201704537612,429.1492782986666,east,coral,west,mangrove,unifrac
S43,S1,0.781678627018311,429.1492782986666,east,coral,west,mangrove,unifrac
S44,S1,0.6333330067455518,430.1492782986666,east,coral,west,mangrove,unifrac
S45,S1,0.7206163949067709,429.1492782986666,east,coral,west,mangrove,unifrac
S46,S1,0.7072147392807139,428.5634918610398,east,mangrove,west,mangrove,unifrac
S47,S1,0.8371981557980931,428.5634918610398,east,mangrove,west,mangrove,unifrac
S48,S1,0.6659684569328448,428.5634918610398,east,mangrove,west,mangrove,unifrac
S49,S1,0.9121419809555665,429.5634918610398,east,mangrove,west,mangrove,unifrac
S50,S1,0.7994547419776007,429.5634918610398,east,mangrove,west,mangrove,unifrac
S51,S1,0.6319107862265699,494.90663761154656,east,seagrass,west,mangrove,unifrac
S52,S1,0.6632293044419811,494.90663761154656,east,seagrass,west,mangrove,unifrac
S53,S1,0.6063994520789912,494.90663761154656,east,seagrass,west,mangrove,unifrac
S54,S1,0.6149424932565677,493.9066376115466,east,seagrass,west,mangrove,unifrac
S55,S1,0.6241441598995523,493.9066376115466,east,seagrass,west,mangrove,unifrac
S56,S1,0.5721651558093374,752.6316010800687,west,coral,west,mangrove,unifrac
S57,S1,0.59274933597713,752.6316010800687,west,coral,west,mangrove,unifrac
S58,S1,0.5612178733998553,754.0458146424417,west,coral,west,mangrove,unifrac
S59,S1,0.6157897314543752,753.6316010800687,west,coral,west,mangrove,unifrac
S60,S1,0.5703644595178803,752.6316010800687,west,coral,west,mangrove,unifrac
S61,S1,0.4932145405850243,745.6610383315915,west,mangrove,west,mangrove,unifrac
S62,S1,0.5755991747823803,745.6610383315915,west,mangrove,west,mangrove,unifrac
S63,S1,0.5376744422118023,746.6610383315915,west,mangrove,west,mangrove,unifrac
S64,S1,0.4949848997290867,747.0752518939646,west,mangrove,west,mangrove,unifrac
S65,S1,0.47302837119434565,748.0752518939646,west,mangrove,west,mangrove,unifrac
S66,S1,0.6655853086990098,772.661038331591,west,seagrass,west,mangrove,unifrac
S67,S1,0.5362557922728596,772.661038331591,west,seagrass,west,mangrove,unifrac
S68,S1,0.5637872627595343,772.661038331591,west,seagrass,west,mangrove,unifrac
S69,S1,0.6101368656979226,772.661038331591,west,seagrass,west,mangrove,unifrac
S70,S1,0.654765635443894,773.0752518939642,west,seagrass,west,mangrove,unifrac
S71,S1,0.9586735316211554,644.7888886054541,east,coral,west,mangrove,unifrac
S73,S1,0.9825053272656793,644.7888886054541,east,coral,west,mangrove,unifrac
S74,S1,0.9354928742187785,644.7888886054541,east,coral,west,mangrove,unifrac
S75,S1,0.9140935078173454,644.7888886054541,east,coral,west,mangrove,unifrac
S77,S1,0.8335562908207368,621.3036072312156,east,coral,west,mangrove,unifrac
S78,S1,0.7440726076280306,621.3036072312156,east,coral,west,mangrove,unifrac
S80,S1,0.9150457554189818,621.3036072312156,east,coral,west,mangrove,unifrac
S81,S1,0.6476718468671618,615.6883835420658,east,mangrove,west,mangrove,unifrac
S82,S1,0.6822464961404447,615.6883835420658,east,mangrove,west,mangrove,unifrac
S83,S1,0.6609699734316942,615.6883835420658,east,mangrove,west,mangrove,unifrac
S84,S1,0.6414912785102437,615.6883835420658,east,mangrove,west,mangrove,unifrac
S85,S1,0.6887040779556138,615.6883835420658,east,mangrove,west,mangrove,unifrac
S86,S1,0.5304667885030028,642.8082245892077,west,mangrove,west,mangrove,unifrac
S87,S1,0.5947483124519697,642.8082245892077,west,mangrove,west,mangrove,unifrac
S88,S1,0.8049451788406133,642.3940110268346,west,mangrove,west,mangrove,unifrac
S89,S1,0.8372594711318682,642.3940110268346,west,mangrove,west,mangrove,unifrac
S90,S1,0.8835266399975161,642.3940110268346,west,mangrove,west,mangrove,unifrac
S91,S1,0.5332364106665336,626.4650788387004,west,seagrass,west,mangrove,unifrac
S92,S1,0.5564939544123598,627.4650788387004,west,seagrass,west,mangrove,unifrac
S93,S1,0.6582905825676583,627.4650788387004,west,seagrass,west,mangrove,unifrac
S94,S1,0.7566182859626037,626.4650788387004,west,seagrass,west,mangrove,unifrac
S95,S1,0.6122670944010765,626.4650788387004,west,seagrass,west,mangrove,unifrac
S96,S1,0.7633832848781676,550.038671967509,west,mangrove,west,mangrove,unifrac
S97,S1,0.7055665873452778,550.038671967509,west,mangrove,west,mangrove,unifrac
S98,S1,0.7281992286389434,550.038671967509,west,mangrove,west,mangrove,unifrac
S99,S1,0.7337931161707482,550.038671967509,west,mangrove,west,mangrove,unifrac
S100,S1,0.7519376512127445,551.038671967509,west,mangrove,west,mangrove,unifrac
S101,S1,0.8416814342301872,484.2813126546292,west,coral,west,mangrove,unifrac
S102,S1,0.8864857627363919,485.52395334174844,west,coral,west,mangrove,unifrac
S103,S1,0.8833582091669617,485.93816690412154,west,coral,west,mangrove,unifrac
S104,S1,0.8499444314359472,487.5239533417484,west,coral,west,mangrove,unifrac
S105,S1,0.8361846459797933,485.6955262170022,west,coral,west,mangrove,unifrac
S106,S1,0.5863747611528698,319.90158697766435,west,mangrove,west,mangrove,unifrac
S107,S1,0.6696372092296885,319.48737341529124,west,mangrove,west,mangrove,unifrac
S108,S1,0.6720838968397033,318.48737341529124,west,mangrove,west,mangrove,unifrac
S109,S1,0.7270368848786692,318.0731598529182,west,mangrove,west,mangrove,unifrac
S110,S1,0.6954920382915989,318.0731598529182,west,mangrove,west,mangrove,unifrac
S3,S2,0.39667017638604357,2,west,mangrove,west,mangrove,unifrac
S4,S2,0.359771536891702,4,west,mangrove,west,mangrove,unifrac
S5,S2,0.40218274998029135,3.8284271247461903,west,mangrove,west,mangrove,unifrac
S6,S2,0.9305031818592973,80.53910524340094,west,mangrove,west,mangrove,unifrac
S7,S2,0.9406279829546624,80.95331880577403,west,mangrove,west,mangrove,unifrac
S8,S2,0.8362017185310961,79.53910524340094,west,mangrove,west,mangrove,unifrac
S9,S2,0.8860448186644347,80.95331880577403,west,mangrove,west,mangrove,unifrac
S10,S2,0.9290851575128787,79.95331880577403,west,mangrove,west,mangrove,unifrac
S11,S2,0.6575156088179495,211.8772003600256,west,mangrove,west,mangrove,unifrac
S12,S2,0.6500842945545663,212.8772003600256,west,mangrove,west,mangrove,unifrac
S13,S2,0.6125231911959087,212.8772003600256,west,mangrove,west,mangrove,unifrac
S14,S2,0.6814453664819977,213.2914139223987,west,mangrove,west,mangrove,unifrac
S15,S2,0.6454760012587989,214.2914139223987,west,mangrove,west,mangrove,unifrac
S16,S2,0.5946991965898342,220.7056274847718,west,coral,west,mangrove,unifrac
S17,S2,0.5498860460218944,219.2914139223987,west,coral,west,mangrove,unifrac
S18,S2,0.5588846919918045,219.2914139223987,west,coral,west,mangrove,unifrac
S19,S2,0.5167384924665894,219.2914139223987,west,coral,west,mangrove,unifrac
S20,S2,0.5695283224818034,220.7056274847718,west,coral,west,mangrove,unifrac
S21,S2,0.9350733168636348,200.4264068711929,east,mangrove,west,mangrove,unifrac
S22,S2,0.8423992298515798,200.4264068711929,east,mangrove,west,mangrove,unifrac
S23,S2,0.7928864375038387,200.4264068711929,east,mangrove,west,mangrove,unifrac
S24,S2,0.7755339731889895,200.4264068711929,east,mangrove,west,mangrove,unifrac
S25,S2,0.6582751427502088,200.4264068711929,east,mangrove,west,mangrove,unifrac
S26,S2,0.8432222482848516,199.4264068711929,east,seagrass,west,mangrove,unifrac
S27,S2,0.863552689991425,199.4264068711929,east,seagrass,west,mangrove,unifrac
S28,S2,0.8887964445161067,200.4264068711929,east,seagrass,west,mangrove,unifrac
S29,S2,0.9640187871064946,200.84062043356602,east,seagrass,west,mangrove,unifrac
S30,S2,0.8284797962810524,200.84062043356602,east,seagrass,west,mangrove,unifrac
S31,S2,0.7347044712357231,204.2548339959391,east,coral,west,mangrove,unifrac
S32,S2,0.8547635287496022,204.2548339959391,east,coral,west,mangrove,unifrac
S33,S2,0.8553419429847269,203.2548339959391,east,coral,west,mangrove,unifrac
S34,S2,0.8497787541754894,203.2548339959391,east,coral,west,mangrove,unifrac
S35,S2,0.7585534564675681,203.2548339959391,east,coral,west,mangrove,unifrac
S36,S2,0.9521503815437578,323.07821048680194,east,mangrove,west,mangrove,unifrac
S37,S2,0.9705145353176488,322.07821048680194,east,mangrove,west,mangrove,unifrac
S38,S2,0.9589679386279808,321.07821048680194,east,mangrove,west,mangrove,unifrac
S39,S2,0.9570716023875018,320.492424049175,east,mangrove,west,mangrove,unifrac
S40,S2,0.9323429616474831,319.07821048680194,east,mangrove,west,mangrove,unifrac
S41,S2,0.7984388478415947,430.1492782986667,east,coral,west,mangrove,unifrac
S42,S2,0.7018110305881918,429.73506473629357,east,coral,west,mangrove,unifrac
S43,S2,0.8144125271196722,429.73506473629357,east,coral,west,mangrove,unifrac
S44,S2,0.6867234100807307,430.73506473629357,east,coral,west,mangrove,unifrac
S45,S2,0.7642854896410445,429.73506473629357,east,coral,west,mangrove,unifrac
S46,S2,0.7330565346210565,429.1492782986667,east,mangrove,west,mangrove,unifrac
S47,S2,0.8440071480685356,429.1492782986667,east,mangrove,west,mangrove,unifrac
S48,S2,0.7089848793975567,429.1492782986667,east,mangrove,west,mangrove,unifrac
S49,S2,0.9197978462692508,430.1492782986667,east,mangrove,west,mangrove,unifrac
S50,S2,0.8211651125114343,430.1492782986667,east,mangrove,west,mangrove,unifrac
S51,S2,0.6886458447237985,495.4924240491735,east,seagrass,west,mangrove,unifrac
S52,S2,0.6983314699324245,495.4924240491735,east,seagrass,west,mangrove,unifrac
S53,S2,0.6355546399693828,495.4924240491735,east,seagrass,west,mangrove,unifrac
S54,S2,0.6657492618111129,494.49242404917356,east,seagrass,west,mangrove,unifrac
S55,S2,0.6585357740200853,494.49242404917356,east,seagrass,west,mangrove,unifrac
S56,S2,0.5769608899922374,751.2173875176956,west,coral,west,mangrove,unifrac
S57,S2,0.5856654754165448,751.2173875176956,west,coral,west,mangrove,unifrac
S58,S2,0.5375383168983732,752.6316010800687,west,coral,west,mangrove,unifrac
S59,S2,0.6295752074512286,752.2173875176956,west,coral,west,mangrove,unifrac
S60,S2,0.5583732613440158,751.2173875176956,west,coral,west,mangrove,unifrac
S61,S2,0.5198698356580084,744.2468247692185,west,mangrove,west,mangrove,unifrac
S62,S2,0.6246607430699577,744.2468247692185,west,mangrove,west,mangrove,unifrac
S63,S2,0.5354703971161078,745.2468247692185,west,mangrove,west,mangrove,unifrac
S64,S2,0.5387956136487668,745.6610383315915,west,mangrove,west,mangrove,unifrac
S65,S2,0.4987316802217471,746.6610383315915,west,mangrove,west,mangrove,unifrac
S66,S2,0.6769323317833567,771.2468247692179,west,seagrass,west,mangrove,unifrac
S67,S2,0.5814409477352461,771.2468247692179,west,seagrass,west,mangrove,unifrac
S68,S2,0.5976578790341613,771.2468247692179,west,seagrass,west,mangrove,unifrac
S69,S2,0.6043539747462259,771.2468247692179,west,seagrass,west,mangrove,unifrac
S70,S2,0.6641120540872284,771.661038331591,west,seagrass,west,mangrove,unifrac
S71,S2,0.9654902533021498,645.3746750430811,east,coral,west,mangrove,unifrac
S73,S2,0.9853467738946269,645.3746750430811,east,coral,west,mangrove,unifrac
S74,S2,0.9459451745586177,645.3746750430811,east,coral,west,mangrove,unifrac
S75,S2,0.9276053200732584,645.3746750430811,east,coral,west,mangrove,unifrac
S77,S2,0.8637145570079248,621.8893936688426,east,coral,west,mangrove,unifrac
S78,S2,0.7891655342201772,621.8893936688426,east,coral,west,mangrove,unifrac
S80,S2,0.9287403665833625,621.8893936688426,east,coral,west,mangrove,unifrac
S81,S2,0.6793340766336765,616.2741699796928,east,mangrove,west,mangrove,unifrac
S82,S2,0.6740205964001922,616.2741699796928,east,mangrove,west,mangrove,unifrac
S83,S2,0.6853595969465682,616.2741699796928,east,mangrove,west,mangrove,unifrac
S84,S2,0.6732454900229753,616.2741699796928,east,mangrove,west,mangrove,unifrac
S85,S2,0.734848424917172,616.2741699796928,east,mangrove,west,mangrove,unifrac
S86,S2,0.5927531566656422,641.3940110268346,west,mangrove,west,mangrove,unifrac
S87,S2,0.6477392662148225,641.3940110268346,west,mangrove,west,mangrove,unifrac
S88,S2,0.8193376875155092,640.9797974644615,west,mangrove,west,mangrove,unifrac
S89,S2,0.8517847032885127,640.9797974644615,west,mangrove,west,mangrove,unifrac
S90,S2,0.8867299424763058,640.9797974644615,west,mangrove,west,mangrove,unifrac
S91,S2,0.5570338496754935,625.0508652763274,west,seagrass,west,mangrove,unifrac
S92,S2,0.5994181226632515,626.0508652763274,west,seagrass,west,mangrove,unifrac
S93,S2,0.7175297384029704,626.0508652763274,west,seagrass,west,mangrove,unifrac
S94,S2,0.8173722330103907,625.0508652763274,west,seagrass,west,mangrove,unifrac
S95,S2,0.6589481496514005,625.0508652763274,west,seagrass,west,mangrove,unifrac
S96,S2,0.7522275654882037,548.6244584051359,west,mangrove,west,mangrove,unifrac
S97,S2,0.7158213515744372,548.6244584051359,west,mangrove,west,mangrove,unifrac
S98,S2,0.7352919800329004,548.6244584051359,west,mangrove,west,mangrove,unifrac
S99,S2,0.7510435717852482,548.6244584051359,west,mangrove,west,mangrove,unifrac
S100,S2,0.7671900369525118,549.6244584051359,west,mangrove,west,mangrove,unifrac
S101,S2,0.8508301692131676,482.8670990922561,west,coral,west,mangrove,unifrac
S102,S2,0.9114665825171882,484.1097397793754,west,coral,west,mangrove,unifrac
S103,S2,0.9135600574625327,484.52395334174844,west,coral,west,mangrove,unifrac
S104,S2,0.8720335311919928,486.10973977937533,west,coral,west,mangrove,unifrac
S105,S2,0.870898946185086,484.2813126546292,west,coral,west,mangrove,unifrac
S106,S2,0.649301589124916,318.48737341529124,west,mangrove,west,mangrove,unifrac
S107,S2,0.6949794532362411,318.0731598529182,west,mangrove,west,mangrove,unifrac
S108,S2,0.7142701336824889,317.0731598529182,west,mangrove,west,mangrove,unifrac
S109,S2,0.7379362257450268,316.6589462905451,west,mangrove,west,mangrove,unifrac
S110,S2,0.7178403547613366,316.6589462905451,west,mangrove,west,mangrove,unifrac
S4,S3,0.38344358109208493,2,west,mangrove,west,mangrove,unifrac
S5,S3,0.3863423084731916,2.414213562373095,west,mangrove,west,mangrove,unifrac
S6,S3,0.9262326684623936,81.36753236814714,west,mangrove,west,mangrove,unifrac
S7,S3,0.9279899234148364,81.78174593052023,west,mangrove,west,mangrove,unifrac
S8,S3,0.8395573594485876,80.36753236814714,west,mangrove,west,mangrove,unifrac
S9,S3,0.8776940684261562,81.78174593052023,west,mangrove,west,mangrove,unifrac
S10,S3,0.9255846031107633,80.78174593052023,west,mangrove,west,mangrove,unifrac
S11,S3,0.6791795966754621,212.7056274847718,west,mangrove,west,mangrove,unifrac
S12,S3,0.6770004574217972,213.7056274847718,west,mangrove,west,mangrove,unifrac
S13,S3,0.6622411213777186,213.7056274847718,west,mangrove,west,mangrove,unifrac
S14,S3,0.6785301358436113,214.11984104714492,west,mangrove,west,mangrove,unifrac
S15,S3,0.6564789910960439,215.11984104714492,west,mangrove,west,mangrove,unifrac
S16,S3,0.573186436004885,221.534054609518,west,coral,west,mangrove,unifrac
S17,S3,0.5246212790584394,220.11984104714492,west,coral,west,mangrove,unifrac
S18,S3,0.5166596796647533,220.11984104714492,west,coral,west,mangrove,unifrac
S19,S3,0.5493304084787973,220.11984104714492,west,coral,west,mangrove,unifrac
S20,S3,0.5301880117257401,221.534054609518,west,coral,west,mangrove,unifrac
S21,S3,0.9183675550378839,201.25483399593912,east,mangrove,west,mangrove,unifrac
S22,S3,0.8081850857083599,201.25483399593912,east,mangrove,west,mangrove,unifrac
S23,S3,0.7554342660326459,201.25483399593912,east,mangrove,west,mangrove,unifrac
S24,S3,0.7312896241100801,201.25483399593912,east,mangrove,west,mangrove,unifrac
S25,S3,0.6432172635842296,201.25483399593912,east,mangrove,west,mangrove,unifrac
S26,S3,0.8139551424020255,200.25483399593912,east,seagrass,west,mangrove,unifrac
S27,S3,0.8311139139364058,200.25483399593912,east,seagrass,west,mangrove,unifrac
S28,S3,0.866038582455717,201.25483399593912,east,seagrass,west,mangrove,unifrac
S29,S3,0.9565622756449249,201.66904755831223,east,seagrass,west,mangrove,unifrac
S30,S3,0.7907040301653091,201.66904755831223,east,seagrass,west,mangrove,unifrac
S31,S3,0.690842113761371,205.08326112068528,east,coral,west,mangrove,unifrac
S32,S3,0.8243649742752278,205.08326112068528,east,coral,west,mangrove,unifrac
S33,S3,0.8280084368781535,204.08326112068528,east,coral,west,mangrove,unifrac
S34,S3,0.8238411329416911,204.08326112068528,east,coral,west,mangrove,unifrac
S35,S3,0.712220436464213,204.08326112068528,east,coral,west,mangrove,unifrac
S36,S3,0.9449072446808804,323.9066376115481,east,mangrove,west,mangrove,unifrac
S37,S3,0.9620870485285884,322.9066376115481,east,mangrove,west,mangrove,unifrac
S38,S3,0.9500881230210536,321.9066376115481,east,mangrove,west,mangrove,unifrac
S39,S3,0.9593599670977784,321.32085117392114,east,mangrove,west,mangrove,unifrac
S40,S3,0.9170010187292313,319.9066376115481,east,mangrove,west,mangrove,unifrac
S41,S3,0.7613605308871257,430.97770542341283,east,coral,west,mangrove,unifrac
S42,S3,0.6880078538537445,430.5634918610397,east,coral,west,mangrove,unifrac
S43,S3,0.7859518269766702,430.5634918610397,east,coral,west,mangrove,unifrac
S44,S3,0.6666268470238105,431.5634918610397,east,coral,west,mangrove,unifrac
S45,S3,0.7249596795057166,430.5634918610397,east,coral,west,mangrove,unifrac
S46,S3,0.7183538146567459,429.97770542341283,east,mangrove,west,mangrove,unifrac
S47,S3,0.8395658945419829,429.97770542341283,east,mangrove,west,mangrove,unifrac
S48,S3,0.6851289365859701,429.97770542341283,east,mangrove,west,mangrove,unifrac
S49,S3,0.9097333308854485,430.97770542341283,east,mangrove,west,mangrove,unifrac
S50,S3,0.7956275452958081,430.97770542341283,east,mangrove,west,mangrove,unifrac
S51,S3,0.65322988883857,496.3208511739196,east,seagrass,west,mangrove,unifrac
S52,S3,0.6616471632727632,496.3208511739196,east,seagrass,west,mangrove,unifrac
S53,S3,0.6301177738012038,496.3208511739196,east,seagrass,west,mangrove,unifrac
S54,S3,0.643703571169654,495.32085117391966,east,seagrass,west,mangrove,unifrac
S55,S3,0.6288226007481105,495.32085117391966,east,seagrass,west,mangrove,unifrac
S56,S3,0.5558460420115332,752.0458146424417,west,coral,west,mangrove,unifrac
S57,S3,0.5451074228737494,752.0458146424417,west,coral,west,mangrove,unifrac
S58,S3,0.5835906863430763,753.4600282048148,west,coral,west,mangrove,unifrac
S59,S3,0.597037752093302,753.0458146424417,west,coral,west,mangrove,unifrac
S60,S3,0.5602036085051852,752.0458146424417,west,coral,west,mangrove,unifrac
S61,S3,0.4935306392427076,745.0752518939646,west,mangrove,west,mangrove,unifrac
S62,S3,0.5786755882822195,745.0752518939646,west,mangrove,west,mangrove,unifrac
S63,S3,0.5241314530711095,746.0752518939646,west,mangrove,west,mangrove,unifrac
S64,S3,0.48085373523363834,746.4894654563377,west,mangrove,west,mangrove,unifrac
S65,S3,0.4667790963779353,747.4894654563377,west,mangrove,west,mangrove,unifrac
S66,S3,0.6271633355529082,772.0752518939642,west,seagrass,west,mangrove,unifrac
S67,S3,0.555656544176102,772.0752518939642,west,seagrass,west,mangrove,unifrac
S68,S3,0.5636084351985307,772.0752518939642,west,seagrass,west,mangrove,unifrac
S69,S3,0.6255627536666145,772.0752518939642,west,seagrass,west,mangrove,unifrac
S70,S3,0.6545461727795309,772.4894654563373,west,seagrass,west,mangrove,unifrac
S71,S3,0.9576301323250374,646.2031021678272,east,coral,west,mangrove,unifrac
S73,S3,0.9820719164342451,646.2031021678272,east,coral,west,mangrove,unifrac
S74,S3,0.9344089191319248,646.2031021678272,east,coral,west,mangrove,unifrac
S75,S3,0.9120469814734479,646.2031021678272,east,coral,west,mangrove,unifrac
S77,S3,0.837526109195267,622.7178207935887,east,coral,west,mangrove,unifrac
S78,S3,0.7456177178676837,622.7178207935887,east,coral,west,mangrove,unifrac
S80,S3,0.913118124496654,622.7178207935887,east,coral,west,mangrove,unifrac
S81,S3,0.6577763174694174,617.1025971044389,east,mangrove,west,mangrove,unifrac
S82,S3,0.6961713560225432,617.1025971044389,east,mangrove,west,mangrove,unifrac
S83,S3,0.6807233507531549,617.1025971044389,east,mangrove,west,mangrove,unifrac
S84,S3,0.6503558395096807,617.1025971044389,east,mangrove,west,mangrove,unifrac
S85,S3,0.7116152157956758,617.1025971044389,east,mangrove,west,mangrove,unifrac
S86,S3,0.5285050876090931,642.2224381515807,west,mangrove,west,mangrove,unifrac
S87,S3,0.6039812242593069,642.2224381515807,west,mangrove,west,mangrove,unifrac
S88,S3,0.7995325524857861,641.8082245892077,west,mangrove,west,mangrove,unifrac
S89,S3,0.8387634059914303,641.8082245892077,west,mangrove,west,mangrove,unifrac
S90,S3,0.8846165353369624,641.8082245892077,west,mangrove,west,mangrove,unifrac
S91,S3,0.507607186138035,625.8792924010735,west,seagrass,west,mangrove,unifrac
S92,S3,0.5178428146239343,626.8792924010735,west,seagrass,west,mangrove,unifrac
S93,S3,0.6457233938126519,626.8792924010735,west,seagrass,west,mangrove,unifrac
S94,S3,0.7789798903732218,625.8792924010735,west,seagrass,west,mangrove,unifrac
S95,S3,0.6046428740311559,625.8792924010735,west,seagrass,west,mangrove,unifrac
S96,S3,0.7407995426678423,549.452885529882,west,mangrove,west,mangrove,unifrac
S97,S3,0.7097794205845063,549.452885529882,west,mangrove,west,mangrove,unifrac
S98,S3,0.7275639131943861,549.452885529882,west,mangrove,west,mangrove,unifrac
S99,S3,0.7343251494753613,549.452885529882,west,mangrove,west,mangrove,unifrac
S100,S3,0.7461217055895769,550.452885529882,west,mangrove,west,mangrove,unifrac
S101,S3,0.8541631607681593,483.6955262170022,west,coral,west,mangrove,unifrac
S102,S3,0.8843856889841863,484.93816690412154,west,coral,west,mangrove,unifrac
S103,S3,0.8819128879242357,485.3523804664946,west,coral,west,mangrove,unifrac
S104,S3,0.8446794748259295,486.9381669041215,west,coral,west,mangrove,unifrac
S105,S3,0.830017996721108,485.10973977937533,west,coral,west,mangrove,unifrac
S106,S3,0.5834634955895607,319.31580054003746,west,mangrove,west,mangrove,unifrac
S107,S3,0.6516033446691893,318.90158697766435,west,mangrove,west,mangrove,unifrac
S108,S3,0.6559776824805431,317.9015869776644,west,mangrove,west,mangrove,unifrac
S109,S3,0.7110855146151787,317.48737341529124,west,mangrove,west,mangrove,unifrac
S110,S3,0.6839313056708416,317.48737341529124,west,mangrove,west,mangrove,unifrac
S5,S4,0.37867519041670944,2.414213562373095,west,mangrove,west,mangrove,unifrac
S6,S4,0.9264308019113047,82.19595949289334,west,mangrove,west,mangrove,unifrac
S7,S4,0.9285007059965497,82.61017305526644,west,mangrove,west,mangrove,unifrac
S8,S4,0.8404444880599968,81.19595949289334,west,mangrove,west,mangrove,unifrac
S9,S4,0.8757080275449357,82.61017305526644,west,mangrove,west,mangrove,unifrac
S10,S4,0.9277468518848045,81.61017305526644,west,mangrove,west,mangrove,unifrac
S11,S4,0.7015479052276339,213.534054609518,west,mangrove,west,mangrove,unifrac
S12,S4,0.6824141105500727,214.534054609518,west,mangrove,west,mangrove,unifrac
S13,S4,0.6198695147005998,214.534054609518,west,mangrove,west,mangrove,unifrac
S14,S4,0.6997119253729432,214.9482681718911,west,mangrove,west,mangrove,unifrac
S15,S4,0.6576167961370404,215.9482681718911,west,mangrove,west,mangrove,unifrac
S16,S4,0.6022599045743561,222.3624817342642,west,coral,west,mangrove,unifrac
S17,S4,0.5606798963039265,220.9482681718911,west,coral,west,mangrove,unifrac
S18,S4,0.5501069099007161,220.9482681718911,west,coral,west,mangrove,unifrac
S19,S4,0.5689239496508156,220.9482681718911,west,coral,west,mangrove,unifrac
S20,S4,0.5808665153872978,222.3624817342642,west,coral,west,mangrove,unifrac
S21,S4,0.908169412557441,201.25483399593912,east,mangrove,west,mangrove,unifrac
S22,S4,0.7947479596320648,201.25483399593912,east,mangrove,west,mangrove,unifrac
S23,S4,0.7503698272929891,201.25483399593912,east,mangrove,west,mangrove,unifrac
S24,S4,0.7288301080735237,201.25483399593912,east,mangrove,west,mangrove,unifrac
S25,S4,0.6200659173316343,201.25483399593912,east,mangrove,west,mangrove,unifrac
S26,S4,0.7995123185699701,200.25483399593912,east,seagrass,west,mangrove,unifrac
S27,S4,0.8187611597487012,200.25483399593912,east,seagrass,west,mangrove,unifrac
S28,S4,0.8561601182446573,201.25483399593912,east,seagrass,west,mangrove,unifrac
S29,S4,0.9502469116789092,201.66904755831223,east,seagrass,west,mangrove,unifrac
S30,S4,0.7816122634909276,201.66904755831223,east,seagrass,west,mangrove,unifrac
S31,S4,0.6723645055085277,205.08326112068528,east,coral,west,mangrove,unifrac
S32,S4,0.8327022031303675,205.08326112068528,east,coral,west,mangrove,unifrac
S33,S4,0.8153121110035837,204.08326112068528,east,coral,west,mangrove,unifrac
S34,S4,0.8300181165758534,204.08326112068528,east,coral,west,mangrove,unifrac
S35,S4,0.7064067540672675,204.08326112068528,east,coral,west,mangrove,unifrac
S36,S4,0.9340857963392398,323.9066376115482,east,mangrove,west,mangrove,unifrac
S37,S4,0.959553127971043,322.9066376115482,east,mangrove,west,mangrove,unifrac
S38,S4,0.9429857310435125,321.9066376115482,east,mangrove,west,mangrove,unifrac
S39,S4,0.9535876415543523,321.3208511739213,east,mangrove,west,mangrove,unifrac
S40,S4,0.9089953431536903,319.9066376115482,east,mangrove,west,mangrove,unifrac
S41,S4,0.7669049050520629,430.97770542341283,east,coral,west,mangrove,unifrac
S42,S4,0.6791496095773498,430.5634918610397,east,coral,west,mangrove,unifrac
S43,S4,0.7566083632016631,430.5634918610397,east,coral,west,mangrove,unifrac
S44,S4,0.652902229242576,431.5634918610397,east,coral,west,mangrove,unifrac
S45,S4,0.7235818366605561,430.5634918610397,east,coral,west,mangrove,unifrac
S46,S4,0.7005177388403969,429.97770542341283,east,mangrove,west,mangrove,unifrac
S47,S4,0.7942597203077919,429.97770542341283,east,mangrove,west,mangrove,unifrac
S48,S4,0.6758008483570059,429.97770542341283,east,mangrove,west,mangrove,unifrac
S49,S4,0.8783767629279492,430.97770542341283,east,mangrove,west,mangrove,unifrac
S50,S4,0.7705104942450596,430.97770542341283,east,mangrove,west,mangrove,unifrac
S51,S4,0.6207767098611505,496.3208511739196,east,seagrass,west,mangrove,unifrac
S52,S4,0.6623062935875478,496.3208511739196,east,seagrass,west,mangrove,unifrac
S53,S4,0.6247312027620301,496.3208511739196,east,seagrass,west,mangrove,unifrac
S54,S4,0.6065692751222456,495.32085117391966,east,seagrass,west,mangrove,unifrac
S55,S4,0.6254485204798254,495.32085117391966,east,seagrass,west,mangrove,unifrac
S56,S4,0.5307323987007257,752.8742417671879,west,coral,west,mangrove,unifrac
S57,S4,0.5737433561879457,752.8742417671879,west,coral,west,mangrove,unifrac
S58,S4,0.5772287631809762,754.2884553295609,west,coral,west,mangrove,unifrac
S59,S4,0.6154668388003441,753.8742417671879,west,coral,west,mangrove,unifrac
S60,S4,0.5614702709446929,752.8742417671879,west,coral,west,mangrove,unifrac
S61,S4,0.4826678870858341,745.9036790187107,west,mangrove,west,mangrove,unifrac
S62,S4,0.5510766406819876,745.9036790187107,west,mangrove,west,mangrove,unifrac
S63,S4,0.5086030772644592,746.9036790187107,west,mangrove,west,mangrove,unifrac
S64,S4,0.4774953358178144,747.3178925810838,west,mangrove,west,mangrove,unifrac
S65,S4,0.42877774723780543,748.3178925810838,west,mangrove,west,mangrove,unifrac
S66,S4,0.6344141642292415,772.9036790187102,west,seagrass,west,mangrove,unifrac
S67,S4,0.5468433721959907,772.9036790187102,west,seagrass,west,mangrove,unifrac
S68,S4,0.558890922486765,772.9036790187102,west,seagrass,west,mangrove,unifrac
S69,S4,0.6032982405757747,772.9036790187102,west,seagrass,west,mangrove,unifrac
S70,S4,0.6107907314950317,773.3178925810834,west,seagrass,west,mangrove,unifrac
S71,S4,0.9512369212731473,646.2031021678272,east,coral,west,mangrove,unifrac
S73,S4,0.9794250053898704,646.2031021678272,east,coral,west,mangrove,unifrac
S74,S4,0.9252226074474638,646.2031021678272,east,coral,west,mangrove,unifrac
S75,S4,0.8996391298899913,646.2031021678272,east,coral,west,mangrove,unifrac
S77,S4,0.8258790245622144,622.7178207935887,east,coral,west,mangrove,unifrac
S78,S4,0.71147496424716,622.7178207935887,east,coral,west,mangrove,unifrac
S80,S4,0.8999399197019289,622.7178207935887,east,coral,west,mangrove,unifrac
S81,S4,0.6492374093969027,617.1025971044389,east,mangrove,west,mangrove,unifrac
S82,S4,0.7087439949203796,617.1025971044389,east,mangrove,west,mangrove,unifrac
S83,S4,0.6824079439903484,617.1025971044389,east,mangrove,west,mangrove,unifrac
S84,S4,0.6522209529063868,617.1025971044389,east,mangrove,west,mangrove,unifrac
S85,S4,0.6988852192499507,617.1025971044389,east,mangrove,west,mangrove,unifrac
S86,S4,0.5371293869719413,643.0508652763269,west,mangrove,west,mangrove,unifrac
S87,S4,0.5943485119309854,643.0508652763269,west,mangrove,west,mangrove,unifrac
S88,S4,0.817531807517877,642.6366517139538,west,mangrove,west,mangrove,unifrac
S89,S4,0.8596772058081878,642.6366517139538,west,mangrove,west,mangrove,unifrac
S90,S4,0.890732201050424,642.6366517139538,west,mangrove,west,mangrove,unifrac
S91,S4,0.5235339501322611,626.7077195258197,west,seagrass,west,mangrove,unifrac
S92,S4,0.5368027820681639,627.7077195258197,west,seagrass,west,mangrove,unifrac
S93,S4,0.6454369870994316,627.7077195258197,west,seagrass,west,mangrove,unifrac
S94,S4,0.7730644736715305,626.7077195258197,west,seagrass,west,mangrove,unifrac
S95,S4,0.5774641628300834,626.7077195258197,west,seagrass,west,mangrove,unifrac
S96,S4,0.7259830367442296,550.2813126546282,west,mangrove,west,mangrove,unifrac
S97,S4,0.6833550614377806,550.2813126546282,west,mangrove,west,mangrove,unifrac
S98,S4,0.7195791774867853,550.2813126546282,west,mangrove,west,mangrove,unifrac
S99,S4,0.7368323817223589,550.2813126546282,west,mangrove,west,mangrove,unifrac
S100,S4,0.7387720002085895,551.2813126546282,west,mangrove,west,mangrove,unifrac
S101,S4,0.8223085909004818,484.5239533417484,west,coral,west,mangrove,unifrac
S102,S4,0.9023866734646304,485.76659402886764,west,coral,west,mangrove,unifrac
S103,S4,0.8932851538996915,486.18080759124075,west,coral,west,mangrove,unifrac
S104,S4,0.8566468058023082,487.7665940288676,west,coral,west,mangrove,unifrac
S105,S4,0.8341646327572833,485.9381669041215,west,coral,west,mangrove,unifrac
S106,S4,0.5631735830123334,320.1442276647836,west,mangrove,west,mangrove,unifrac
S107,S4,0.5964563244242821,319.7300141024105,west,mangrove,west,mangrove,unifrac
S108,S4,0.6676684303551891,318.7300141024105,west,mangrove,west,mangrove,unifrac
S109,S4,0.6351346141646542,318.31580054003746,west,mangrove,west,mangrove,unifrac
S110,S4,0.6338211594685085,318.31580054003746,west,mangrove,west,mangrove,unifrac
S6,S5,0.9146483776823741,83.78174593052023,west,mangrove,west,mangrove,unifrac
S7,S5,0.9269576324946703,84.19595949289334,west,mangrove,west,mangrove,unifrac
S8,S5,0.81485581487466,82.78174593052023,west,mangrove,west,mangrove,unifrac
S9,S5,0.8627037662466257,84.19595949289334,west,mangrove,west,mangrove,unifrac
S10,S5,0.9132480068270964,83.19595949289334,west,mangrove,west,mangrove,unifrac
S11,S5,0.6641258953670677,215.11984104714492,west,mangrove,west,mangrove,unifrac
S12,S5,0.6488941926102959,216.11984104714492,west,mangrove,west,mangrove,unifrac
S13,S5,0.6682863137179497,216.11984104714492,west,mangrove,west,mangrove,unifrac
S14,S5,0.6619502275595426,216.534054609518,west,mangrove,west,mangrove,unifrac
S15,S5,0.6231588727178748,217.534054609518,west,mangrove,west,mangrove,unifrac
S16,S5,0.5517248612669294,223.9482681718911,west,coral,west,mangrove,unifrac
S17,S5,0.5272282698536175,222.534054609518,west,coral,west,mangrove,unifrac
S18,S5,0.5260595995913708,222.534054609518,west,coral,west,mangrove,unifrac
S19,S5,0.5161377632745421,222.534054609518,west,coral,west,mangrove,unifrac
S20,S5,0.5430795813671613,223.9482681718911,west,coral,west,mangrove,unifrac
S21,S5,0.9155550463100472,199.66904755831223,east,mangrove,west,mangrove,unifrac
S22,S5,0.8007950433195318,199.66904755831223,east,mangrove,west,mangrove,unifrac
S23,S5,0.7710513701714699,199.66904755831223,east,mangrove,west,mangrove,unifrac
S24,S5,0.7539694608599908,199.66904755831223,east,mangrove,west,mangrove,unifrac
S25,S5,0.6414772128393329,199.66904755831223,east,mangrove,west,mangrove,unifrac
S26,S5,0.8270418680030557,198.66904755831223,east,seagrass,west,mangrove,unifrac
S27,S5,0.823397910961367,198.66904755831223,east,seagrass,west,mangrove,unifrac
S28,S5,0.8822647042892118,199.66904755831223,east,seagrass,west,mangrove,unifrac
S29,S5,0.9535921807316847,200.0832611206853,east,seagrass,west,mangrove,unifrac
S30,S5,0.8063322703938314,200.0832611206853,east,seagrass,west,mangrove,unifrac
S31,S5,0.684267861201445,203.49747468305839,east,coral,west,mangrove,unifrac
S32,S5,0.8339002133579557,203.49747468305839,east,coral,west,mangrove,unifrac
S33,S5,0.8420350750323184,202.49747468305839,east,coral,west,mangrove,unifrac
S34,S5,0.8391364579296582,202.49747468305839,east,coral,west,mangrove,unifrac
S35,S5,0.710269619763384,202.49747468305839,east,coral,west,mangrove,unifrac
S36,S5,0.9389504710473034,322.32085117392114,east,mangrove,west,mangrove,unifrac
S37,S5,0.9626826930555722,321.32085117392114,east,mangrove,west,mangrove,unifrac
S38,S5,0.9473169147530326,320.32085117392114,east,mangrove,west,mangrove,unifrac
S39,S5,0.9447588649944432,319.7350647362942,east,mangrove,west,mangrove,unifrac
S40,S5,0.915346023785731,318.32085117392114,east,mangrove,west,mangrove,unifrac
S41,S5,0.773497347027373,429.39191898578594,east,coral,west,mangrove,unifrac
S42,S5,0.6836209694020571,428.9777054234128,east,coral,west,mangrove,unifrac
S43,S5,0.7728742099355337,428.9777054234128,east,coral,west,mangrove,unifrac
S44,S5,0.6749836761705963,429.9777054234128,east,coral,west,mangrove,unifrac
S45,S5,0.7560863557932574,428.9777054234128,east,coral,west,mangrove,unifrac
S46,S5,0.6919463269486427,428.39191898578594,east,mangrove,west,mangrove,unifrac
S47,S5,0.8122567225432028,428.39191898578594,east,mangrove,west,mangrove,unifrac
S48,S5,0.679844887747592,428.39191898578594,east,mangrove,west,mangrove,unifrac
S49,S5,0.905889824519563,429.39191898578594,east,mangrove,west,mangrove,unifrac
S50,S5,0.7863878840580372,429.39191898578594,east,mangrove,west,mangrove,unifrac
S51,S5,0.6514434983380043,494.7350647362927,east,seagrass,west,mangrove,unifrac
S52,S5,0.6663297939366197,494.7350647362927,east,seagrass,west,mangrove,unifrac
S53,S5,0.6201786993312337,494.7350647362927,east,seagrass,west,mangrove,unifrac
S54,S5,0.6118748935614059,493.73506473629277,east,seagrass,west,mangrove,unifrac
S55,S5,0.6320849548384998,493.73506473629277,east,seagrass,west,mangrove,unifrac
S56,S5,0.5346438130687625,754.4600282048148,west,coral,west,mangrove,unifrac
S57,S5,0.5448179120175162,754.4600282048148,west,coral,west,mangrove,unifrac
S58,S5,0.5600613538919925,755.8742417671879,west,coral,west,mangrove,unifrac
S59,S5,0.5503254377586332,755.4600282048148,west,coral,west,mangrove,unifrac
S60,S5,0.5538632722698767,754.4600282048148,west,coral,west,mangrove,unifrac
S61,S5,0.4631164017779085,747.4894654563377,west,mangrove,west,mangrove,unifrac
S62,S5,0.561456472298383,747.4894654563377,west,mangrove,west,mangrove,unifrac
S63,S5,0.5149932252445691,748.4894654563377,west,mangrove,west,mangrove,unifrac
S64,S5,0.49390319598406013,748.9036790187107,west,mangrove,west,mangrove,unifrac
S65,S5,0.5049907695886191,749.9036790187107,west,mangrove,west,mangrove,unifrac
S66,S5,0.6187888209247974,774.4894654563373,west,seagrass,west,mangrove,unifrac
S67,S5,0.564917069806918,774.4894654563373,west,seagrass,west,mangrove,unifrac
S68,S5,0.5585954220195255,774.4894654563373,west,seagrass,west,mangrove,unifrac
S69,S5,0.6242671311452469,774.4894654563373,west,seagrass,west,mangrove,unifrac
S70,S5,0.5920649893945955,774.9036790187102,west,seagrass,west,mangrove,unifrac
S71,S5,0.972831752293786,644.6173157302003,east,coral,west,mangrove,unifrac
S73,S5,0.9810420826619333,644.6173157302003,east,coral,west,mangrove,unifrac
S74,S5,0.9308203082440344,644.6173157302003,east,coral,west,mangrove,unifrac
S75,S5,0.9071994048580962,644.6173157302003,east,coral,west,mangrove,unifrac
S77,S5,0.8368422898823825,621.1320343559618,east,coral,west,mangrove,unifrac
S78,S5,0.7267322813184037,621.1320343559618,east,coral,west,mangrove,unifrac
S80,S5,0.907804696702856,621.1320343559618,east,coral,west,mangrove,unifrac
S81,S5,0.6389461135418082,615.516810666812,east,mangrove,west,mangrove,unifrac
S82,S5,0.6969783283935063,615.516810666812,east,mangrove,west,mangrove,unifrac
S83,S5,0.6772459788449654,615.516810666812,east,mangrove,west,mangrove,unifrac
S84,S5,0.6610592926158452,615.516810666812,east,mangrove,west,mangrove,unifrac
S85,S5,0.6910657924451604,615.516810666812,east,mangrove,west,mangrove,unifrac
S86,S5,0.5797652667375243,644.6366517139538,west,mangrove,west,mangrove,unifrac
S87,S5,0.6148167738341818,644.6366517139538,west,mangrove,west,mangrove,unifrac
S88,S5,0.8018657903520743,644.2224381515807,west,mangrove,west,mangrove,unifrac
S89,S5,0.8226054003323834,644.2224381515807,west,mangrove,west,mangrove,unifrac
S90,S5,0.8706467974204258,644.2224381515807,west,mangrove,west,mangrove,unifrac
S91,S5,0.5164747017084721,628.2935059634466,west,seagrass,west,mangrove,unifrac
S92,S5,0.5219916576094312,629.2935059634466,west,seagrass,west,mangrove,unifrac
S93,S5,0.6260814845752533,629.2935059634466,west,seagrass,west,mangrove,unifrac
S94,S5,0.750984252674832,628.2935059634466,west,seagrass,west,mangrove,unifrac
S95,S5,0.5404470212470852,628.2935059634466,west,seagrass,west,mangrove,unifrac
S96,S5,0.7632038027203103,551.8670990922551,west,mangrove,west,mangrove,unifrac
S97,S5,0.706553725759562,551.8670990922551,west,mangrove,west,mangrove,unifrac
S98,S5,0.7303003694336097,551.8670990922551,west,mangrove,west,mangrove,unifrac
S99,S5,0.764126832079774,551.8670990922551,west,mangrove,west,mangrove,unifrac
S100,S5,0.7589053435513898,552.8670990922551,west,mangrove,west,mangrove,unifrac
S101,S5,0.8032117149116915,486.10973977937533,west,coral,west,mangrove,unifrac
S102,S5,0.8776005908632287,487.3523804664946,west,coral,west,mangrove,unifrac
S103,S5,0.8853218823471557,487.76659402886764,west,coral,west,mangrove,unifrac
S104,S5,0.8359333002010367,489.35238046649454,west,coral,west,mangrove,unifrac
S105,S5,0.8215854275111085,487.5239533417484,west,coral,west,mangrove,unifrac
S106,S5,0.5592326565828333,321.73001410241045,west,mangrove,west,mangrove,unifrac
S107,S5,0.6236336927364504,321.3158005400374,west,mangrove,west,mangrove,unifrac
S108,S5,0.6164799193742482,320.3158005400374,west,mangrove,west,mangrove,unifrac
S109,S5,0.6676666688374662,319.90158697766435,west,mangrove,west,mangrove,unifrac
S110,S5,0.6832471642519207,319.90158697766435,west,mangrove,west,mangrove,unifrac
S7,S6,0.25709705133786886,1,west,mangrove,west,mangrove,unifrac
S8,S6,0.4847965769433399,1,west,mangrove,west,mangrove,unifrac
S9,S6,0.43251451391058504,1,west,mangrove,west,mangrove,unifrac
S10,S6,0.3142637041521143,1.4142135623730951,west,mangrove,west,mangrove,unifrac
S11,S6,0.9138481512843406,131.33809511662434,west,mangrove,west,mangrove,unifrac
S12,S6,0.9063784168984171,132.33809511662434,west,mangrove,west,mangrove,unifrac
S13,S6,0.9122206521694545,132.33809511662434,west,mangrove,west,mangrove,unifrac
S14,S6,0.9245099327981915,132.75230867899745,west,mangrove,west,mangrove,unifrac
S15,S6,0.9105356365602526,133.75230867899745,west,mangrove,west,mangrove,unifrac
S16,S6,0.9473863693599095,140.16652224137056,west,coral,west,mangrove,unifrac
S17,S6,0.950858254924224,138.75230867899745,west,coral,west,mangrove,unifrac
S18,S6,0.9483054955724408,138.75230867899745,west,coral,west,mangrove,unifrac
S19,S6,0.942220385358225,138.75230867899745,west,coral,west,mangrove,unifrac
S20,S6,0.9444860198285666,140.16652224137056,west,coral,west,mangrove,unifrac
S21,S6,0.9907368951157999,279.3086578651014,east,mangrove,west,mangrove,unifrac
S22,S6,0.9032077710114489,279.3086578651014,east,mangrove,west,mangrove,unifrac
S23,S6,0.9265478016800289,279.3086578651014,east,mangrove,west,mangrove,unifrac
S24,S6,0.9246626184853782,279.3086578651014,east,mangrove,west,mangrove,unifrac
S25,S6,0.9416322608693952,279.3086578651014,east,mangrove,west,mangrove,unifrac
S26,S6,0.9731742673140577,278.3086578651014,east,seagrass,west,mangrove,unifrac
S27,S6,0.9623167129414614,278.3086578651014,east,seagrass,west,mangrove,unifrac
S28,S6,0.9927881740060537,279.3086578651014,east,seagrass,west,mangrove,unifrac
S29,S6,0.9907590740161227,279.7228714274745,east,seagrass,west,mangrove,unifrac
S30,S6,0.9670722214960875,279.7228714274745,east,seagrass,west,mangrove,unifrac
S31,S6,0.9473440423364909,283.1370849898475,east,coral,west,mangrove,unifrac
S32,S6,0.9681155521777554,283.1370849898475,east,coral,west,mangrove,unifrac
S33,S6,0.9729944984550833,282.1370849898475,east,coral,west,mangrove,unifrac
S34,S6,0.9658998721296596,282.1370849898475,east,coral,west,mangrove,unifrac
S35,S6,0.9328592286525877,282.1370849898475,east,coral,west,mangrove,unifrac
S36,S6,0.7002870579228647,401.9604614807094,east,mangrove,west,mangrove,unifrac
S37,S6,0.7912866249412919,400.9604614807094,east,mangrove,west,mangrove,unifrac
S38,S6,0.7193689841873315,399.9604614807094,east,mangrove,west,mangrove,unifrac
S39,S6,0.745794060837794,399.37467504308245,east,mangrove,west,mangrove,unifrac
S40,S6,0.5218886603953327,397.9604614807094,east,mangrove,west,mangrove,unifrac
S41,S6,0.908721236697375,509.03152929257413,east,coral,west,mangrove,unifrac
S42,S6,0.9339038194096386,508.617315730201,east,coral,west,mangrove,unifrac
S43,S6,0.9339792855563576,508.617315730201,east,coral,west,mangrove,unifrac
S44,S6,0.938075509449569,509.617315730201,east,coral,west,mangrove,unifrac
S45,S6,0.9362427325525385,508.617315730201,east,coral,west,mangrove,unifrac
S46,S6,0.8549908226018124,508.03152929257413,east,mangrove,west,mangrove,unifrac
S47,S6,0.8269265823155089,508.03152929257413,east,mangrove,west,mangrove,unifrac
S48,S6,0.8755353394467037,508.03152929257413,east,mangrove,west,mangrove,unifrac
S49,S6,0.8889025583684549,509.03152929257413,east,mangrove,west,mangrove,unifrac
S50,S6,0.8743899162848408,509.03152929257413,east,mangrove,west,mangrove,unifrac
S51,S6,0.8888439210800002,574.374675043081,east,seagrass,west,mangrove,unifrac
S52,S6,0.8926068598795185,574.374675043081,east,seagrass,west,mangrove,unifrac
S53,S6,0.9006119892129493,574.374675043081,east,seagrass,west,mangrove,unifrac
S54,S6,0.9059405164032414,573.374675043081,east,seagrass,west,mangrove,unifrac
S55,S6,0.9159710288587014,573.374675043081,east,seagrass,west,mangrove,unifrac
S56,S6,0.9470394480119576,670.6782822742958,west,coral,west,mangrove,unifrac
S57,S6,0.9433386559219032,670.6782822742958,west,coral,west,mangrove,unifrac
S58,S6,0.9568771124625252,672.0924958366688,west,coral,west,mangrove,unifrac
S59,S6,0.9578084674038219,671.6782822742958,west,coral,west,mangrove,unifrac
S60,S6,0.9435896851607416,670.6782822742958,west,coral,west,mangrove,unifrac
S61,S6,0.9291102903061365,663.7077195258187,west,mangrove,west,mangrove,unifrac
S62,S6,0.9428491982608145,663.7077195258187,west,mangrove,west,mangrove,unifrac
S63,S6,0.9198241834169195,664.7077195258187,west,mangrove,west,mangrove,unifrac
S64,S6,0.9241125046656059,665.1219330881918,west,mangrove,west,mangrove,unifrac
S65,S6,0.9382081303846116,666.1219330881918,west,mangrove,west,mangrove,unifrac
S66,S6,0.9009563800638035,690.7077195258182,west,seagrass,west,mangrove,unifrac
S67,S6,0.926678317647824,690.7077195258182,west,seagrass,west,mangrove,unifrac
S68,S6,0.9286446396193893,690.7077195258182,west,seagrass,west,mangrove,unifrac
S69,S6,0.9417302004987009,690.7077195258182,west,seagrass,west,mangrove,unifrac
S70,S6,0.9399491592357541,691.1219330881913,west,seagrass,west,mangrove,unifrac
S71,S6,0.9990598587744999,724.2569260369885,east,coral,west,mangrove,unifrac
S73,S6,0.9383512089409345,724.2569260369885,east,coral,west,mangrove,unifrac
S74,S6,0.9504161441741895,724.2569260369885,east,coral,west,mangrove,unifrac
S75,S6,0.9491606965536019,724.2569260369885,east,coral,west,mangrove,unifrac
S77,S6,0.9229300234727901,700.77164466275,east,coral,west,mangrove,unifrac
S78,S6,0.9233867926801694,700.77164466275,east,coral,west,mangrove,unifrac
S80,S6,0.9449161504761147,700.77164466275,east,coral,west,mangrove,unifrac
S81,S6,0.8876733275703761,695.1564209736002,east,mangrove,west,mangrove,unifrac
S82,S6,0.9026097733326185,695.1564209736002,east,mangrove,west,mangrove,unifrac
S83,S6,0.8875484873910447,695.1564209736002,east,mangrove,west,mangrove,unifrac
S84,S6,0.8822472832946545,695.1564209736002,east,mangrove,west,mangrove,unifrac
S85,S6,0.8821898417399764,695.1564209736002,east,mangrove,west,mangrove,unifrac
S86,S6,0.9141328576337199,560.8549057834349,west,mangrove,west,mangrove,unifrac
S87,S6,0.9160918779004563,560.8549057834349,west,mangrove,west,mangrove,unifrac
S88,S6,0.8876680475273945,560.4406922210618,west,mangrove,west,mangrove,unifrac
S89,S6,0.856001954173548,560.4406922210618,west,mangrove,west,mangrove,unifrac
S90,S6,0.8505389072315711,560.4406922210618,west,mangrove,west,mangrove,unifrac
S91,S6,0.939873253723911,544.5117600329277,west,seagrass,west,mangrove,unifrac
S92,S6,0.9206970637367254,545.5117600329277,west,seagrass,west,mangrove,unifrac
S93,S6,0.9338644293718676,545.5117600329277,west,seagrass,west,mangrove,unifrac
S94,S6,0.9204498696587924,544.5117600329277,west,seagrass,west,mangrove,unifrac
S95,S6,0.9262460244698548,544.5117600329277,west,seagrass,west,mangrove,unifrac
S96,S6,0.8938555928447708,468.08535316173624,west,mangrove,west,mangrove,unifrac
S97,S6,0.9058186254296481,468.08535316173624,west,mangrove,west,mangrove,unifrac
S98,S6,0.8986563514888285,468.08535316173624,west,mangrove,west,mangrove,unifrac
S99,S6,0.9215874315681605,468.08535316173624,west,mangrove,west,mangrove,unifrac
S100,S6,0.9009460733580823,469.08535316173624,west,mangrove,west,mangrove,unifrac
S101,S6,0.8861703452469689,402.32799384885635,west,coral,west,mangrove,unifrac
S102,S6,0.8963078361257062,403.5706345359756,west,coral,west,mangrove,unifrac
S103,S6,0.918349155943371,403.9848480983487,west,coral,west,mangrove,unifrac
S104,S6,0.9145004081536495,405.57063453597556,west,coral,west,mangrove,unifrac
S105,S6,0.9369014446271738,403.74220741122946,west,coral,west,mangrove,unifrac
S106,S6,0.892806129352758,237.94826817189116,west,mangrove,west,mangrove,unifrac
S107,S6,0.8920576207946634,237.53405460951805,west,mangrove,west,mangrove,unifrac
S108,S6,0.887047027369376,236.53405460951805,west,mangrove,west,mangrove,unifrac
S109,S6,0.894136634649809,236.11984104714497,west,mangrove,west,mangrove,unifrac
S110,S6,0.9109533911251609,236.11984104714497,west,mangrove,west,mangrove,unifrac
S8,S7,0.5193836992144059,1.4142135623730951,west,mangrove,west,mangrove,unifrac
S9,S7,0.5246046380621825,0,west,mangrove,west,mangrove,unifrac
S10,S7,0.45758101892456093,1,west,mangrove,west,mangrove,unifrac
S11,S7,0.9241039565299756,130.92388155425124,west,mangrove,west,mangrove,unifrac
S12,S7,0.9109765194454724,131.92388155425124,west,mangrove,west,mangrove,unifrac
S13,S7,0.9166710376415146,131.92388155425124,west,mangrove,west,mangrove,unifrac
S14,S7,0.9290568672552239,132.33809511662434,west,mangrove,west,mangrove,unifrac
S15,S7,0.9216521440257077,133.33809511662434,west,mangrove,west,mangrove,unifrac
S16,S7,0.9536099307830019,139.75230867899745,west,coral,west,mangrove,unifrac
S17,S7,0.9571991789863866,138.33809511662434,west,coral,west,mangrove,unifrac
S18,S7,0.954434297395447,138.33809511662434,west,coral,west,mangrove,unifrac
S19,S7,0.9486807660107526,138.33809511662434,west,coral,west,mangrove,unifrac
S20,S7,0.9506745217771779,139.75230867899745,west,coral,west,mangrove,unifrac
S21,S7,0.9899511102498881,279.7228714274745,east,mangrove,west,mangrove,unifrac
S22,S7,0.8990924634831492,279.7228714274745,east,mangrove,west,mangrove,unifrac
S23,S7,0.9247389827228573,279.7228714274745,east,mangrove,west,mangrove,unifrac
S24,S7,0.9227367127887429,279.7228714274745,east,mangrove,west,mangrove,unifrac
S25,S7,0.9408847354254304,279.7228714274745,east,mangrove,west,mangrove,unifrac
S26,S7,0.9718888157873142,278.72287142747456,east,seagrass,west,mangrove,unifrac
S27,S7,0.9597299545339162,278.72287142747456,east,seagrass,west,mangrove,unifrac
S28,S7,0.9923206559803055,279.7228714274745,east,seagrass,west,mangrove,unifrac
S29,S7,0.989977206301856,280.1370849898476,east,seagrass,west,mangrove,unifrac
S30,S7,0.9651141109919764,280.1370849898476,east,seagrass,west,mangrove,unifrac
S31,S7,0.9492909100477059,283.55129855222054,east,coral,west,mangrove,unifrac
S32,S7,0.9662830158500312,283.55129855222054,east,coral,west,mangrove,unifrac
S33,S7,0.9716913421881117,282.5512985522206,east,coral,west,mangrove,unifrac
S34,S7,0.9637953920086714,282.5512985522206,east,coral,west,mangrove,unifrac
S35,S7,0.9314077189096978,282.5512985522206,east,coral,west,mangrove,unifrac
S36,S7,0.667301291356963,402.37467504308245,east,mangrove,west,mangrove,unifrac
S37,S7,0.7758090630452243,401.37467504308245,east,mangrove,west,mangrove,unifrac
S38,S7,0.688664162063117,400.37467504308245,east,mangrove,west,mangrove,unifrac
S39,S7,0.8039363824377926,399.7888886054555,east,mangrove,west,mangrove,unifrac
S40,S7,0.4729512774469433,398.37467504308245,east,mangrove,west,mangrove,unifrac
S41,S7,0.9093212347480628,509.44574285494724,east,coral,west,mangrove,unifrac
S42,S7,0.9350304172981688,509.0315292925741,east,coral,west,mangrove,unifrac
S43,S7,0.9359683865956117,509.0315292925741,east,coral,west,mangrove,unifrac
S44,S7,0.9392244956166255,510.0315292925741,east,coral,west,mangrove,unifrac
S45,S7,0.9377497127335667,509.0315292925741,east,coral,west,mangrove,unifrac
S46,S7,0.860501619656713,508.44574285494724,east,mangrove,west,mangrove,unifrac
S47,S7,0.8435416706872876,508.44574285494724,east,mangrove,west,mangrove,unifrac
S48,S7,0.8662065513932923,508.44574285494724,east,mangrove,west,mangrove,unifrac
S49,S7,0.8830377887644898,509.44574285494724,east,mangrove,west,mangrove,unifrac
S50,S7,0.8699560055011827,509.44574285494724,east,mangrove,west,mangrove,unifrac
S51,S7,0.8948005614250581,574.788888605454,east,seagrass,west,mangrove,unifrac
S52,S7,0.9189861456410245,574.788888605454,east,seagrass,west,mangrove,unifrac
S53,S7,0.9057836317054806,574.788888605454,east,seagrass,west,mangrove,unifrac
S54,S7,0.9015413382095336,573.788888605454,east,seagrass,west,mangrove,unifrac
S55,S7,0.9132781161440725,573.788888605454,east,seagrass,west,mangrove,unifrac
S56,S7,0.9463967085948021,670.2640687119227,west,coral,west,mangrove,unifrac
S57,S7,0.9445653017032823,670.2640687119227,west,coral,west,mangrove,unifrac
S58,S7,0.9580261388558023,671.6782822742958,west,coral,west,mangrove,unifrac
S59,S7,0.9591411516955766,671.2640687119227,west,coral,west,mangrove,unifrac
S60,S7,0.9454653544424123,670.2640687119227,west,coral,west,mangrove,unifrac
S61,S7,0.9298391604236811,663.2935059634457,west,mangrove,west,mangrove,unifrac
S62,S7,0.9441273823344303,663.2935059634457,west,mangrove,west,mangrove,unifrac
S63,S7,0.9259051279115514,664.2935059634457,west,mangrove,west,mangrove,unifrac
S64,S7,0.9343601259657148,664.7077195258187,west,mangrove,west,mangrove,unifrac
S65,S7,0.9349381270119289,665.7077195258187,west,mangrove,west,mangrove,unifrac
S66,S7,0.9137984567724767,690.2935059634452,west,seagrass,west,mangrove,unifrac
S67,S7,0.9224178350926756,690.2935059634452,west,seagrass,west,mangrove,unifrac
S68,S7,0.9303736598338221,690.2935059634452,west,seagrass,west,mangrove,unifrac
S69,S7,0.938738323722105,690.2935059634452,west,seagrass,west,mangrove,unifrac
S70,S7,0.9410901321068578,690.7077195258182,west,seagrass,west,mangrove,unifrac
S71,S7,0.9989735117652471,724.6711395993616,east,coral,west,mangrove,unifrac
S73,S7,0.932229599526686,724.6711395993616,east,coral,west,mangrove,unifrac
S74,S7,0.9465990204994708,724.6711395993616,east,coral,west,mangrove,unifrac
S75,S7,0.9453708360273604,724.6711395993616,east,coral,west,mangrove,unifrac
S77,S7,0.9244534380870421,701.1858582251231,east,coral,west,mangrove,unifrac
S78,S7,0.9194265445567068,701.1858582251231,east,coral,west,mangrove,unifrac
S80,S7,0.9403641166439556,701.1858582251231,east,coral,west,mangrove,unifrac
S81,S7,0.8966244005018131,695.5706345359733,east,mangrove,west,mangrove,unifrac
S82,S7,0.9074710522612456,695.5706345359733,east,mangrove,west,mangrove,unifrac
S83,S7,0.8937767566210526,695.5706345359733,east,mangrove,west,mangrove,unifrac
S84,S7,0.8823540944039746,695.5706345359733,east,mangrove,west,mangrove,unifrac
S85,S7,0.8797628459478292,695.5706345359733,east,mangrove,west,mangrove,unifrac
S86,S7,0.9146059848118435,560.4406922210618,west,mangrove,west,mangrove,unifrac
S87,S7,0.9252372141919881,560.4406922210618,west,mangrove,west,mangrove,unifrac
S88,S7,0.8946228285467511,560.0264786586887,west,mangrove,west,mangrove,unifrac
S89,S7,0.8641228790277818,560.0264786586887,west,mangrove,west,mangrove,unifrac
S90,S7,0.8591789070037151,560.0264786586887,west,mangrove,west,mangrove,unifrac
S91,S7,0.9410049163186651,544.0975464705546,west,seagrass,west,mangrove,unifrac
S92,S7,0.9140281490512452,545.0975464705546,west,seagrass,west,mangrove,unifrac
S93,S7,0.9353861889735671,545.0975464705546,west,seagrass,west,mangrove,unifrac
S94,S7,0.9178945539473162,544.0975464705546,west,seagrass,west,mangrove,unifrac
S95,S7,0.9272562923405345,544.0975464705546,west,seagrass,west,mangrove,unifrac
S96,S7,0.9155038995658722,467.67113959936313,west,mangrove,west,mangrove,unifrac
S97,S7,0.918927979274403,467.67113959936313,west,mangrove,west,mangrove,unifrac
S98,S7,0.9086856692808002,467.67113959936313,west,mangrove,west,mangrove,unifrac
S99,S7,0.9229955337473464,467.67113959936313,west,mangrove,west,mangrove,unifrac
S100,S7,0.9106931272227968,468.67113959936313,west,mangrove,west,mangrove,unifrac
S101,S7,0.8999731563327983,401.9137802864833,west,coral,west,mangrove,unifrac
S102,S7,0.9135346102199812,403.15642097360256,west,coral,west,mangrove,unifrac
S103,S7,0.9117824549861783,403.5706345359756,west,coral,west,mangrove,unifrac
S104,S7,0.929097810416799,405.1564209736025,west,coral,west,mangrove,unifrac
S105,S7,0.9331510894777664,403.32799384885635,west,coral,west,mangrove,unifrac
S106,S7,0.8941819835026058,237.53405460951805,west,mangrove,west,mangrove,unifrac
S107,S7,0.9020448901625338,237.11984104714497,west,mangrove,west,mangrove,unifrac
S108,S7,0.8865536959630101,236.11984104714497,west,mangrove,west,mangrove,unifrac
S109,S7,0.8827179956300566,235.70562748477187,west,mangrove,west,mangrove,unifrac
S110,S7,0.9211522903083686,235.70562748477187,west,mangrove,west,mangrove,unifrac
S9,S8,0.286744539951264,1.4142135623730951,west,mangrove,west,mangrove,unifrac
S10,S8,0.4851333115335167,1,west,mangrove,west,mangrove,unifrac
S11,S8,0.8267505625848909,132.33809511662434,west,mangrove,west,mangrove,unifrac
S12,S8,0.8178548356945131,133.33809511662434,west,mangrove,west,mangrove,unifrac
S13,S8,0.8340110120385009,133.33809511662434,west,mangrove,west,mangrove,unifrac
S14,S8,0.8359433490357963,133.75230867899745,west,mangrove,west,mangrove,unifrac
S15,S8,0.8085056678236746,134.75230867899745,west,mangrove,west,mangrove,unifrac
S16,S8,0.8907514185018013,141.16652224137056,west,coral,west,mangrove,unifrac
S17,S8,0.8695023400320425,139.75230867899745,west,coral,west,mangrove,unifrac
S18,S8,0.8776960475943215,139.75230867899745,west,coral,west,mangrove,unifrac
S19,S8,0.876693585864597,139.75230867899745,west,coral,west,mangrove,unifrac
S20,S8,0.8638705562637878,141.16652224137056,west,coral,west,mangrove,unifrac
S21,S8,0.9513337437646993,278.3086578651014,east,mangrove,west,mangrove,unifrac
S22,S8,0.8562804229667773,278.3086578651014,east,mangrove,west,mangrove,unifrac
S23,S8,0.8509748313342486,278.3086578651014,east,mangrove,west,mangrove,unifrac
S24,S8,0.8750967138663199,278.3086578651014,east,mangrove,west,mangrove,unifrac
S25,S8,0.8708018343816735,278.3086578651014,east,mangrove,west,mangrove,unifrac
S26,S8,0.9332014175789207,277.30865786510145,east,seagrass,west,mangrove,unifrac
S27,S8,0.9177679096992447,277.30865786510145,east,seagrass,west,mangrove,unifrac
S28,S8,0.9569718885736009,278.3086578651014,east,seagrass,west,mangrove,unifrac
S29,S8,0.9514055286097609,278.72287142747456,east,seagrass,west,mangrove,unifrac
S30,S8,0.9257460834724831,278.72287142747456,east,seagrass,west,mangrove,unifrac
S31,S8,0.8929251118308753,282.1370849898475,east,coral,west,mangrove,unifrac
S32,S8,0.9259978847144993,282.1370849898475,east,coral,west,mangrove,unifrac
S33,S8,0.9300573931576476,281.13708498984755,east,coral,west,mangrove,unifrac
S34,S8,0.9140524833128044,281.13708498984755,east,coral,west,mangrove,unifrac
S35,S8,0.879355531083649,281.13708498984755,east,coral,west,mangrove,unifrac
S36,S8,0.8271349552503927,400.9604614807094,east,mangrove,west,mangrove,unifrac
S37,S8,0.8862839693986683,399.9604614807094,east,mangrove,west,mangrove,unifrac
S38,S8,0.8463185332432135,398.9604614807094,east,mangrove,west,mangrove,unifrac
S39,S8,0.8645069636451447,398.37467504308245,east,mangrove,west,mangrove,unifrac
S40,S8,0.6729457054053295,396.9604614807094,east,mangrove,west,mangrove,unifrac
S41,S8,0.8750645529204378,508.03152929257413,east,coral,west,mangrove,unifrac
S42,S8,0.8806252462775225,507.617315730201,east,coral,west,mangrove,unifrac
S43,S8,0.8985011891359239,507.617315730201,east,coral,west,mangrove,unifrac
S44,S8,0.8964615836206656,508.617315730201,east,coral,west,mangrove,unifrac
S45,S8,0.9041297325148632,507.617315730201,east,coral,west,mangrove,unifrac
S46,S8,0.7478631922471296,507.03152929257413,east,mangrove,west,mangrove,unifrac
S47,S8,0.8452847779188852,507.03152929257413,east,mangrove,west,mangrove,unifrac
S48,S8,0.7673180708970493,507.03152929257413,east,mangrove,west,mangrove,unifrac
S49,S8,0.9086846424536034,508.03152929257413,east,mangrove,west,mangrove,unifrac
S50,S8,0.8234678284521464,508.03152929257413,east,mangrove,west,mangrove,unifrac
S51,S8,0.849313421442484,573.374675043081,east,seagrass,west,mangrove,unifrac
S52,S8,0.8132664817134508,573.374675043081,east,seagrass,west,mangrove,unifrac
S53,S8,0.8098914457959556,573.374675043081,east,seagrass,west,mangrove,unifrac
S54,S8,0.8166378683927288,572.374675043081,east,seagrass,west,mangrove,unifrac
S55,S8,0.8250096274282246,572.374675043081,east,seagrass,west,mangrove,unifrac
S56,S8,0.8598040513604666,671.6782822742958,west,coral,west,mangrove,unifrac
S57,S8,0.8724061106020489,671.6782822742958,west,coral,west,mangrove,unifrac
S58,S8,0.8898614432822682,673.0924958366688,west,coral,west,mangrove,unifrac
S59,S8,0.8958095697776826,672.6782822742958,west,coral,west,mangrove,unifrac
S60,S8,0.8768652694620079,671.6782822742958,west,coral,west,mangrove,unifrac
S61,S8,0.8216079714858124,664.7077195258187,west,mangrove,west,mangrove,unifrac
S62,S8,0.8436970446948697,664.7077195258187,west,mangrove,west,mangrove,unifrac
S63,S8,0.8160928680500118,665.7077195258187,west,mangrove,west,mangrove,unifrac
S64,S8,0.8340889133595489,666.1219330881918,west,mangrove,west,mangrove,unifrac
S65,S8,0.8409637414498535,667.1219330881918,west,mangrove,west,mangrove,unifrac
S66,S8,0.8179619834700749,691.7077195258182,west,seagrass,west,mangrove,unifrac
S67,S8,0.8315452330848944,691.7077195258182,west,seagrass,west,mangrove,unifrac
S68,S8,0.8363814432694425,691.7077195258182,west,seagrass,west,mangrove,unifrac
S69,S8,0.8544251168892965,691.7077195258182,west,seagrass,west,mangrove,unifrac
S70,S8,0.8668161784952252,692.1219330881913,west,seagrass,west,mangrove,unifrac
S71,S8,0.999461894079915,723.2569260369885,east,coral,west,mangrove,unifrac
S73,S8,0.9657940938163281,723.2569260369885,east,coral,west,mangrove,unifrac
S74,S8,0.9527823598176905,723.2569260369885,east,coral,west,mangrove,unifrac
S75,S8,0.9597944910530732,723.2569260369885,east,coral,west,mangrove,unifrac
S77,S8,0.891025297031668,699.77164466275,east,coral,west,mangrove,unifrac
S78,S8,0.8669896537524,699.77164466275,east,coral,west,mangrove,unifrac
S80,S8,0.9234543872506522,699.77164466275,east,coral,west,mangrove,unifrac
S81,S8,0.8085835618127105,694.1564209736002,east,mangrove,west,mangrove,unifrac
S82,S8,0.8241462479086755,694.1564209736002,east,mangrove,west,mangrove,unifrac
S83,S8,0.8160075048448764,694.1564209736002,east,mangrove,west,mangrove,unifrac
S84,S8,0.8033259325442624,694.1564209736002,east,mangrove,west,mangrove,unifrac
S85,S8,0.8196556777874676,694.1564209736002,east,mangrove,west,mangrove,unifrac
S86,S8,0.8067121284408554,561.8549057834349,west,mangrove,west,mangrove,unifrac
S87,S8,0.8041431914362619,561.8549057834349,west,mangrove,west,mangrove,unifrac
S88,S8,0.8209925781030492,561.4406922210618,west,mangrove,west,mangrove,unifrac
S89,S8,0.8067365289571168,561.4406922210618,west,mangrove,west,mangrove,unifrac
S90,S8,0.789152373982379,561.4406922210618,west,mangrove,west,mangrove,unifrac
S91,S8,0.8416427933173738,545.5117600329277,west,seagrass,west,mangrove,unifrac
S92,S8,0.8044444344897675,546.5117600329277,west,seagrass,west,mangrove,unifrac
S93,S8,0.8483127117603156,546.5117600329277,west,seagrass,west,mangrove,unifrac
S94,S8,0.8412222388180746,545.5117600329277,west,seagrass,west,mangrove,unifrac
S95,S8,0.8475457209200737,545.5117600329277,west,seagrass,west,mangrove,unifrac
S96,S8,0.8204446470146931,469.08535316173624,west,mangrove,west,mangrove,unifrac
S97,S8,0.8112857552524172,469.08535316173624,west,mangrove,west,mangrove,unifrac
S98,S8,0.8139016281088371,469.08535316173624,west,mangrove,west,mangrove,unifrac
S99,S8,0.844512625473077,469.08535316173624,west,mangrove,west,mangrove,unifrac
S100,S8,0.8336368099908082,470.08535316173624,west,mangrove,west,mangrove,unifrac
S101,S8,0.8724585308458466,403.32799384885635,west,coral,west,mangrove,unifrac
S102,S8,0.8603693713887557,404.5706345359756,west,coral,west,mangrove,unifrac
S103,S8,0.8726367573571664,404.9848480983487,west,coral,west,mangrove,unifrac
S104,S8,0.8710107006010469,406.57063453597556,west,coral,west,mangrove,unifrac
S105,S8,0.892929754091453,404.74220741122946,west,coral,west,mangrove,unifrac
S106,S8,0.7772098545182764,238.94826817189116,west,mangrove,west,mangrove,unifrac
S107,S8,0.7925668738971757,238.53405460951805,west,mangrove,west,mangrove,unifrac
S108,S8,0.7781149987178404,237.53405460951805,west,mangrove,west,mangrove,unifrac
S109,S8,0.8000265576550657,237.11984104714497,west,mangrove,west,mangrove,unifrac
S110,S8,0.8461941683773769,237.11984104714497,west,mangrove,west,mangrove,unifrac
S10,S9,0.4544843169574069,1,west,mangrove,west,mangrove,unifrac
S11,S9,0.8502986017173954,130.92388155425124,west,mangrove,west,mangrove,unifrac
S12,S9,0.8300841881438181,131.92388155425124,west,mangrove,west,mangrove,unifrac
S13,S9,0.8510137969823393,131.92388155425124,west,mangrove,west,mangrove,unifrac
S14,S9,0.8546836072697592,132.33809511662434,west,mangrove,west,mangrove,unifrac
S15,S9,0.8408507475496413,133.33809511662434,west,mangrove,west,mangrove,unifrac
S16,S9,0.915419270365722,139.75230867899745,west,coral,west,mangrove,unifrac
S17,S9,0.8993463502172114,138.33809511662434,west,coral,west,mangrove,unifrac
S18,S9,0.8982518425084473,138.33809511662434,west,coral,west,mangrove,unifrac
S19,S9,0.8939993678339729,138.33809511662434,west,coral,west,mangrove,unifrac
S20,S9,0.8929883964920617,139.75230867899745,west,coral,west,mangrove,unifrac
S21,S9,0.9464159651324799,279.7228714274745,east,mangrove,west,mangrove,unifrac
S22,S9,0.870933051415437,279.7228714274745,east,mangrove,west,mangrove,unifrac
S23,S9,0.8654036350815483,279.7228714274745,east,mangrove,west,mangrove,unifrac
S24,S9,0.8905534436506117,279.7228714274745,east,mangrove,west,mangrove,unifrac
S25,S9,0.8939020352713588,279.7228714274745,east,mangrove,west,mangrove,unifrac
S26,S9,0.9288536401580687,278.72287142747456,east,seagrass,west,mangrove,unifrac
S27,S9,0.9105214622637271,278.72287142747456,east,seagrass,west,mangrove,unifrac
S28,S9,0.9536661140365932,279.7228714274745,east,seagrass,west,mangrove,unifrac
S29,S9,0.9465029779010542,280.1370849898476,east,seagrass,west,mangrove,unifrac
S30,S9,0.9200599806547066,280.1370849898476,east,seagrass,west,mangrove,unifrac
S31,S9,0.8864897526637311,283.55129855222054,east,coral,west,mangrove,unifrac
S32,S9,0.9233505538388954,283.55129855222054,east,coral,west,mangrove,unifrac
S33,S9,0.9254550094838571,282.5512985522206,east,coral,west,mangrove,unifrac
S34,S9,0.9106350624945451,282.5512985522206,east,coral,west,mangrove,unifrac
S35,S9,0.8941519272895914,282.5512985522206,east,coral,west,mangrove,unifrac
S36,S9,0.7505004258139734,402.37467504308245,east,mangrove,west,mangrove,unifrac
S37,S9,0.8738948307970196,401.37467504308245,east,mangrove,west,mangrove,unifrac
S38,S9,0.829064421580917,400.37467504308245,east,mangrove,west,mangrove,unifrac
S39,S9,0.8456125991804514,399.7888886054555,east,mangrove,west,mangrove,unifrac
S40,S9,0.6334856991822407,398.37467504308245,east,mangrove,west,mangrove,unifrac
S41,S9,0.87477693792154,509.44574285494724,east,coral,west,mangrove,unifrac
S42,S9,0.8808161686402826,509.0315292925741,east,coral,west,mangrove,unifrac
S43,S9,0.8904603820464568,509.0315292925741,east,coral,west,mangrove,unifrac
S44,S9,0.9078807204351519,510.0315292925741,east,coral,west,mangrove,unifrac
S45,S9,0.9010418430299006,509.0315292925741,east,coral,west,mangrove,unifrac
S46,S9,0.7564210865580535,508.44574285494724,east,mangrove,west,mangrove,unifrac
S47,S9,0.8572161087964346,508.44574285494724,east,mangrove,west,mangrove,unifrac
S48,S9,0.7950003951017806,508.44574285494724,east,mangrove,west,mangrove,unifrac
S49,S9,0.9188637045464257,509.44574285494724,east,mangrove,west,mangrove,unifrac
S50,S9,0.8549533917206245,509.44574285494724,east,mangrove,west,mangrove,unifrac
S51,S9,0.8578077729188643,574.788888605454,east,seagrass,west,mangrove,unifrac
S52,S9,0.8084565416608533,574.788888605454,east,seagrass,west,mangrove,unifrac
S53,S9,0.8263850379050389,574.788888605454,east,seagrass,west,mangrove,unifrac
S54,S9,0.8290059735197045,573.788888605454,east,seagrass,west,mangrove,unifrac
S55,S9,0.837814104110727,573.788888605454,east,seagrass,west,mangrove,unifrac
S56,S9,0.8952020271635768,670.2640687119227,west,coral,west,mangrove,unifrac
S57,S9,0.8965893598438358,670.2640687119227,west,coral,west,mangrove,unifrac
S58,S9,0.91714080329826,671.6782822742958,west,coral,west,mangrove,unifrac
S59,S9,0.9163938580962153,671.2640687119227,west,coral,west,mangrove,unifrac
S60,S9,0.9047363799178662,670.2640687119227,west,coral,west,mangrove,unifrac
S61,S9,0.8642007476173609,663.2935059634457,west,mangrove,west,mangrove,unifrac
S62,S9,0.8786267143601777,663.2935059634457,west,mangrove,west,mangrove,unifrac
S63,S9,0.8611745363109523,664.2935059634457,west,mangrove,west,mangrove,unifrac
S64,S9,0.8681002340387055,664.7077195258187,west,mangrove,west,mangrove,unifrac
S65,S9,0.884212781738179,665.7077195258187,west,mangrove,west,mangrove,unifrac
S66,S9,0.8460790460571059,690.2935059634452,west,seagrass,west,mangrove,unifrac
S67,S9,0.8649324831490686,690.2935059634452,west,seagrass,west,mangrove,unifrac
S68,S9,0.8675686380451556,690.2935059634452,west,seagrass,west,mangrove,unifrac
S69,S9,0.8902354584120128,690.2935059634452,west,seagrass,west,mangrove,unifrac
S70,S9,0.8935633917360548,690.7077195258182,west,seagrass,west,mangrove,unifrac
S71,S9,0.9994074956815355,724.6711395993616,east,coral,west,mangrove,unifrac
S73,S9,0.9621795325651669,724.6711395993616,east,coral,west,mangrove,unifrac
S74,S9,0.9484106701680934,724.6711395993616,east,coral,west,mangrove,unifrac
S75,S9,0.9561769947103345,724.6711395993616,east,coral,west,mangrove,unifrac
S77,S9,0.8858199409182509,701.1858582251231,east,coral,west,mangrove,unifrac
S78,S9,0.8570696302323001,701.1858582251231,east,coral,west,mangrove,unifrac
S80,S9,0.9158454088638271,701.1858582251231,east,coral,west,mangrove,unifrac
S81,S9,0.8228940499039005,695.5706345359733,east,mangrove,west,mangrove,unifrac
S82,S9,0.8496381012878217,695.5706345359733,east,mangrove,west,mangrove,unifrac
S83,S9,0.837544572850189,695.5706345359733,east,mangrove,west,mangrove,unifrac
S84,S9,0.8354811871243796,695.5706345359733,east,mangrove,west,mangrove,unifrac
S85,S9,0.8455227250522476,695.5706345359733,east,mangrove,west,mangrove,unifrac
S86,S9,0.8537334642664941,560.4406922210618,west,mangrove,west,mangrove,unifrac
S87,S9,0.8523711471658658,560.4406922210618,west,mangrove,west,mangrove,unifrac
S88,S9,0.8234296715394139,560.0264786586887,west,mangrove,west,mangrove,unifrac
S89,S9,0.8159813877918286,560.0264786586887,west,mangrove,west,mangrove,unifrac
S90,S9,0.7956346881338109,560.0264786586887,west,mangrove,west,mangrove,unifrac
S91,S9,0.8749749626665212,544.0975464705546,west,seagrass,west,mangrove,unifrac
S92,S9,0.8446860435344142,545.0975464705546,west,seagrass,west,mangrove,unifrac
S93,S9,0.8718859004156028,545.0975464705546,west,seagrass,west,mangrove,unifrac
S94,S9,0.8575373425042772,544.0975464705546,west,seagrass,west,mangrove,unifrac
S95,S9,0.8742340555163859,544.0975464705546,west,seagrass,west,mangrove,unifrac
S96,S9,0.8261819228927408,467.67113959936313,west,mangrove,west,mangrove,unifrac
S97,S9,0.826029371154651,467.67113959936313,west,mangrove,west,mangrove,unifrac
S98,S9,0.8302051483098472,467.67113959936313,west,mangrove,west,mangrove,unifrac
S99,S9,0.854938352807997,467.67113959936313,west,mangrove,west,mangrove,unifrac
S100,S9,0.8515898844452496,468.67113959936313,west,mangrove,west,mangrove,unifrac
S101,S9,0.8561143156424401,401.9137802864833,west,coral,west,mangrove,unifrac
S102,S9,0.846136485959528,403.15642097360256,west,coral,west,mangrove,unifrac
S103,S9,0.864703128849389,403.5706345359756,west,coral,west,mangrove,unifrac
S104,S9,0.8596096931083534,405.1564209736025,west,coral,west,mangrove,unifrac
S105,S9,0.8846675186546268,403.32799384885635,west,coral,west,mangrove,unifrac
S106,S9,0.8318801965149555,237.53405460951805,west,mangrove,west,mangrove,unifrac
S107,S9,0.8243807848219652,237.11984104714497,west,mangrove,west,mangrove,unifrac
S108,S9,0.8247955751939593,236.11984104714497,west,mangrove,west,mangrove,unifrac
S109,S9,0.8233186860168166,235.70562748477187,west,mangrove,west,mangrove,unifrac
S110,S9,0.8777304957755316,235.70562748477187,west,mangrove,west,mangrove,unifrac
S11,S10,0.9007602673366767,131.92388155425124,west,mangrove,west,mangrove,unifrac
S12,S10,0.8986962006053877,132.92388155425124,west,mangrove,west,mangrove,unifrac
S13,S10,0.9036049891961113,132.92388155425124,west,mangrove,west,mangrove,unifrac
S14,S10,0.9099557121400444,133.33809511662434,west,mangrove,west,mangrove,unifrac
S15,S10,0.9023258624662518,134.33809511662434,west,mangrove,west,mangrove,unifrac
S16,S10,0.9416281879183479,140.75230867899745,west,coral,west,mangrove,unifrac
S17,S10,0.939749353865526,139.33809511662434,west,coral,west,mangrove,unifrac
S18,S10,0.9426329440039197,139.33809511662434,west,coral,west,mangrove,unifrac
S19,S10,0.9370227664019047,139.33809511662434,west,coral,west,mangrove,unifrac
S20,S10,0.9387569672879107,140.75230867899745,west,coral,west,mangrove,unifrac
S21,S10,0.992167963748063,278.72287142747456,east,mangrove,west,mangrove,unifrac
S22,S10,0.8850126198677084,278.72287142747456,east,mangrove,west,mangrove,unifrac
S23,S10,0.91920480356009,278.72287142747456,east,mangrove,west,mangrove,unifrac
S24,S10,0.9110871785908158,278.72287142747456,east,mangrove,west,mangrove,unifrac
S25,S10,0.9425127648380902,278.72287142747456,east,mangrove,west,mangrove,unifrac
S26,S10,0.9578604490511577,277.72287142747456,east,seagrass,west,mangrove,unifrac
S27,S10,0.9413773390571176,277.72287142747456,east,seagrass,west,mangrove,unifrac
S28,S10,0.9938113263526295,278.72287142747456,east,seagrass,west,mangrove,unifrac
S29,S10,0.9921854736424056,279.1370849898476,east,seagrass,west,mangrove,unifrac
S30,S10,0.9485573731414171,279.1370849898476,east,seagrass,west,mangrove,unifrac
S31,S10,0.9399979694295016,282.5512985522206,east,coral,west,mangrove,unifrac
S32,S10,0.9501408111916115,282.5512985522206,east,coral,west,mangrove,unifrac
S33,S10,0.9503688175019992,281.5512985522206,east,coral,west,mangrove,unifrac
S34,S10,0.9376175946683637,281.5512985522206,east,coral,west,mangrove,unifrac
S35,S10,0.9133601389360697,281.5512985522206,east,coral,west,mangrove,unifrac
S36,S10,0.800483029926232,401.37467504308245,east,mangrove,west,mangrove,unifrac
S37,S10,0.8068334958483138,400.37467504308245,east,mangrove,west,mangrove,unifrac
S38,S10,0.829489266729784,399.37467504308245,east,mangrove,west,mangrove,unifrac
S39,S10,0.7647046582774597,398.7888886054555,east,mangrove,west,mangrove,unifrac
S40,S10,0.5592844540112792,397.37467504308245,east,mangrove,west,mangrove,unifrac
S41,S10,0.9038642764539818,508.44574285494724,east,coral,west,mangrove,unifrac
S42,S10,0.9300882798211745,508.0315292925741,east,coral,west,mangrove,unifrac
S43,S10,0.9083075990221129,508.0315292925741,east,coral,west,mangrove,unifrac
S44,S10,0.9344638831955572,509.0315292925741,east,coral,west,mangrove,unifrac
S45,S10,0.9174701151375717,508.0315292925741,east,coral,west,mangrove,unifrac
S46,S10,0.8286299097127812,507.44574285494724,east,mangrove,west,mangrove,unifrac
S47,S10,0.8158721214843675,507.44574285494724,east,mangrove,west,mangrove,unifrac
S48,S10,0.8853007255218194,507.44574285494724,east,mangrove,west,mangrove,unifrac
S49,S10,0.885580755609641,508.44574285494724,east,mangrove,west,mangrove,unifrac
S50,S10,0.8801999648791442,508.44574285494724,east,mangrove,west,mangrove,unifrac
S51,S10,0.8931966687771679,573.788888605454,east,seagrass,west,mangrove,unifrac
S52,S10,0.8904627541176239,573.788888605454,east,seagrass,west,mangrove,unifrac
S53,S10,0.8890998995583591,573.788888605454,east,seagrass,west,mangrove,unifrac
S54,S10,0.9056384397965661,572.788888605454,east,seagrass,west,mangrove,unifrac
S55,S10,0.9092277460570756,572.788888605454,east,seagrass,west,mangrove,unifrac
S56,S10,0.9413647598171621,671.2640687119227,west,coral,west,mangrove,unifrac
S57,S10,0.944152160717023,671.2640687119227,west,coral,west,mangrove,unifrac
S58,S10,0.954060012307569,672.6782822742958,west,coral,west,mangrove,unifrac
S59,S10,0.9533483082644936,672.2640687119227,west,coral,west,mangrove,unifrac
S60,S10,0.9442487463180959,671.2640687119227,west,coral,west,mangrove,unifrac
S61,S10,0.9284149112080258,664.2935059634457,west,mangrove,west,mangrove,unifrac
S62,S10,0.937563700973277,664.2935059634457,west,mangrove,west,mangrove,unifrac
S63,S10,0.9203962327125936,665.2935059634457,west,mangrove,west,mangrove,unifrac
S64,S10,0.9235648670289641,665.7077195258187,west,mangrove,west,mangrove,unifrac
S65,S10,0.9390260198406956,666.7077195258187,west,mangrove,west,mangrove,unifrac
S66,S10,0.8951529398479237,691.2935059634452,west,seagrass,west,mangrove,unifrac
S67,S10,0.9279266092007554,691.2935059634452,west,seagrass,west,mangrove,unifrac
S68,S10,0.9279765825501058,691.2935059634452,west,seagrass,west,mangrove,unifrac
S69,S10,0.9424336933070769,691.2935059634452,west,seagrass,west,mangrove,unifrac
S70,S10,0.9408433161492339,691.7077195258182,west,seagrass,west,mangrove,unifrac
S71,S10,0.9999999999999998,723.6711395993616,east,coral,west,mangrove,unifrac
S73,S10,0.9429790711033227,723.6711395993616,east,coral,west,mangrove,unifrac
S74,S10,0.927645849754947,723.6711395993616,east,coral,west,mangrove,unifrac
S75,S10,0.9436622947068496,723.6711395993616,east,coral,west,mangrove,unifrac
S77,S10,0.9052439180078382,700.1858582251231,east,coral,west,mangrove,unifrac
S78,S10,0.9151446737518399,700.1858582251231,east,coral,west,mangrove,unifrac
S80,S10,0.9484515157172814,700.1858582251231,east,coral,west,mangrove,unifrac
S81,S10,0.8744078636923841,694.5706345359733,east,mangrove,west,mangrove,unifrac
S82,S10,0.8946400882993253,694.5706345359733,east,mangrove,west,mangrove,unifrac
S83,S10,0.8913693039803373,694.5706345359733,east,mangrove,west,mangrove,unifrac
S84,S10,0.8712682344701037,694.5706345359733,east,mangrove,west,mangrove,unifrac
S85,S10,0.8791389299279786,694.5706345359733,east,mangrove,west,mangrove,unifrac
S86,S10,0.9080316025754314,561.4406922210618,west,mangrove,west,mangrove,unifrac
S87,S10,0.9115737405531535,561.4406922210618,west,mangrove,west,mangrove,unifrac
S88,S10,0.8795690436752475,561.0264786586887,west,mangrove,west,mangrove,unifrac
S89,S10,0.8373012883495775,561.0264786586887,west,mangrove,west,mangrove,unifrac
S90,S10,0.8409605610555908,561.0264786586887,west,mangrove,west,mangrove,unifrac
S91,S10,0.936415877837503,545.0975464705546,west,seagrass,west,mangrove,unifrac
S92,S10,0.9117608723117685,546.0975464705546,west,seagrass,west,mangrove,unifrac
S93,S10,0.9138490288904012,546.0975464705546,west,seagrass,west,mangrove,unifrac
S94,S10,0.9043673845856685,545.0975464705546,west,seagrass,west,mangrove,unifrac
S95,S10,0.9221923885659336,545.0975464705546,west,seagrass,west,mangrove,unifrac
S96,S10,0.9012211433316781,468.67113959936313,west,mangrove,west,mangrove,unifrac
S97,S10,0.904521308643153,468.67113959936313,west,mangrove,west,mangrove,unifrac
S98,S10,0.8960537060195305,468.67113959936313,west,mangrove,west,mangrove,unifrac
S99,S10,0.923871841361515,468.67113959936313,west,mangrove,west,mangrove,unifrac
S100,S10,0.9035097617605672,469.67113959936313,west,mangrove,west,mangrove,unifrac
S101,S10,0.8796919026546267,402.9137802864833,west,coral,west,mangrove,unifrac
S102,S10,0.8553724451064791,404.15642097360256,west,coral,west,mangrove,unifrac
S103,S10,0.8827842989983321,404.5706345359756,west,coral,west,mangrove,unifrac
S104,S10,0.8816799476535478,406.1564209736025,west,coral,west,mangrove,unifrac
S105,S10,0.9102010820795585,404.32799384885635,west,coral,west,mangrove,unifrac
S106,S10,0.8929072283807766,238.53405460951805,west,mangrove,west,mangrove,unifrac
S107,S10,0.8922023330819091,238.11984104714497,west,mangrove,west,mangrove,unifrac
S108,S10,0.8873460491553409,237.11984104714497,west,mangrove,west,mangrove,unifrac
S109,S10,0.8871150224328075,236.70562748477187,west,mangrove,west,mangrove,unifrac
S110,S10,0.8949156994439216,236.70562748477187,west,mangrove,west,mangrove,unifrac
S12,S11,0.4084568601332426,1,west,mangrove,west,mangrove,unifrac
S13,S11,0.35709037303887625,1,west,mangrove,west,mangrove,unifrac
S14,S11,0.35472576882406154,1.4142135623730951,west,mangrove,west,mangrove,unifrac
S15,S11,0.3573281721799576,2.414213562373095,west,mangrove,west,mangrove,unifrac
S16,S11,0.6369582956657162,8.828427124746192,west,coral,west,mangrove,unifrac
S17,S11,0.6112802733287593,7.414213562373096,west,coral,west,mangrove,unifrac
S18,S11,0.6607529215432448,7.414213562373096,west,coral,west,mangrove,unifrac
S19,S11,0.6618581094338661,7.414213562373096,west,coral,west,mangrove,unifrac
S20,S11,0.623624750554016,8.828427124746192,west,coral,west,mangrove,unifrac
S21,S11,0.9575558608567032,410.64675298172335,east,mangrove,west,mangrove,unifrac
S22,S11,0.8746590226905966,410.64675298172335,east,mangrove,west,mangrove,unifrac
S23,S11,0.8515546592704484,410.64675298172335,east,mangrove,west,mangrove,unifrac
S24,S11,0.8354545576713445,410.64675298172335,east,mangrove,west,mangrove,unifrac
S25,S11,0.7696952882931566,410.64675298172335,east,mangrove,west,mangrove,unifrac
S26,S11,0.9034928330780749,409.6467529817234,east,seagrass,west,mangrove,unifrac
S27,S11,0.9019228867149932,409.6467529817234,east,seagrass,west,mangrove,unifrac
S28,S11,0.9383819982126355,410.64675298172335,east,seagrass,west,mangrove,unifrac
S29,S11,0.9757158232394411,411.06096654409646,east,seagrass,west,mangrove,unifrac
S30,S11,0.8906608488131041,411.06096654409646,east,seagrass,west,mangrove,unifrac
S31,S11,0.8334119402812238,414.4751801064695,east,coral,west,mangrove,unifrac
S32,S11,0.8981444743219071,414.4751801064695,east,coral,west,mangrove,unifrac
S33,S11,0.9001782542578456,413.4751801064695,east,coral,west,mangrove,unifrac
S34,S11,0.8888643401700334,413.4751801064695,east,coral,west,mangrove,unifrac
S35,S11,0.8109823427747168,413.4751801064695,east,coral,west,mangrove,unifrac
S36,S11,0.9657052037014953,533.2985565973321,east,mangrove,west,mangrove,unifrac
S37,S11,0.9714504695570501,532.2985565973321,east,mangrove,west,mangrove,unifrac
S38,S11,0.9686921795806134,531.2985565973321,east,mangrove,west,mangrove,unifrac
S39,S11,0.9511473688408439,530.7127701597052,east,mangrove,west,mangrove,unifrac
S40,S11,0.9412768532831739,529.2985565973321,east,mangrove,west,mangrove,unifrac
S41,S11,0.8563198883808796,640.369624409197,east,coral,west,mangrove,unifrac
S42,S11,0.7872185866759467,639.9554108468238,east,coral,west,mangrove,unifrac
S43,S11,0.8698808081577843,639.9554108468238,east,coral,west,mangrove,unifrac
S44,S11,0.7898006507054153,640.9554108468238,east,coral,west,mangrove,unifrac
S45,S11,0.8304186219635268,639.9554108468238,east,coral,west,mangrove,unifrac
S46,S11,0.6701555370889751,639.369624409197,east,mangrove,west,mangrove,unifrac
S47,S11,0.8386125970984762,639.369624409197,east,mangrove,west,mangrove,unifrac
S48,S11,0.6459029924746824,639.369624409197,east,mangrove,west,mangrove,unifrac
S49,S11,0.907939934870975,640.369624409197,east,mangrove,west,mangrove,unifrac
S50,S11,0.7858392679774256,640.369624409197,east,mangrove,west,mangrove,unifrac
S51,S11,0.7344798938502338,705.7127701597037,east,seagrass,west,mangrove,unifrac
S52,S11,0.6136314481246169,705.7127701597037,east,seagrass,west,mangrove,unifrac
S53,S11,0.5686702077196565,705.7127701597037,east,seagrass,west,mangrove,unifrac
S54,S11,0.6176438672811464,704.7127701597037,east,seagrass,west,mangrove,unifrac
S55,S11,0.6185789018595915,704.7127701597037,east,seagrass,west,mangrove,unifrac
S56,S11,0.7434493621902752,539.3401871576731,west,coral,west,mangrove,unifrac
S57,S11,0.7426359386723901,539.3401871576731,west,coral,west,mangrove,unifrac
S58,S11,0.7187730811198191,540.7544007200461,west,coral,west,mangrove,unifrac
S59,S11,0.7369012840774403,540.3401871576731,west,coral,west,mangrove,unifrac
S60,S11,0.7250658269439696,539.3401871576731,west,coral,west,mangrove,unifrac
S61,S11,0.6942721861931749,532.3696244091959,west,mangrove,west,mangrove,unifrac
S62,S11,0.7203547203535653,532.3696244091959,west,mangrove,west,mangrove,unifrac
S63,S11,0.7098228526793062,533.3696244091959,west,mangrove,west,mangrove,unifrac
S64,S11,0.6817776351312658,533.783837971569,west,mangrove,west,mangrove,unifrac
S65,S11,0.6923184673987937,534.783837971569,west,mangrove,west,mangrove,unifrac
S66,S11,0.7910408471702285,559.3696244091955,west,seagrass,west,mangrove,unifrac
S67,S11,0.7321694540163849,559.3696244091955,west,seagrass,west,mangrove,unifrac
S68,S11,0.7312167386320162,559.3696244091955,west,seagrass,west,mangrove,unifrac
S69,S11,0.7379126870245187,559.3696244091955,west,seagrass,west,mangrove,unifrac
S70,S11,0.7856666012252856,559.7838379715686,west,seagrass,west,mangrove,unifrac
S71,S11,0.9857415865763584,855.5950211536112,east,coral,west,mangrove,unifrac
S73,S11,0.9872861915137772,855.5950211536112,east,coral,west,mangrove,unifrac
S74,S11,0.9598052518867295,855.5950211536112,east,coral,west,mangrove,unifrac
S75,S11,0.9474755568629332,855.5950211536112,east,coral,west,mangrove,unifrac
S77,S11,0.9027976055738339,832.1097397793727,east,coral,west,mangrove,unifrac
S78,S11,0.8598753647901254,832.1097397793727,east,coral,west,mangrove,unifrac
S80,S11,0.9487612929599702,832.1097397793727,east,coral,west,mangrove,unifrac
S81,S11,0.6785301059720481,826.494516090223,east,mangrove,west,mangrove,unifrac
S82,S11,0.6849551724805921,826.494516090223,east,mangrove,west,mangrove,unifrac
S83,S11,0.672758442950619,826.494516090223,east,mangrove,west,mangrove,unifrac
S84,S11,0.6884006938790818,826.494516090223,east,mangrove,west,mangrove,unifrac
S85,S11,0.713988797886955,826.494516090223,east,mangrove,west,mangrove,unifrac
S86,S11,0.7172504644321518,429.51681066681215,west,mangrove,west,mangrove,unifrac
S87,S11,0.7462816970954042,429.51681066681215,west,mangrove,west,mangrove,unifrac
S88,S11,0.6692535607731651,429.1025971044391,west,mangrove,west,mangrove,unifrac
S89,S11,0.7314321541687822,429.1025971044391,west,mangrove,west,mangrove,unifrac
S90,S11,0.7879425877520683,429.1025971044391,west,mangrove,west,mangrove,unifrac
S91,S11,0.6849102638789768,413.17366491630486,west,seagrass,west,mangrove,unifrac
S92,S11,0.714975407166342,414.1736649163048,west,seagrass,west,mangrove,unifrac
S93,S11,0.762885406712385,414.1736649163048,west,seagrass,west,mangrove,unifrac
S94,S11,0.8460283571947764,413.17366491630486,west,seagrass,west,mangrove,unifrac
S95,S11,0.7601522054018698,413.17366491630486,west,seagrass,west,mangrove,unifrac
S96,S11,0.8005220039523316,336.7472580451135,west,mangrove,west,mangrove,unifrac
S97,S11,0.7528545014545199,336.7472580451135,west,mangrove,west,mangrove,unifrac
S98,S11,0.7428378268202768,336.7472580451135,west,mangrove,west,mangrove,unifrac
S99,S11,0.717276654667959,336.7472580451135,west,mangrove,west,mangrove,unifrac
S100,S11,0.7555454187153188,337.7472580451135,west,mangrove,west,mangrove,unifrac
S101,S11,0.9059430275808068,270.98989873223366,west,coral,west,mangrove,unifrac
S102,S11,0.9252544321561811,272.232539419353,west,coral,west,mangrove,unifrac
S103,S11,0.9266587437146798,272.646752981726,west,coral,west,mangrove,unifrac
S104,S11,0.893131847477438,274.2325394193529,west,coral,west,mangrove,unifrac
S105,S11,0.8830219382127257,272.40411229460676,west,coral,west,mangrove,unifrac
S106,S11,0.7735860763463716,106.6101730552665,west,mangrove,west,mangrove,unifrac
S107,S11,0.818808699396679,106.1959594928934,west,mangrove,west,mangrove,unifrac
S108,S11,0.817274265614005,105.1959594928934,west,mangrove,west,mangrove,unifrac
S109,S11,0.8302847160586803,104.78174593052029,west,mangrove,west,mangrove,unifrac
S110,S11,0.8116265662133272,104.78174593052029,west,mangrove,west,mangrove,unifrac
S13,S12,0.37446258282656664,0,west,mangrove,west,mangrove,unifrac
S14,S12,0.3348310960111572,1,west,mangrove,west,mangrove,unifrac
S15,S12,0.37531431601934245,1.4142135623730951,west,mangrove,west,mangrove,unifrac
S16,S12,0.6423976841732959,7.82842712474619,west,coral,west,mangrove,unifrac
S17,S12,0.6530968190781378,6.414213562373096,west,coral,west,mangrove,unifrac
S18,S12,0.6711259536590688,6.414213562373096,west,coral,west,mangrove,unifrac
S19,S12,0.6682879382150663,6.414213562373096,west,coral,west,mangrove,unifrac
S20,S12,0.6328468263964407,7.82842712474619,west,coral,west,mangrove,unifrac
S21,S12,0.9697403263161561,411.64675298172335,east,mangrove,west,mangrove,unifrac
S22,S12,0.8834261292884948,411.64675298172335,east,mangrove,west,mangrove,unifrac
S23,S12,0.8721334004278913,411.64675298172335,east,mangrove,west,mangrove,unifrac
S24,S12,0.8557253168776475,411.64675298172335,east,mangrove,west,mangrove,unifrac
S25,S12,0.7790516768449963,411.64675298172335,east,mangrove,west,mangrove,unifrac
S26,S12,0.9147963133789863,410.64675298172335,east,seagrass,west,mangrove,unifrac
S27,S12,0.9117469298119637,410.64675298172335,east,seagrass,west,mangrove,unifrac
S28,S12,0.9485747406033151,411.64675298172335,east,seagrass,west,mangrove,unifrac
S29,S12,0.9740962067176582,412.0609665440964,east,seagrass,west,mangrove,unifrac
S30,S12,0.9030567196683593,412.0609665440964,east,seagrass,west,mangrove,unifrac
S31,S12,0.8359551798076632,415.47518010646945,east,coral,west,mangrove,unifrac
S32,S12,0.9135386187856828,415.47518010646945,east,coral,west,mangrove,unifrac
S33,S12,0.911878366848573,414.4751801064695,east,coral,west,mangrove,unifrac
S34,S12,0.8958782016479857,414.4751801064695,east,coral,west,mangrove,unifrac
S35,S12,0.8334983236976024,414.4751801064695,east,coral,west,mangrove,unifrac
S36,S12,0.956470383429944,534.2985565973321,east,mangrove,west,mangrove,unifrac
S37,S12,0.9693034092555248,533.2985565973321,east,mangrove,west,mangrove,unifrac
S38,S12,0.961088592917301,532.2985565973321,east,mangrove,west,mangrove,unifrac
S39,S12,0.9556595079553039,531.7127701597052,east,mangrove,west,mangrove,unifrac
S40,S12,0.932374381206247,530.2985565973321,east,mangrove,west,mangrove,unifrac
S41,S12,0.8541841497822014,641.369624409197,east,coral,west,mangrove,unifrac
S42,S12,0.800891685731179,640.9554108468238,east,coral,west,mangrove,unifrac
S43,S12,0.8783639928188102,640.9554108468238,east,coral,west,mangrove,unifrac
S44,S12,0.7933574333165008,641.9554108468238,east,coral,west,mangrove,unifrac
S45,S12,0.8369877930238617,640.9554108468238,east,coral,west,mangrove,unifrac
S46,S12,0.6511841016217782,640.369624409197,east,mangrove,west,mangrove,unifrac
S47,S12,0.8371686410631036,640.369624409197,east,mangrove,west,mangrove,unifrac
S48,S12,0.6295455418615112,640.369624409197,east,mangrove,west,mangrove,unifrac
S49,S12,0.9134459771061902,641.369624409197,east,mangrove,west,mangrove,unifrac
S50,S12,0.8055121959547643,641.369624409197,east,mangrove,west,mangrove,unifrac
S51,S12,0.7204811251264334,706.7127701597037,east,seagrass,west,mangrove,unifrac
S52,S12,0.6564576467237647,706.7127701597037,east,seagrass,west,mangrove,unifrac
S53,S12,0.5594931823297133,706.7127701597037,east,seagrass,west,mangrove,unifrac
S54,S12,0.5915012470361621,705.7127701597037,east,seagrass,west,mangrove,unifrac
S55,S12,0.5775585156845939,705.7127701597037,east,seagrass,west,mangrove,unifrac
S56,S12,0.7578254478786328,538.3401871576731,west,coral,west,mangrove,unifrac
S57,S12,0.7465672955904739,538.3401871576731,west,coral,west,mangrove,unifrac
S58,S12,0.7278731150629791,539.7544007200461,west,coral,west,mangrove,unifrac
S59,S12,0.7600113647325403,539.3401871576731,west,coral,west,mangrove,unifrac
S60,S12,0.7435770964851656,538.3401871576731,west,coral,west,mangrove,unifrac
S61,S12,0.6630454284751512,531.3696244091959,west,mangrove,west,mangrove,unifrac
S62,S12,0.7407586995136084,531.3696244091959,west,mangrove,west,mangrove,unifrac
S63,S12,0.6951050096381677,532.3696244091959,west,mangrove,west,mangrove,unifrac
S64,S12,0.6816309908614832,532.783837971569,west,mangrove,west,mangrove,unifrac
S65,S12,0.6834494132350656,533.783837971569,west,mangrove,west,mangrove,unifrac
S66,S12,0.7933304818438558,558.3696244091955,west,seagrass,west,mangrove,unifrac
S67,S12,0.7252293812680621,558.3696244091955,west,seagrass,west,mangrove,unifrac
S68,S12,0.7179488390895858,558.3696244091955,west,seagrass,west,mangrove,unifrac
S69,S12,0.7426773742278046,558.3696244091955,west,seagrass,west,mangrove,unifrac
S70,S12,0.7786684787830055,558.7838379715686,west,seagrass,west,mangrove,unifrac
S71,S12,0.9904420549933629,856.5950211536112,east,coral,west,mangrove,unifrac
S73,S12,0.9865768195426814,856.5950211536112,east,coral,west,mangrove,unifrac
S74,S12,0.957622621392833,856.5950211536112,east,coral,west,mangrove,unifrac
S75,S12,0.9446121977735993,856.5950211536112,east,coral,west,mangrove,unifrac
S77,S12,0.9062510420519729,833.1097397793727,east,coral,west,mangrove,unifrac
S78,S12,0.8615644315830013,833.1097397793727,east,coral,west,mangrove,unifrac
S80,S12,0.9460763614988676,833.1097397793727,east,coral,west,mangrove,unifrac
S81,S12,0.6483747655603973,827.494516090223,east,mangrove,west,mangrove,unifrac
S82,S12,0.6823103935874407,827.494516090223,east,mangrove,west,mangrove,unifrac
S83,S12,0.6811231872759194,827.494516090223,east,mangrove,west,mangrove,unifrac
S84,S12,0.6713856440890424,827.494516090223,east,mangrove,west,mangrove,unifrac
S85,S12,0.6847094578142393,827.494516090223,east,mangrove,west,mangrove,unifrac
S86,S12,0.7316813800022931,428.51681066681215,west,mangrove,west,mangrove,unifrac
S87,S12,0.7642144166315797,428.51681066681215,west,mangrove,west,mangrove,unifrac
S88,S12,0.6978065350239263,428.1025971044391,west,mangrove,west,mangrove,unifrac
S89,S12,0.7601992464661812,428.1025971044391,west,mangrove,west,mangrove,unifrac
S90,S12,0.7899074975209093,428.1025971044391,west,mangrove,west,mangrove,unifrac
S91,S12,0.6718928727171546,412.17366491630486,west,seagrass,west,mangrove,unifrac
S92,S12,0.7164334881956271,413.1736649163048,west,seagrass,west,mangrove,unifrac
S93,S12,0.7747724633482367,413.1736649163048,west,seagrass,west,mangrove,unifrac
S94,S12,0.8701610036783824,412.17366491630486,west,seagrass,west,mangrove,unifrac
S95,S12,0.7350024265299063,412.17366491630486,west,seagrass,west,mangrove,unifrac
S96,S12,0.7856955688098328,335.7472580451135,west,mangrove,west,mangrove,unifrac
S97,S12,0.7469015313924301,335.7472580451135,west,mangrove,west,mangrove,unifrac
S98,S12,0.7211461701735994,335.7472580451135,west,mangrove,west,mangrove,unifrac
S99,S12,0.72417533586476035,335.7472580451135,west,mangrove,west,mangrove,unifrac
S100,S12,0.759589926900688,336.7472580451135,west,mangrove,west,mangrove,unifrac
S101,S12,0.8988456729741577,269.98989873223366,west,coral,west,mangrove,unifrac
S102,S12,0.9206112078086399,271.232539419353,west,coral,west,mangrove,unifrac
S103,S12,0.9398880335656367,271.6467529817261,west,coral,west,mangrove,unifrac
S104,S12,0.8989324895617766,273.232539419353,west,coral,west,mangrove,unifrac
S105,S12,0.9100912665877727,271.40411229460676,west,coral,west,mangrove,unifrac
S106,S12,0.7714157400204319,105.6101730552665,west,mangrove,west,mangrove,unifrac
S107,S12,0.7995499315641228,105.1959594928934,west,mangrove,west,mangrove,unifrac
S108,S12,0.8261456991364049,104.1959594928934,west,mangrove,west,mangrove,unifrac
S109,S12,0.8542944508826907,103.78174593052029,west,mangrove,west,mangrove,unifrac
S110,S12,0.8373943096449955,103.78174593052029,west,mangrove,west,mangrove,unifrac
S14,S13,0.33908752315283947,1,west,mangrove,west,mangrove,unifrac
S15,S13,0.38564654015393673,1.4142135623730951,west,mangrove,west,mangrove,unifrac
S16,S13,0.6337278852715227,7.82842712474619,west,coral,west,mangrove,unifrac
S17,S13,0.62882296222246,6.414213562373096,west,coral,west,mangrove,unifrac
S18,S13,0.6399892436539691,6.414213562373096,west,coral,west,mangrove,unifrac
S19,S13,0.6237942578790041,6.414213562373096,west,coral,west,mangrove,unifrac
S20,S13,0.6283586964748988,7.82842712474619,west,coral,west,mangrove,unifrac
S21,S13,0.9559366853933281,411.64675298172335,east,mangrove,west,mangrove,unifrac
S22,S13,0.8831739457688302,411.64675298172335,east,mangrove,west,mangrove,unifrac
S23,S13,0.8549431910996357,411.64675298172335,east,mangrove,west,mangrove,unifrac
S24,S13,0.8373729713209944,411.64675298172335,east,mangrove,west,mangrove,unifrac
S25,S13,0.7616423550656594,411.64675298172335,east,mangrove,west,mangrove,unifrac
S26,S13,0.891676042743729,410.64675298172335,east,seagrass,west,mangrove,unifrac
S27,S13,0.9103545218198271,410.64675298172335,east,seagrass,west,mangrove,unifrac
S28,S13,0.9264658593578244,411.64675298172335,east,seagrass,west,mangrove,unifrac
S29,S13,0.9750851143939377,412.0609665440964,east,seagrass,west,mangrove,unifrac
S30,S13,0.8890105768654909,412.0609665440964,east,seagrass,west,mangrove,unifrac
S31,S13,0.8187066897379304,415.47518010646945,east,coral,west,mangrove,unifrac
S32,S13,0.9116972937471901,415.47518010646945,east,coral,west,mangrove,unifrac
S33,S13,0.8885950312132632,414.4751801064695,east,coral,west,mangrove,unifrac
S34,S13,0.9040776899558266,414.4751801064695,east,coral,west,mangrove,unifrac
S35,S13,0.8262203969914084,414.4751801064695,east,coral,west,mangrove,unifrac
S36,S13,0.9596563863155699,534.2985565973321,east,mangrove,west,mangrove,unifrac
S37,S13,0.9707390032190636,533.2985565973321,east,mangrove,west,mangrove,unifrac
S38,S13,0.9641960243502108,532.2985565973321,east,mangrove,west,mangrove,unifrac
S39,S13,0.9578366870396074,531.7127701597052,east,mangrove,west,mangrove,unifrac
S40,S13,0.9367397106415624,530.2985565973321,east,mangrove,west,mangrove,unifrac
S41,S13,0.8691270145329894,641.369624409197,east,coral,west,mangrove,unifrac
S42,S13,0.7899249195112127,640.9554108468238,east,coral,west,mangrove,unifrac
S43,S13,0.8677944588079788,640.9554108468238,east,coral,west,mangrove,unifrac
S44,S13,0.7749084463691406,641.9554108468238,east,coral,west,mangrove,unifrac
S45,S13,0.8260250999419166,640.9554108468238,east,coral,west,mangrove,unifrac
S46,S13,0.6430281284238951,640.369624409197,east,mangrove,west,mangrove,unifrac
S47,S13,0.8173598672454844,640.369624409197,east,mangrove,west,mangrove,unifrac
S48,S13,0.6336421132537412,640.369624409197,east,mangrove,west,mangrove,unifrac
S49,S13,0.9075966740101772,641.369624409197,east,mangrove,west,mangrove,unifrac
S50,S13,0.7885958639106125,641.369624409197,east,mangrove,west,mangrove,unifrac
S51,S13,0.7113827422664989,706.7127701597037,east,seagrass,west,mangrove,unifrac
S52,S13,0.6290017030336039,706.7127701597037,east,seagrass,west,mangrove,unifrac
S53,S13,0.5334462929954973,706.7127701597037,east,seagrass,west,mangrove,unifrac
S54,S13,0.5827325748726015,705.7127701597037,east,seagrass,west,mangrove,unifrac
S55,S13,0.5683585517987699,705.7127701597037,east,seagrass,west,mangrove,unifrac
S56,S13,0.737060221299131,538.3401871576731,west,coral,west,mangrove,unifrac
S57,S13,0.7318154738348106,538.3401871576731,west,coral,west,mangrove,unifrac
S58,S13,0.6969221615402628,539.7544007200461,west,coral,west,mangrove,unifrac
S59,S13,0.7432305096604984,539.3401871576731,west,coral,west,mangrove,unifrac
S60,S13,0.726893830410033,538.3401871576731,west,coral,west,mangrove,unifrac
S61,S13,0.6435689290179473,531.3696244091959,west,mangrove,west,mangrove,unifrac
S62,S13,0.7177780826754414,531.3696244091959,west,mangrove,west,mangrove,unifrac
S63,S13,0.6953165794300967,532.3696244091959,west,mangrove,west,mangrove,unifrac
S64,S13,0.6524777456960047,532.783837971569,west,mangrove,west,mangrove,unifrac
S65,S13,0.6537234737600115,533.783837971569,west,mangrove,west,mangrove,unifrac
S66,S13,0.8047899337059925,558.3696244091955,west,seagrass,west,mangrove,unifrac
S67,S13,0.7222739550891323,558.3696244091955,west,seagrass,west,mangrove,unifrac
S68,S13,0.7038923634892942,558.3696244091955,west,seagrass,west,mangrove,unifrac
S69,S13,0.7260332729927178,558.3696244091955,west,seagrass,west,mangrove,unifrac
S70,S13,0.7603393786785784,558.7838379715686,west,seagrass,west,mangrove,unifrac
S71,S13,0.976562156042269,856.5950211536112,east,coral,west,mangrove,unifrac
S73,S13,0.987238015370278,856.5950211536112,east,coral,west,mangrove,unifrac
S74,S13,0.9596568253962791,856.5950211536112,east,coral,west,mangrove,unifrac
S75,S13,0.9472849956732959,856.5950211536112,east,coral,west,mangrove,unifrac
S77,S13,0.9073215411079821,833.1097397793727,east,coral,west,mangrove,unifrac
S78,S13,0.8515459153094961,833.1097397793727,east,coral,west,mangrove,unifrac
S80,S13,0.9484979515388499,833.1097397793727,east,coral,west,mangrove,unifrac
S81,S13,0.636806672885499,827.494516090223,east,mangrove,west,mangrove,unifrac
S82,S13,0.6690344023333534,827.494516090223,east,mangrove,west,mangrove,unifrac
S83,S13,0.6441390708256165,827.494516090223,east,mangrove,west,mangrove,unifrac
S84,S13,0.6662416769883667,827.494516090223,east,mangrove,west,mangrove,unifrac
S85,S13,0.6991805519463533,827.494516090223,east,mangrove,west,mangrove,unifrac
S86,S13,0.7313148613592665,428.51681066681215,west,mangrove,west,mangrove,unifrac
S87,S13,0.7641106502770224,428.51681066681215,west,mangrove,west,mangrove,unifrac
S88,S13,0.6901857704270353,428.1025971044391,west,mangrove,west,mangrove,unifrac
S89,S13,0.758276762654397,428.1025971044391,west,mangrove,west,mangrove,unifrac
S90,S13,0.790247043063862,428.1025971044391,west,mangrove,west,mangrove,unifrac
S91,S13,0.6873776760656783,412.17366491630486,west,seagrass,west,mangrove,unifrac
S92,S13,0.7307761519507,413.1736649163048,west,seagrass,west,mangrove,unifrac
S93,S13,0.7884404704995529,413.1736649163048,west,seagrass,west,mangrove,unifrac
S94,S13,0.8756267456533918,412.17366491630486,west,seagrass,west,mangrove,unifrac
S95,S13,0.755564475389559,412.17366491630486,west,seagrass,west,mangrove,unifrac
S96,S13,0.7952376835436404,335.7472580451135,west,mangrove,west,mangrove,unifrac
S97,S13,0.7484408277809035,335.7472580451135,west,mangrove,west,mangrove,unifrac
S98,S13,0.7343014083589614,335.7472580451135,west,mangrove,west,mangrove,unifrac
S99,S13,0.728941886554866,335.7472580451135,west,mangrove,west,mangrove,unifrac
S100,S13,0.7464545369856154,336.7472580451135,west,mangrove,west,mangrove,unifrac
S101,S13,0.9132564390284695,269.98989873223366,west,coral,west,mangrove,unifrac
S102,S13,0.9341919841478898,271.232539419353,west,coral,west,mangrove,unifrac
S103,S13,0.9422875437732323,271.6467529817261,west,coral,west,mangrove,unifrac
S104,S13,0.9090535104522529,273.232539419353,west,coral,west,mangrove,unifrac
S105,S13,0.9084229619615731,271.40411229460676,west,coral,west,mangrove,unifrac
S106,S13,0.7651685468974303,105.6101730552665,west,mangrove,west,mangrove,unifrac
S107,S13,0.7930878107411445,105.1959594928934,west,mangrove,west,mangrove,unifrac
S108,S13,0.8279285299860882,104.1959594928934,west,mangrove,west,mangrove,unifrac
S109,S13,0.8376638742300608,103.78174593052029,west,mangrove,west,mangrove,unifrac
S110,S13,0.8054707501229692,103.78174593052029,west,mangrove,west,mangrove,unifrac
S15,S14,0.3785713882021598,1,west,mangrove,west,mangrove,unifrac
S16,S14,0.6438598451836989,7.414213562373096,west,coral,west,mangrove,unifrac
S17,S14,0.6439817054468173,6,west,coral,west,mangrove,unifrac
S18,S14,0.640305174483983,6,west,coral,west,mangrove,unifrac
S19,S14,0.6537998898234407,6,west,coral,west,mangrove,unifrac
S20,S14,0.6326645760183518,7.414213562373096,west,coral,west,mangrove,unifrac
S21,S14,0.964657833246691,412.0609665440964,east,mangrove,west,mangrove,unifrac
S22,S14,0.8885560287541103,412.0609665440964,east,mangrove,west,mangrove,unifrac
S23,S14,0.8747667240623062,412.0609665440964,east,mangrove,west,mangrove,unifrac
S24,S14,0.8514810766489995,412.0609665440964,east,mangrove,west,mangrove,unifrac
S25,S14,0.7654778517164307,412.0609665440964,east,mangrove,west,mangrove,unifrac
S26,S14,0.9039990429207265,411.06096654409646,east,seagrass,west,mangrove,unifrac
S27,S14,0.9156438398031735,411.06096654409646,east,seagrass,west,mangrove,unifrac
S28,S14,0.9394149654377499,412.0609665440964,east,seagrass,west,mangrove,unifrac
S29,S14,0.9750477953359089,412.47518010646957,east,seagrass,west,mangrove,unifrac
S30,S14,0.8983170552588965,412.47518010646957,east,seagrass,west,mangrove,unifrac
S31,S14,0.8332534571666048,415.88939366884256,east,coral,west,mangrove,unifrac
S32,S14,0.9111017110689189,415.88939366884256,east,coral,west,mangrove,unifrac
S33,S14,0.9006139642726606,414.88939366884256,east,coral,west,mangrove,unifrac
S34,S14,0.8950889683315797,414.88939366884256,east,coral,west,mangrove,unifrac
S35,S14,0.8347189602543623,414.88939366884256,east,coral,west,mangrove,unifrac
S36,S14,0.9623354600234598,534.7127701597052,east,mangrove,west,mangrove,unifrac
S37,S14,0.9726385844942055,533.7127701597052,east,mangrove,west,mangrove,unifrac
S38,S14,0.9671142755988583,532.7127701597052,east,mangrove,west,mangrove,unifrac
S39,S14,0.9596629181624936,532.1269837220783,east,mangrove,west,mangrove,unifrac
S40,S14,0.9396005789443236,530.7127701597052,east,mangrove,west,mangrove,unifrac
S41,S14,0.8637129288082116,641.7838379715699,east,coral,west,mangrove,unifrac
S42,S14,0.798163727067003,641.369624409197,east,coral,west,mangrove,unifrac
S43,S14,0.8739026280246569,641.369624409197,east,coral,west,mangrove,unifrac
S44,S14,0.7906392252143136,642.369624409197,east,coral,west,mangrove,unifrac
S45,S14,0.8297197675263223,641.369624409197,east,coral,west,mangrove,unifrac
S46,S14,0.6520935168404922,640.7838379715699,east,mangrove,west,mangrove,unifrac
S47,S14,0.8365299682651298,640.7838379715699,east,mangrove,west,mangrove,unifrac
S48,S14,0.6327962555541194,640.7838379715699,east,mangrove,west,mangrove,unifrac
S49,S14,0.9075110912093607,641.7838379715699,east,mangrove,west,mangrove,unifrac
S50,S14,0.7938297415714292,641.7838379715699,east,mangrove,west,mangrove,unifrac
S51,S14,0.7406990259829186,707.1269837220767,east,seagrass,west,mangrove,unifrac
S52,S14,0.6571938165946251,707.1269837220767,east,seagrass,west,mangrove,unifrac
S53,S14,0.5776771829080106,707.1269837220767,east,seagrass,west,mangrove,unifrac
S54,S14,0.5929347449513026,706.1269837220767,east,seagrass,west,mangrove,unifrac
S55,S14,0.5930150692099143,706.1269837220767,east,seagrass,west,mangrove,unifrac
S56,S14,0.7630427794202748,537.9259735953,west,coral,west,mangrove,unifrac
S57,S14,0.7340602985103784,537.9259735953,west,coral,west,mangrove,unifrac
S58,S14,0.7346928258083184,539.3401871576731,west,coral,west,mangrove,unifrac
S59,S14,0.7541819339164207,538.9259735953,west,coral,west,mangrove,unifrac
S60,S14,0.7415682473633923,537.9259735953,west,coral,west,mangrove,unifrac
S61,S14,0.6698318749959956,530.9554108468229,west,mangrove,west,mangrove,unifrac
S62,S14,0.7404361065340522,530.9554108468229,west,mangrove,west,mangrove,unifrac
S63,S14,0.7129127715011654,531.9554108468229,west,mangrove,west,mangrove,unifrac
S64,S14,0.6905645175858129,532.3696244091959,west,mangrove,west,mangrove,unifrac
S65,S14,0.6914177270029823,533.3696244091959,west,mangrove,west,mangrove,unifrac
S66,S14,0.7753818405789428,557.9554108468225,west,seagrass,west,mangrove,unifrac
S67,S14,0.7232521766490625,557.9554108468225,west,seagrass,west,mangrove,unifrac
S68,S14,0.7204703546132608,557.9554108468225,west,seagrass,west,mangrove,unifrac
S69,S14,0.7378218805867861,557.9554108468225,west,seagrass,west,mangrove,unifrac
S70,S14,0.776850053995395,558.3696244091955,west,seagrass,west,mangrove,unifrac
S71,S14,0.985675133800172,857.0092347159843,east,coral,west,mangrove,unifrac
S73,S14,0.9872268686162838,857.0092347159843,east,coral,west,mangrove,unifrac
S74,S14,0.9596224872900112,857.0092347159843,east,coral,west,mangrove,unifrac
S75,S14,0.9472399594744431,857.0092347159843,east,coral,west,mangrove,unifrac
S77,S14,0.9074770534283205,833.5239533417458,east,coral,west,mangrove,unifrac
S78,S14,0.8578768753348271,833.5239533417458,east,coral,west,mangrove,unifrac
S80,S14,0.9484529659944715,833.5239533417458,east,coral,west,mangrove,unifrac
S81,S14,0.6543631017455913,827.9087296525961,east,mangrove,west,mangrove,unifrac
S82,S14,0.6995683129952475,827.9087296525961,east,mangrove,west,mangrove,unifrac
S83,S14,0.673756141591151,827.9087296525961,east,mangrove,west,mangrove,unifrac
S84,S14,0.6847039313533013,827.9087296525961,east,mangrove,west,mangrove,unifrac
S85,S14,0.6992609262954139,827.9087296525961,east,mangrove,west,mangrove,unifrac
S86,S14,0.7215723437026725,428.1025971044391,west,mangrove,west,mangrove,unifrac
S87,S14,0.7616133740207194,428.1025971044391,west,mangrove,west,mangrove,unifrac
S88,S14,0.6660752466776262,427.68838354206605,west,mangrove,west,mangrove,unifrac
S89,S14,0.7315117397575883,427.68838354206605,west,mangrove,west,mangrove,unifrac
S90,S14,0.7727667284772926,427.68838354206605,west,mangrove,west,mangrove,unifrac
S91,S14,0.6649256918037063,411.7594513539318,west,seagrass,west,mangrove,unifrac
S92,S14,0.7055725024110725,412.75945135393175,west,seagrass,west,mangrove,unifrac
S93,S14,0.7599562206152978,412.75945135393175,west,seagrass,west,mangrove,unifrac
S94,S14,0.8516933695063542,411.7594513539318,west,seagrass,west,mangrove,unifrac
S95,S14,0.7455827817746816,411.7594513539318,west,seagrass,west,mangrove,unifrac
S96,S14,0.7965960396989975,335.3330444827404,west,mangrove,west,mangrove,unifrac
S97,S14,0.7498927991112637,335.3330444827404,west,mangrove,west,mangrove,unifrac
S98,S14,0.7356498441650506,335.3330444827404,west,mangrove,west,mangrove,unifrac
S99,S14,0.7267213761794838,335.3330444827404,west,mangrove,west,mangrove,unifrac
S100,S14,0.7497925880987191,336.3330444827404,west,mangrove,west,mangrove,unifrac
S101,S14,0.9034997970518273,269.5756851698606,west,coral,west,mangrove,unifrac
S102,S14,0.9241496829876162,270.81832585697987,west,coral,west,mangrove,unifrac
S103,S14,0.9315980419089318,271.232539419353,west,coral,west,mangrove,unifrac
S104,S14,0.9001332204880341,272.8183258569798,west,coral,west,mangrove,unifrac
S105,S14,0.9028618697102957,270.98989873223366,west,coral,west,mangrove,unifrac
S106,S14,0.7670632333264242,105.1959594928934,west,mangrove,west,mangrove,unifrac
S107,S14,0.8099024201831488,104.78174593052029,west,mangrove,west,mangrove,unifrac
S108,S14,0.8300140142262914,103.78174593052029,west,mangrove,west,mangrove,unifrac
S109,S14,0.8331632388873501,103.3675323681472,west,mangrove,west,mangrove,unifrac
S110,S14,0.8349416245067837,103.3675323681472,west,mangrove,west,mangrove,unifrac
S16,S15,0.581946047211353,6.414213562373096,west,coral,west,mangrove,unifrac
S17,S15,0.5836491711675097,5,west,coral,west,mangrove,unifrac
S18,S15,0.5729988449182062,5,west,coral,west,mangrove,unifrac
S19,S15,0.6050174860626311,5,west,coral,west,mangrove,unifrac
S20,S15,0.6036859823631034,6.414213562373096,west,coral,west,mangrove,unifrac
S21,S15,0.9533144472992856,413.0609665440964,east,mangrove,west,mangrove,unifrac
S22,S15,0.8622455700802383,413.0609665440964,east,mangrove,west,mangrove,unifrac
S23,S15,0.8263993815879365,413.0609665440964,east,mangrove,west,mangrove,unifrac
S24,S15,0.8076503198277173,413.0609665440964,east,mangrove,west,mangrove,unifrac
S25,S15,0.7054373320933301,413.0609665440964,east,mangrove,west,mangrove,unifrac
S26,S15,0.8841282282430634,412.0609665440964,east,seagrass,west,mangrove,unifrac
S27,S15,0.8921743201867847,412.0609665440964,east,seagrass,west,mangrove,unifrac
S28,S15,0.9215004382812992,413.0609665440964,east,seagrass,west,mangrove,unifrac
S29,S15,0.9730462068178062,413.4751801064695,east,seagrass,west,mangrove,unifrac
S30,S15,0.8690750022373749,413.4751801064695,east,seagrass,west,mangrove,unifrac
S31,S15,0.7938387640942687,416.8893936688425,east,coral,west,mangrove,unifrac
S32,S15,0.8881889152755451,416.8893936688425,east,coral,west,mangrove,unifrac
S33,S15,0.8809708488608603,415.88939366884256,east,coral,west,mangrove,unifrac
S34,S15,0.8647784945772043,415.88939366884256,east,coral,west,mangrove,unifrac
S35,S15,0.7915944095190288,415.88939366884256,east,coral,west,mangrove,unifrac
S36,S15,0.9594759780478624,535.7127701597052,east,mangrove,west,mangrove,unifrac
S37,S15,0.9686753291327623,534.7127701597052,east,mangrove,west,mangrove,unifrac
S38,S15,0.9626876106871051,533.7127701597052,east,mangrove,west,mangrove,unifrac
S39,S15,0.9462595433863743,533.1269837220783,east,mangrove,west,mangrove,unifrac
S40,S15,0.9328818186283475,531.7127701597052,east,mangrove,west,mangrove,unifrac
S41,S15,0.8393305675981196,642.7838379715699,east,coral,west,mangrove,unifrac
S42,S15,0.7584752799380537,642.369624409197,east,coral,west,mangrove,unifrac
S43,S15,0.8555926856006112,642.369624409197,east,coral,west,mangrove,unifrac
S44,S15,0.7420513729159312,643.369624409197,east,coral,west,mangrove,unifrac
S45,S15,0.7914199376182408,642.369624409197,east,coral,west,mangrove,unifrac
S46,S15,0.6618614918118462,641.7838379715699,east,mangrove,west,mangrove,unifrac
S47,S15,0.8375068860943017,641.7838379715699,east,mangrove,west,mangrove,unifrac
S48,S15,0.6292566990183751,641.7838379715699,east,mangrove,west,mangrove,unifrac
S49,S15,0.9098706280975442,642.7838379715699,east,mangrove,west,mangrove,unifrac
S50,S15,0.794777644558265,642.7838379715699,east,mangrove,west,mangrove,unifrac
S51,S15,0.7037978535237361,708.1269837220767,east,seagrass,west,mangrove,unifrac
S52,S15,0.6062163772139854,708.1269837220767,east,seagrass,west,mangrove,unifrac
S53,S15,0.5296836511342327,708.1269837220767,east,seagrass,west,mangrove,unifrac
S54,S15,0.5500657960533204,707.1269837220767,east,seagrass,west,mangrove,unifrac
S55,S15,0.5400968517414682,707.1269837220767,east,seagrass,west,mangrove,unifrac
S56,S15,0.6892555718275135,536.9259735953,west,coral,west,mangrove,unifrac
S57,S15,0.7048020632921245,536.9259735953,west,coral,west,mangrove,unifrac
S58,S15,0.6857018026794395,538.3401871576731,west,coral,west,mangrove,unifrac
S59,S15,0.7215747160479474,537.9259735953,west,coral,west,mangrove,unifrac
S60,S15,0.7050768226254905,536.9259735953,west,coral,west,mangrove,unifrac
S61,S15,0.6553309127111389,529.9554108468229,west,mangrove,west,mangrove,unifrac
S62,S15,0.7246372333221357,529.9554108468229,west,mangrove,west,mangrove,unifrac
S63,S15,0.6918948910294209,530.9554108468229,west,mangrove,west,mangrove,unifrac
S64,S15,0.6408298227787851,531.3696244091959,west,mangrove,west,mangrove,unifrac
S65,S15,0.6499412806655118,532.3696244091959,west,mangrove,west,mangrove,unifrac
S66,S15,0.7752939734140734,556.9554108468225,west,seagrass,west,mangrove,unifrac
S67,S15,0.6968464725463572,556.9554108468225,west,seagrass,west,mangrove,unifrac
S68,S15,0.6915725613643293,556.9554108468225,west,seagrass,west,mangrove,unifrac
S69,S15,0.7066617830339603,556.9554108468225,west,seagrass,west,mangrove,unifrac
S70,S15,0.730976232264502,557.3696244091955,west,seagrass,west,mangrove,unifrac
S71,S15,0.9743185426682384,858.0092347159843,east,coral,west,mangrove,unifrac
S73,S15,0.984918516992229,858.0092347159843,east,coral,west,mangrove,unifrac
S74,S15,0.9548250647796108,858.0092347159843,east,coral,west,mangrove,unifrac
S75,S15,0.9412683275042768,858.0092347159843,east,coral,west,mangrove,unifrac
S77,S15,0.8920720186711144,834.5239533417458,east,coral,west,mangrove,unifrac
S78,S15,0.8324218283285418,834.5239533417458,east,coral,west,mangrove,unifrac
S80,S15,0.9424549082604166,834.5239533417458,east,coral,west,mangrove,unifrac
S81,S15,0.6409393421124133,828.9087296525961,east,mangrove,west,mangrove,unifrac
S82,S15,0.6566954130328481,828.9087296525961,east,mangrove,west,mangrove,unifrac
S83,S15,0.6372979211637467,828.9087296525961,east,mangrove,west,mangrove,unifrac
S84,S15,0.651508736329966,828.9087296525961,east,mangrove,west,mangrove,unifrac
S85,S15,0.6900371039076469,828.9087296525961,east,mangrove,west,mangrove,unifrac
S86,S15,0.7106297471761956,427.1025971044391,west,mangrove,west,mangrove,unifrac
S87,S15,0.7621772754259926,427.1025971044391,west,mangrove,west,mangrove,unifrac
S88,S15,0.6681617129863053,426.68838354206605,west,mangrove,west,mangrove,unifrac
S89,S15,0.7206732425681402,426.68838354206605,west,mangrove,west,mangrove,unifrac
S90,S15,0.7566988780276513,426.68838354206605,west,mangrove,west,mangrove,unifrac
S91,S15,0.6814538129301491,410.7594513539318,west,seagrass,west,mangrove,unifrac
S92,S15,0.6863757429047823,411.75945135393175,west,seagrass,west,mangrove,unifrac
S93,S15,0.7598744371010897,411.75945135393175,west,seagrass,west,mangrove,unifrac
S94,S15,0.8540791370498682,410.7594513539318,west,seagrass,west,mangrove,unifrac
S95,S15,0.7265098507498436,410.7594513539318,west,seagrass,west,mangrove,unifrac
S96,S15,0.8066979071352326,334.3330444827404,west,mangrove,west,mangrove,unifrac
S97,S15,0.7552081433953689,334.3330444827404,west,mangrove,west,mangrove,unifrac
S98,S15,0.7525451482759443,334.3330444827404,west,mangrove,west,mangrove,unifrac
S99,S15,0.7342502400560258,334.3330444827404,west,mangrove,west,mangrove,unifrac
S100,S15,0.7582572497127992,335.3330444827404,west,mangrove,west,mangrove,unifrac
S101,S15,0.9035477258415607,268.5756851698606,west,coral,west,mangrove,unifrac
S102,S15,0.924258202087121,269.81832585697987,west,coral,west,mangrove,unifrac
S103,S15,0.9303049895195127,270.23253941935303,west,coral,west,mangrove,unifrac
S104,S15,0.8972941922000222,271.81832585697987,west,coral,west,mangrove,unifrac
S105,S15,0.8855285119747085,269.98989873223366,west,coral,west,mangrove,unifrac
S106,S15,0.7595893244256956,104.1959594928934,west,mangrove,west,mangrove,unifrac
S107,S15,0.7861583437095317,103.78174593052029,west,mangrove,west,mangrove,unifrac
S108,S15,0.810567846398294,102.78174593052029,west,mangrove,west,mangrove,unifrac
S109,S15,0.8337079187828896,102.3675323681472,west,mangrove,west,mangrove,unifrac
S110,S15,0.8224323959841754,102.3675323681472,west,mangrove,west,mangrove,unifrac
S17,S16,0.3605408807225561,1.4142135623730951,west,coral,west,coral,unifrac
S18,S16,0.32793557805405793,1.4142135623730951,west,coral,west,coral,unifrac
S19,S16,0.3676502288353716,1.4142135623730951,west,coral,west,coral,unifrac
S20,S16,0.31584798062141406,0,west,coral,west,coral,unifrac
S21,S16,0.9434536800656913,419.4751801064694,east,mangrove,west,coral,unifrac
S22,S16,0.823325599004812,419.4751801064694,east,mangrove,west,coral,unifrac
S23,S16,0.7806592303843881,419.4751801064694,east,mangrove,west,coral,unifrac
S24,S16,0.6880128129117685,419.4751801064694,east,mangrove,west,coral,unifrac
S25,S16,0.6079564550399184,419.4751801064694,east,mangrove,west,coral,unifrac
S26,S16,0.8136073507894618,418.47518010646945,east,seagrass,west,coral,unifrac
S27,S16,0.8548346561814387,418.47518010646945,east,seagrass,west,coral,unifrac
S28,S16,0.8673175087604323,419.4751801064694,east,seagrass,west,coral,unifrac
S29,S16,0.9603292121167267,419.8893936688425,east,seagrass,west,coral,unifrac
S30,S16,0.7908940595467703,419.8893936688425,east,seagrass,west,coral,unifrac
S31,S16,0.6650003519503579,423.3036072312155,east,coral,west,coral,unifrac
S32,S16,0.7976642465407026,423.3036072312155,east,coral,west,coral,unifrac
S33,S16,0.7848377948071442,422.3036072312155,east,coral,west,coral,unifrac
S34,S16,0.7813122850032254,422.3036072312155,east,coral,west,coral,unifrac
S35,S16,0.7220120833595297,422.3036072312155,east,coral,west,coral,unifrac
S36,S16,0.9645290963098675,542.1269837220783,east,mangrove,west,coral,unifrac
S37,S16,0.9783071312799552,541.1269837220783,east,mangrove,west,coral,unifrac
S38,S16,0.9696282770055464,540.1269837220783,east,mangrove,west,coral,unifrac
S39,S16,0.9752951669570938,539.5411972844513,east,mangrove,west,coral,unifrac
S40,S16,0.9348186711191985,538.1269837220783,east,mangrove,west,coral,unifrac
S41,S16,0.7658210197746718,649.198051533943,east,coral,west,coral,unifrac
S42,S16,0.6763842115073061,648.7838379715699,east,coral,west,coral,unifrac
S43,S16,0.7962810510378591,648.7838379715699,east,coral,west,coral,unifrac
S44,S16,0.6513810001111474,649.7838379715699,east,coral,west,coral,unifrac
S45,S16,0.6734884562668985,648.7838379715699,east,coral,west,coral,unifrac
S46,S16,0.7180508729429923,648.198051533943,east,mangrove,west,coral,unifrac
S47,S16,0.8452187711033831,648.198051533943,east,mangrove,west,coral,unifrac
S48,S16,0.6698075718923066,648.198051533943,east,mangrove,west,coral,unifrac
S49,S16,0.8969162373267334,649.198051533943,east,mangrove,west,coral,unifrac
S50,S16,0.7752497172926154,649.198051533943,east,mangrove,west,coral,unifrac
S51,S16,0.6407800950097969,714.5411972844498,east,seagrass,west,coral,unifrac
S52,S16,0.6401340864970224,714.5411972844498,east,seagrass,west,coral,unifrac
S53,S16,0.6309646873727548,714.5411972844498,east,seagrass,west,coral,unifrac
S54,S16,0.6335754800894573,713.5411972844498,east,seagrass,west,coral,unifrac
S55,S16,0.6489197007212907,713.5411972844498,east,seagrass,west,coral,unifrac
S56,S16,0.5736746110645207,530.5117600329269,west,coral,west,coral,unifrac
S57,S16,0.5104574378056457,530.5117600329269,west,coral,west,coral,unifrac
S58,S16,0.4774330514845554,531.9259735953,west,coral,west,coral,unifrac
S59,S16,0.5410029448576796,531.5117600329269,west,coral,west,coral,unifrac
S60,S16,0.5269952118588205,530.5117600329269,west,coral,west,coral,unifrac
S61,S16,0.5921682422956408,523.5411972844498,west,mangrove,west,coral,unifrac
S62,S16,0.5964867629732884,523.5411972844498,west,mangrove,west,coral,unifrac
S63,S16,0.6347161247291145,524.5411972844498,west,mangrove,west,coral,unifrac
S64,S16,0.5798837218893271,524.9554108468229,west,mangrove,west,coral,unifrac
S65,S16,0.5780811746308365,525.9554108468229,west,mangrove,west,coral,unifrac
S66,S16,0.70713504800989,550.5411972844494,west,seagrass,west,coral,unifrac
S67,S16,0.5649377981334799,550.5411972844494,west,seagrass,west,coral,unifrac
S68,S16,0.6302153261100302,550.5411972844494,west,seagrass,west,coral,unifrac
S69,S16,0.6314824206145698,550.5411972844494,west,seagrass,west,coral,unifrac
S70,S16,0.5829363858383793,550.9554108468225,west,seagrass,west,coral,unifrac
S71,S16,0.9580849445094825,864.4234482783573,east,coral,west,coral,unifrac
S73,S16,0.9840196726579273,864.4234482783573,east,coral,west,coral,unifrac
S74,S16,0.940853203113885,864.4234482783573,east,coral,west,coral,unifrac
S75,S16,0.9212740596853694,864.4234482783573,east,coral,west,coral,unifrac
S77,S16,0.8448930747607529,840.9381669041188,east,coral,west,coral,unifrac
S78,S16,0.8037009549843036,840.9381669041188,east,coral,west,coral,unifrac
S80,S16,0.9222861507080424,840.9381669041188,east,coral,west,coral,unifrac
S81,S16,0.6613828244768457,835.3229432149691,east,mangrove,west,coral,unifrac
S82,S16,0.7018897700761169,835.3229432149691,east,mangrove,west,coral,unifrac
S83,S16,0.6833433825732759,835.3229432149691,east,mangrove,west,coral,unifrac
S84,S16,0.6924623549148741,835.3229432149691,east,mangrove,west,coral,unifrac
S85,S16,0.6991402235504244,835.3229432149691,east,mangrove,west,coral,unifrac
S86,S16,0.6754487242724446,420.68838354206605,west,mangrove,west,coral,unifrac
S87,S16,0.7264749154915697,420.68838354206605,west,mangrove,west,coral,unifrac
S88,S16,0.8372680411194333,420.27416997969294,west,mangrove,west,coral,unifrac
S89,S16,0.8580027472758619,420.27416997969294,west,mangrove,west,coral,unifrac
S90,S16,0.8903317774690526,420.27416997969294,west,mangrove,west,coral,unifrac
S91,S16,0.5944656985977359,404.3452377915587,west,seagrass,west,coral,unifrac
S92,S16,0.6312116329429648,405.34523779155865,west,seagrass,west,coral,unifrac
S93,S16,0.662047321325788,405.34523779155865,west,seagrass,west,coral,unifrac
S94,S16,0.8341889447390204,404.3452377915587,west,seagrass,west,coral,unifrac
S95,S16,0.594085051903462,404.3452377915587,west,seagrass,west,coral,unifrac
S96,S16,0.8240425530196642,327.9188309203673,west,mangrove,west,coral,unifrac
S97,S16,0.7854699413214964,327.9188309203673,west,mangrove,west,coral,unifrac
S98,S16,0.7934442546194175,327.9188309203673,west,mangrove,west,coral,unifrac
S99,S16,0.7915778626568195,327.9188309203673,west,mangrove,west,coral,unifrac
S100,S16,0.7997543259065145,328.9188309203673,west,mangrove,west,coral,unifrac
S101,S16,0.8281114038448458,262.16147160748767,west,coral,west,coral,unifrac
S102,S16,0.8777246673066291,263.40411229460693,west,coral,west,coral,unifrac
S103,S16,0.8974925898159939,263.81832585698,west,coral,west,coral,unifrac
S104,S16,0.8274221817738814,265.4041122946069,west,coral,west,coral,unifrac
S105,S16,0.8474896732816755,263.5756851698607,west,coral,west,coral,unifrac
S106,S16,0.6926602284794713,97.78174593052029,west,mangrove,west,coral,unifrac
S107,S16,0.6933179244154059,97.3675323681472,west,mangrove,west,coral,unifrac
S108,S16,0.7254629833500005,96.3675323681472,west,mangrove,west,coral,unifrac
S109,S16,0.8069886785949143,95.95331880577409,west,mangrove,west,coral,unifrac
S110,S16,0.7281911889669366,95.95331880577409,west,mangrove,west,coral,unifrac
S18,S17,0.3184969404468164,0,west,coral,west,coral,unifrac
S19,S17,0.3638943547276167,0,west,coral,west,coral,unifrac
S20,S17,0.2884307343889996,1.4142135623730951,west,coral,west,coral,unifrac
S21,S17,0.92793611153398,418.0609665440963,east,mangrove,west,coral,unifrac
S22,S17,0.807687670639576,418.0609665440963,east,mangrove,west,coral,unifrac
S23,S17,0.766609697518471,418.0609665440963,east,mangrove,west,coral,unifrac
S24,S17,0.7010211908118624,418.0609665440963,east,mangrove,west,coral,unifrac
S25,S17,0.5868078808559284,418.0609665440963,east,mangrove,west,coral,unifrac
S26,S17,0.8214281068921508,417.06096654409635,east,seagrass,west,coral,unifrac
S27,S17,0.836806509528942,417.06096654409635,east,seagrass,west,coral,unifrac
S28,S17,0.8712326206889862,418.0609665440963,east,seagrass,west,coral,unifrac
S29,S17,0.9597099943035756,418.47518010646945,east,seagrass,west,coral,unifrac
S30,S17,0.8007104412310012,418.47518010646945,east,seagrass,west,coral,unifrac
S31,S17,0.6448163698681956,421.88939366884244,east,coral,west,coral,unifrac
S32,S17,0.7784994885933787,421.88939366884244,east,coral,west,coral,unifrac
S33,S17,0.7921256134464254,420.88939366884244,east,coral,west,coral,unifrac
S34,S17,0.7784493618146624,420.88939366884244,east,coral,west,coral,unifrac
S35,S17,0.6989203461864922,420.88939366884244,east,coral,west,coral,unifrac
S36,S17,0.9684029096765532,540.7127701597052,east,mangrove,west,coral,unifrac
S37,S17,0.9782692022199029,539.7127701597052,east,mangrove,west,coral,unifrac
S38,S17,0.9736620834739407,538.7127701597052,east,mangrove,west,coral,unifrac
S39,S17,0.9749212730845357,538.1269837220783,east,mangrove,west,coral,unifrac
S40,S17,0.9385268582254005,536.7127701597052,east,mangrove,west,coral,unifrac
S41,S17,0.7766309932570234,647.7838379715699,east,coral,west,coral,unifrac
S42,S17,0.6371564272689136,647.369624409197,east,coral,west,coral,unifrac
S43,S17,0.7894999304674565,647.369624409197,east,coral,west,coral,unifrac
S44,S17,0.6576931239255456,648.369624409197,east,coral,west,coral,unifrac
S45,S17,0.6983853766884074,647.369624409197,east,coral,west,coral,unifrac
S46,S17,0.7299273804930293,646.7838379715699,east,mangrove,west,coral,unifrac
S47,S17,0.856496083087846,646.7838379715699,east,mangrove,west,coral,unifrac
S48,S17,0.6765668736783619,646.7838379715699,east,mangrove,west,coral,unifrac
S49,S17,0.8980741441279394,647.7838379715699,east,mangrove,west,coral,unifrac
S50,S17,0.7871358786278569,647.7838379715699,east,mangrove,west,coral,unifrac
S51,S17,0.6706963774672545,713.1269837220767,east,seagrass,west,coral,unifrac
S52,S17,0.6665966987799299,713.1269837220767,east,seagrass,west,coral,unifrac
S53,S17,0.6312478723165607,713.1269837220767,east,seagrass,west,coral,unifrac
S54,S17,0.6340249139265899,712.1269837220767,east,seagrass,west,coral,unifrac
S55,S17,0.6668511390014308,712.1269837220767,east,seagrass,west,coral,unifrac
S56,S17,0.47651917876010275,531.9259735953,west,coral,west,coral,unifrac
S57,S17,0.46324115918958936,531.9259735953,west,coral,west,coral,unifrac
S58,S17,0.48498492494460527,533.3401871576731,west,coral,west,coral,unifrac
S59,S17,0.4893158538810859,532.9259735953,west,coral,west,coral,unifrac
S60,S17,0.534721024816235,531.9259735953,west,coral,west,coral,unifrac
S61,S17,0.5560842083140228,524.9554108468229,west,mangrove,west,coral,unifrac
S62,S17,0.5840399901540788,524.9554108468229,west,mangrove,west,coral,unifrac
S63,S17,0.6101646176856905,525.9554108468229,west,mangrove,west,coral,unifrac
S64,S17,0.5533771237853726,526.3696244091959,west,mangrove,west,coral,unifrac
S65,S17,0.5597706688377937,527.3696244091959,west,mangrove,west,coral,unifrac
S66,S17,0.6540347651352433,551.9554108468225,west,seagrass,west,coral,unifrac
S67,S17,0.5967392876486396,551.9554108468225,west,seagrass,west,coral,unifrac
S68,S17,0.6048838831252298,551.9554108468225,west,seagrass,west,coral,unifrac
S69,S17,0.5938510433112884,551.9554108468225,west,seagrass,west,coral,unifrac
S70,S17,0.6072446907729844,552.3696244091955,west,seagrass,west,coral,unifrac
S71,S17,0.9767473305380959,863.0092347159843,east,coral,west,coral,unifrac
S73,S17,0.9837674105584253,863.0092347159843,east,coral,west,coral,unifrac
S74,S17,0.9399574507715536,863.0092347159843,east,coral,west,coral,unifrac
S75,S17,0.9200746670563053,863.0092347159843,east,coral,west,coral,unifrac
S77,S17,0.8490989876107551,839.5239533417458,east,coral,west,coral,unifrac
S78,S17,0.768131183448299,839.5239533417458,east,coral,west,coral,unifrac
S80,S17,0.9210592926621688,839.5239533417458,east,coral,west,coral,unifrac
S81,S17,0.6818281005625707,833.9087296525961,east,mangrove,west,coral,unifrac
S82,S17,0.7045783199570943,833.9087296525961,east,mangrove,west,coral,unifrac
S83,S17,0.7062221321143645,833.9087296525961,east,mangrove,west,coral,unifrac
S84,S17,0.6955079454513614,833.9087296525961,east,mangrove,west,coral,unifrac
S85,S17,0.7406404282212874,833.9087296525961,east,mangrove,west,coral,unifrac
S86,S17,0.6550635672459028,422.1025971044391,west,mangrove,west,coral,unifrac
S87,S17,0.680386905909067,422.1025971044391,west,mangrove,west,coral,unifrac
S88,S17,0.8354885934507186,421.68838354206605,west,mangrove,west,coral,unifrac
S89,S17,0.8628696951924496,421.68838354206605,west,mangrove,west,coral,unifrac
S90,S17,0.907182357949939,421.68838354206605,west,mangrove,west,coral,unifrac
S91,S17,0.5320624878618014,405.7594513539318,west,seagrass,west,coral,unifrac
S92,S17,0.5691641567066011,406.75945135393175,west,seagrass,west,coral,unifrac
S93,S17,0.6619832223947549,406.75945135393175,west,seagrass,west,coral,unifrac
S94,S17,0.7835659939129203,405.7594513539318,west,seagrass,west,coral,unifrac
S95,S17,0.605221043009178,405.7594513539318,west,seagrass,west,coral,unifrac
S96,S17,0.840798607942065,329.3330444827404,west,mangrove,west,coral,unifrac
S97,S17,0.7972948778914589,329.3330444827404,west,mangrove,west,coral,unifrac
S98,S17,0.8041287492257798,329.3330444827404,west,mangrove,west,coral,unifrac
S99,S17,0.805348895973862,329.3330444827404,west,mangrove,west,coral,unifrac
S100,S17,0.8154844452761053,330.3330444827404,west,mangrove,west,coral,unifrac
S101,S17,0.8147649812373907,263.5756851698607,west,coral,west,coral,unifrac
S102,S17,0.875756792204024,264.81832585698,west,coral,west,coral,unifrac
S103,S17,0.8771867317669632,265.2325394193531,west,coral,west,coral,unifrac
S104,S17,0.8323785748841391,266.8183258569799,west,coral,west,coral,unifrac
S105,S17,0.8110810230300197,264.98989873223377,west,coral,west,coral,unifrac
S106,S17,0.6506814320595069,99.1959594928934,west,mangrove,west,coral,unifrac
S107,S17,0.6774117244028308,98.78174593052029,west,mangrove,west,coral,unifrac
S108,S17,0.7005280871794792,97.78174593052029,west,mangrove,west,coral,unifrac
S109,S17,0.747122606849228,97.3675323681472,west,mangrove,west,coral,unifrac
S110,S17,0.7109590292126658,97.3675323681472,west,mangrove,west,coral,unifrac
S19,S18,0.3361169037539709,0,west,coral,west,coral,unifrac
S20,S18,0.2808497264458845,1.4142135623730951,west,coral,west,coral,unifrac
S21,S18,0.9306225958447724,418.0609665440963,east,mangrove,west,coral,unifrac
S22,S18,0.8114172558427176,418.0609665440963,east,mangrove,west,coral,unifrac
S23,S18,0.7524745835126696,418.0609665440963,east,mangrove,west,coral,unifrac
S24,S18,0.6971656701533709,418.0609665440963,east,mangrove,west,coral,unifrac
S25,S18,0.5585594625384378,418.0609665440963,east,mangrove,west,coral,unifrac
S26,S18,0.817261425281724,417.06096654409635,east,seagrass,west,coral,unifrac
S27,S18,0.8432958409295191,417.06096654409635,east,seagrass,west,coral,unifrac
S28,S18,0.8648677314193454,418.0609665440963,east,seagrass,west,coral,unifrac
S29,S18,0.9611402980409331,418.47518010646945,east,seagrass,west,coral,unifrac
S30,S18,0.7970364636186763,418.47518010646945,east,seagrass,west,coral,unifrac
S31,S18,0.6448608233336856,421.88939366884244,east,coral,west,coral,unifrac
S32,S18,0.7953143469509856,421.88939366884244,east,coral,west,coral,unifrac
S33,S18,0.7901909199867432,420.88939366884244,east,coral,west,coral,unifrac
S34,S18,0.7968836090527005,420.88939366884244,east,coral,west,coral,unifrac
S35,S18,0.71542712930877,420.88939366884244,east,coral,west,coral,unifrac
S36,S18,0.9652375338181762,540.7127701597052,east,mangrove,west,coral,unifrac
S37,S18,0.9787604870745266,539.7127701597052,east,mangrove,west,coral,unifrac
S38,S18,0.9702508759402465,538.7127701597052,east,mangrove,west,coral,unifrac
S39,S18,0.9758020946769733,538.1269837220783,east,mangrove,west,coral,unifrac
S40,S18,0.9360716223557868,536.7127701597052,east,mangrove,west,coral,unifrac
S41,S18,0.7749609720072015,647.7838379715699,east,coral,west,coral,unifrac
S42,S18,0.6277409613976118,647.369624409197,east,coral,west,coral,unifrac
S43,S18,0.7974635827613754,647.369624409197,east,coral,west,coral,unifrac
S44,S18,0.6144961781013109,648.369624409197,east,coral,west,coral,unifrac
S45,S18,0.6569113146332926,647.369624409197,east,coral,west,coral,unifrac
S46,S18,0.7264139145995622,646.7838379715699,east,mangrove,west,coral,unifrac
S47,S18,0.8647167525694948,646.7838379715699,east,mangrove,west,coral,unifrac
S48,S18,0.6855113782744258,646.7838379715699,east,mangrove,west,coral,unifrac
S49,S18,0.903849140189143,647.7838379715699,east,mangrove,west,coral,unifrac
S50,S18,0.7990808713054286,647.7838379715699,east,mangrove,west,coral,unifrac
S51,S18,0.6611276074564676,713.1269837220767,east,seagrass,west,coral,unifrac
S52,S18,0.6544673412140225,713.1269837220767,east,seagrass,west,coral,unifrac
S53,S18,0.6312004817498158,713.1269837220767,east,seagrass,west,coral,unifrac
S54,S18,0.6242873426695913,712.1269837220767,east,seagrass,west,coral,unifrac
S55,S18,0.6517086414218778,712.1269837220767,east,seagrass,west,coral,unifrac
S56,S18,0.4675263996862466,531.9259735953,west,coral,west,coral,unifrac
S57,S18,0.46932415684667966,531.9259735953,west,coral,west,coral,unifrac
S58,S18,0.474517166930275,533.3401871576731,west,coral,west,coral,unifrac
S59,S18,0.504748503870303,532.9259735953,west,coral,west,coral,unifrac
S60,S18,0.5574256681166919,531.9259735953,west,coral,west,coral,unifrac
S61,S18,0.542940193442302,524.9554108468229,west,mangrove,west,coral,unifrac
S62,S18,0.6124254809413493,524.9554108468229,west,mangrove,west,coral,unifrac
S63,S18,0.58984821311356606,525.9554108468229,west,mangrove,west,coral,unifrac
S64,S18,0.5416396626094492,526.3696244091959,west,mangrove,west,coral,unifrac
S65,S18,0.534225092952933,527.3696244091959,west,mangrove,west,coral,unifrac
S66,S18,0.6533139012174235,551.9554108468225,west,seagrass,west,coral,unifrac
S67,S18,0.5842948281022171,551.9554108468225,west,seagrass,west,coral,unifrac
S68,S18,0.5727777927022888,551.9554108468225,west,seagrass,west,coral,unifrac
S69,S18,0.5830196608003293,551.9554108468225,west,seagrass,west,coral,unifrac
S70,S18,0.5576979989550876,552.3696244091955,west,seagrass,west,coral,unifrac
S71,S18,0.9590678516403461,863.0092347159843,east,coral,west,coral,unifrac
S73,S18,0.9843611750308748,863.0092347159843,east,coral,west,coral,unifrac
S74,S18,0.9424531338761521,863.0092347159843,east,coral,west,coral,unifrac
S75,S18,0.9229063194636509,863.0092347159843,east,coral,west,coral,unifrac
S77,S18,0.8547107136490654,839.5239533417458,east,coral,west,coral,unifrac
S78,S18,0.7760527083903525,839.5239533417458,east,coral,west,coral,unifrac
S80,S18,0.9239470180821496,839.5239533417458,east,coral,west,coral,unifrac
S81,S18,0.6631524233193763,833.9087296525961,east,mangrove,west,coral,unifrac
S82,S18,0.6953719069018643,833.9087296525961,east,mangrove,west,coral,unifrac
S83,S18,0.6771319246735567,833.9087296525961,east,mangrove,west,coral,unifrac
S84,S18,0.6736951071860017,833.9087296525961,east,mangrove,west,coral,unifrac
S85,S18,0.7328201472271794,833.9087296525961,east,mangrove,west,coral,unifrac
S86,S18,0.6479036095655082,422.1025971044391,west,mangrove,west,coral,unifrac
S87,S18,0.7046297954430358,422.1025971044391,west,mangrove,west,coral,unifrac
S88,S18,0.8374638820138531,421.68838354206605,west,mangrove,west,coral,unifrac
S89,S18,0.8607203306251582,421.68838354206605,west,mangrove,west,coral,unifrac
S90,S18,0.9038539580200736,421.68838354206605,west,mangrove,west,coral,unifrac
S91,S18,0.5648551737930826,405.7594513539318,west,seagrass,west,coral,unifrac
S92,S18,0.5912595823419359,406.75945135393175,west,seagrass,west,coral,unifrac
S93,S18,0.6477524868849065,406.75945135393175,west,seagrass,west,coral,unifrac
S94,S18,0.803071353200934,405.7594513539318,west,seagrass,west,coral,unifrac
S95,S18,0.6038477165718308,405.7594513539318,west,seagrass,west,coral,unifrac
S96,S18,0.8220389093659868,329.3330444827404,west,mangrove,west,coral,unifrac
S97,S18,0.7759816470284443,329.3330444827404,west,mangrove,west,coral,unifrac
S98,S18,0.7953903223158845,329.3330444827404,west,mangrove,west,coral,unifrac
S99,S18,0.7978568934845012,329.3330444827404,west,mangrove,west,coral,unifrac
S100,S18,0.8073971350654113,330.3330444827404,west,mangrove,west,coral,unifrac
S101,S18,0.8208423143943302,263.5756851698607,west,coral,west,coral,unifrac
S102,S18,0.8807428299322944,264.81832585698,west,coral,west,coral,unifrac
S103,S18,0.8817263728629117,265.2325394193531,west,coral,west,coral,unifrac
S104,S18,0.8142605437159122,266.8183258569799,west,coral,west,coral,unifrac
S105,S18,0.8174978957640863,264.98989873223377,west,coral,west,coral,unifrac
S106,S18,0.6625979135739906,99.1959594928934,west,mangrove,west,coral,unifrac
S107,S18,0.6666670354528084,98.78174593052029,west,mangrove,west,coral,unifrac
S108,S18,0.7124037959656703,97.78174593052029,west,mangrove,west,coral,unifrac
S109,S18,0.7715798513299015,97.3675323681472,west,mangrove,west,coral,unifrac
S110,S18,0.7339647411007194,97.3675323681472,west,mangrove,west,coral,unifrac
S20,S19,0.39773009304524964,1.4142135623730951,west,coral,west,coral,unifrac
S21,S19,0.9373223356121507,418.0609665440963,east,mangrove,west,coral,unifrac
S22,S19,0.8325777554974118,418.0609665440963,east,mangrove,west,coral,unifrac
S23,S19,0.7621663520008654,418.0609665440963,east,mangrove,west,coral,unifrac
S24,S19,0.7169252418072756,418.0609665440963,east,mangrove,west,coral,unifrac
S25,S19,0.580711791003651,418.0609665440963,east,mangrove,west,coral,unifrac
S26,S19,0.8117053822251323,417.06096654409635,east,seagrass,west,coral,unifrac
S27,S19,0.8583143568919898,417.06096654409635,east,seagrass,west,coral,unifrac
S28,S19,0.8740805700715559,418.0609665440963,east,seagrass,west,coral,unifrac
S29,S19,0.9647349147067442,418.47518010646945,east,seagrass,west,coral,unifrac
S30,S19,0.8064540569853668,418.47518010646945,east,seagrass,west,coral,unifrac
S31,S19,0.6661461172039795,421.88939366884244,east,coral,west,coral,unifrac
S32,S19,0.8070836690762093,421.88939366884244,east,coral,west,coral,unifrac
S33,S19,0.7926252329654394,420.88939366884244,east,coral,west,coral,unifrac
S34,S19,0.8145027219322837,420.88939366884244,east,coral,west,coral,unifrac
S35,S19,0.6994898803396324,420.88939366884244,east,coral,west,coral,unifrac
S36,S19,0.9554737739957239,540.7127701597052,east,mangrove,west,coral,unifrac
S37,S19,0.9715073440842338,539.7127701597052,east,mangrove,west,coral,unifrac
S38,S19,0.9621268777665077,538.7127701597052,east,mangrove,west,coral,unifrac
S39,S19,0.96768846016998,538.1269837220783,east,mangrove,west,coral,unifrac
S40,S19,0.9313043486207727,536.7127701597052,east,mangrove,west,coral,unifrac
S41,S19,0.7979689758902142,647.7838379715699,east,coral,west,coral,unifrac
S42,S19,0.6581283703867963,647.369624409197,east,coral,west,coral,unifrac
S43,S19,0.817266879448865,647.369624409197,east,coral,west,coral,unifrac
S44,S19,0.6615799530974192,648.369624409197,east,coral,west,coral,unifrac
S45,S19,0.7206337092274389,647.369624409197,east,coral,west,coral,unifrac
S46,S19,0.7521113071737942,646.7838379715699,east,mangrove,west,coral,unifrac
S47,S19,0.8630294457422335,646.7838379715699,east,mangrove,west,coral,unifrac
S48,S19,0.7119279296683222,646.7838379715699,east,mangrove,west,coral,unifrac
S49,S19,0.926442852217212,647.7838379715699,east,mangrove,west,coral,unifrac
S50,S19,0.8090075749386374,647.7838379715699,east,mangrove,west,coral,unifrac
S51,S19,0.6717779370751764,713.1269837220767,east,seagrass,west,coral,unifrac
S52,S19,0.667659168823668,713.1269837220767,east,seagrass,west,coral,unifrac
S53,S19,0.6332886120991412,713.1269837220767,east,seagrass,west,coral,unifrac
S54,S19,0.631187433354067,712.1269837220767,east,seagrass,west,coral,unifrac
S55,S19,0.6564871544126891,712.1269837220767,east,seagrass,west,coral,unifrac
S56,S19,0.5471561864837032,531.9259735953,west,coral,west,coral,unifrac
S57,S19,0.5455149175375685,531.9259735953,west,coral,west,coral,unifrac
S58,S19,0.4809656631598827,533.3401871576731,west,coral,west,coral,unifrac
S59,S19,0.4785374223910667,532.9259735953,west,coral,west,coral,unifrac
S60,S19,0.5060414598848149,531.9259735953,west,coral,west,coral,unifrac
S61,S19,0.5612828811420951,524.9554108468229,west,mangrove,west,coral,unifrac
S62,S19,0.6213415596464982,524.9554108468229,west,mangrove,west,coral,unifrac
S63,S19,0.6270647396350435,525.9554108468229,west,mangrove,west,coral,unifrac
S64,S19,0.5815258034620445,526.3696244091959,west,mangrove,west,coral,unifrac
S65,S19,0.5714672495727698,527.3696244091959,west,mangrove,west,coral,unifrac
S66,S19,0.6917808661866233,551.9554108468225,west,seagrass,west,coral,unifrac
S67,S19,0.5832233116072691,551.9554108468225,west,seagrass,west,coral,unifrac
S68,S19,0.6086964524278831,551.9554108468225,west,seagrass,west,coral,unifrac
S69,S19,0.6036628071934845,551.9554108468225,west,seagrass,west,coral,unifrac
S70,S19,0.5848884136166085,552.3696244091955,west,seagrass,west,coral,unifrac
S71,S19,0.9677400729250023,863.0092347159843,east,coral,west,coral,unifrac
S73,S19,0.9858457179641599,863.0092347159843,east,coral,west,coral,unifrac
S74,S19,0.9477196265061397,863.0092347159843,east,coral,west,coral,unifrac
S75,S19,0.9299950387373067,863.0092347159843,east,coral,west,coral,unifrac
S77,S19,0.8621258590193196,839.5239533417458,east,coral,west,coral,unifrac
S78,S19,0.7899953297513447,839.5239533417458,east,coral,west,coral,unifrac
S80,S19,0.9311669094784792,839.5239533417458,east,coral,west,coral,unifrac
S81,S19,0.6952551174692743,833.9087296525961,east,mangrove,west,coral,unifrac
S82,S19,0.6977931216683207,833.9087296525961,east,mangrove,west,coral,unifrac
S83,S19,0.6942742244419927,833.9087296525961,east,mangrove,west,coral,unifrac
S84,S19,0.6923121937709044,833.9087296525961,east,mangrove,west,coral,unifrac
S85,S19,0.7349875089829304,833.9087296525961,east,mangrove,west,coral,unifrac
S86,S19,0.6944512833933233,422.1025971044391,west,mangrove,west,coral,unifrac
S87,S19,0.7497795218823055,422.1025971044391,west,mangrove,west,coral,unifrac
S88,S19,0.8430258211695566,421.68838354206605,west,mangrove,west,coral,unifrac
S89,S19,0.8754032749892858,421.68838354206605,west,mangrove,west,coral,unifrac
S90,S19,0.9062813383324775,421.68838354206605,west,mangrove,west,coral,unifrac
S91,S19,0.5994425678219485,405.7594513539318,west,seagrass,west,coral,unifrac
S92,S19,0.6422859079518808,406.75945135393175,west,seagrass,west,coral,unifrac
S93,S19,0.7057484988996865,406.75945135393175,west,seagrass,west,coral,unifrac
S94,S19,0.8333571591737214,405.7594513539318,west,seagrass,west,coral,unifrac
S95,S19,0.6351593932931413,405.7594513539318,west,seagrass,west,coral,unifrac
S96,S19,0.8187217547854719,329.3330444827404,west,mangrove,west,coral,unifrac
S97,S19,0.7764858736272362,329.3330444827404,west,mangrove,west,coral,unifrac
S98,S19,0.7910036670976353,329.3330444827404,west,mangrove,west,coral,unifrac
S99,S19,0.7965873436363639,329.3330444827404,west,mangrove,west,coral,unifrac
S100,S19,0.8189678070270486,330.3330444827404,west,mangrove,west,coral,unifrac
S101,S19,0.8307765464435437,263.5756851698607,west,coral,west,coral,unifrac
S102,S19,0.8990901683516028,264.81832585698,west,coral,west,coral,unifrac
S103,S19,0.9127224782713138,265.2325394193531,west,coral,west,coral,unifrac
S104,S19,0.8541273058546422,266.8183258569799,west,coral,west,coral,unifrac
S105,S19,0.8546479565616866,264.98989873223377,west,coral,west,coral,unifrac
S106,S19,0.6833866975028335,99.1959594928934,west,mangrove,west,coral,unifrac
S107,S19,0.6959616336741504,98.78174593052029,west,mangrove,west,coral,unifrac
S108,S19,0.7148976261289711,97.78174593052029,west,mangrove,west,coral,unifrac
S109,S19,0.7915888933443418,97.3675323681472,west,mangrove,west,coral,unifrac
S110,S19,0.7716880013087718,97.3675323681472,west,mangrove,west,coral,unifrac
S21,S20,0.9291001220651139,419.4751801064694,east,mangrove,west,coral,unifrac
S22,S20,0.8004620791227776,419.4751801064694,east,mangrove,west,coral,unifrac
S23,S20,0.7548203655660952,419.4751801064694,east,mangrove,west,coral,unifrac
S24,S20,0.6909796637362169,419.4751801064694,east,mangrove,west,coral,unifrac
S25,S20,0.5946845422735563,419.4751801064694,east,mangrove,west,coral,unifrac
S26,S20,0.8173525219045797,418.47518010646945,east,seagrass,west,coral,unifrac
S27,S20,0.8394223082248211,418.47518010646945,east,seagrass,west,coral,unifrac
S28,S20,0.8743579216835056,419.4751801064694,east,seagrass,west,coral,unifrac
S29,S20,0.9602472102921288,419.8893936688425,east,seagrass,west,coral,unifrac
S30,S20,0.7986312724835529,419.8893936688425,east,seagrass,west,coral,unifrac
S31,S20,0.6446418034405015,423.3036072312155,east,coral,west,coral,unifrac
S32,S20,0.7819704357622912,423.3036072312155,east,coral,west,coral,unifrac
S33,S20,0.7902780601428854,422.3036072312155,east,coral,west,coral,unifrac
S34,S20,0.8103026509548346,422.3036072312155,east,coral,west,coral,unifrac
S35,S20,0.69916230262749,422.3036072312155,east,coral,west,coral,unifrac
S36,S20,0.9645392478679263,542.1269837220783,east,mangrove,west,coral,unifrac
S37,S20,0.9769251060160674,541.1269837220783,east,mangrove,west,coral,unifrac
S38,S20,0.9696372032701163,540.1269837220783,east,mangrove,west,coral,unifrac
S39,S20,0.9733311618622682,539.5411972844513,east,mangrove,west,coral,unifrac
S40,S20,0.9315858334088628,538.1269837220783,east,mangrove,west,coral,unifrac
S41,S20,0.7625144013104714,649.198051533943,east,coral,west,coral,unifrac
S42,S20,0.6219114694909044,648.7838379715699,east,coral,west,coral,unifrac
S43,S20,0.7846468497158432,648.7838379715699,east,coral,west,coral,unifrac
S44,S20,0.6250496878417098,649.7838379715699,east,coral,west,coral,unifrac
S45,S20,0.692295027042658,648.7838379715699,east,coral,west,coral,unifrac
S46,S20,0.7050852904797291,648.198051533943,east,mangrove,west,coral,unifrac
S47,S20,0.8435023652822367,648.198051533943,east,mangrove,west,coral,unifrac
S48,S20,0.6473159348738827,648.198051533943,east,mangrove,west,coral,unifrac
S49,S20,0.8915474186893736,649.198051533943,east,mangrove,west,coral,unifrac
S50,S20,0.7759254954478012,649.198051533943,east,mangrove,west,coral,unifrac
S51,S20,0.6356614613406825,714.5411972844498,east,seagrass,west,coral,unifrac
S52,S20,0.6320177055789915,714.5411972844498,east,seagrass,west,coral,unifrac
S53,S20,0.598923872947423,714.5411972844498,east,seagrass,west,coral,unifrac
S54,S20,0.6072862176815297,713.5411972844498,east,seagrass,west,coral,unifrac
S55,S20,0.631530037769509,713.5411972844498,east,seagrass,west,coral,unifrac
S56,S20,0.5478429229311563,530.5117600329269,west,coral,west,coral,unifrac
S57,S20,0.47142378664655227,530.5117600329269,west,coral,west,coral,unifrac
S58,S20,0.47976628637373003,531.9259735953,west,coral,west,coral,unifrac
S59,S20,0.5356145698568735,531.5117600329269,west,coral,west,coral,unifrac
S60,S20,0.5725548656927402,530.5117600329269,west,coral,west,coral,unifrac
S61,S20,0.5418742883349636,523.5411972844498,west,mangrove,west,coral,unifrac
S62,S20,0.5952656354279813,523.5411972844498,west,mangrove,west,coral,unifrac
S63,S20,0.5881617296548305,524.5411972844498,west,mangrove,west,coral,unifrac
S64,S20,0.5557486259534166,524.9554108468229,west,mangrove,west,coral,unifrac
S65,S20,0.5329020951515504,525.9554108468229,west,mangrove,west,coral,unifrac
S66,S20,0.6579133786022827,550.5411972844494,west,seagrass,west,coral,unifrac
S67,S20,0.5884787201365647,550.5411972844494,west,seagrass,west,coral,unifrac
S68,S20,0.5810555341375678,550.5411972844494,west,seagrass,west,coral,unifrac
S69,S20,0.5840150702115174,550.5411972844494,west,seagrass,west,coral,unifrac
S70,S20,0.6109748418412704,550.9554108468225,west,seagrass,west,coral,unifrac
S71,S20,0.9771166322585207,864.4234482783573,east,coral,west,coral,unifrac
S73,S20,0.9840245731068987,864.4234482783573,east,coral,west,coral,unifrac
S74,S20,0.9408706152233062,864.4234482783573,east,coral,west,coral,unifrac
S75,S20,0.9212973719977269,864.4234482783573,east,coral,west,coral,unifrac
S77,S20,0.8449380422384958,840.9381669041188,east,coral,west,coral,unifrac
S78,S20,0.7650566116109567,840.9381669041188,east,coral,west,coral,unifrac
S80,S20,0.9224229439707526,840.9381669041188,east,coral,west,coral,unifrac
S81,S20,0.661641060870571,835.3229432149691,east,mangrove,west,coral,unifrac
S82,S20,0.6911997472773589,835.3229432149691,east,mangrove,west,coral,unifrac
S83,S20,0.6829877077500911,835.3229432149691,east,mangrove,west,coral,unifrac
S84,S20,0.6703911133740372,835.3229432149691,east,mangrove,west,coral,unifrac
S85,S20,0.7158924665020192,835.3229432149691,east,mangrove,west,coral,unifrac
S86,S20,0.6440323381023106,420.68838354206605,west,mangrove,west,coral,unifrac
S87,S20,0.6823348556404203,420.68838354206605,west,mangrove,west,coral,unifrac
S88,S20,0.8288387405214167,420.27416997969294,west,mangrove,west,coral,unifrac
S89,S20,0.8551185395416435,420.27416997969294,west,mangrove,west,coral,unifrac
S90,S20,0.9023269248926605,420.27416997969294,west,mangrove,west,coral,unifrac
S91,S20,0.531850843128639,404.3452377915587,west,seagrass,west,coral,unifrac
S92,S20,0.5830651925311477,405.34523779155865,west,seagrass,west,coral,unifrac
S93,S20,0.6405857124716946,405.34523779155865,west,seagrass,west,coral,unifrac
S94,S20,0.798833552555047,404.3452377915587,west,seagrass,west,coral,unifrac
S95,S20,0.5865219118433139,404.3452377915587,west,seagrass,west,coral,unifrac
S96,S20,0.8253594243289487,327.9188309203673,west,mangrove,west,coral,unifrac
S97,S20,0.7801898042230121,327.9188309203673,west,mangrove,west,coral,unifrac
S98,S20,0.7919575847268744,327.9188309203673,west,mangrove,west,coral,unifrac
S99,S20,0.7816150402607349,327.9188309203673,west,mangrove,west,coral,unifrac
S100,S20,0.8021783940074508,328.9188309203673,west,mangrove,west,coral,unifrac
S101,S20,0.833040959152436,262.16147160748767,west,coral,west,coral,unifrac
S102,S20,0.8824012776398263,263.40411229460693,west,coral,west,coral,unifrac
S103,S20,0.8783919166650447,263.81832585698,west,coral,west,coral,unifrac
S104,S20,0.8321059519084814,265.4041122946069,west,coral,west,coral,unifrac
S105,S20,0.8137897509258719,263.5756851698607,west,coral,west,coral,unifrac
S106,S20,0.6421473964269533,97.78174593052029,west,mangrove,west,coral,unifrac
S107,S20,0.6542097379745556,97.3675323681472,west,mangrove,west,coral,unifrac
S108,S20,0.7065137784102149,96.3675323681472,west,mangrove,west,coral,unifrac
S109,S20,0.7630915660929294,95.95331880577409,west,mangrove,west,coral,unifrac
S110,S20,0.7287041805951017,95.95331880577409,west,mangrove,west,coral,unifrac
S22,S21,0.6728392490126806,0,east,mangrove,east,mangrove,unifrac
S23,S21,0.8342712402419629,0,east,mangrove,east,mangrove,unifrac
S24,S21,0.8296529165797757,0,east,mangrove,east,mangrove,unifrac
S25,S21,0.9108809746823775,0,east,mangrove,east,mangrove,unifrac
S26,S21,0.8001268427973476,1,east,seagrass,east,mangrove,unifrac
S27,S21,0.5771490827241279,1,east,seagrass,east,mangrove,unifrac
S28,S21,0.6062934002750363,0,east,seagrass,east,mangrove,unifrac
S29,S21,0.6220226030159638,1,east,seagrass,east,mangrove,unifrac
S30,S21,0.699602951886997,1,east,seagrass,east,mangrove,unifrac
S31,S21,0.8502206171271318,3.8284271247461903,east,coral,east,mangrove,unifrac
S32,S21,0.7185555211617978,3.8284271247461903,east,coral,east,mangrove,unifrac
S33,S21,0.7976585802551153,2.8284271247461903,east,coral,east,mangrove,unifrac
S34,S21,0.7592896063979605,2.8284271247461903,east,coral,east,mangrove,unifrac
S35,S21,0.8470191237037404,2.8284271247461903,east,coral,east,mangrove,unifrac
S36,S21,0.9821537408866942,122.65180361560915,east,mangrove,east,mangrove,unifrac
S37,S21,0.976114154366903,121.65180361560915,east,mangrove,east,mangrove,unifrac
S38,S21,0.9783933081368636,120.65180361560915,east,mangrove,east,mangrove,unifrac
S39,S21,0.9796017316076542,120.06601717798226,east,mangrove,east,mangrove,unifrac
S40,S21,0.9871669068931533,118.65180361560915,east,mangrove,east,mangrove,unifrac
S41,S21,0.9023555209558974,229.72287142747467,east,coral,east,mangrove,unifrac
S42,S21,0.9076477977757158,229.30865786510157,east,coral,east,mangrove,unifrac
S43,S21,0.7689787667546532,229.30865786510157,east,coral,east,mangrove,unifrac
S44,S21,0.9090698242993126,230.30865786510157,east,coral,east,mangrove,unifrac
S45,S21,0.889705532785894,229.30865786510157,east,coral,east,mangrove,unifrac
S46,S21,0.9656126412382818,228.72287142747467,east,mangrove,east,mangrove,unifrac
S47,S21,0.9914961715844636,228.72287142747467,east,mangrove,east,mangrove,unifrac
S48,S21,0.9689905298706236,228.72287142747467,east,mangrove,east,mangrove,unifrac
S49,S21,0.9854348949987902,229.72287142747467,east,mangrove,east,mangrove,unifrac
S50,S21,0.9338848236994581,229.72287142747467,east,mangrove,east,mangrove,unifrac
S51,S21,0.8971990692407379,295.06601717798156,east,seagrass,east,mangrove,unifrac
S52,S21,0.9324121691320731,295.06601717798156,east,seagrass,east,mangrove,unifrac
S53,S21,0.9476822266561624,295.06601717798156,east,seagrass,east,mangrove,unifrac
S54,S21,0.9297125470224012,294.0660171779816,east,seagrass,east,mangrove,unifrac
S55,S21,0.9518701512283769,294.0660171779816,east,seagrass,east,mangrove,unifrac
S56,S21,0.90018970593364,941.6437943888895,west,coral,east,mangrove,unifrac
S57,S21,0.9335637194604929,941.6437943888895,west,coral,east,mangrove,unifrac
S58,S21,0.941928072097115,942.2295808265163,west,coral,east,mangrove,unifrac
S59,S21,0.9312863654653359,941.2295808265163,west,coral,east,mangrove,unifrac
S60,S21,0.9351038004230944,941.6437943888895,west,coral,east,mangrove,unifrac
S61,S21,0.9222216762122072,931.6437943888897,west,mangrove,east,mangrove,unifrac
S62,S21,0.910520328088105,931.6437943888897,west,mangrove,east,mangrove,unifrac
S63,S21,0.9383231645297387,930.6437943888897,west,mangrove,east,mangrove,unifrac
S64,S21,0.930149224443177,931.0580079512628,west,mangrove,east,mangrove,unifrac
S65,S21,0.9308886518512018,930.6437943888897,west,mangrove,east,mangrove,unifrac
S66,S21,0.9016541530759711,919.2884553295625,west,seagrass,east,mangrove,unifrac
S67,S21,0.9342228521210824,919.2884553295625,west,seagrass,east,mangrove,unifrac
S68,S21,0.9233021529809684,919.2884553295625,west,seagrass,east,mangrove,unifrac
S69,S21,0.9486571479736974,919.2884553295625,west,seagrass,east,mangrove,unifrac
S70,S21,0.9147927885351758,920.2884553295625,west,seagrass,east,mangrove,unifrac
S71,S21,0.7442703327466648,444.9482681718889,east,coral,east,mangrove,unifrac
S73,S21,0.9808022019017976,444.9482681718889,east,coral,east,mangrove,unifrac
S74,S21,0.9451090628986347,444.9482681718889,east,coral,east,mangrove,unifrac
S75,S21,0.9327717384326599,444.9482681718889,east,coral,east,mangrove,unifrac
S77,S21,0.8569848382799722,421.46298679765033,east,coral,east,mangrove,unifrac
S78,S21,0.8049866002872426,421.46298679765033,east,coral,east,mangrove,unifrac
S80,S21,0.7762729620289394,421.46298679765033,east,coral,east,mangrove,unifrac
S81,S21,0.9442655371916175,415.8477631085006,east,mangrove,east,mangrove,unifrac
S82,S21,0.9610507027972495,415.8477631085006,east,mangrove,east,mangrove,unifrac
S83,S21,0.9505955515112567,415.8477631085006,east,mangrove,east,mangrove,unifrac
S84,S21,0.947453699303569,415.8477631085006,east,mangrove,east,mangrove,unifrac
S85,S21,0.9480436041919199,415.8477631085006,east,mangrove,east,mangrove,unifrac
S86,S21,0.9482037331571237,840.1635636485345,west,mangrove,east,mangrove,unifrac
S87,S21,0.898946920907814,840.1635636485345,west,mangrove,east,mangrove,unifrac
S88,S21,0.9475055814062598,839.7493500861614,west,mangrove,east,mangrove,unifrac
S89,S21,0.9339107468985499,839.7493500861614,west,mangrove,east,mangrove,unifrac
S90,S21,0.9477718560678229,839.7493500861614,west,mangrove,east,mangrove,unifrac
S91,S21,0.91748486511331,823.8204178980272,west,seagrass,east,mangrove,unifrac
S92,S21,0.914489292610544,824.8204178980272,west,seagrass,east,mangrove,unifrac
S93,S21,0.8886272160207591,824.8204178980272,west,seagrass,east,mangrove,unifrac
S94,S21,0.7703675048618179,823.8204178980272,west,seagrass,east,mangrove,unifrac
S95,S21,0.9356602674741235,823.8204178980272,west,seagrass,east,mangrove,unifrac
S96,S21,0.924617696771235,747.3940110268358,west,mangrove,east,mangrove,unifrac
S97,S21,0.9332629312184882,747.3940110268358,west,mangrove,east,mangrove,unifrac
S98,S21,0.9462050147443475,747.3940110268358,west,mangrove,east,mangrove,unifrac
S99,S21,0.9528540115155495,747.3940110268358,west,mangrove,east,mangrove,unifrac
S100,S21,0.9447636490719281,748.3940110268358,west,mangrove,east,mangrove,unifrac
S101,S21,0.8320397729877878,681.6366517139559,west,coral,east,mangrove,unifrac
S102,S21,0.8076659213406457,682.8792924010752,west,coral,east,mangrove,unifrac
S103,S21,0.8058686724784864,683.2935059634483,west,coral,east,mangrove,unifrac
S104,S21,0.7810085836361477,684.8792924010751,west,coral,east,mangrove,unifrac
S105,S21,0.7173427933755268,683.050865276329,west,coral,east,mangrove,unifrac
S106,S21,0.928588339489459,517.256926036991,west,mangrove,east,mangrove,unifrac
S107,S21,0.908371812323759,516.8427124746179,west,mangrove,east,mangrove,unifrac
S108,S21,0.920059689642198,515.8427124746179,west,mangrove,east,mangrove,unifrac
S109,S21,0.8552700400800394,515.4284989122449,west,mangrove,east,mangrove,unifrac
S110,S21,0.8387394568426896,515.4284989122449,west,mangrove,east,mangrove,unifrac
S23,S22,0.5681325169700202,0,east,mangrove,east,mangrove,unifrac
S24,S22,0.5134174110196076,0,east,mangrove,east,mangrove,unifrac
S25,S22,0.7423170716874941,0,east,mangrove,east,mangrove,unifrac
S26,S22,0.7040489658320714,1,east,seagrass,east,mangrove,unifrac
S27,S22,0.47129046264337937,1,east,seagrass,east,mangrove,unifrac
S28,S22,0.7819253338046036,0,east,seagrass,east,mangrove,unifrac
S29,S22,0.8430272112675904,1,east,seagrass,east,mangrove,unifrac
S30,S22,0.5185728660434747,1,east,seagrass,east,mangrove,unifrac
S31,S22,0.6902567036707085,3.8284271247461903,east,coral,east,mangrove,unifrac
S32,S22,0.6018626059589661,3.8284271247461903,east,coral,east,mangrove,unifrac
S33,S22,0.734175133629181,2.8284271247461903,east,coral,east,mangrove,unifrac
S34,S22,0.6920461841268353,2.8284271247461903,east,coral,east,mangrove,unifrac
S35,S22,0.6435135194094409,2.8284271247461903,east,coral,east,mangrove,unifrac
S36,S22,0.9125920947777478,122.65180361560915,east,mangrove,east,mangrove,unifrac
S37,S22,0.9149712699121252,121.65180361560915,east,mangrove,east,mangrove,unifrac
S38,S22,0.9258393664824978,120.65180361560915,east,mangrove,east,mangrove,unifrac
S39,S22,0.9081373290681146,120.06601717798226,east,mangrove,east,mangrove,unifrac
S40,S22,0.8452925313432482,118.65180361560915,east,mangrove,east,mangrove,unifrac
S41,S22,0.6630125569850038,229.72287142747467,east,coral,east,mangrove,unifrac
S42,S22,0.7635477748304447,229.30865786510157,east,coral,east,mangrove,unifrac
S43,S22,0.5997176996862803,229.30865786510157,east,coral,east,mangrove,unifrac
S44,S22,0.7595843484394703,230.30865786510157,east,coral,east,mangrove,unifrac
S45,S22,0.7005637403037316,229.30865786510157,east,coral,east,mangrove,unifrac
S46,S22,0.8635634966688401,228.72287142747467,east,mangrove,east,mangrove,unifrac
S47,S22,0.8106736602106047,228.72287142747467,east,mangrove,east,mangrove,unifrac
S48,S22,0.8468138915268723,228.72287142747467,east,mangrove,east,mangrove,unifrac
S49,S22,0.6643101415060967,229.72287142747467,east,mangrove,east,mangrove,unifrac
S50,S22,0.6950007285083455,229.72287142747467,east,mangrove,east,mangrove,unifrac
S51,S22,0.698831487502466,295.06601717798156,east,seagrass,east,mangrove,unifrac
S52,S22,0.7802453620716745,295.06601717798156,east,seagrass,east,mangrove,unifrac
S53,S22,0.8435253445779561,295.06601717798156,east,seagrass,east,mangrove,unifrac
S54,S22,0.7907583350881825,294.0660171779816,east,seagrass,east,mangrove,unifrac
S55,S22,0.8428249666615948,294.0660171779816,east,seagrass,east,mangrove,unifrac
S56,S22,0.7638935242669905,941.6437943888895,west,coral,east,mangrove,unifrac
S57,S22,0.7948625067368277,941.6437943888895,west,coral,east,mangrove,unifrac
S58,S22,0.8467672211906778,942.2295808265163,west,coral,east,mangrove,unifrac
S59,S22,0.8197611874559692,941.2295808265163,west,coral,east,mangrove,unifrac
S60,S22,0.8425973303732162,941.6437943888895,west,coral,east,mangrove,unifrac
S61,S22,0.8067896733589505,931.6437943888897,west,mangrove,east,mangrove,unifrac
S62,S22,0.7813576153090706,931.6437943888897,west,mangrove,east,mangrove,unifrac
S63,S22,0.823855498685266,930.6437943888897,west,mangrove,east,mangrove,unifrac
S64,S22,0.8244473693682349,931.0580079512628,west,mangrove,east,mangrove,unifrac
S65,S22,0.826955886651933,930.6437943888897,west,mangrove,east,mangrove,unifrac
S66,S22,0.7317024433834212,919.2884553295625,west,seagrass,east,mangrove,unifrac
S67,S22,0.8057005392353379,919.2884553295625,west,seagrass,east,mangrove,unifrac
S68,S22,0.7815086057428917,919.2884553295625,west,seagrass,east,mangrove,unifrac
S69,S22,0.8375273578225335,919.2884553295625,west,seagrass,east,mangrove,unifrac
S70,S22,0.7916046789128945,920.2884553295625,west,seagrass,east,mangrove,unifrac
S71,S22,0.9030251561170151,444.9482681718889,east,coral,east,mangrove,unifrac
S73,S22,0.9328438822130759,444.9482681718889,east,coral,east,mangrove,unifrac
S74,S22,0.741797462074092,444.9482681718889,east,coral,east,mangrove,unifrac
S75,S22,0.8352920419032853,444.9482681718889,east,coral,east,mangrove,unifrac
S77,S22,0.7350184339857396,421.46298679765033,east,coral,east,mangrove,unifrac
S78,S22,0.7293938056290631,421.46298679765033,east,coral,east,mangrove,unifrac
S80,S22,0.832941105659785,421.46298679765033,east,coral,east,mangrove,unifrac
S81,S22,0.8339496706111493,415.8477631085006,east,mangrove,east,mangrove,unifrac
S82,S22,0.8865398030536485,415.8477631085006,east,mangrove,east,mangrove,unifrac
S83,S22,0.8549616293871716,415.8477631085006,east,mangrove,east,mangrove,unifrac
S84,S22,0.8458127305062572,415.8477631085006,east,mangrove,east,mangrove,unifrac
S85,S22,0.8230191151597462,415.8477631085006,east,mangrove,east,mangrove,unifrac
S86,S22,0.8318506488963398,840.1635636485345,west,mangrove,east,mangrove,unifrac
S87,S22,0.7691251587735679,840.1635636485345,west,mangrove,east,mangrove,unifrac
S88,S22,0.8662556971733961,839.7493500861614,west,mangrove,east,mangrove,unifrac
S89,S22,0.8257879652933842,839.7493500861614,west,mangrove,east,mangrove,unifrac
S90,S22,0.8601822453154075,839.7493500861614,west,mangrove,east,mangrove,unifrac
S91,S22,0.7938910902455439,823.8204178980272,west,seagrass,east,mangrove,unifrac
S92,S22,0.7801247798235961,824.8204178980272,west,seagrass,east,mangrove,unifrac
S93,S22,0.755590350009512,824.8204178980272,west,seagrass,east,mangrove,unifrac
S94,S22,0.5827615199930052,823.8204178980272,west,seagrass,east,mangrove,unifrac
S95,S22,0.7703940774423353,823.8204178980272,west,seagrass,east,mangrove,unifrac
S96,S22,0.8463526073284547,747.3940110268358,west,mangrove,east,mangrove,unifrac
S97,S22,0.8212270942287482,747.3940110268358,west,mangrove,east,mangrove,unifrac
S98,S22,0.8401069657815937,747.3940110268358,west,mangrove,east,mangrove,unifrac
S99,S22,0.8585214144067227,747.3940110268358,west,mangrove,east,mangrove,unifrac
S100,S22,0.8677070574359116,748.3940110268358,west,mangrove,east,mangrove,unifrac
S101,S22,0.6428475538818313,681.6366517139559,west,coral,east,mangrove,unifrac
S102,S22,0.6732013943035872,682.8792924010752,west,coral,east,mangrove,unifrac
S103,S22,0.7294204443605724,683.2935059634483,west,coral,east,mangrove,unifrac
S104,S22,0.624306607815946,684.8792924010751,west,coral,east,mangrove,unifrac
S105,S22,0.5443012888034146,683.050865276329,west,coral,east,mangrove,unifrac
S106,S22,0.7905658228236098,517.256926036991,west,mangrove,east,mangrove,unifrac
S107,S22,0.7764887328009374,516.8427124746179,west,mangrove,east,mangrove,unifrac
S108,S22,0.8060809663427485,515.8427124746179,west,mangrove,east,mangrove,unifrac
S109,S22,0.7165509757077289,515.4284989122449,west,mangrove,east,mangrove,unifrac
S110,S22,0.7064152872403006,515.4284989122449,west,mangrove,east,mangrove,unifrac
S24,S23,0.46014273545659107,0,east,mangrove,east,mangrove,unifrac
S25,S23,0.47149725251955127,0,east,mangrove,east,mangrove,unifrac
S26,S23,0.4933110878122244,1,east,seagrass,east,mangrove,unifrac
S27,S23,0.7482834406504423,1,east,seagrass,east,mangrove,unifrac
S28,S23,0.7457865580021869,0,east,seagrass,east,mangrove,unifrac
S29,S23,0.8342769761724995,1,east,seagrass,east,mangrove,unifrac
S30,S23,0.6616680278487946,1,east,seagrass,east,mangrove,unifrac
S31,S23,0.5236211272710973,3.8284271247461903,east,coral,east,mangrove,unifrac
S32,S23,0.674851279508088,3.8284271247461903,east,coral,east,mangrove,unifrac
S33,S23,0.5708324976088728,2.8284271247461903,east,coral,east,mangrove,unifrac
S34,S23,0.7679520215852401,2.8284271247461903,east,coral,east,mangrove,unifrac
S35,S23,0.5331834774642548,2.8284271247461903,east,coral,east,mangrove,unifrac
S36,S23,0.9395123203489797,122.65180361560915,east,mangrove,east,mangrove,unifrac
S37,S23,0.9530421828656509,121.65180361560915,east,mangrove,east,mangrove,unifrac
S38,S23,0.9487639546381511,120.65180361560915,east,mangrove,east,mangrove,unifrac
S39,S23,0.9476524772457922,120.06601717798226,east,mangrove,east,mangrove,unifrac
S40,S23,0.8942373054300504,118.65180361560915,east,mangrove,east,mangrove,unifrac
S41,S23,0.6821532856724712,229.72287142747467,east,coral,east,mangrove,unifrac
S42,S23,0.5946822348230103,229.30865786510157,east,coral,east,mangrove,unifrac
S43,S23,0.7329286016393046,229.30865786510157,east,coral,east,mangrove,unifrac
S44,S23,0.6414693786905805,230.30865786510157,east,coral,east,mangrove,unifrac
S45,S23,0.6410028311084055,229.30865786510157,east,coral,east,mangrove,unifrac
S46,S23,0.8435971970456395,228.72287142747467,east,mangrove,east,mangrove,unifrac
S47,S23,0.8641370938118319,228.72287142747467,east,mangrove,east,mangrove,unifrac
S48,S23,0.8245218112404132,228.72287142747467,east,mangrove,east,mangrove,unifrac
S49,S23,0.8147646718812828,229.72287142747467,east,mangrove,east,mangrove,unifrac
S50,S23,0.7568522608542292,229.72287142747467,east,mangrove,east,mangrove,unifrac
S51,S23,0.7189248761793444,295.06601717798156,east,seagrass,east,mangrove,unifrac
S52,S23,0.7319119289153231,295.06601717798156,east,seagrass,east,mangrove,unifrac
S53,S23,0.7795630935253473,295.06601717798156,east,seagrass,east,mangrove,unifrac
S54,S23,0.7776053051485526,294.0660171779816,east,seagrass,east,mangrove,unifrac
S55,S23,0.7988991621865852,294.0660171779816,east,seagrass,east,mangrove,unifrac
S56,S23,0.711149994191284,941.6437943888895,west,coral,east,mangrove,unifrac
S57,S23,0.7440933074772631,941.6437943888895,west,coral,east,mangrove,unifrac
S58,S23,0.7783670027248359,942.2295808265163,west,coral,east,mangrove,unifrac
S59,S23,0.7919493835525359,941.2295808265163,west,coral,east,mangrove,unifrac
S60,S23,0.7715650153193372,941.6437943888895,west,coral,east,mangrove,unifrac
S61,S23,0.7532236225673563,931.6437943888897,west,mangrove,east,mangrove,unifrac
S62,S23,0.7158982280119073,931.6437943888897,west,mangrove,east,mangrove,unifrac
S63,S23,0.7724105303390845,930.6437943888897,west,mangrove,east,mangrove,unifrac
S64,S23,0.7632725118293336,931.0580079512628,west,mangrove,east,mangrove,unifrac
S65,S23,0.7580916418068254,930.6437943888897,west,mangrove,east,mangrove,unifrac
S66,S23,0.7231751764309013,919.2884553295625,west,seagrass,east,mangrove,unifrac
S67,S23,0.7685754600146719,919.2884553295625,west,seagrass,east,mangrove,unifrac
S68,S23,0.7563501981071057,919.2884553295625,west,seagrass,east,mangrove,unifrac
S69,S23,0.79388281914824,919.2884553295625,west,seagrass,east,mangrove,unifrac
S70,S23,0.7398466639203917,920.2884553295625,west,seagrass,east,mangrove,unifrac
S71,S23,0.9042861825019832,444.9482681718889,east,coral,east,mangrove,unifrac
S73,S23,0.9644538539316251,444.9482681718889,east,coral,east,mangrove,unifrac
S74,S23,0.8123958900715484,444.9482681718889,east,coral,east,mangrove,unifrac
S75,S23,0.8599810792304712,444.9482681718889,east,coral,east,mangrove,unifrac
S77,S23,0.7286586485375619,421.46298679765033,east,coral,east,mangrove,unifrac
S78,S23,0.6672571970237812,421.46298679765033,east,coral,east,mangrove,unifrac
S80,S23,0.9062786774807697,421.46298679765033,east,coral,east,mangrove,unifrac
S81,S23,0.770675672027284,415.8477631085006,east,mangrove,east,mangrove,unifrac
S82,S23,0.8178213076347453,415.8477631085006,east,mangrove,east,mangrove,unifrac
S83,S23,0.7997302356905165,415.8477631085006,east,mangrove,east,mangrove,unifrac
S84,S23,0.7923530123485479,415.8477631085006,east,mangrove,east,mangrove,unifrac
S85,S23,0.7938765915816159,415.8477631085006,east,mangrove,east,mangrove,unifrac
S86,S23,0.8130039680878574,840.1635636485345,west,mangrove,east,mangrove,unifrac
S87,S23,0.7665444011968506,840.1635636485345,west,mangrove,east,mangrove,unifrac
S88,S23,0.8880665632800291,839.7493500861614,west,mangrove,east,mangrove,unifrac
S89,S23,0.8634962517901981,839.7493500861614,west,mangrove,east,mangrove,unifrac
S90,S23,0.8908488697488612,839.7493500861614,west,mangrove,east,mangrove,unifrac
S91,S23,0.7666982806456811,823.8204178980272,west,seagrass,east,mangrove,unifrac
S92,S23,0.7562221635954104,824.8204178980272,west,seagrass,east,mangrove,unifrac
S93,S23,0.7932418993819679,824.8204178980272,west,seagrass,east,mangrove,unifrac
S94,S23,0.7246454324387769,823.8204178980272,west,seagrass,east,mangrove,unifrac
S95,S23,0.7912146335072848,823.8204178980272,west,seagrass,east,mangrove,unifrac
S96,S23,0.832904095194264,747.3940110268358,west,mangrove,east,mangrove,unifrac
S97,S23,0.8153845329652402,747.3940110268358,west,mangrove,east,mangrove,unifrac
S98,S23,0.83902603134087,747.3940110268358,west,mangrove,east,mangrove,unifrac
S99,S23,0.8251211291934247,747.3940110268358,west,mangrove,east,mangrove,unifrac
S100,S23,0.8482261825415264,748.3940110268358,west,mangrove,east,mangrove,unifrac
S101,S23,0.7620153094000329,681.6366517139559,west,coral,east,mangrove,unifrac
S102,S23,0.8201725578611327,682.8792924010752,west,coral,east,mangrove,unifrac
S103,S23,0.8082327235737276,683.2935059634483,west,coral,east,mangrove,unifrac
S104,S23,0.7709332411157337,684.8792924010751,west,coral,east,mangrove,unifrac
S105,S23,0.6406737203733751,683.050865276329,west,coral,east,mangrove,unifrac
S106,S23,0.7628361385518876,517.256926036991,west,mangrove,east,mangrove,unifrac
S107,S23,0.7484842396308538,516.8427124746179,west,mangrove,east,mangrove,unifrac
S108,S23,0.7703124070205651,515.8427124746179,west,mangrove,east,mangrove,unifrac
S109,S23,0.7458490305932217,515.4284989122449,west,mangrove,east,mangrove,unifrac
S110,S23,0.7941885290592354,515.4284989122449,west,mangrove,east,mangrove,unifrac
S25,S24,0.49926007721752697,0,east,mangrove,east,mangrove,unifrac
S26,S24,0.5952416931749724,1,east,seagrass,east,mangrove,unifrac
S27,S24,0.7043944942833826,1,east,seagrass,east,mangrove,unifrac
S28,S24,0.7508904619645692,0,east,seagrass,east,mangrove,unifrac
S29,S24,0.910739559073772,1,east,seagrass,east,mangrove,unifrac
S30,S24,0.5558295080188427,1,east,seagrass,east,mangrove,unifrac
S31,S24,0.4910871544897551,3.8284271247461903,east,coral,east,mangrove,unifrac
S32,S24,0.5889002981129221,3.8284271247461903,east,coral,east,mangrove,unifrac
S33,S24,0.6076619276638888,2.8284271247461903,east,coral,east,mangrove,unifrac
S34,S24,0.7299357084532861,2.8284271247461903,east,coral,east,mangrove,unifrac
S35,S24,0.5152754151931448,2.8284271247461903,east,coral,east,mangrove,unifrac
S36,S24,0.946237676079542,122.65180361560915,east,mangrove,east,mangrove,unifrac
S37,S24,0.9518578484471463,121.65180361560915,east,mangrove,east,mangrove,unifrac
S38,S24,0.9560183086476582,120.65180361560915,east,mangrove,east,mangrove,unifrac
S39,S24,0.9463853229593521,120.06601717798226,east,mangrove,east,mangrove,unifrac
S40,S24,0.8997792742942368,118.65180361560915,east,mangrove,east,mangrove,unifrac
S41,S24,0.7175905586489821,229.72287142747467,east,coral,east,mangrove,unifrac
S42,S24,0.5303757991070183,229.30865786510157,east,coral,east,mangrove,unifrac
S43,S24,0.685138552844533,229.30865786510157,east,coral,east,mangrove,unifrac
S44,S24,0.5480245329559275,230.30865786510157,east,coral,east,mangrove,unifrac
S45,S24,0.6382816341027958,229.30865786510157,east,coral,east,mangrove,unifrac
S46,S24,0.8319866512546142,228.72287142747467,east,mangrove,east,mangrove,unifrac
S47,S24,0.81269678148206,228.72287142747467,east,mangrove,east,mangrove,unifrac
S48,S24,0.8014462434408741,228.72287142747467,east,mangrove,east,mangrove,unifrac
S49,S24,0.8061022439992579,229.72287142747467,east,mangrove,east,mangrove,unifrac
S50,S24,0.702275726744329,229.72287142747467,east,mangrove,east,mangrove,unifrac
S51,S24,0.636925865092083,295.06601717798156,east,seagrass,east,mangrove,unifrac
S52,S24,0.7006211214562181,295.06601717798156,east,seagrass,east,mangrove,unifrac
S53,S24,0.7734238011785138,295.06601717798156,east,seagrass,east,mangrove,unifrac
S54,S24,0.7463967981645899,294.0660171779816,east,seagrass,east,mangrove,unifrac
S55,S24,0.7749318701756298,294.0660171779816,east,seagrass,east,mangrove,unifrac
S56,S24,0.6670777264255355,941.6437943888895,west,coral,east,mangrove,unifrac
S57,S24,0.6950736571035672,941.6437943888895,west,coral,east,mangrove,unifrac
S58,S24,0.7336311552118665,942.2295808265163,west,coral,east,mangrove,unifrac
S59,S24,0.7336094147738038,941.2295808265163,west,coral,east,mangrove,unifrac
S60,S24,0.7327100575639506,941.6437943888895,west,coral,east,mangrove,unifrac
S61,S24,0.7144691698429451,931.6437943888897,west,mangrove,east,mangrove,unifrac
S62,S24,0.6716604146445702,931.6437943888897,west,mangrove,east,mangrove,unifrac
S63,S24,0.7341085302360556,930.6437943888897,west,mangrove,east,mangrove,unifrac
S64,S24,0.7275583981894037,931.0580079512628,west,mangrove,east,mangrove,unifrac
S65,S24,0.7272707765090893,930.6437943888897,west,mangrove,east,mangrove,unifrac
S66,S24,0.6953016599215838,919.2884553295625,west,seagrass,east,mangrove,unifrac
S67,S24,0.7111321701411106,919.2884553295625,west,seagrass,east,mangrove,unifrac
S68,S24,0.7052001692047855,919.2884553295625,west,seagrass,east,mangrove,unifrac
S69,S24,0.7505150581676602,919.2884553295625,west,seagrass,east,mangrove,unifrac
S70,S24,0.7005677199474635,920.2884553295625,west,seagrass,east,mangrove,unifrac
S71,S24,0.901618948469732,444.9482681718889,east,coral,east,mangrove,unifrac
S73,S24,0.9123888255318217,444.9482681718889,east,coral,east,mangrove,unifrac
S74,S24,0.7989101800551177,444.9482681718889,east,coral,east,mangrove,unifrac
S75,S24,0.8538017286361764,444.9482681718889,east,coral,east,mangrove,unifrac
S77,S24,0.7128302979907771,421.46298679765033,east,coral,east,mangrove,unifrac
S78,S24,0.7483515810832913,421.46298679765033,east,coral,east,mangrove,unifrac
S80,S24,0.8538054926827509,421.46298679765033,east,coral,east,mangrove,unifrac
S81,S24,0.759640566536295,415.8477631085006,east,mangrove,east,mangrove,unifrac
S82,S24,0.8227274473703544,415.8477631085006,east,mangrove,east,mangrove,unifrac
S83,S24,0.7860039452579274,415.8477631085006,east,mangrove,east,mangrove,unifrac
S84,S24,0.7865307501138952,415.8477631085006,east,mangrove,east,mangrove,unifrac
S85,S24,0.7688983528647075,415.8477631085006,east,mangrove,east,mangrove,unifrac
S86,S24,0.8051162465377083,840.1635636485345,west,mangrove,east,mangrove,unifrac
S87,S24,0.756440769702663,840.1635636485345,west,mangrove,east,mangrove,unifrac
S88,S24,0.853353741943346,839.7493500861614,west,mangrove,east,mangrove,unifrac
S89,S24,0.8237336451559738,839.7493500861614,west,mangrove,east,mangrove,unifrac
S90,S24,0.8862803097281218,839.7493500861614,west,mangrove,east,mangrove,unifrac
S91,S24,0.7329837467984358,823.8204178980272,west,seagrass,east,mangrove,unifrac
S92,S24,0.729454833943446,824.8204178980272,west,seagrass,east,mangrove,unifrac
S93,S24,0.7307825369009018,824.8204178980272,west,seagrass,east,mangrove,unifrac
S94,S24,0.7123965810832956,823.8204178980272,west,seagrass,east,mangrove,unifrac
S95,S24,0.6964108318308033,823.8204178980272,west,seagrass,east,mangrove,unifrac
S96,S24,0.8296451063369644,747.3940110268358,west,mangrove,east,mangrove,unifrac
S97,S24,0.8105924782613932,747.3940110268358,west,mangrove,east,mangrove,unifrac
S98,S24,0.8304957009538773,747.3940110268358,west,mangrove,east,mangrove,unifrac
S99,S24,0.8430514165929868,747.3940110268358,west,mangrove,east,mangrove,unifrac
S100,S24,0.8534533778675587,748.3940110268358,west,mangrove,east,mangrove,unifrac
S101,S24,0.6885583902773385,681.6366517139559,west,coral,east,mangrove,unifrac
S102,S24,0.8142096710289249,682.8792924010752,west,coral,east,mangrove,unifrac
S103,S24,0.8056870437150112,683.2935059634483,west,coral,east,mangrove,unifrac
S104,S24,0.7498139231060827,684.8792924010751,west,coral,east,mangrove,unifrac
S105,S24,0.6997409050824525,683.050865276329,west,coral,east,mangrove,unifrac
S106,S24,0.7122708191996787,517.256926036991,west,mangrove,east,mangrove,unifrac
S107,S24,0.6951904899779994,516.8427124746179,west,mangrove,east,mangrove,unifrac
S108,S24,0.7255014476284245,515.8427124746179,west,mangrove,east,mangrove,unifrac
S109,S24,0.7869092327430484,515.4284989122449,west,mangrove,east,mangrove,unifrac
S110,S24,0.7340032803739686,515.4284989122449,west,mangrove,east,mangrove,unifrac
S26,S25,0.5862010082607937,1,east,seagrass,east,mangrove,unifrac
S27,S25,0.7900330469980256,1,east,seagrass,east,mangrove,unifrac
S28,S25,0.7971321841428208,0,east,seagrass,east,mangrove,unifrac
S29,S25,0.9105355498234583,1,east,seagrass,east,mangrove,unifrac
S30,S25,0.7187233850660868,1,east,seagrass,east,mangrove,unifrac
S31,S25,0.48694543852819566,3.8284271247461903,east,coral,east,mangrove,unifrac
S32,S25,0.696869093831883,3.8284271247461903,east,coral,east,mangrove,unifrac
S33,S25,0.5966249691766118,2.8284271247461903,east,coral,east,mangrove,unifrac
S34,S25,0.7595940655319695,2.8284271247461903,east,coral,east,mangrove,unifrac
S35,S25,0.49104774964771897,2.8284271247461903,east,coral,east,mangrove,unifrac
S36,S25,0.9572820106527166,122.65180361560915,east,mangrove,east,mangrove,unifrac
S37,S25,0.973619686111767,121.65180361560915,east,mangrove,east,mangrove,unifrac
S38,S25,0.9632206028144159,120.65180361560915,east,mangrove,east,mangrove,unifrac
S39,S25,0.9700767518196353,120.06601717798226,east,mangrove,east,mangrove,unifrac
S40,S25,0.9285904945181322,118.65180361560915,east,mangrove,east,mangrove,unifrac
S41,S25,0.6776927830107186,229.72287142747467,east,coral,east,mangrove,unifrac
S42,S25,0.4534654665558589,229.30865786510157,east,coral,east,mangrove,unifrac
S43,S25,0.7644052021744897,229.30865786510157,east,coral,east,mangrove,unifrac
S44,S25,0.43186418488236633,230.30865786510157,east,coral,east,mangrove,unifrac
S45,S25,0.5878570964750242,229.30865786510157,east,coral,east,mangrove,unifrac
S46,S25,0.7694970351210643,228.72287142747467,east,mangrove,east,mangrove,unifrac
S47,S25,0.8556974894454741,228.72287142747467,east,mangrove,east,mangrove,unifrac
S48,S25,0.720675920278132,228.72287142747467,east,mangrove,east,mangrove,unifrac
S49,S25,0.8885015619511998,229.72287142747467,east,mangrove,east,mangrove,unifrac
S50,S25,0.7595636161277858,229.72287142747467,east,mangrove,east,mangrove,unifrac
S51,S25,0.6740324534639445,295.06601717798156,east,seagrass,east,mangrove,unifrac
S52,S25,0.6610830993820227,295.06601717798156,east,seagrass,east,mangrove,unifrac
S53,S25,0.6723714737601103,295.06601717798156,east,seagrass,east,mangrove,unifrac
S54,S25,0.6849600387677001,294.0660171779816,east,seagrass,east,mangrove,unifrac
S55,S25,0.700587900189746,294.0660171779816,east,seagrass,east,mangrove,unifrac
S56,S25,0.5566917665106441,941.6437943888895,west,coral,east,mangrove,unifrac
S57,S25,0.5444139990375835,941.6437943888895,west,coral,east,mangrove,unifrac
S58,S25,0.5924110892054107,942.2295808265163,west,coral,east,mangrove,unifrac
S59,S25,0.6200416370222467,941.2295808265163,west,coral,east,mangrove,unifrac
S60,S25,0.6364311279287679,941.6437943888895,west,coral,east,mangrove,unifrac
S61,S25,0.6238548824182675,931.6437943888897,west,mangrove,east,mangrove,unifrac
S62,S25,0.6544887251985227,931.6437943888897,west,mangrove,east,mangrove,unifrac
S63,S25,0.6680176460455023,930.6437943888897,west,mangrove,east,mangrove,unifrac
S64,S25,0.6375548568077986,931.0580079512628,west,mangrove,east,mangrove,unifrac
S65,S25,0.6327425669251484,930.6437943888897,west,mangrove,east,mangrove,unifrac
S66,S25,0.6639531127748862,919.2884553295625,west,seagrass,east,mangrove,unifrac
S67,S25,0.5949895380450324,919.2884553295625,west,seagrass,east,mangrove,unifrac
S68,S25,0.64714742331873365,919.2884553295625,west,seagrass,east,mangrove,unifrac
S69,S25,0.6630729011158898,919.2884553295625,west,seagrass,east,mangrove,unifrac
S70,S25,0.6423124944685489,920.2884553295625,west,seagrass,east,mangrove,unifrac
S71,S25,0.9486178555779944,444.9482681718889,east,coral,east,mangrove,unifrac
S73,S25,0.9541582349094532,444.9482681718889,east,coral,east,mangrove,unifrac
S74,S25,0.8475127714505364,444.9482681718889,east,coral,east,mangrove,unifrac
S75,S25,0.8292081732981105,444.9482681718889,east,coral,east,mangrove,unifrac
S77,S25,0.7233750800930602,421.46298679765033,east,coral,east,mangrove,unifrac
S78,S25,0.641148880802613,421.46298679765033,east,coral,east,mangrove,unifrac
S80,S25,0.8767585383739078,421.46298679765033,east,coral,east,mangrove,unifrac
S81,S25,0.6793298056585428,415.8477631085006,east,mangrove,east,mangrove,unifrac
S82,S25,0.6899890784290221,415.8477631085006,east,mangrove,east,mangrove,unifrac
S83,S25,0.6658017097669814,415.8477631085006,east,mangrove,east,mangrove,unifrac
S84,S25,0.6901378298729276,415.8477631085006,east,mangrove,east,mangrove,unifrac
S85,S25,0.7215623988452241,415.8477631085006,east,mangrove,east,mangrove,unifrac
S86,S25,0.703814876592563,840.1635636485345,west,mangrove,east,mangrove,unifrac
S87,S25,0.7216002136772139,840.1635636485345,west,mangrove,east,mangrove,unifrac
S88,S25,0.8481739655873567,839.7493500861614,west,mangrove,east,mangrove,unifrac
S89,S25,0.8649089644483372,839.7493500861614,west,mangrove,east,mangrove,unifrac
S90,S25,0.909282028629881,839.7493500861614,west,mangrove,east,mangrove,unifrac
S91,S25,0.6515447444540371,823.8204178980272,west,seagrass,east,mangrove,unifrac
S92,S25,0.6354780114634351,824.8204178980272,west,seagrass,east,mangrove,unifrac
S93,S25,0.7314208384028299,824.8204178980272,west,seagrass,east,mangrove,unifrac
S94,S25,0.78875970881829,823.8204178980272,west,seagrass,east,mangrove,unifrac
S95,S25,0.6284363831645483,823.8204178980272,west,seagrass,east,mangrove,unifrac
S96,S25,0.8060463604376463,747.3940110268358,west,mangrove,east,mangrove,unifrac
S97,S25,0.777465903392166,747.3940110268358,west,mangrove,east,mangrove,unifrac
S98,S25,0.791302866109351,747.3940110268358,west,mangrove,east,mangrove,unifrac
S99,S25,0.7881412441543605,747.3940110268358,west,mangrove,east,mangrove,unifrac
S100,S25,0.8137285506917616,748.3940110268358,west,mangrove,east,mangrove,unifrac
S101,S25,0.8150666145764321,681.6366517139559,west,coral,east,mangrove,unifrac
S102,S25,0.898775791922016,682.8792924010752,west,coral,east,mangrove,unifrac
S103,S25,0.891912254851804,683.2935059634483,west,coral,east,mangrove,unifrac
S104,S25,0.8460295003827121,684.8792924010751,west,coral,east,mangrove,unifrac
S105,S25,0.7702774378464885,683.050865276329,west,coral,east,mangrove,unifrac
S106,S25,0.6693372362014073,517.256926036991,west,mangrove,east,mangrove,unifrac
S107,S25,0.6759241936578027,516.8427124746179,west,mangrove,east,mangrove,unifrac
S108,S25,0.733735481677731,515.8427124746179,west,mangrove,east,mangrove,unifrac
S109,S25,0.7858638118895294,515.4284989122449,west,mangrove,east,mangrove,unifrac
S110,S25,0.7778600945643499,515.4284989122449,west,mangrove,east,mangrove,unifrac
S27,S26,0.5983252218724998,0,east,seagrass,east,seagrass,unifrac
S28,S26,0.5379364898875255,1,east,seagrass,east,seagrass,unifrac
S29,S26,0.7996996489488214,1.4142135623730951,east,seagrass,east,seagrass,unifrac
S30,S26,0.4318786189782154,1.4142135623730951,east,seagrass,east,seagrass,unifrac
S31,S26,0.4807557507576158,4.82842712474619,east,coral,east,seagrass,unifrac
S32,S26,0.5125349948972043,4.82842712474619,east,coral,east,seagrass,unifrac
S33,S26,0.2425416520838626,3.8284271247461903,east,coral,east,seagrass,unifrac
S34,S26,0.6816767926481243,3.8284271247461903,east,coral,east,seagrass,unifrac
S35,S26,0.5932697831441147,3.8284271247461903,east,coral,east,seagrass,unifrac
S36,S26,0.9793119119914269,123.65180361560915,east,mangrove,east,seagrass,unifrac
S37,S26,0.9923587654879358,122.65180361560915,east,mangrove,east,seagrass,unifrac
S38,S26,0.9921190264008201,121.65180361560915,east,mangrove,east,seagrass,unifrac
S39,S26,0.9927550341971686,121.06601717798226,east,mangrove,east,seagrass,unifrac
S40,S26,0.9467457749133659,119.65180361560915,east,mangrove,east,seagrass,unifrac
S41,S26,0.6754894946507748,230.72287142747467,east,coral,east,seagrass,unifrac
S42,S26,0.6393355713114496,230.30865786510157,east,coral,east,seagrass,unifrac
S43,S26,0.6033775716537327,230.30865786510157,east,coral,east,seagrass,unifrac
S44,S26,0.6643356247171105,231.30865786510157,east,coral,east,seagrass,unifrac
S45,S26,0.629658324979321,230.30865786510157,east,coral,east,seagrass,unifrac
S46,S26,0.8892022880538841,229.72287142747467,east,mangrove,east,seagrass,unifrac
S47,S26,0.9192340971134485,229.72287142747467,east,mangrove,east,seagrass,unifrac
S48,S26,0.8844592886345538,229.72287142747467,east,mangrove,east,seagrass,unifrac
S49,S26,0.9125282340122169,230.72287142747467,east,mangrove,east,seagrass,unifrac
S50,S26,0.86792348898312,230.72287142747467,east,mangrove,east,seagrass,unifrac
S51,S26,0.8134545806432198,296.06601717798156,east,seagrass,east,seagrass,unifrac
S52,S26,0.8144447661832963,296.06601717798156,east,seagrass,east,seagrass,unifrac
S53,S26,0.8363630648948229,296.06601717798156,east,seagrass,east,seagrass,unifrac
S54,S26,0.8243955521795369,295.06601717798156,east,seagrass,east,seagrass,unifrac
S55,S26,0.8631539613983928,295.06601717798156,east,seagrass,east,seagrass,unifrac
S56,S26,0.7824943976231473,942.6437943888895,west,coral,east,seagrass,unifrac
S57,S26,0.811063642453368,942.6437943888895,west,coral,east,seagrass,unifrac
S58,S26,0.8309489689835015,943.2295808265163,west,coral,east,seagrass,unifrac
S59,S26,0.8271560541768744,942.2295808265163,west,coral,east,seagrass,unifrac
S60,S26,0.8644169711940568,942.6437943888895,west,coral,east,seagrass,unifrac
S61,S26,0.8261368610762255,932.6437943888897,west,mangrove,east,seagrass,unifrac
S62,S26,0.837731253193762,932.6437943888897,west,mangrove,east,seagrass,unifrac
S63,S26,0.8723367574599158,931.6437943888897,west,mangrove,east,seagrass,unifrac
S64,S26,0.8324130493298207,932.0580079512628,west,mangrove,east,seagrass,unifrac
S65,S26,0.8370265744187094,931.6437943888897,west,mangrove,east,seagrass,unifrac
S66,S26,0.8385305770016452,920.2884553295625,west,seagrass,east,seagrass,unifrac
S67,S26,0.8039909639483138,920.2884553295625,west,seagrass,east,seagrass,unifrac
S68,S26,0.8480207019382798,920.2884553295625,west,seagrass,east,seagrass,unifrac
S69,S26,0.8733202487900926,920.2884553295625,west,seagrass,east,seagrass,unifrac
S70,S26,0.8423420204314904,921.2884553295625,west,seagrass,east,seagrass,unifrac
S71,S26,0.8894103338167549,445.9482681718889,east,coral,east,seagrass,unifrac
S73,S26,0.9575336282962894,445.9482681718889,east,coral,east,seagrass,unifrac
S74,S26,0.7360669281027074,445.9482681718889,east,coral,east,seagrass,unifrac
S75,S26,0.7428948553159578,445.9482681718889,east,coral,east,seagrass,unifrac
S77,S26,0.6312413383939797,422.46298679765033,east,coral,east,seagrass,unifrac
S78,S26,0.6649024217399035,422.46298679765033,east,coral,east,seagrass,unifrac
S80,S26,0.7934590633032392,422.46298679765033,east,coral,east,seagrass,unifrac
S81,S26,0.8216333062283528,416.8477631085006,east,mangrove,east,seagrass,unifrac
S82,S26,0.8536429957162268,416.8477631085006,east,mangrove,east,seagrass,unifrac
S83,S26,0.8479931214944452,416.8477631085006,east,mangrove,east,seagrass,unifrac
S84,S26,0.8430267161363478,416.8477631085006,east,mangrove,east,seagrass,unifrac
S85,S26,0.8204147082447344,416.8477631085006,east,mangrove,east,seagrass,unifrac
S86,S26,0.8804648454292351,839.1635636485345,west,mangrove,east,seagrass,unifrac
S87,S26,0.8767719479700421,839.1635636485345,west,mangrove,east,seagrass,unifrac
S88,S26,0.9358911361190835,838.7493500861614,west,mangrove,east,seagrass,unifrac
S89,S26,0.9171252698971541,838.7493500861614,west,mangrove,east,seagrass,unifrac
S90,S26,0.9401695755937943,838.7493500861614,west,mangrove,east,seagrass,unifrac
S91,S26,0.8181391297411227,822.8204178980272,west,seagrass,east,seagrass,unifrac
S92,S26,0.8153123163962747,823.8204178980272,west,seagrass,east,seagrass,unifrac
S93,S26,0.8256387801608037,823.8204178980272,west,seagrass,east,seagrass,unifrac
S94,S26,0.8090302856298834,822.8204178980272,west,seagrass,east,seagrass,unifrac
S95,S26,0.8177741606471769,822.8204178980272,west,seagrass,east,seagrass,unifrac
S96,S26,0.9049050281028592,746.3940110268358,west,mangrove,east,seagrass,unifrac
S97,S26,0.8786023670215208,746.3940110268358,west,mangrove,east,seagrass,unifrac
S98,S26,0.896983989996957,746.3940110268358,west,mangrove,east,seagrass,unifrac
S99,S26,0.8896499541279529,746.3940110268358,west,mangrove,east,seagrass,unifrac
S100,S26,0.8857888780037658,747.3940110268358,west,mangrove,east,seagrass,unifrac
S101,S26,0.8048022361645688,680.6366517139559,west,coral,east,seagrass,unifrac
S102,S26,0.8535037104877108,681.8792924010752,west,coral,east,seagrass,unifrac
S103,S26,0.8571564873499934,682.2935059634483,west,coral,east,seagrass,unifrac
S104,S26,0.7819347934513035,683.8792924010751,west,coral,east,seagrass,unifrac
S105,S26,0.6608748065247008,682.050865276329,west,coral,east,seagrass,unifrac
S106,S26,0.8627094457020926,516.256926036991,west,mangrove,east,seagrass,unifrac
S107,S26,0.8728124563964418,515.8427124746179,west,mangrove,east,seagrass,unifrac
S108,S26,0.8838584835558758,514.8427124746179,west,mangrove,east,seagrass,unifrac
S109,S26,0.8294073116862349,514.4284989122449,west,mangrove,east,seagrass,unifrac
S110,S26,0.8553210045169203,514.4284989122449,west,mangrove,east,seagrass,unifrac
S28,S27,0.5719422772688849,1,east,seagrass,east,seagrass,unifrac
S29,S27,0.8043682482394937,1.4142135623730951,east,seagrass,east,seagrass,unifrac
S30,S27,0.3032305797077448,1.4142135623730951,east,seagrass,east,seagrass,unifrac
S31,S27,0.6511589258118534,4.82842712474619,east,coral,east,seagrass,unifrac
S32,S27,0.34761375871147376,4.82842712474619,east,coral,east,seagrass,unifrac
S33,S27,0.5936046736575895,3.8284271247461903,east,coral,east,seagrass,unifrac
S34,S27,0.46065448085245736,3.8284271247461903,east,coral,east,seagrass,unifrac
S35,S27,0.6422934269227364,3.8284271247461903,east,coral,east,seagrass,unifrac
S36,S27,0.9658362881995552,123.65180361560915,east,mangrove,east,seagrass,unifrac
S37,S27,0.9861374932143224,122.65180361560915,east,mangrove,east,seagrass,unifrac
S38,S27,0.986430959867585,121.65180361560915,east,mangrove,east,seagrass,unifrac
S39,S27,0.9873888636881025,121.06601717798226,east,mangrove,east,seagrass,unifrac
S40,S27,0.917921600545507,119.65180361560915,east,mangrove,east,seagrass,unifrac
S41,S27,0.6707539936886316,230.72287142747467,east,coral,east,seagrass,unifrac
S42,S27,0.7726764733423767,230.30865786510157,east,coral,east,seagrass,unifrac
S43,S27,0.5258969413890148,230.30865786510157,east,coral,east,seagrass,unifrac
S44,S27,0.7860891070791479,231.30865786510157,east,coral,east,seagrass,unifrac
S45,S27,0.70276857746491594,230.30865786510157,east,coral,east,seagrass,unifrac
S46,S27,0.9034582256910815,229.72287142747467,east,mangrove,east,seagrass,unifrac
S47,S27,0.9291097520004072,229.72287142747467,east,mangrove,east,seagrass,unifrac
S48,S27,0.8836078768017211,229.72287142747467,east,mangrove,east,seagrass,unifrac
S49,S27,0.914371329270772,230.72287142747467,east,mangrove,east,seagrass,unifrac
S50,S27,0.8502479267058998,230.72287142747467,east,mangrove,east,seagrass,unifrac
S51,S27,0.8147101390980716,296.06601717798156,east,seagrass,east,seagrass,unifrac
S52,S27,0.8223525885661105,296.06601717798156,east,seagrass,east,seagrass,unifrac
S53,S27,0.8743108100889114,296.06601717798156,east,seagrass,east,seagrass,unifrac
S54,S27,0.8313648888390479,295.06601717798156,east,seagrass,east,seagrass,unifrac
S55,S27,0.8664638614089012,295.06601717798156,east,seagrass,east,seagrass,unifrac
S56,S27,0.7889222723373265,942.6437943888895,west,coral,east,seagrass,unifrac
S57,S27,0.8196893754890379,942.6437943888895,west,coral,east,seagrass,unifrac
S58,S27,0.8641734087369493,943.2295808265163,west,coral,east,seagrass,unifrac
S59,S27,0.8392896282526585,942.2295808265163,west,coral,east,seagrass,unifrac
S60,S27,0.8941213461181522,942.6437943888895,west,coral,east,seagrass,unifrac
S61,S27,0.8453711066022808,932.6437943888897,west,mangrove,east,seagrass,unifrac
S62,S27,0.8685784311297681,932.6437943888897,west,mangrove,east,seagrass,unifrac
S63,S27,0.9013926592087864,931.6437943888897,west,mangrove,east,seagrass,unifrac
S64,S27,0.8597901045650145,932.0580079512628,west,mangrove,east,seagrass,unifrac
S65,S27,0.8613743652578292,931.6437943888897,west,mangrove,east,seagrass,unifrac
S66,S27,0.8285649085245401,920.2884553295625,west,seagrass,east,seagrass,unifrac
S67,S27,0.830130347988112,920.2884553295625,west,seagrass,east,seagrass,unifrac
S68,S27,0.8587926644944119,920.2884553295625,west,seagrass,east,seagrass,unifrac
S69,S27,0.9019563873418881,920.2884553295625,west,seagrass,east,seagrass,unifrac
S70,S27,0.8629625704116707,921.2884553295625,west,seagrass,east,seagrass,unifrac
S71,S27,0.8772769248035782,445.9482681718889,east,coral,east,seagrass,unifrac
S73,S27,0.915249766666859,445.9482681718889,east,coral,east,seagrass,unifrac
S74,S27,0.7679128286628973,445.9482681718889,east,coral,east,seagrass,unifrac
S75,S27,0.7160959659539323,445.9482681718889,east,coral,east,seagrass,unifrac
S77,S27,0.6184018084481193,422.46298679765033,east,coral,east,seagrass,unifrac
S78,S27,0.6541710369299114,422.46298679765033,east,coral,east,seagrass,unifrac
S80,S27,0.5903861021947873,422.46298679765033,east,coral,east,seagrass,unifrac
S81,S27,0.8649656339707105,416.8477631085006,east,mangrove,east,seagrass,unifrac
S82,S27,0.9092885973293761,416.8477631085006,east,mangrove,east,seagrass,unifrac
S83,S27,0.8847052534994977,416.8477631085006,east,mangrove,east,seagrass,unifrac
S84,S27,0.8766661101255725,416.8477631085006,east,mangrove,east,seagrass,unifrac
S85,S27,0.85786820937319,416.8477631085006,east,mangrove,east,seagrass,unifrac
S86,S27,0.8641942668613829,839.1635636485345,west,mangrove,east,seagrass,unifrac
S87,S27,0.8687685910658984,839.1635636485345,west,mangrove,east,seagrass,unifrac
S88,S27,0.9179275968212229,838.7493500861614,west,mangrove,east,seagrass,unifrac
S89,S27,0.8870162390186154,838.7493500861614,west,mangrove,east,seagrass,unifrac
S90,S27,0.9243195629784448,838.7493500861614,west,mangrove,east,seagrass,unifrac
S91,S27,0.8367531368163532,822.8204178980272,west,seagrass,east,seagrass,unifrac
S92,S27,0.8131594128047773,823.8204178980272,west,seagrass,east,seagrass,unifrac
S93,S27,0.7680301677610483,823.8204178980272,west,seagrass,east,seagrass,unifrac
S94,S27,0.7009147828139174,822.8204178980272,west,seagrass,east,seagrass,unifrac
S95,S27,0.8178850376977813,822.8204178980272,west,seagrass,east,seagrass,unifrac
S96,S27,0.9051845685608682,746.3940110268358,west,mangrove,east,seagrass,unifrac
S97,S27,0.891417228352258,746.3940110268358,west,mangrove,east,seagrass,unifrac
S98,S27,0.9054108692737067,746.3940110268358,west,mangrove,east,seagrass,unifrac
S99,S27,0.9227336557271238,746.3940110268358,west,mangrove,east,seagrass,unifrac
S100,S27,0.9177596482478124,747.3940110268358,west,mangrove,east,seagrass,unifrac
S101,S27,0.7730419296145843,680.6366517139559,west,coral,east,seagrass,unifrac
S102,S27,0.6993143750580509,681.8792924010752,west,coral,east,seagrass,unifrac
S103,S27,0.7478954754698247,682.2935059634483,west,coral,east,seagrass,unifrac
S104,S27,0.6951203972010982,683.8792924010751,west,coral,east,seagrass,unifrac
S105,S27,0.6020316399697532,682.050865276329,west,coral,east,seagrass,unifrac
S106,S27,0.8838989567144312,516.256926036991,west,mangrove,east,seagrass,unifrac
S107,S27,0.8677572297504941,515.8427124746179,west,mangrove,east,seagrass,unifrac
S108,S27,0.8825966990871186,514.8427124746179,west,mangrove,east,seagrass,unifrac
S109,S27,0.8062191976507723,514.4284989122449,west,mangrove,east,seagrass,unifrac
S110,S27,0.8109038604722336,514.4284989122449,west,mangrove,east,seagrass,unifrac
S29,S28,0.8127451454794654,1,east,seagrass,east,seagrass,unifrac
S30,S28,0.47579742661699215,1,east,seagrass,east,seagrass,unifrac
S31,S28,0.6248411253252498,3.8284271247461903,east,coral,east,seagrass,unifrac
S32,S28,0.46549849813369937,3.8284271247461903,east,coral,east,seagrass,unifrac
S33,S28,0.5290744108729881,2.8284271247461903,east,coral,east,seagrass,unifrac
S34,S28,0.6131231979464837,2.8284271247461903,east,coral,east,seagrass,unifrac
S35,S28,0.7869487436555487,2.8284271247461903,east,coral,east,seagrass,unifrac
S36,S28,0.9884713104098041,122.65180361560915,east,mangrove,east,seagrass,unifrac
S37,S28,0.9868022679160172,121.65180361560915,east,mangrove,east,seagrass,unifrac
S38,S28,0.9870109513738257,120.65180361560915,east,mangrove,east,seagrass,unifrac
S39,S28,0.9879414288187319,120.06601717798226,east,mangrove,east,seagrass,unifrac
S40,S28,0.9907943984365549,118.65180361560915,east,mangrove,east,seagrass,unifrac
S41,S28,0.8508161726317279,229.72287142747467,east,coral,east,seagrass,unifrac
S42,S28,0.8005580424939538,229.30865786510157,east,coral,east,seagrass,unifrac
S43,S28,0.7180365237376315,229.30865786510157,east,coral,east,seagrass,unifrac
S44,S28,0.81393891672827,230.30865786510157,east,coral,east,seagrass,unifrac
S45,S28,0.7838819939440523,229.30865786510157,east,coral,east,seagrass,unifrac
S46,S28,0.9378829016731769,228.72287142747467,east,mangrove,east,seagrass,unifrac
S47,S28,0.9932569148057414,228.72287142747467,east,mangrove,east,seagrass,unifrac
S48,S28,0.9432687119541626,228.72287142747467,east,mangrove,east,seagrass,unifrac
S49,S28,0.9902498040902104,229.72287142747467,east,mangrove,east,seagrass,unifrac
S50,S28,0.9454002698722036,229.72287142747467,east,mangrove,east,seagrass,unifrac
S51,S28,0.8958504605901385,295.06601717798156,east,seagrass,east,seagrass,unifrac
S52,S28,0.8777139079646008,295.06601717798156,east,seagrass,east,seagrass,unifrac
S53,S28,0.8862879004810899,295.06601717798156,east,seagrass,east,seagrass,unifrac
S54,S28,0.8886105217536269,294.0660171779816,east,seagrass,east,seagrass,unifrac
S55,S28,0.908377458595949,294.0660171779816,east,seagrass,east,seagrass,unifrac
S56,S28,0.8269956785809462,941.6437943888895,west,coral,east,seagrass,unifrac
S57,S28,0.8776592391907924,941.6437943888895,west,coral,east,seagrass,unifrac
S58,S28,0.8840047815877123,942.2295808265163,west,coral,east,seagrass,unifrac
S59,S28,0.8771900061394283,941.2295808265163,west,coral,east,seagrass,unifrac
S60,S28,0.9058472232312468,941.6437943888895,west,coral,east,seagrass,unifrac
S61,S28,0.8797303087518014,931.6437943888897,west,mangrove,east,seagrass,unifrac
S62,S28,0.8907041243792605,931.6437943888897,west,mangrove,east,seagrass,unifrac
S63,S28,0.9145957011428945,930.6437943888897,west,mangrove,east,seagrass,unifrac
S64,S28,0.8758262735925764,931.0580079512628,west,mangrove,east,seagrass,unifrac
S65,S28,0.8800399023092048,930.6437943888897,west,mangrove,east,seagrass,unifrac
S66,S28,0.8946895953774211,919.2884553295625,west,seagrass,east,seagrass,unifrac
S67,S28,0.8729956809714108,919.2884553295625,west,seagrass,east,seagrass,unifrac
S68,S28,0.9048154467895225,919.2884553295625,west,seagrass,east,seagrass,unifrac
S69,S28,0.9234715416589669,919.2884553295625,west,seagrass,east,seagrass,unifrac
S70,S28,0.885447078829144,920.2884553295625,west,seagrass,east,seagrass,unifrac
S71,S28,0.7717228811575694,444.9482681718889,east,coral,east,seagrass,unifrac
S73,S28,0.9905195613413286,444.9482681718889,east,coral,east,seagrass,unifrac
S74,S28,0.9653917348922766,444.9482681718889,east,coral,east,seagrass,unifrac
S75,S28,0.8329331325736559,444.9482681718889,east,coral,east,seagrass,unifrac
S77,S28,0.7796524301547156,421.46298679765033,east,coral,east,seagrass,unifrac
S78,S28,0.7634627947327921,421.46298679765033,east,coral,east,seagrass,unifrac
S80,S28,0.7037866172285155,421.46298679765033,east,coral,east,seagrass,unifrac
S81,S28,0.9025516425504772,415.8477631085006,east,mangrove,east,seagrass,unifrac
S82,S28,0.9299621012828164,415.8477631085006,east,mangrove,east,seagrass,unifrac
S83,S28,0.916682321067359,415.8477631085006,east,mangrove,east,seagrass,unifrac
S84,S28,0.9154785335798052,415.8477631085006,east,mangrove,east,seagrass,unifrac
S85,S28,0.9103085387721678,415.8477631085006,east,mangrove,east,seagrass,unifrac
S86,S28,0.9066172024267668,840.1635636485345,west,mangrove,east,seagrass,unifrac
S87,S28,0.892319019660545,840.1635636485345,west,mangrove,east,seagrass,unifrac
S88,S28,0.9516579355241492,839.7493500861614,west,mangrove,east,seagrass,unifrac
S89,S28,0.9433150786861407,839.7493500861614,west,mangrove,east,seagrass,unifrac
S90,S28,0.9557678030895984,839.7493500861614,west,mangrove,east,seagrass,unifrac
S91,S28,0.8622081313415714,823.8204178980272,west,seagrass,east,seagrass,unifrac
S92,S28,0.8629119630010909,824.8204178980272,west,seagrass,east,seagrass,unifrac
S93,S28,0.8534414689090793,824.8204178980272,west,seagrass,east,seagrass,unifrac
S94,S28,0.8261869837290295,823.8204178980272,west,seagrass,east,seagrass,unifrac
S95,S28,0.8822809636304202,823.8204178980272,west,seagrass,east,seagrass,unifrac
S96,S28,0.9154385883835776,747.3940110268358,west,mangrove,east,seagrass,unifrac
S97,S28,0.9240806466883736,747.3940110268358,west,mangrove,east,seagrass,unifrac
S98,S28,0.9374834337313614,747.3940110268358,west,mangrove,east,seagrass,unifrac
S99,S28,0.9445964603614861,747.3940110268358,west,mangrove,east,seagrass,unifrac
S100,S28,0.9359622172306844,748.3940110268358,west,mangrove,east,seagrass,unifrac
S101,S28,0.8576805061126803,681.6366517139559,west,coral,east,seagrass,unifrac
S102,S28,0.8830972450600977,682.8792924010752,west,coral,east,seagrass,unifrac
S103,S28,0.8721438748806543,683.2935059634483,west,coral,east,seagrass,unifrac
S104,S28,0.842921591391883,684.8792924010751,west,coral,east,seagrass,unifrac
S105,S28,0.7963129129698331,683.050865276329,west,coral,east,seagrass,unifrac
S106,S28,0.9261878763712917,517.256926036991,west,mangrove,east,seagrass,unifrac
S107,S28,0.9104341793313957,516.8427124746179,west,mangrove,east,seagrass,unifrac
S108,S28,0.9199769171967299,515.8427124746179,west,mangrove,east,seagrass,unifrac
S109,S28,0.8815978088373719,515.4284989122449,west,mangrove,east,seagrass,unifrac
S110,S28,0.8674928102311235,515.4284989122449,west,mangrove,east,seagrass,unifrac
S30,S29,0.8533479138391048,0,east,seagrass,east,seagrass,unifrac
S31,S29,0.8496608115943158,3.414213562373095,east,coral,east,seagrass,unifrac
S32,S29,0.8587943575398769,3.414213562373095,east,coral,east,seagrass,unifrac
S33,S29,0.7969792410250929,2.414213562373095,east,coral,east,seagrass,unifrac
S34,S29,0.8406753630218177,2.414213562373095,east,coral,east,seagrass,unifrac
S35,S29,0.845277950970187,2.414213562373095,east,coral,east,seagrass,unifrac
S36,S29,0.9822358816601253,122.23759005323605,east,mangrove,east,seagrass,unifrac
S37,S29,0.9762762718068354,121.23759005323605,east,mangrove,east,seagrass,unifrac
S38,S29,0.978513595488172,120.23759005323605,east,mangrove,east,seagrass,unifrac
S39,S29,0.9797200809082923,119.65180361560915,east,mangrove,east,seagrass,unifrac
S40,S29,0.9872094362648891,118.23759005323605,east,mangrove,east,seagrass,unifrac
S41,S29,0.813342041589198,229.30865786510157,east,coral,east,seagrass,unifrac
S42,S29,0.8988452365677962,228.89444430272846,east,coral,east,seagrass,unifrac
S43,S29,0.8722615812709539,228.89444430272846,east,coral,east,seagrass,unifrac
S44,S29,0.9087205075795713,229.89444430272846,east,coral,east,seagrass,unifrac
S45,S29,0.8585264505811473,228.89444430272846,east,coral,east,seagrass,unifrac
S46,S29,0.966067410436914,228.30865786510157,east,mangrove,east,seagrass,unifrac
S47,S29,0.9915148672558347,228.30865786510157,east,mangrove,east,seagrass,unifrac
S48,S29,0.9685819328254829,228.30865786510157,east,mangrove,east,seagrass,unifrac
S49,S29,0.9854953354205398,229.30865786510157,east,mangrove,east,seagrass,unifrac
S50,S29,0.9320571529568508,229.30865786510157,east,mangrove,east,seagrass,unifrac
S51,S29,0.9426480546045308,294.65180361560846,east,seagrass,east,seagrass,unifrac
S52,S29,0.9551408776235222,294.65180361560846,east,seagrass,east,seagrass,unifrac
S53,S29,0.9695083783264653,294.65180361560846,east,seagrass,east,seagrass,unifrac
S54,S29,0.9593342942234446,293.65180361560846,east,seagrass,east,seagrass,unifrac
S55,S29,0.9657426331079864,293.65180361560846,east,seagrass,east,seagrass,unifrac
S56,S29,0.9458939526700186,941.2295808265164,west,coral,east,seagrass,unifrac
S57,S29,0.953527566717817,941.2295808265164,west,coral,east,seagrass,unifrac
S58,S29,0.9679478551015789,941.8153672641433,west,coral,east,seagrass,unifrac
S59,S29,0.9622491740497704,940.8153672641433,west,coral,east,seagrass,unifrac
S60,S29,0.9643243135002991,941.2295808265164,west,coral,east,seagrass,unifrac
S61,S29,0.9565168000192933,931.2295808265167,west,mangrove,east,seagrass,unifrac
S62,S29,0.9503390391783585,931.2295808265167,west,mangrove,east,seagrass,unifrac
S63,S29,0.9552570045445128,930.2295808265167,west,mangrove,east,seagrass,unifrac
S64,S29,0.9609107101088797,930.6437943888897,west,mangrove,east,seagrass,unifrac
S65,S29,0.9613371604028397,930.2295808265167,west,mangrove,east,seagrass,unifrac
S66,S29,0.9318519651266344,918.8742417671893,west,seagrass,east,seagrass,unifrac
S67,S29,0.9522221640535544,918.8742417671893,west,seagrass,east,seagrass,unifrac
S68,S29,0.9580777384228837,918.8742417671893,west,seagrass,east,seagrass,unifrac
S69,S29,0.9638386618061221,918.8742417671893,west,seagrass,east,seagrass,unifrac
S70,S29,0.9536790113454935,919.8742417671893,west,seagrass,east,seagrass,unifrac
S71,S29,0.922590689879504,444.5340546095158,east,coral,east,seagrass,unifrac
S73,S29,0.9809668194948312,444.5340546095158,east,coral,east,seagrass,unifrac
S74,S29,0.7278224692354525,444.5340546095158,east,coral,east,seagrass,unifrac
S75,S29,0.8164000343110195,444.5340546095158,east,coral,east,seagrass,unifrac
S77,S29,0.7108330847640569,421.0487732352773,east,coral,east,seagrass,unifrac
S78,S29,0.7928584475164154,421.0487732352773,east,coral,east,seagrass,unifrac
S80,S29,0.7777410606256235,421.0487732352773,east,coral,east,seagrass,unifrac
S81,S29,0.9398811477943699,415.43354954612755,east,mangrove,east,seagrass,unifrac
S82,S29,0.9610982502421699,415.43354954612755,east,mangrove,east,seagrass,unifrac
S83,S29,0.950611082335573,415.43354954612755,east,mangrove,east,seagrass,unifrac
S84,S29,0.9474713362207235,415.43354954612755,east,mangrove,east,seagrass,unifrac
S85,S29,0.9313980177579237,415.43354954612755,east,mangrove,east,seagrass,unifrac
S86,S29,0.9482598997987951,840.5777772109076,west,mangrove,east,seagrass,unifrac
S87,S29,0.9291637388691363,840.5777772109076,west,mangrove,east,seagrass,unifrac
S88,S29,0.9557247850717862,840.1635636485345,west,mangrove,east,seagrass,unifrac
S89,S29,0.9444196521681867,840.1635636485345,west,mangrove,east,seagrass,unifrac
S90,S29,0.9478514022021479,840.1635636485345,west,mangrove,east,seagrass,unifrac
S91,S29,0.9540699650422676,824.2346314604004,west,seagrass,east,seagrass,unifrac
S92,S29,0.9405215777002289,825.2346314604004,west,seagrass,east,seagrass,unifrac
S93,S29,0.9158917880113264,825.2346314604004,west,seagrass,east,seagrass,unifrac
S94,S29,0.8820046610085884,824.2346314604004,west,seagrass,east,seagrass,unifrac
S95,S29,0.9367930402908965,824.2346314604004,west,seagrass,east,seagrass,unifrac
S96,S29,0.9473858396332123,747.8082245892089,west,mangrove,east,seagrass,unifrac
S97,S29,0.9532999848989125,747.8082245892089,west,mangrove,east,seagrass,unifrac
S98,S29,0.9622107110465296,747.8082245892089,west,mangrove,east,seagrass,unifrac
S99,S29,0.9430686408791397,747.8082245892089,west,mangrove,east,seagrass,unifrac
S100,S29,0.9332012235252846,748.8082245892089,west,mangrove,east,seagrass,unifrac
S101,S29,0.8397980325348349,682.050865276329,west,coral,east,seagrass,unifrac
S102,S29,0.8023260329703625,683.2935059634483,west,coral,east,seagrass,unifrac
S103,S29,0.8004544046030191,683.7077195258214,west,coral,east,seagrass,unifrac
S104,S29,0.8427779883828285,685.2935059634482,west,coral,east,seagrass,unifrac
S105,S29,0.7178783383278371,683.4650788387021,west,coral,east,seagrass,unifrac
S106,S29,0.9314992464765675,517.6711395993641,west,mangrove,east,seagrass,unifrac
S107,S29,0.9122114169562952,517.256926036991,west,mangrove,east,seagrass,unifrac
S108,S29,0.923356778322472,516.256926036991,west,mangrove,east,seagrass,unifrac
S109,S29,0.8998586871451003,515.8427124746179,west,mangrove,east,seagrass,unifrac
S110,S29,0.9152459637147035,515.8427124746179,west,mangrove,east,seagrass,unifrac
S31,S30,0.5069271834894432,3.414213562373095,east,coral,east,seagrass,unifrac
S32,S30,0.39879503369623426,3.414213562373095,east,coral,east,seagrass,unifrac
S33,S30,0.47824863163308334,2.414213562373095,east,coral,east,seagrass,unifrac
S34,S30,0.4726208715399818,2.414213562373095,east,coral,east,seagrass,unifrac
S35,S30,0.6411638872269751,2.414213562373095,east,coral,east,seagrass,unifrac
S36,S30,0.972279274771854,122.23759005323605,east,mangrove,east,seagrass,unifrac
S37,S30,0.9892581659909826,121.23759005323605,east,mangrove,east,seagrass,unifrac
S38,S30,0.9892098246391361,120.23759005323605,east,mangrove,east,seagrass,unifrac
S39,S30,0.9900251309983106,119.65180361560915,east,mangrove,east,seagrass,unifrac
S40,S30,0.9312076808419896,118.23759005323605,east,mangrove,east,seagrass,unifrac
S41,S30,0.635439344848727,229.30865786510157,east,coral,east,seagrass,unifrac
S42,S30,0.7113386477207758,228.89444430272846,east,coral,east,seagrass,unifrac
S43,S30,0.48120152424430085,228.89444430272846,east,coral,east,seagrass,unifrac
S44,S30,0.7011747870672409,229.89444430272846,east,coral,east,seagrass,unifrac
S45,S30,0.5923561048753148,228.89444430272846,east,coral,east,seagrass,unifrac
S46,S30,0.8797662535977203,228.30865786510157,east,mangrove,east,seagrass,unifrac
S47,S30,0.9008261731474014,228.30865786510157,east,mangrove,east,seagrass,unifrac
S48,S30,0.8623281461849306,228.30865786510157,east,mangrove,east,seagrass,unifrac
S49,S30,0.8819683447002546,229.30865786510157,east,mangrove,east,seagrass,unifrac
S50,S30,0.8081280415896813,229.30865786510157,east,mangrove,east,seagrass,unifrac
S51,S30,0.7701808235697314,294.65180361560846,east,seagrass,east,seagrass,unifrac
S52,S30,0.7741110096837462,294.65180361560846,east,seagrass,east,seagrass,unifrac
S53,S30,0.8381773592654799,294.65180361560846,east,seagrass,east,seagrass,unifrac
S54,S30,0.793599318294669,293.65180361560846,east,seagrass,east,seagrass,unifrac
S55,S30,0.8383177996496275,293.65180361560846,east,seagrass,east,seagrass,unifrac
S56,S30,0.7447633847419607,941.2295808265164,west,coral,east,seagrass,unifrac
S57,S30,0.7882334803587135,941.2295808265164,west,coral,east,seagrass,unifrac
S58,S30,0.8167782725958537,941.8153672641433,west,coral,east,seagrass,unifrac
S59,S30,0.8055016523589568,940.8153672641433,west,coral,east,seagrass,unifrac
S60,S30,0.8528829817558747,941.2295808265164,west,coral,east,seagrass,unifrac
S61,S30,0.8193868819713667,931.2295808265167,west,mangrove,east,seagrass,unifrac
S62,S30,0.8319303742031974,931.2295808265167,west,mangrove,east,seagrass,unifrac
S63,S30,0.870900150094833,930.2295808265167,west,mangrove,east,seagrass,unifrac
S64,S30,0.826177057352587,930.6437943888897,west,mangrove,east,seagrass,unifrac
S65,S30,0.8313837217813063,930.2295808265167,west,mangrove,east,seagrass,unifrac
S66,S30,0.7864434781087914,918.8742417671893,west,seagrass,east,seagrass,unifrac
S67,S30,0.7864770569022362,918.8742417671893,west,seagrass,east,seagrass,unifrac
S68,S30,0.8273921333899005,918.8742417671893,west,seagrass,east,seagrass,unifrac
S69,S30,0.8655939758797809,918.8742417671893,west,seagrass,east,seagrass,unifrac
S70,S30,0.8171255605217139,919.8742417671893,west,seagrass,east,seagrass,unifrac
S71,S30,0.8252090803323751,444.5340546095158,east,coral,east,seagrass,unifrac
S73,S30,0.9374671090712757,444.5340546095158,east,coral,east,seagrass,unifrac
S74,S30,0.7623208141476605,444.5340546095158,east,coral,east,seagrass,unifrac
S75,S30,0.7199702600728123,444.5340546095158,east,coral,east,seagrass,unifrac
S77,S30,0.6278396417839524,421.0487732352773,east,coral,east,seagrass,unifrac
S78,S30,0.6688303846362527,421.0487732352773,east,coral,east,seagrass,unifrac
S80,S30,0.6963722622114632,421.0487732352773,east,coral,east,seagrass,unifrac
S81,S30,0.8242693117199619,415.43354954612755,east,mangrove,east,seagrass,unifrac
S82,S30,0.8816521144158503,415.43354954612755,east,mangrove,east,seagrass,unifrac
S83,S30,0.851904436003609,415.43354954612755,east,mangrove,east,seagrass,unifrac
S84,S30,0.8463173745037347,415.43354954612755,east,mangrove,east,seagrass,unifrac
S85,S30,0.822198347605355,415.43354954612755,east,mangrove,east,seagrass,unifrac
S86,S30,0.8679783039682936,840.5777772109076,west,mangrove,east,seagrass,unifrac
S87,S30,0.8590797193592947,840.5777772109076,west,mangrove,east,seagrass,unifrac
S88,S30,0.9236322376379019,840.1635636485345,west,mangrove,east,seagrass,unifrac
S89,S30,0.8967240206624062,840.1635636485345,west,mangrove,east,seagrass,unifrac
S90,S30,0.931139302273221,840.1635636485345,west,mangrove,east,seagrass,unifrac
S91,S30,0.7949503772809369,824.2346314604004,west,seagrass,east,seagrass,unifrac
S92,S30,0.7783153454492787,825.2346314604004,west,seagrass,east,seagrass,unifrac
S93,S30,0.7907882773373552,825.2346314604004,west,seagrass,east,seagrass,unifrac
S94,S30,0.7400523613557117,824.2346314604004,west,seagrass,east,seagrass,unifrac
S95,S30,0.7980276653315065,824.2346314604004,west,seagrass,east,seagrass,unifrac
S96,S30,0.8938183771909709,747.8082245892089,west,mangrove,east,seagrass,unifrac
S97,S30,0.8604289523685841,747.8082245892089,west,mangrove,east,seagrass,unifrac
S98,S30,0.8802584301655705,747.8082245892089,west,mangrove,east,seagrass,unifrac
S99,S30,0.8974082504557147,747.8082245892089,west,mangrove,east,seagrass,unifrac
S100,S30,0.9015432732744948,748.8082245892089,west,mangrove,east,seagrass,unifrac
S101,S30,0.7618666001017712,682.050865276329,west,coral,east,seagrass,unifrac
S102,S30,0.7664241727380905,683.2935059634483,west,coral,east,seagrass,unifrac
S103,S30,0.8045666975409661,683.7077195258214,west,coral,east,seagrass,unifrac
S104,S30,0.6930589691242774,685.2935059634482,west,coral,east,seagrass,unifrac
S105,S30,0.6178877390057487,683.4650788387021,west,coral,east,seagrass,unifrac
S106,S30,0.8611107533060341,517.6711395993641,west,mangrove,east,seagrass,unifrac
S107,S30,0.8728057975972249,517.256926036991,west,mangrove,east,seagrass,unifrac
S108,S30,0.885701821731646,516.256926036991,west,mangrove,east,seagrass,unifrac
S109,S30,0.7955750123444306,515.8427124746179,west,mangrove,east,seagrass,unifrac
S110,S30,0.8313564378495548,515.8427124746179,west,mangrove,east,seagrass,unifrac
S32,S31,0.516433445987903,0,east,coral,east,coral,unifrac
S33,S31,0.42827154491383096,1,east,coral,east,coral,unifrac
S34,S31,0.7065844602647268,1,east,coral,east,coral,unifrac
S35,S31,0.5652758111523454,1,east,coral,east,coral,unifrac
S36,S31,0.9578035297968287,118.82337649086296,east,mangrove,east,coral,unifrac
S37,S31,0.9832677990954127,117.82337649086296,east,mangrove,east,coral,unifrac
S38,S31,0.9671057953626414,116.82337649086296,east,mangrove,east,coral,unifrac
S39,S31,0.9663428120175693,116.23759005323605,east,mangrove,east,coral,unifrac
S40,S31,0.924977773086394,114.82337649086296,east,mangrove,east,coral,unifrac
S41,S31,0.6279643754914228,225.89444430272846,east,coral,east,coral,unifrac
S42,S31,0.4750464035788641,225.48023074035535,east,coral,east,coral,unifrac
S43,S31,0.5876071508152579,225.48023074035535,east,coral,east,coral,unifrac
S44,S31,0.5594210228957821,226.48023074035535,east,coral,east,coral,unifrac
S45,S31,0.5619073118257991,225.48023074035535,east,coral,east,coral,unifrac
S46,S31,0.7858235013829946,224.89444430272846,east,mangrove,east,coral,unifrac
S47,S31,0.8524205280190625,224.89444430272846,east,mangrove,east,coral,unifrac
S48,S31,0.7760551617524518,224.89444430272846,east,mangrove,east,coral,unifrac
S49,S31,0.8924097091133583,225.89444430272846,east,mangrove,east,coral,unifrac
S50,S31,0.7889533925987908,225.89444430272846,east,mangrove,east,coral,unifrac
S51,S31,0.6785236383616048,291.23759005323546,east,seagrass,east,coral,unifrac
S52,S31,0.7047374094698419,291.23759005323546,east,seagrass,east,coral,unifrac
S53,S31,0.7296837311571054,291.23759005323546,east,seagrass,east,coral,unifrac
S54,S31,0.6906232000096785,290.23759005323546,east,seagrass,east,coral,unifrac
S55,S31,0.7478921308527386,290.23759005323546,east,seagrass,east,coral,unifrac
S56,S31,0.5957908902558424,937.8153672641434,west,coral,east,coral,unifrac
S57,S31,0.6233023471971009,937.8153672641434,west,coral,east,coral,unifrac
S58,S31,0.6866117110181771,938.4011537017702,west,coral,east,coral,unifrac
S59,S31,0.6739666077549592,937.4011537017702,west,coral,east,coral,unifrac
S60,S31,0.7210707095763487,937.8153672641434,west,coral,east,coral,unifrac
S61,S31,0.6805449294728393,927.8153672641436,west,mangrove,east,coral,unifrac
S62,S31,0.6786122846512946,927.8153672641436,west,mangrove,east,coral,unifrac
S63,S31,0.740053953967085,926.8153672641436,west,mangrove,east,coral,unifrac
S64,S31,0.6972635266304681,927.2295808265167,west,mangrove,east,coral,unifrac
S65,S31,0.7003101226581693,926.8153672641436,west,mangrove,east,coral,unifrac
S66,S31,0.6821327127189624,915.4600282048162,west,seagrass,east,coral,unifrac
S67,S31,0.6391282334674887,915.4600282048162,west,seagrass,east,coral,unifrac
S68,S31,0.6946411367087936,915.4600282048162,west,seagrass,east,coral,unifrac
S69,S31,0.7482892360872818,915.4600282048162,west,seagrass,east,coral,unifrac
S70,S31,0.6735953103888801,916.4600282048162,west,seagrass,east,coral,unifrac
S71,S31,0.9133979439834173,441.11984104714276,east,coral,east,coral,unifrac
S73,S31,0.9676960541547985,441.11984104714276,east,coral,east,coral,unifrac
S74,S31,0.798828471646982,441.11984104714276,east,coral,east,coral,unifrac
S75,S31,0.8024703760202794,441.11984104714276,east,coral,east,coral,unifrac
S77,S31,0.6340521381423448,417.6345596729042,east,coral,east,coral,unifrac
S78,S31,0.5974097280712451,417.6345596729042,east,coral,east,coral,unifrac
S80,S31,0.8428920901655029,417.6345596729042,east,coral,east,coral,unifrac
S81,S31,0.7059768114215493,412.0193359837545,east,mangrove,east,coral,unifrac
S82,S31,0.7955261358101322,412.0193359837545,east,mangrove,east,coral,unifrac
S83,S31,0.7532452666052305,412.0193359837545,east,mangrove,east,coral,unifrac
S84,S31,0.7472192328887067,412.0193359837545,east,mangrove,east,coral,unifrac
S85,S31,0.745529360873605,412.0193359837545,east,mangrove,east,coral,unifrac
S86,S31,0.7807727921987069,843.9919907732806,west,mangrove,east,coral,unifrac
S87,S31,0.7791385427270844,843.9919907732806,west,mangrove,east,coral,unifrac
S88,S31,0.8767348495544606,843.5777772109076,west,mangrove,east,coral,unifrac
S89,S31,0.8638854612943403,843.5777772109076,west,mangrove,east,coral,unifrac
S90,S31,0.9239017547226583,843.5777772109076,west,mangrove,east,coral,unifrac
S91,S31,0.6914330533755144,827.6488450227733,west,seagrass,east,coral,unifrac
S92,S31,0.6686325147676484,828.6488450227733,west,seagrass,east,coral,unifrac
S93,S31,0.7434839853272828,828.6488450227733,west,seagrass,east,coral,unifrac
S94,S31,0.8045763687456847,827.6488450227733,west,seagrass,east,coral,unifrac
S95,S31,0.6710673293252457,827.6488450227733,west,seagrass,east,coral,unifrac
S96,S31,0.8354656837761966,751.2224381515819,west,mangrove,east,coral,unifrac
S97,S31,0.8174643927962733,751.2224381515819,west,mangrove,east,coral,unifrac
S98,S31,0.8408980373085526,751.2224381515819,west,mangrove,east,coral,unifrac
S99,S31,0.8332614020045067,751.2224381515819,west,mangrove,east,coral,unifrac
S100,S31,0.8575982346882504,752.2224381515819,west,mangrove,east,coral,unifrac
S101,S31,0.7529733177841356,685.4650788387021,west,coral,east,coral,unifrac
S102,S31,0.8303750207199186,686.7077195258214,west,coral,east,coral,unifrac
S103,S31,0.877267704213246,687.1219330881945,west,coral,east,coral,unifrac
S104,S31,0.7807067779483639,688.7077195258213,west,coral,east,coral,unifrac
S105,S31,0.686495619734894,686.8792924010751,west,coral,east,coral,unifrac
S106,S31,0.7074034632329275,521.0853531617372,west,mangrove,east,coral,unifrac
S107,S31,0.7077110743173911,520.6711395993641,west,mangrove,east,coral,unifrac
S108,S31,0.7360434051114206,519.6711395993641,west,mangrove,east,coral,unifrac
S109,S31,0.7652243336302051,519.256926036991,west,mangrove,east,coral,unifrac
S110,S31,0.7902687966846088,519.256926036991,west,mangrove,east,coral,unifrac
S33,S32,0.4292598332816894,1,east,coral,east,coral,unifrac
S34,S32,0.4495701171048312,1,east,coral,east,coral,unifrac
S35,S32,0.6434829789474713,1,east,coral,east,coral,unifrac
S36,S32,0.9735716457204822,118.82337649086296,east,mangrove,east,coral,unifrac
S37,S32,0.9898506022404456,117.82337649086296,east,mangrove,east,coral,unifrac
S38,S32,0.9897539151175292,116.82337649086296,east,mangrove,east,coral,unifrac
S39,S32,0.9905380074020622,116.23759005323605,east,mangrove,east,coral,unifrac
S40,S32,0.9339787454811148,114.82337649086296,east,mangrove,east,coral,unifrac
S41,S32,0.6929707545668097,225.89444430272846,east,coral,east,coral,unifrac
S42,S32,0.6563567661639057,225.48023074035535,east,coral,east,coral,unifrac
S43,S32,0.6198354854646038,225.48023074035535,east,coral,east,coral,unifrac
S44,S32,0.7472355541882743,226.48023074035535,east,coral,east,coral,unifrac
S45,S32,0.6911102905772218,225.48023074035535,east,coral,east,coral,unifrac
S46,S32,0.9105508666044584,224.89444430272846,east,mangrove,east,coral,unifrac
S47,S32,0.9396832718735759,224.89444430272846,east,mangrove,east,coral,unifrac
S48,S32,0.8788138734552341,224.89444430272846,east,mangrove,east,coral,unifrac
S49,S32,0.933451627190351,225.89444430272846,east,mangrove,east,coral,unifrac
S50,S32,0.8654507202840679,225.89444430272846,east,mangrove,east,coral,unifrac
S51,S32,0.813561424128492,291.23759005323546,east,seagrass,east,coral,unifrac
S52,S32,0.8184548950112541,291.23759005323546,east,seagrass,east,coral,unifrac
S53,S32,0.8425576203580567,291.23759005323546,east,seagrass,east,coral,unifrac
S54,S32,0.8407197672285105,290.23759005323546,east,seagrass,east,coral,unifrac
S55,S32,0.8626580739596635,290.23759005323546,east,seagrass,east,coral,unifrac
S56,S32,0.7515380048986019,937.8153672641434,west,coral,east,coral,unifrac
S57,S32,0.7742294065443819,937.8153672641434,west,coral,east,coral,unifrac
S58,S32,0.8157274472908058,938.4011537017702,west,coral,east,coral,unifrac
S59,S32,0.7826713150785419,937.4011537017702,west,coral,east,coral,unifrac
S60,S32,0.8481381816232434,937.8153672641434,west,coral,east,coral,unifrac
S61,S32,0.8140583025552244,927.8153672641436,west,mangrove,east,coral,unifrac
S62,S32,0.8316209286247109,927.8153672641436,west,mangrove,east,coral,unifrac
S63,S32,0.8673414337494075,926.8153672641436,west,mangrove,east,coral,unifrac
S64,S32,0.8267879472618519,927.2295808265167,west,mangrove,east,coral,unifrac
S65,S32,0.8250772257509021,926.8153672641436,west,mangrove,east,coral,unifrac
S66,S32,0.8268250871454954,915.4600282048162,west,seagrass,east,coral,unifrac
S67,S32,0.7950141952657092,915.4600282048162,west,seagrass,east,coral,unifrac
S68,S32,0.8267251090220206,915.4600282048162,west,seagrass,east,coral,unifrac
S69,S32,0.8626455852871823,915.4600282048162,west,seagrass,east,coral,unifrac
S70,S32,0.8263595133418287,916.4600282048162,west,seagrass,east,coral,unifrac
S71,S32,0.9155635844929743,441.11984104714276,east,coral,east,coral,unifrac
S73,S32,0.9414472066054322,441.11984104714276,east,coral,east,coral,unifrac
S74,S32,0.828863294343817,441.11984104714276,east,coral,east,coral,unifrac
S75,S32,0.7903758257097937,441.11984104714276,east,coral,east,coral,unifrac
S77,S32,0.6525734527019708,417.6345596729042,east,coral,east,coral,unifrac
S78,S32,0.7174461091962033,417.6345596729042,east,coral,east,coral,unifrac
S80,S32,0.7156949006517217,417.6345596729042,east,coral,east,coral,unifrac
S81,S32,0.8663961460534014,412.0193359837545,east,mangrove,east,coral,unifrac
S82,S32,0.899610266566938,412.0193359837545,east,mangrove,east,coral,unifrac
S83,S32,0.8854180041040416,412.0193359837545,east,mangrove,east,coral,unifrac
S84,S32,0.8709501238936789,412.0193359837545,east,mangrove,east,coral,unifrac
S85,S32,0.8624443115635946,412.0193359837545,east,mangrove,east,coral,unifrac
S86,S32,0.8728016592111947,843.9919907732806,west,mangrove,east,coral,unifrac
S87,S32,0.876428904284351,843.9919907732806,west,mangrove,east,coral,unifrac
S88,S32,0.9256169539210266,843.5777772109076,west,mangrove,east,coral,unifrac
S89,S32,0.898974778004588,843.5777772109076,west,mangrove,east,coral,unifrac
S90,S32,0.9327115449787446,843.5777772109076,west,mangrove,east,coral,unifrac
S91,S32,0.8232382683437903,827.6488450227733,west,seagrass,east,coral,unifrac
S92,S32,0.7985144569019657,828.6488450227733,west,seagrass,east,coral,unifrac
S93,S32,0.7934856542064112,828.6488450227733,west,seagrass,east,coral,unifrac
S94,S32,0.7462454304959117,827.6488450227733,west,seagrass,east,coral,unifrac
S95,S32,0.780641653723006,827.6488450227733,west,seagrass,east,coral,unifrac
S96,S32,0.9146742749363015,751.2224381515819,west,mangrove,east,coral,unifrac
S97,S32,0.8988629602603218,751.2224381515819,west,mangrove,east,coral,unifrac
S98,S32,0.9105738212202986,751.2224381515819,west,mangrove,east,coral,unifrac
S99,S32,0.9261486601325387,751.2224381515819,west,mangrove,east,coral,unifrac
S100,S32,0.9220372668856557,752.2224381515819,west,mangrove,east,coral,unifrac
S101,S32,0.7180167241613186,685.4650788387021,west,coral,east,coral,unifrac
S102,S32,0.7770963591220817,686.7077195258214,west,coral,east,coral,unifrac
S103,S32,0.7645835735310051,687.1219330881945,west,coral,east,coral,unifrac
S104,S32,0.7673976603489748,688.7077195258213,west,coral,east,coral,unifrac
S105,S32,0.6931357633158922,686.8792924010751,west,coral,east,coral,unifrac
S106,S32,0.8466336307496586,521.0853531617372,west,mangrove,east,coral,unifrac
S107,S32,0.8154525372179885,520.6711395993641,west,mangrove,east,coral,unifrac
S108,S32,0.8371817460149258,519.6711395993641,west,mangrove,east,coral,unifrac
S109,S32,0.8361292349917876,519.256926036991,west,mangrove,east,coral,unifrac
S110,S32,0.8292569438919906,519.256926036991,west,mangrove,east,coral,unifrac
S34,S33,0.6381625806650971,0,east,coral,east,coral,unifrac
S35,S33,0.555709798224601,0,east,coral,east,coral,unifrac
S36,S33,0.9791216469297415,119.82337649086296,east,mangrove,east,coral,unifrac
S37,S33,0.9922787071738395,118.82337649086296,east,mangrove,east,coral,unifrac
S38,S33,0.992041953627512,117.82337649086296,east,mangrove,east,coral,unifrac
S39,S33,0.9926831031870827,117.23759005323605,east,mangrove,east,coral,unifrac
S40,S33,0.9371692029643897,115.82337649086296,east,mangrove,east,coral,unifrac
S41,S33,0.6802812276722486,226.89444430272846,east,coral,east,coral,unifrac
S42,S33,0.6248291682651469,226.48023074035535,east,coral,east,coral,unifrac
S43,S33,0.600647229153423,226.48023074035535,east,coral,east,coral,unifrac
S44,S33,0.68870379952633,227.48023074035535,east,coral,east,coral,unifrac
S45,S33,0.6135125733919388,226.48023074035535,east,coral,east,coral,unifrac
S46,S33,0.8815466434029938,225.89444430272846,east,mangrove,east,coral,unifrac
S47,S33,0.9416440428395564,225.89444430272846,east,mangrove,east,coral,unifrac
S48,S33,0.8784899903833798,225.89444430272846,east,mangrove,east,coral,unifrac
S49,S33,0.9417017736967133,226.89444430272846,east,mangrove,east,coral,unifrac
S50,S33,0.8899729885079455,226.89444430272846,east,mangrove,east,coral,unifrac
S51,S33,0.8189809450795275,292.2375900532354,east,seagrass,east,coral,unifrac
S52,S33,0.8024421524664807,292.2375900532354,east,seagrass,east,coral,unifrac
S53,S33,0.8370002042771943,292.2375900532354,east,seagrass,east,coral,unifrac
S54,S33,0.8179393136804419,291.23759005323546,east,seagrass,east,coral,unifrac
S55,S33,0.8575602758798334,291.23759005323546,east,seagrass,east,coral,unifrac
S56,S33,0.7773494689906949,938.8153672641434,west,coral,east,coral,unifrac
S57,S33,0.801927151421128,938.8153672641434,west,coral,east,coral,unifrac
S58,S33,0.8084559600515742,939.4011537017702,west,coral,east,coral,unifrac
S59,S33,0.823379388451463,938.4011537017702,west,coral,east,coral,unifrac
S60,S33,0.857079384258075,938.8153672641434,west,coral,east,coral,unifrac
S61,S33,0.8176807632231026,928.8153672641436,west,mangrove,east,coral,unifrac
S62,S33,0.8290511022525565,928.8153672641436,west,mangrove,east,coral,unifrac
S63,S33,0.8650299901571488,927.8153672641436,west,mangrove,east,coral,unifrac
S64,S33,0.825236229623728,928.2295808265167,west,mangrove,east,coral,unifrac
S65,S33,0.8298454895636381,927.8153672641436,west,mangrove,east,coral,unifrac
S66,S33,0.861480796635205,916.4600282048162,west,seagrass,east,coral,unifrac
S67,S33,0.7993956890400028,916.4600282048162,west,seagrass,east,coral,unifrac
S68,S33,0.843857645462212,916.4600282048162,west,seagrass,east,coral,unifrac
S69,S33,0.8701853607354407,916.4600282048162,west,seagrass,east,coral,unifrac
S70,S33,0.838263000769488,917.4600282048162,west,seagrass,east,coral,unifrac
S71,S33,0.888050649310755,442.11984104714276,east,coral,east,coral,unifrac
S73,S33,0.9570384141700978,442.11984104714276,east,coral,east,coral,unifrac
S74,S33,0.7702476627492186,442.11984104714276,east,coral,east,coral,unifrac
S75,S33,0.7760638754590309,442.11984104714276,east,coral,east,coral,unifrac
S77,S33,0.6258173247995019,418.6345596729042,east,coral,east,coral,unifrac
S78,S33,0.6600328949409096,418.6345596729042,east,coral,east,coral,unifrac
S80,S33,0.7910500885501254,418.6345596729042,east,coral,east,coral,unifrac
S81,S33,0.8154171655575206,413.0193359837545,east,mangrove,east,coral,unifrac
S82,S33,0.8635157253539668,413.0193359837545,east,mangrove,east,coral,unifrac
S83,S33,0.8526875904569029,413.0193359837545,east,mangrove,east,coral,unifrac
S84,S33,0.8367938283633556,413.0193359837545,east,mangrove,east,coral,unifrac
S85,S33,0.8251102499749131,413.0193359837545,east,mangrove,east,coral,unifrac
S86,S33,0.8682920046113646,842.9919907732806,west,mangrove,east,coral,unifrac
S87,S33,0.8793636784092299,842.9919907732806,west,mangrove,east,coral,unifrac
S88,S33,0.9380119658513206,842.5777772109076,west,mangrove,east,coral,unifrac
S89,S33,0.9194499686791987,842.5777772109076,west,mangrove,east,coral,unifrac
S90,S33,0.9404624650820952,842.5777772109076,west,mangrove,east,coral,unifrac
S91,S33,0.8177606976593811,826.6488450227733,west,seagrass,east,coral,unifrac
S92,S33,0.8206454040074542,827.6488450227733,west,seagrass,east,coral,unifrac
S93,S33,0.8010533016895482,827.6488450227733,west,seagrass,east,coral,unifrac
S94,S33,0.8120936280173962,826.6488450227733,west,seagrass,east,coral,unifrac
S95,S33,0.7936196844837838,826.6488450227733,west,seagrass,east,coral,unifrac
S96,S33,0.9071426290261174,750.2224381515819,west,mangrove,east,coral,unifrac
S97,S33,0.8943807050842246,750.2224381515819,west,mangrove,east,coral,unifrac
S98,S33,0.9109426741654487,750.2224381515819,west,mangrove,east,coral,unifrac
S99,S33,0.9032241423965911,750.2224381515819,west,mangrove,east,coral,unifrac
S100,S33,0.8896268090422171,751.2224381515819,west,mangrove,east,coral,unifrac
S101,S33,0.7931439321403937,684.4650788387021,west,coral,east,coral,unifrac
S102,S33,0.8179545350934527,685.7077195258214,west,coral,east,coral,unifrac
S103,S33,0.8243604536813415,686.1219330881945,west,coral,east,coral,unifrac
S104,S33,0.7925886182721058,687.7077195258213,west,coral,east,coral,unifrac
S105,S33,0.6728834331810365,685.8792924010751,west,coral,east,coral,unifrac
S106,S33,0.8563318474645322,520.0853531617372,west,mangrove,east,coral,unifrac
S107,S33,0.841479508540962,519.6711395993641,west,mangrove,east,coral,unifrac
S108,S33,0.8567298091870602,518.6711395993641,west,mangrove,east,coral,unifrac
S109,S33,0.8562232986077594,518.256926036991,west,mangrove,east,coral,unifrac
S110,S33,0.8582078087673221,518.256926036991,west,mangrove,east,coral,unifrac
S35,S34,0.6787195886375015,0,east,coral,east,coral,unifrac
S36,S34,0.9707779096856677,119.82337649086296,east,mangrove,east,coral,unifrac
S37,S34,0.9885563489245361,118.82337649086296,east,mangrove,east,coral,unifrac
S38,S34,0.988572248693518,117.82337649086296,east,mangrove,east,coral,unifrac
S39,S34,0.9894227653154809,117.23759005323605,east,mangrove,east,coral,unifrac
S40,S34,0.9155321293557023,115.82337649086296,east,mangrove,east,coral,unifrac
S41,S34,0.6838811942915008,226.89444430272846,east,coral,east,coral,unifrac
S42,S34,0.7547146932180047,226.48023074035535,east,coral,east,coral,unifrac
S43,S34,0.633126246840585,226.48023074035535,east,coral,east,coral,unifrac
S44,S34,0.7676141041883956,227.48023074035535,east,coral,east,coral,unifrac
S45,S34,0.590061247234248,226.48023074035535,east,coral,east,coral,unifrac
S46,S34,0.8898226062669996,225.89444430272846,east,mangrove,east,coral,unifrac
S47,S34,0.9388191724002638,225.89444430272846,east,mangrove,east,coral,unifrac
S48,S34,0.8731882590812203,225.89444430272846,east,mangrove,east,coral,unifrac
S49,S34,0.9265400822491239,226.89444430272846,east,mangrove,east,coral,unifrac
S50,S34,0.8611833595294951,226.89444430272846,east,mangrove,east,coral,unifrac
S51,S34,0.8263429326506617,292.2375900532354,east,seagrass,east,coral,unifrac
S52,S34,0.811461271264433,292.2375900532354,east,seagrass,east,coral,unifrac
S53,S34,0.8742311656050484,292.2375900532354,east,seagrass,east,coral,unifrac
S54,S34,0.8458610981808083,291.23759005323546,east,seagrass,east,coral,unifrac
S55,S34,0.8624205536567,291.23759005323546,east,seagrass,east,coral,unifrac
S56,S34,0.7627262903028418,938.8153672641434,west,coral,east,coral,unifrac
S57,S34,0.7839584925354904,938.8153672641434,west,coral,east,coral,unifrac
S58,S34,0.8245325169872771,939.4011537017702,west,coral,east,coral,unifrac
S59,S34,0.8062607772285246,938.4011537017702,west,coral,east,coral,unifrac
S60,S34,0.8572160735581833,938.8153672641434,west,coral,east,coral,unifrac
S61,S34,0.8417171449464446,928.8153672641436,west,mangrove,east,coral,unifrac
S62,S34,0.8624772196730675,928.8153672641436,west,mangrove,east,coral,unifrac
S63,S34,0.8776209022560777,927.8153672641436,west,mangrove,east,coral,unifrac
S64,S34,0.8519360228589395,928.2295808265167,west,mangrove,east,coral,unifrac
S65,S34,0.8499225416912898,927.8153672641436,west,mangrove,east,coral,unifrac
S66,S34,0.7873960514066789,916.4600282048162,west,seagrass,east,coral,unifrac
S67,S34,0.8054149636727614,916.4600282048162,west,seagrass,east,coral,unifrac
S68,S34,0.8718031022701523,916.4600282048162,west,seagrass,east,coral,unifrac
S69,S34,0.8718400347242107,916.4600282048162,west,seagrass,east,coral,unifrac
S70,S34,0.8374400612992351,917.4600282048162,west,seagrass,east,coral,unifrac
S71,S34,0.9027534326222806,442.11984104714276,east,coral,east,coral,unifrac
S73,S34,0.9326576965469127,442.11984104714276,east,coral,east,coral,unifrac
S74,S34,0.8701458988243335,442.11984104714276,east,coral,east,coral,unifrac
S75,S34,0.7643418345321352,442.11984104714276,east,coral,east,coral,unifrac
S77,S34,0.6716434730779184,418.6345596729042,east,coral,east,coral,unifrac
S78,S34,0.7442587571867886,418.6345596729042,east,coral,east,coral,unifrac
S80,S34,0.6730239386535102,418.6345596729042,east,coral,east,coral,unifrac
S81,S34,0.8651461572771701,413.0193359837545,east,mangrove,east,coral,unifrac
S82,S34,0.8991830124728929,413.0193359837545,east,mangrove,east,coral,unifrac
S83,S34,0.8811963811705519,413.0193359837545,east,mangrove,east,coral,unifrac
S84,S34,0.8737816172785129,413.0193359837545,east,mangrove,east,coral,unifrac
S85,S34,0.8625291377072977,413.0193359837545,east,mangrove,east,coral,unifrac
S86,S34,0.8211961699182244,842.9919907732806,west,mangrove,east,coral,unifrac
S87,S34,0.8397560238918612,842.9919907732806,west,mangrove,east,coral,unifrac
S88,S34,0.902428946700674,842.5777772109076,west,mangrove,east,coral,unifrac
S89,S34,0.8951705003677637,842.5777772109076,west,mangrove,east,coral,unifrac
S90,S34,0.9184370339967909,842.5777772109076,west,mangrove,east,coral,unifrac
S91,S34,0.8031744975579505,826.6488450227733,west,seagrass,east,coral,unifrac
S92,S34,0.749205970884792,827.6488450227733,west,seagrass,east,coral,unifrac
S93,S34,0.7337461889643496,827.6488450227733,west,seagrass,east,coral,unifrac
S94,S34,0.7644121114377362,826.6488450227733,west,seagrass,east,coral,unifrac
S95,S34,0.797651356269967,826.6488450227733,west,seagrass,east,coral,unifrac
S96,S34,0.8862411201367287,750.2224381515819,west,mangrove,east,coral,unifrac
S97,S34,0.8823183464917884,750.2224381515819,west,mangrove,east,coral,unifrac
S98,S34,0.8973847422424216,750.2224381515819,west,mangrove,east,coral,unifrac
S99,S34,0.9091048477743606,750.2224381515819,west,mangrove,east,coral,unifrac
S100,S34,0.9022493506757657,751.2224381515819,west,mangrove,east,coral,unifrac
S101,S34,0.8067462232764931,684.4650788387021,west,coral,east,coral,unifrac
S102,S34,0.6922037111202528,685.7077195258214,west,coral,east,coral,unifrac
S103,S34,0.6644859240438812,686.1219330881945,west,coral,east,coral,unifrac
S104,S34,0.6963037247940377,687.7077195258213,west,coral,east,coral,unifrac
S105,S34,0.6741404440110602,685.8792924010751,west,coral,east,coral,unifrac
S106,S34,0.8644749523368953,520.0853531617372,west,mangrove,east,coral,unifrac
S107,S34,0.8516352506917505,519.6711395993641,west,mangrove,east,coral,unifrac
S108,S34,0.8673274190419668,518.6711395993641,west,mangrove,east,coral,unifrac
S109,S34,0.796324540971447,518.256926036991,west,mangrove,east,coral,unifrac
S110,S34,0.8039309185993438,518.256926036991,west,mangrove,east,coral,unifrac
S36,S35,0.9507293738043568,119.82337649086296,east,mangrove,east,coral,unifrac
S37,S35,0.960920966480171,118.82337649086296,east,mangrove,east,coral,unifrac
S38,S35,0.9598845370468027,117.82337649086296,east,mangrove,east,coral,unifrac
S39,S35,0.9511976531328746,117.23759005323605,east,mangrove,east,coral,unifrac
S40,S35,0.9033573874724161,115.82337649086296,east,mangrove,east,coral,unifrac
S41,S35,0.5849267098234314,226.89444430272846,east,coral,east,coral,unifrac
S42,S35,0.5325635811284617,226.48023074035535,east,coral,east,coral,unifrac
S43,S35,0.6406122225511405,226.48023074035535,east,coral,east,coral,unifrac
S44,S35,0.5366591699657285,227.48023074035535,east,coral,east,coral,unifrac
S45,S35,0.5861193720642005,226.48023074035535,east,coral,east,coral,unifrac
S46,S35,0.8203592358530303,225.89444430272846,east,mangrove,east,coral,unifrac
S47,S35,0.8477120326210156,225.89444430272846,east,mangrove,east,coral,unifrac
S48,S35,0.7674678305171632,225.89444430272846,east,mangrove,east,coral,unifrac
S49,S35,0.8798044373742154,226.89444430272846,east,mangrove,east,coral,unifrac
S50,S35,0.7361414644935897,226.89444430272846,east,mangrove,east,coral,unifrac
S51,S35,0.7040921710342394,292.2375900532354,east,seagrass,east,coral,unifrac
S52,S35,0.6914562266866934,292.2375900532354,east,seagrass,east,coral,unifrac
S53,S35,0.7632205117068149,292.2375900532354,east,seagrass,east,coral,unifrac
S54,S35,0.7399652984056394,291.23759005323546,east,seagrass,east,coral,unifrac
S55,S35,0.7553993030976615,291.23759005323546,east,seagrass,east,coral,unifrac
S56,S35,0.6790477909030077,938.8153672641434,west,coral,east,coral,unifrac
S57,S35,0.6985906757618192,938.8153672641434,west,coral,east,coral,unifrac
S58,S35,0.7466845852500326,939.4011537017702,west,coral,east,coral,unifrac
S59,S35,0.7120654325411934,938.4011537017702,west,coral,east,coral,unifrac
S60,S35,0.7664959936329102,938.8153672641434,west,coral,east,coral,unifrac
S61,S35,0.7264934988632028,928.8153672641436,west,mangrove,east,coral,unifrac
S62,S35,0.7416583371815962,928.8153672641436,west,mangrove,east,coral,unifrac
S63,S35,0.7938148169926347,927.8153672641436,west,mangrove,east,coral,unifrac
S64,S35,0.7526298849669455,928.2295808265167,west,mangrove,east,coral,unifrac
S65,S35,0.7504942039016907,927.8153672641436,west,mangrove,east,coral,unifrac
S66,S35,0.7195863018762788,916.4600282048162,west,seagrass,east,coral,unifrac
S67,S35,0.7300619448386294,916.4600282048162,west,seagrass,east,coral,unifrac
S68,S35,0.7644486666521375,916.4600282048162,west,seagrass,east,coral,unifrac
S69,S35,0.7820646487649112,916.4600282048162,west,seagrass,east,coral,unifrac
S70,S35,0.7802254596695263,917.4600282048162,west,seagrass,east,coral,unifrac
S71,S35,0.9527066923732997,442.11984104714276,east,coral,east,coral,unifrac
S73,S35,0.9213178758120595,442.11984104714276,east,coral,east,coral,unifrac
S74,S35,0.7705532123160681,442.11984104714276,east,coral,east,coral,unifrac
S75,S35,0.7764402176418149,442.11984104714276,east,coral,east,coral,unifrac
S77,S35,0.5769493941733941,418.6345596729042,east,coral,east,coral,unifrac
S78,S35,0.5979156674761638,418.6345596729042,east,coral,east,coral,unifrac
S80,S35,0.7884574557005222,418.6345596729042,east,coral,east,coral,unifrac
S81,S35,0.7292119319270316,413.0193359837545,east,mangrove,east,coral,unifrac
S82,S35,0.7852470524652981,413.0193359837545,east,mangrove,east,coral,unifrac
S83,S35,0.7692457101266243,413.0193359837545,east,mangrove,east,coral,unifrac
S84,S35,0.7559070102945191,413.0193359837545,east,mangrove,east,coral,unifrac
S85,S35,0.7366386590394272,413.0193359837545,east,mangrove,east,coral,unifrac
S86,S35,0.7396313868278511,842.9919907732806,west,mangrove,east,coral,unifrac
S87,S35,0.7830053889369611,842.9919907732806,west,mangrove,east,coral,unifrac
S88,S35,0.8512996291879471,842.5777772109076,west,mangrove,east,coral,unifrac
S89,S35,0.8372047929412063,842.5777772109076,west,mangrove,east,coral,unifrac
S90,S35,0.8974259298307582,842.5777772109076,west,mangrove,east,coral,unifrac
S91,S35,0.708640790249856,826.6488450227733,west,seagrass,east,coral,unifrac
S92,S35,0.6758170304135229,827.6488450227733,west,seagrass,east,coral,unifrac
S93,S35,0.6457478951099694,827.6488450227733,west,seagrass,east,coral,unifrac
S94,S35,0.6968163322896701,826.6488450227733,west,seagrass,east,coral,unifrac
S95,S35,0.6847409097094117,826.6488450227733,west,seagrass,east,coral,unifrac
S96,S35,0.8563984216970448,750.2224381515819,west,mangrove,east,coral,unifrac
S97,S35,0.8341595116656311,750.2224381515819,west,mangrove,east,coral,unifrac
S98,S35,0.8487319213552726,750.2224381515819,west,mangrove,east,coral,unifrac
S99,S35,0.8446258793566,750.2224381515819,west,mangrove,east,coral,unifrac
S100,S35,0.8362858805349707,751.2224381515819,west,mangrove,east,coral,unifrac
S101,S35,0.8119714818689946,684.4650788387021,west,coral,east,coral,unifrac
S102,S35,0.8034333119230579,685.7077195258214,west,coral,east,coral,unifrac
S103,S35,0.7929370772108956,686.1219330881945,west,coral,east,coral,unifrac
S104,S35,0.7789086402666194,687.7077195258213,west,coral,east,coral,unifrac
S105,S35,0.6555577373122121,685.8792924010751,west,coral,east,coral,unifrac
S106,S35,0.7703687825131585,520.0853531617372,west,mangrove,east,coral,unifrac
S107,S35,0.7255353009197342,519.6711395993641,west,mangrove,east,coral,unifrac
S108,S35,0.7753941416453254,518.6711395993641,west,mangrove,east,coral,unifrac
S109,S35,0.8144167242342564,518.256926036991,west,mangrove,east,coral,unifrac
S110,S35,0.7464714047508737,518.256926036991,west,mangrove,east,coral,unifrac
S37,S36,0.6979612411488908,1,east,mangrove,east,mangrove,unifrac
S38,S36,0.3643620628997932,2,east,mangrove,east,mangrove,unifrac
S39,S36,0.7401272419947132,3.414213562373095,east,mangrove,east,mangrove,unifrac
S40,S36,0.5402645530640788,4,east,mangrove,east,mangrove,unifrac
S41,S36,0.9185877765996274,107.07106781186548,east,coral,east,mangrove,unifrac
S42,S36,0.9520680492430124,106.65685424949237,east,coral,east,mangrove,unifrac
S43,S36,0.9466267448763946,106.65685424949237,east,coral,east,mangrove,unifrac
S44,S36,0.9565054926501239,107.65685424949237,east,coral,east,mangrove,unifrac
S45,S36,0.9532244766649502,106.65685424949237,east,coral,east,mangrove,unifrac
S46,S36,0.9109875575504426,106.07106781186548,east,mangrove,east,mangrove,unifrac
S47,S36,0.8409184788800224,106.07106781186548,east,mangrove,east,mangrove,unifrac
S48,S36,0.9235688383964397,106.07106781186548,east,mangrove,east,mangrove,unifrac
S49,S36,0.8914496430600592,107.07106781186548,east,mangrove,east,mangrove,unifrac
S50,S36,0.8869206523316843,107.07106781186548,east,mangrove,east,mangrove,unifrac
S51,S36,0.9279476546424172,172.4142135623731,east,seagrass,east,mangrove,unifrac
S52,S36,0.9481652319275515,172.4142135623731,east,seagrass,east,mangrove,unifrac
S53,S36,0.9509807397061907,172.4142135623731,east,seagrass,east,mangrove,unifrac
S54,S36,0.9384579095435671,171.4142135623731,east,seagrass,east,mangrove,unifrac
S55,S36,0.9464447610296769,171.4142135623731,east,seagrass,east,mangrove,unifrac
S56,S36,0.9585311124223835,818.9919907732823,west,coral,east,mangrove,unifrac
S57,S36,0.9588450121232168,818.9919907732823,west,coral,east,mangrove,unifrac
S58,S36,0.9698242669321664,819.5777772109091,west,coral,east,mangrove,unifrac
S59,S36,0.9703458207413835,818.5777772109091,west,coral,east,mangrove,unifrac
S60,S36,0.9572339281360651,818.9919907732823,west,coral,east,mangrove,unifrac
S61,S36,0.945132067414313,808.9919907732824,west,mangrove,east,mangrove,unifrac
S62,S36,0.9592083339644862,808.9919907732824,west,mangrove,east,mangrove,unifrac
S63,S36,0.9445574433920391,807.9919907732824,west,mangrove,east,mangrove,unifrac
S64,S36,0.9512619175910262,808.4062043356554,west,mangrove,east,mangrove,unifrac
S65,S36,0.9517414203149787,807.9919907732824,west,mangrove,east,mangrove,unifrac
S66,S36,0.927995852950456,796.6366517139551,west,seagrass,east,mangrove,unifrac
S67,S36,0.9411259801816857,796.6366517139551,west,seagrass,east,mangrove,unifrac
S68,S36,0.9479273570078688,796.6366517139551,west,seagrass,east,mangrove,unifrac
S69,S36,0.9548693066479181,796.6366517139551,west,seagrass,east,mangrove,unifrac
S70,S36,0.9548816727370874,797.6366517139551,west,seagrass,east,mangrove,unifrac
S71,S36,0.9980520156826118,322.2964645562816,east,coral,east,mangrove,unifrac
S73,S36,0.9473653737855451,322.2964645562816,east,coral,east,mangrove,unifrac
S74,S36,0.9646523132725467,322.2964645562816,east,coral,east,mangrove,unifrac
S75,S36,0.9618664855135002,322.2964645562816,east,coral,east,mangrove,unifrac
S77,S36,0.9417937397906285,298.811183182043,east,coral,east,mangrove,unifrac
S78,S36,0.929742239638053,298.811183182043,east,coral,east,mangrove,unifrac
S80,S36,0.9565736396549201,298.811183182043,east,coral,east,mangrove,unifrac
S81,S36,0.9479465040104866,293.1959594928933,east,mangrove,east,mangrove,unifrac
S82,S36,0.9556590149953108,293.1959594928933,east,mangrove,east,mangrove,unifrac
S83,S36,0.9468236696853543,293.1959594928933,east,mangrove,east,mangrove,unifrac
S84,S36,0.9452976648811828,293.1959594928933,east,mangrove,east,mangrove,unifrac
S85,S36,0.9398948891811917,293.1959594928933,east,mangrove,east,mangrove,unifrac
S86,S36,0.9334943960421974,882.0214280248045,west,mangrove,east,mangrove,unifrac
S87,S36,0.9380433711463297,882.0214280248045,west,mangrove,east,mangrove,unifrac
S88,S36,0.9524109049395034,882.4356415871778,west,mangrove,east,mangrove,unifrac
S89,S36,0.9372561257531822,882.4356415871778,west,mangrove,east,mangrove,unifrac
S90,S36,0.9308801854885582,882.4356415871778,west,mangrove,east,mangrove,unifrac
S91,S36,0.9552392467218025,898.364573775312,west,seagrass,east,mangrove,unifrac
S92,S36,0.9361638637482491,897.364573775312,west,seagrass,east,mangrove,unifrac
S93,S36,0.9488822503766187,897.364573775312,west,seagrass,east,mangrove,unifrac
S94,S36,0.9303057974524684,898.364573775312,west,seagrass,east,mangrove,unifrac
S95,S36,0.939783860127495,898.364573775312,west,seagrass,east,mangrove,unifrac
S96,S36,0.9294337727003933,870.0458146424431,west,mangrove,east,mangrove,unifrac
S97,S36,0.9415841731397135,870.0458146424431,west,mangrove,east,mangrove,unifrac
S98,S36,0.9481930820098529,870.0458146424431,west,mangrove,east,mangrove,unifrac
S99,S36,0.9542727705358395,870.0458146424431,west,mangrove,east,mangrove,unifrac
S100,S36,0.9468864614255492,871.0458146424431,west,mangrove,east,mangrove,unifrac
S101,S36,0.9021603195482071,804.2884553295632,west,coral,east,mangrove,unifrac
S102,S36,0.9130191436268668,805.5310960166826,west,coral,east,mangrove,unifrac
S103,S36,0.9003489526893889,805.9453095790557,west,coral,east,mangrove,unifrac
S104,S36,0.9371069889418856,807.5310960166825,west,coral,east,mangrove,unifrac
S105,S36,0.9359327684818292,805.7026688919364,west,coral,east,mangrove,unifrac
S106,S36,0.9152877239603647,639.9087296525983,west,mangrove,east,mangrove,unifrac
S107,S36,0.9170588096789722,639.4945160902251,west,mangrove,east,mangrove,unifrac
S108,S36,0.9091501669225965,638.4945160902251,west,mangrove,east,mangrove,unifrac
S109,S36,0.9023270708127026,638.0803025278522,west,mangrove,east,mangrove,unifrac
S110,S36,0.9402354167316831,638.0803025278522,west,mangrove,east,mangrove,unifrac
S38,S37,0.6452056451921765,1,east,mangrove,east,mangrove,unifrac
S39,S37,0.6335870237602592,2.414213562373095,east,mangrove,east,mangrove,unifrac
S40,S37,0.6906681702355163,3,east,mangrove,east,mangrove,unifrac
S41,S37,0.9525627108639289,108.07106781186548,east,coral,east,mangrove,unifrac
S42,S37,0.9705947021069588,107.65685424949237,east,coral,east,mangrove,unifrac
S43,S37,0.9731980545922834,107.65685424949237,east,coral,east,mangrove,unifrac
S44,S37,0.973475830173991,108.65685424949237,east,coral,east,mangrove,unifrac
S45,S37,0.9593596175482602,107.65685424949237,east,coral,east,mangrove,unifrac
S46,S37,0.9452670009283478,107.07106781186548,east,mangrove,east,mangrove,unifrac
S47,S37,0.8910573436646516,107.07106781186548,east,mangrove,east,mangrove,unifrac
S48,S37,0.93961320890898,107.07106781186548,east,mangrove,east,mangrove,unifrac
S49,S37,0.886402557200885,108.07106781186548,east,mangrove,east,mangrove,unifrac
S50,S37,0.8993355096818296,108.07106781186548,east,mangrove,east,mangrove,unifrac
S51,S37,0.9516317648856679,173.4142135623731,east,seagrass,east,mangrove,unifrac
S52,S37,0.9630250868832861,173.4142135623731,east,seagrass,east,mangrove,unifrac
S53,S37,0.9542316122323772,173.4142135623731,east,seagrass,east,mangrove,unifrac
S54,S37,0.942160064973462,172.4142135623731,east,seagrass,east,mangrove,unifrac
S55,S37,0.9499756799545463,172.4142135623731,east,seagrass,east,mangrove,unifrac
S56,S37,0.971794071893652,819.9919907732823,west,coral,east,mangrove,unifrac
S57,S37,0.9716174570164648,819.9919907732823,west,coral,east,mangrove,unifrac
S58,S37,0.9804051732607587,820.5777772109091,west,coral,east,mangrove,unifrac
S59,S37,0.979670773015837,819.5777772109091,west,coral,east,mangrove,unifrac
S60,S37,0.9685594908237665,819.9919907732823,west,coral,east,mangrove,unifrac
S61,S37,0.9634522504117409,809.9919907732824,west,mangrove,east,mangrove,unifrac
S62,S37,0.9696923090043731,809.9919907732824,west,mangrove,east,mangrove,unifrac
S63,S37,0.9604636252061103,808.9919907732824,west,mangrove,east,mangrove,unifrac
S64,S37,0.9654658152426812,809.4062043356554,west,mangrove,east,mangrove,unifrac
S65,S37,0.9658211323191417,808.9919907732824,west,mangrove,east,mangrove,unifrac
S66,S37,0.9397359985883827,797.6366517139551,west,seagrass,east,mangrove,unifrac
S67,S37,0.9578785469501392,797.6366517139551,west,seagrass,east,mangrove,unifrac
S68,S37,0.9629858925731104,797.6366517139551,west,seagrass,east,mangrove,unifrac
S69,S37,0.968131022424805,797.6366517139551,west,seagrass,east,mangrove,unifrac
S70,S37,0.9717089654457277,798.6366517139551,west,seagrass,east,mangrove,unifrac
S71,S37,0.9999999999999997,323.2964645562816,east,coral,east,mangrove,unifrac
S73,S37,0.979826090452767,323.2964645562816,east,coral,east,mangrove,unifrac
S74,S37,0.989198679323227,323.2964645562816,east,coral,east,mangrove,unifrac
S75,S37,0.9840638575770134,323.2964645562816,east,coral,east,mangrove,unifrac
S77,S37,0.9703445211610029,299.811183182043,east,coral,east,mangrove,unifrac
S78,S37,0.9481963575409135,299.811183182043,east,coral,east,mangrove,unifrac
S80,S37,0.9801594475107531,299.811183182043,east,coral,east,mangrove,unifrac
S81,S37,0.9622682092779766,294.1959594928933,east,mangrove,east,mangrove,unifrac
S82,S37,0.9668700697098931,294.1959594928933,east,mangrove,east,mangrove,unifrac
S83,S37,0.9663616756546282,294.1959594928933,east,mangrove,east,mangrove,unifrac
S84,S37,0.9669691648603326,294.1959594928933,east,mangrove,east,mangrove,unifrac
S85,S37,0.9557917921944307,294.1959594928933,east,mangrove,east,mangrove,unifrac
S86,S37,0.9526013629271798,883.0214280248045,west,mangrove,east,mangrove,unifrac
S87,S37,0.9607196910582427,883.0214280248045,west,mangrove,east,mangrove,unifrac
S88,S37,0.9625851773961229,883.4356415871778,west,mangrove,east,mangrove,unifrac
S89,S37,0.9497151633671331,883.4356415871778,west,mangrove,east,mangrove,unifrac
S90,S37,0.9441502832349107,883.4356415871778,west,mangrove,east,mangrove,unifrac
S91,S37,0.9719452235408189,899.364573775312,west,seagrass,east,mangrove,unifrac
S92,S37,0.9498948286556204,898.364573775312,west,seagrass,east,mangrove,unifrac
S93,S37,0.9592876017396522,898.364573775312,west,seagrass,east,mangrove,unifrac
S94,S37,0.9420740307726521,899.364573775312,west,seagrass,east,mangrove,unifrac
S95,S37,0.9656737139701768,899.364573775312,west,seagrass,east,mangrove,unifrac
S96,S37,0.9489411413466383,869.0458146424431,west,mangrove,east,mangrove,unifrac
S97,S37,0.9547150123239511,869.0458146424431,west,mangrove,east,mangrove,unifrac
S98,S37,0.9631013390844552,869.0458146424431,west,mangrove,east,mangrove,unifrac
S99,S37,0.967617897757041,869.0458146424431,west,mangrove,east,mangrove,unifrac
S100,S37,0.96212386306188,870.0458146424431,west,mangrove,east,mangrove,unifrac
S101,S37,0.9168100571553673,803.2884553295632,west,coral,east,mangrove,unifrac
S102,S37,0.9503380640697056,804.5310960166826,west,coral,east,mangrove,unifrac
S103,S37,0.8876132507464561,804.9453095790557,west,coral,east,mangrove,unifrac
S104,S37,0.967496647478283,806.5310960166825,west,coral,east,mangrove,unifrac
S105,S37,0.9372076559278548,804.7026688919364,west,coral,east,mangrove,unifrac
S106,S37,0.937853450132103,638.9087296525983,west,mangrove,east,mangrove,unifrac
S107,S37,0.9455183450774934,638.4945160902251,west,mangrove,east,mangrove,unifrac
S108,S37,0.9337612891967229,637.4945160902251,west,mangrove,east,mangrove,unifrac
S109,S37,0.9134183053765426,637.0803025278522,west,mangrove,east,mangrove,unifrac
S110,S37,0.9473680727307049,637.0803025278522,west,mangrove,east,mangrove,unifrac
S39,S38,0.6720119451796417,1.4142135623730951,east,mangrove,east,mangrove,unifrac
S40,S38,0.5453239622253877,2,east,mangrove,east,mangrove,unifrac
S41,S38,0.9277715263004678,109.07106781186548,east,coral,east,mangrove,unifrac
S42,S38,0.9585665216659058,108.65685424949237,east,coral,east,mangrove,unifrac
S43,S38,0.9601555942234825,108.65685424949237,east,coral,east,mangrove,unifrac
S44,S38,0.9625298180276484,109.65685424949237,east,coral,east,mangrove,unifrac
S45,S38,0.9620163522721938,108.65685424949237,east,coral,east,mangrove,unifrac
S46,S38,0.9197369155997146,108.07106781186548,east,mangrove,east,mangrove,unifrac
S47,S38,0.8478387063815633,108.07106781186548,east,mangrove,east,mangrove,unifrac
S48,S38,0.9315128915742555,108.07106781186548,east,mangrove,east,mangrove,unifrac
S49,S38,0.9058949944248672,109.07106781186548,east,mangrove,east,mangrove,unifrac
S50,S38,0.8957579965712961,109.07106781186548,east,mangrove,east,mangrove,unifrac
S51,S38,0.934070361942254,174.4142135623731,east,seagrass,east,mangrove,unifrac
S52,S38,0.9534741789364423,174.4142135623731,east,seagrass,east,mangrove,unifrac
S53,S38,0.9546657636339441,174.4142135623731,east,seagrass,east,mangrove,unifrac
S54,S38,0.943161029300809,173.4142135623731,east,seagrass,east,mangrove,unifrac
S55,S38,0.9504823277283123,173.4142135623731,east,seagrass,east,mangrove,unifrac
S56,S38,0.9651368704113359,820.9919907732823,west,coral,east,mangrove,unifrac
S57,S38,0.9646085566847523,820.9919907732823,west,coral,east,mangrove,unifrac
S58,S38,0.9740802995351692,821.5777772109091,west,coral,east,mangrove,unifrac
S59,S38,0.9753229161450638,820.5777772109091,west,coral,east,mangrove,unifrac
S60,S38,0.9616936366647181,820.9919907732823,west,coral,east,mangrove,unifrac
S61,S38,0.9530262382214786,810.9919907732824,west,mangrove,east,mangrove,unifrac
S62,S38,0.9653460668134725,810.9919907732824,west,mangrove,east,mangrove,unifrac
S63,S38,0.9497614777268253,809.9919907732824,west,mangrove,east,mangrove,unifrac
S64,S38,0.9560001613381057,810.4062043356554,west,mangrove,east,mangrove,unifrac
S65,S38,0.956444581105099,809.9919907732824,west,mangrove,east,mangrove,unifrac
S66,S38,0.9350033540823152,798.6366517139551,west,seagrass,east,mangrove,unifrac
S67,S38,0.9465504401959864,798.6366517139551,west,seagrass,east,mangrove,unifrac
S68,S38,0.9529030531629464,798.6366517139551,west,seagrass,east,mangrove,unifrac
S69,S38,0.9593378508671798,798.6366517139551,west,seagrass,east,mangrove,unifrac
S70,S38,0.9605258733733251,799.6366517139551,west,seagrass,east,mangrove,unifrac
S71,S38,0.9975608931425242,324.2964645562816,east,coral,east,mangrove,unifrac
S73,S38,0.9844430185451384,324.2964645562816,east,coral,east,mangrove,unifrac
S74,S38,0.9891340405228997,324.2964645562816,east,coral,east,mangrove,unifrac
S75,S38,0.9846616817551379,324.2964645562816,east,coral,east,mangrove,unifrac
S77,S38,0.956234850756257,300.811183182043,east,coral,east,mangrove,unifrac
S78,S38,0.9403219515611396,300.811183182043,east,coral,east,mangrove,unifrac
S80,S38,0.9832618108229159,300.811183182043,east,coral,east,mangrove,unifrac
S81,S38,0.9527635681310227,295.1959594928933,east,mangrove,east,mangrove,unifrac
S82,S38,0.9609358227300182,295.1959594928933,east,mangrove,east,mangrove,unifrac
S83,S38,0.9505539556002263,295.1959594928933,east,mangrove,east,mangrove,unifrac
S84,S38,0.9445111018100485,295.1959594928933,east,mangrove,east,mangrove,unifrac
S85,S38,0.9463759545974053,295.1959594928933,east,mangrove,east,mangrove,unifrac
S86,S38,0.9400422422489007,884.0214280248045,west,mangrove,east,mangrove,unifrac
S87,S38,0.9458611840080704,884.0214280248045,west,mangrove,east,mangrove,unifrac
S88,S38,0.9578874037623021,884.4356415871778,west,mangrove,east,mangrove,unifrac
S89,S38,0.94392470269954,884.4356415871778,west,mangrove,east,mangrove,unifrac
S90,S38,0.9379669864913741,884.4356415871778,west,mangrove,east,mangrove,unifrac
S91,S38,0.9608484634681097,900.364573775312,west,seagrass,east,mangrove,unifrac
S92,S38,0.9426414159631339,899.364573775312,west,seagrass,east,mangrove,unifrac
S93,S38,0.9582990859307898,899.364573775312,west,seagrass,east,mangrove,unifrac
S94,S38,0.9420018740632685,900.364573775312,west,seagrass,east,mangrove,unifrac
S95,S38,0.946757046157375,900.364573775312,west,seagrass,east,mangrove,unifrac
S96,S38,0.9355168059902159,868.0458146424431,west,mangrove,east,mangrove,unifrac
S97,S38,0.9473959940376345,868.0458146424431,west,mangrove,east,mangrove,unifrac
S98,S38,0.9531234469137561,868.0458146424431,west,mangrove,east,mangrove,unifrac
S99,S38,0.9587624814095113,868.0458146424431,west,mangrove,east,mangrove,unifrac
S100,S38,0.9519066012037208,869.0458146424431,west,mangrove,east,mangrove,unifrac
S101,S38,0.9243933087016102,802.2884553295632,west,coral,east,mangrove,unifrac
S102,S38,0.9320212253387197,803.5310960166826,west,coral,east,mangrove,unifrac
S103,S38,0.9180233489633016,803.9453095790557,west,coral,east,mangrove,unifrac
S104,S38,0.9523784658641661,805.5310960166825,west,coral,east,mangrove,unifrac
S105,S38,0.9496078981614817,803.7026688919364,west,coral,east,mangrove,unifrac
S106,S38,0.9219732033841206,637.9087296525983,west,mangrove,east,mangrove,unifrac
S107,S38,0.9254718050129377,637.4945160902251,west,mangrove,east,mangrove,unifrac
S108,S38,0.9162566522726427,636.4945160902251,west,mangrove,east,mangrove,unifrac
S109,S38,0.9174879335559042,636.0803025278522,west,mangrove,east,mangrove,unifrac
S110,S38,0.949513033803614,636.0803025278522,west,mangrove,east,mangrove,unifrac
S40,S39,0.7132550319421772,1.4142135623730951,east,mangrove,east,mangrove,unifrac
S41,S39,0.938790606657392,109.65685424949237,east,coral,east,mangrove,unifrac
S42,S39,0.9662850833311937,109.24264068711928,east,coral,east,mangrove,unifrac
S43,S39,0.9438755349014528,109.24264068711928,east,coral,east,mangrove,unifrac
S44,S39,0.9683168313692162,110.24264068711928,east,coral,east,mangrove,unifrac
S45,S39,0.9538427924970052,109.24264068711928,east,coral,east,mangrove,unifrac
S46,S39,0.9257885761092624,108.65685424949237,east,mangrove,east,mangrove,unifrac
S47,S39,0.8365502851517903,108.65685424949237,east,mangrove,east,mangrove,unifrac
S48,S39,0.944381444223957,108.65685424949237,east,mangrove,east,mangrove,unifrac
S49,S39,0.8800505053411615,109.65685424949237,east,mangrove,east,mangrove,unifrac
S50,S39,0.895694982481629,109.65685424949237,east,mangrove,east,mangrove,unifrac
S51,S39,0.932343163500811,175,east,seagrass,east,mangrove,unifrac
S52,S39,0.922149743888997,175,east,seagrass,east,mangrove,unifrac
S53,S39,0.9461112801931493,175,east,seagrass,east,mangrove,unifrac
S54,S39,0.9529050307702929,174,east,seagrass,east,mangrove,unifrac
S55,S39,0.9593835041907741,174,east,seagrass,east,mangrove,unifrac
S56,S39,0.9667455457139874,821.5777772109092,west,coral,east,mangrove,unifrac
S57,S39,0.9712072894448969,821.5777772109092,west,coral,east,mangrove,unifrac
S58,S39,0.9799701916050134,822.163563648536,west,coral,east,mangrove,unifrac
S59,S39,0.9765106974574735,821.163563648536,west,coral,east,mangrove,unifrac
S60,S39,0.9673186744623025,821.5777772109092,west,coral,east,mangrove,unifrac
S61,S39,0.963253617561743,811.5777772109093,west,mangrove,east,mangrove,unifrac
S62,S39,0.9693052853605538,811.5777772109093,west,mangrove,east,mangrove,unifrac
S63,S39,0.9473468281773586,810.5777772109093,west,mangrove,east,mangrove,unifrac
S64,S39,0.9544525587380069,810.9919907732824,west,mangrove,east,mangrove,unifrac
S65,S39,0.9645283064105666,810.5777772109093,west,mangrove,east,mangrove,unifrac
S66,S39,0.921146155800499,799.2224381515821,west,seagrass,east,mangrove,unifrac
S67,S39,0.9564844543632764,799.2224381515821,west,seagrass,east,mangrove,unifrac
S68,S39,0.9616484809193963,799.2224381515821,west,seagrass,east,mangrove,unifrac
S69,S39,0.9668814862567545,799.2224381515821,west,seagrass,east,mangrove,unifrac
S70,S39,0.9712978550296982,800.2224381515821,west,seagrass,east,mangrove,unifrac
S71,S39,1.0000000000000002,324.8822509939085,east,coral,east,mangrove,unifrac
S73,S39,0.9835636817356389,324.8822509939085,east,coral,east,mangrove,unifrac
S74,S39,0.9903710212209127,324.8822509939085,east,coral,east,mangrove,unifrac
S75,S39,0.9856955701722026,324.8822509939085,east,coral,east,mangrove,unifrac
S77,S39,0.9414634825624819,301.39696961966996,east,coral,east,mangrove,unifrac
S78,S39,0.9504504012213146,301.39696961966996,east,coral,east,mangrove,unifrac
S80,S39,0.9826267616690235,301.39696961966996,east,coral,east,mangrove,unifrac
S81,S39,0.9430619044366683,295.78174593052023,east,mangrove,east,mangrove,unifrac
S82,S39,0.9619602650411575,295.78174593052023,east,mangrove,east,mangrove,unifrac
S83,S39,0.9515249666609968,295.78174593052023,east,mangrove,east,mangrove,unifrac
S84,S39,0.9576224629088239,295.78174593052023,east,mangrove,east,mangrove,unifrac
S85,S39,0.9457642895340885,295.78174593052023,east,mangrove,east,mangrove,unifrac
S86,S39,0.9487051320587431,884.6072144624314,west,mangrove,east,mangrove,unifrac
S87,S39,0.9559281550324911,884.6072144624314,west,mangrove,east,mangrove,unifrac
S88,S39,0.9374319864252656,885.0214280248047,west,mangrove,east,mangrove,unifrac
S89,S39,0.915929093208045,885.0214280248047,west,mangrove,east,mangrove,unifrac
S90,S39,0.9150971279954007,885.0214280248047,west,mangrove,east,mangrove,unifrac
S91,S39,0.9715317449902786,900.950360212939,west,seagrass,east,mangrove,unifrac
S92,S39,0.9500509339902943,899.950360212939,west,seagrass,east,mangrove,unifrac
S93,S39,0.9492265936792066,899.950360212939,west,seagrass,east,mangrove,unifrac
S94,S39,0.9287735054984674,900.950360212939,west,seagrass,east,mangrove,unifrac
S95,S39,0.961325181288459,900.950360212939,west,seagrass,east,mangrove,unifrac
S96,S39,0.9315966197486325,867.4600282048161,west,mangrove,east,mangrove,unifrac
S97,S39,0.9371070654113054,867.4600282048161,west,mangrove,east,mangrove,unifrac
S98,S39,0.9509154566430363,867.4600282048161,west,mangrove,east,mangrove,unifrac
S99,S39,0.9568367484775268,867.4600282048161,west,mangrove,east,mangrove,unifrac
S100,S39,0.9387677342048095,868.4600282048161,west,mangrove,east,mangrove,unifrac
S101,S39,0.9062736111565736,801.7026688919364,west,coral,east,mangrove,unifrac
S102,S39,0.9047325009521545,802.9453095790557,west,coral,east,mangrove,unifrac
S103,S39,0.9150426299189046,803.3595231414287,west,coral,east,mangrove,unifrac
S104,S39,0.9361055542293774,804.9453095790556,west,coral,east,mangrove,unifrac
S105,S39,0.9496017534731857,803.1168824543093,west,coral,east,mangrove,unifrac
S106,S39,0.9365256988570099,637.3229432149714,west,mangrove,east,mangrove,unifrac
S107,S39,0.9459477108693242,636.9087296525983,west,mangrove,east,mangrove,unifrac
S108,S39,0.9346292216339632,635.9087296525983,west,mangrove,east,mangrove,unifrac
S109,S39,0.9156187636929409,635.4945160902251,west,mangrove,east,mangrove,unifrac
S110,S39,0.9477012636207279,635.4945160902251,west,mangrove,east,mangrove,unifrac
S41,S40,0.8626816175316532,111.07106781186548,east,coral,east,mangrove,unifrac
S42,S40,0.9148692251229378,110.65685424949237,east,coral,east,mangrove,unifrac
S43,S40,0.8864624904892313,110.65685424949237,east,coral,east,mangrove,unifrac
S44,S40,0.9212204182138557,111.65685424949237,east,coral,east,mangrove,unifrac
S45,S40,0.9045852187274237,110.65685424949237,east,coral,east,mangrove,unifrac
S46,S40,0.8539753051820825,110.07106781186548,east,mangrove,east,mangrove,unifrac
S47,S40,0.8086638002534604,110.07106781186548,east,mangrove,east,mangrove,unifrac
S48,S40,0.8679283907884388,110.07106781186548,east,mangrove,east,mangrove,unifrac
S49,S40,0.8398192630491149,111.07106781186548,east,mangrove,east,mangrove,unifrac
S50,S40,0.8447097787960436,111.07106781186548,east,mangrove,east,mangrove,unifrac
S51,S40,0.880385188532153,176.4142135623731,east,seagrass,east,mangrove,unifrac
S52,S40,0.9051248234991651,176.4142135623731,east,seagrass,east,mangrove,unifrac
S53,S40,0.9098004769378012,176.4142135623731,east,seagrass,east,mangrove,unifrac
S54,S40,0.8957442415909803,175.4142135623731,east,seagrass,east,mangrove,unifrac
S55,S40,0.9141074792382073,175.4142135623731,east,seagrass,east,mangrove,unifrac
S56,S40,0.9281219414802985,822.9919907732823,west,coral,east,mangrove,unifrac
S57,S40,0.9282385770809718,822.9919907732823,west,coral,east,mangrove,unifrac
S58,S40,0.944080966002367,823.5777772109091,west,coral,east,mangrove,unifrac
S59,S40,0.9472299951137574,822.5777772109091,west,coral,east,mangrove,unifrac
S60,S40,0.9329960396874978,822.9919907732823,west,coral,east,mangrove,unifrac
S61,S40,0.9192417407399993,812.9919907732824,west,mangrove,east,mangrove,unifrac
S62,S40,0.926815963845632,812.9919907732824,west,mangrove,east,mangrove,unifrac
S63,S40,0.9153697057648941,811.9919907732824,west,mangrove,east,mangrove,unifrac
S64,S40,0.9250384743451331,812.4062043356554,west,mangrove,east,mangrove,unifrac
S65,S40,0.9257461005636032,811.9919907732824,west,mangrove,east,mangrove,unifrac
S66,S40,0.8868419435805456,800.6366517139551,west,seagrass,east,mangrove,unifrac
S67,S40,0.9102124602166906,800.6366517139551,west,seagrass,east,mangrove,unifrac
S68,S40,0.9201331990306102,800.6366517139551,west,seagrass,east,mangrove,unifrac
S69,S40,0.9303760922367634,800.6366517139551,west,seagrass,east,mangrove,unifrac
S70,S40,0.924436987521131,801.6366517139551,west,seagrass,east,mangrove,unifrac
S71,S40,0.9986583666528049,326.2964645562816,east,coral,east,mangrove,unifrac
S73,S40,0.9299791115619341,326.2964645562816,east,coral,east,mangrove,unifrac
S74,S40,0.9102465876509137,326.2964645562816,east,coral,east,mangrove,unifrac
S75,S40,0.9336860707326701,326.2964645562816,east,coral,east,mangrove,unifrac
S77,S40,0.892731873366575,302.811183182043,east,coral,east,mangrove,unifrac
S78,S40,0.8924611864610171,302.811183182043,east,coral,east,mangrove,unifrac
S80,S40,0.9406095375309201,302.811183182043,east,coral,east,mangrove,unifrac
S81,S40,0.9147926591971826,297.1959594928933,east,mangrove,east,mangrove,unifrac
S82,S40,0.9266685198183261,297.1959594928933,east,mangrove,east,mangrove,unifrac
S83,S40,0.9212538592443489,297.1959594928933,east,mangrove,east,mangrove,unifrac
S84,S40,0.9109820932251831,297.1959594928933,east,mangrove,east,mangrove,unifrac
S85,S40,0.9067379649501796,297.1959594928933,east,mangrove,east,mangrove,unifrac
S86,S40,0.8927206731395874,886.0214280248045,west,mangrove,east,mangrove,unifrac
S87,S40,0.898776955304591,886.0214280248045,west,mangrove,east,mangrove,unifrac
S88,S40,0.9248831328257917,886.4356415871778,west,mangrove,east,mangrove,unifrac
S89,S40,0.8922612082423891,886.4356415871778,west,mangrove,east,mangrove,unifrac
S90,S40,0.900582585099343,886.4356415871778,west,mangrove,east,mangrove,unifrac
S91,S40,0.919959890610904,902.364573775312,west,seagrass,east,mangrove,unifrac
S92,S40,0.8925457316841251,901.364573775312,west,seagrass,east,mangrove,unifrac
S93,S40,0.9000154548870901,901.364573775312,west,seagrass,east,mangrove,unifrac
S94,S40,0.878864938330884,902.364573775312,west,seagrass,east,mangrove,unifrac
S95,S40,0.8977436040428536,902.364573775312,west,seagrass,east,mangrove,unifrac
S96,S40,0.9025945179398568,866.0458146424431,west,mangrove,east,mangrove,unifrac
S97,S40,0.9062152680896206,866.0458146424431,west,mangrove,east,mangrove,unifrac
S98,S40,0.9206624056523608,866.0458146424431,west,mangrove,east,mangrove,unifrac
S99,S40,0.9203494180047741,866.0458146424431,west,mangrove,east,mangrove,unifrac
S100,S40,0.9079287616394139,867.0458146424431,west,mangrove,east,mangrove,unifrac
S101,S40,0.8675008258026435,800.2884553295632,west,coral,east,mangrove,unifrac
S102,S40,0.8301125288301608,801.5310960166826,west,coral,east,mangrove,unifrac
S103,S40,0.8269488905527191,801.9453095790557,west,coral,east,mangrove,unifrac
S104,S40,0.8717918031709917,803.5310960166825,west,coral,east,mangrove,unifrac
S105,S40,0.8815565306758371,801.7026688919364,west,coral,east,mangrove,unifrac
S106,S40,0.8735256662255393,635.9087296525983,west,mangrove,east,mangrove,unifrac
S107,S40,0.8663800251346224,635.4945160902251,west,mangrove,east,mangrove,unifrac
S108,S40,0.8637593812425045,634.4945160902251,west,mangrove,east,mangrove,unifrac
S109,S40,0.853434272555489,634.0803025278522,west,mangrove,east,mangrove,unifrac
S110,S40,0.8903036496634726,634.0803025278522,west,mangrove,east,mangrove,unifrac
S42,S41,0.5280578590647611,1,east,coral,east,coral,unifrac
S43,S41,0.5378466048405555,1,east,coral,east,coral,unifrac
S44,S41,0.5259590036092029,1.4142135623730951,east,coral,east,coral,unifrac
S45,S41,0.46719728570165564,1,east,coral,east,coral,unifrac
S46,S41,0.7935312400370669,1,east,mangrove,east,coral,unifrac
S47,S41,0.855950171470226,1,east,mangrove,east,coral,unifrac
S48,S41,0.7685939108457672,1,east,mangrove,east,coral,unifrac
S49,S41,0.8417982434454827,0,east,mangrove,east,coral,unifrac
S50,S41,0.7599631247581317,0,east,mangrove,east,coral,unifrac
S51,S41,0.7575946896930621,68.65685424949237,east,seagrass,east,coral,unifrac
S52,S41,0.7463015553920449,68.65685424949237,east,seagrass,east,coral,unifrac
S53,S41,0.8206498730021216,68.65685424949237,east,seagrass,east,coral,unifrac
S54,S41,0.7689438949005298,67.65685424949237,east,seagrass,east,coral,unifrac
S55,S41,0.8100680342819617,67.65685424949237,east,seagrass,east,coral,unifrac
S56,S41,0.7761335724808649,715.2346314604015,west,coral,east,coral,unifrac
S57,S41,0.743060548555336,715.2346314604015,west,coral,east,coral,unifrac
S58,S41,0.7931623630863633,715.8204178980283,west,coral,east,coral,unifrac
S59,S41,0.7978705582821959,714.8204178980283,west,coral,east,coral,unifrac
S60,S41,0.8345616331252774,715.2346314604015,west,coral,east,coral,unifrac
S61,S41,0.7832333875895537,705.2346314604016,west,mangrove,east,coral,unifrac
S62,S41,0.8318960360663716,705.2346314604016,west,mangrove,east,coral,unifrac
S63,S41,0.8255143471239792,704.2346314604016,west,mangrove,east,coral,unifrac
S64,S41,0.8006530217786606,704.6488450227746,west,mangrove,east,coral,unifrac
S65,S41,0.797726555704689,704.2346314604016,west,mangrove,east,coral,unifrac
S66,S41,0.7963782766590916,692.8792924010743,west,seagrass,east,coral,unifrac
S67,S41,0.7421208164118381,692.8792924010743,west,seagrass,east,coral,unifrac
S68,S41,0.8222703872240674,692.8792924010743,west,seagrass,east,coral,unifrac
S69,S41,0.8387751989874009,692.8792924010743,west,seagrass,east,coral,unifrac
S70,S41,0.8337697163145882,693.8792924010743,west,seagrass,east,coral,unifrac
S71,S41,0.9800729210635993,218.53910524340094,east,coral,east,coral,unifrac
S73,S41,0.9595780904717717,218.53910524340094,east,coral,east,coral,unifrac
S74,S41,0.7463991328874522,218.53910524340094,east,coral,east,coral,unifrac
S75,S41,0.7090304419007739,218.53910524340094,east,coral,east,coral,unifrac
S77,S41,0.4721171566602251,195.05382386916236,east,coral,east,coral,unifrac
S78,S41,0.6045892606273671,195.05382386916236,east,coral,east,coral,unifrac
S80,S41,0.80372160243599855,195.05382386916236,east,coral,east,coral,unifrac
S81,S41,0.7386516961335254,189.43860018001263,east,mangrove,east,coral,unifrac
S82,S41,0.8206581163919033,189.43860018001263,east,mangrove,east,coral,unifrac
S83,S41,0.7737341573678272,189.43860018001263,east,mangrove,east,coral,unifrac
S84,S41,0.7502491202701286,189.43860018001263,east,mangrove,east,coral,unifrac
S85,S41,0.7082391760236764,189.43860018001263,east,mangrove,east,coral,unifrac
S86,S41,0.740837843417489,778.2640687119238,west,mangrove,east,coral,unifrac
S87,S41,0.7931669163010034,778.2640687119238,west,mangrove,east,coral,unifrac
S88,S41,0.8768481364778814,778.678282274297,west,mangrove,east,coral,unifrac
S89,S41,0.8715800052410737,778.678282274297,west,mangrove,east,coral,unifrac
S90,S41,0.8921959307066426,778.678282274297,west,mangrove,east,coral,unifrac
S91,S41,0.7569857459500744,794.6072144624312,west,seagrass,east,coral,unifrac
S92,S41,0.7159194414738425,793.6072144624312,west,seagrass,east,coral,unifrac
S93,S41,0.7126909410326719,793.6072144624312,west,seagrass,east,coral,unifrac
S94,S41,0.7618276600086511,794.6072144624312,west,seagrass,east,coral,unifrac
S95,S41,0.6947759964518797,794.6072144624312,west,seagrass,east,coral,unifrac
S96,S41,0.8914643293972554,871.033621333623,west,mangrove,east,coral,unifrac
S97,S41,0.8476448280170226,871.033621333623,west,mangrove,east,coral,unifrac
S98,S41,0.8626696481743977,871.033621333623,west,mangrove,east,coral,unifrac
S99,S41,0.8627772594746266,871.033621333623,west,mangrove,east,coral,unifrac
S100,S41,0.8622749222870354,870.033621333623,west,mangrove,east,coral,unifrac
S101,S41,0.7562396297097057,911.3595231414286,west,coral,east,coral,unifrac
S102,S41,0.757959418030862,912.6021638285479,west,coral,east,coral,unifrac
S103,S41,0.7580940090902262,913.016377390921,west,coral,east,coral,unifrac
S104,S41,0.7367388371170862,914.6021638285478,west,coral,east,coral,unifrac
S105,S41,0.651725163839993,912.7737367038017,west,coral,east,coral,unifrac
S106,S41,0.8043329909274198,746.9797974644637,west,mangrove,east,coral,unifrac
S107,S41,0.7636985845052431,746.5655839020906,west,mangrove,east,coral,unifrac
S108,S41,0.8039650669524105,745.5655839020906,west,mangrove,east,coral,unifrac
S109,S41,0.7465148405465993,745.1513703397175,west,mangrove,east,coral,unifrac
S110,S41,0.831981853107076,745.1513703397175,west,mangrove,east,coral,unifrac
S43,S42,0.6717126706622882,0,east,coral,east,coral,unifrac
S44,S42,0.3085043698781627,1,east,coral,east,coral,unifrac
S45,S42,0.5447670954791203,0,east,coral,east,coral,unifrac
S46,S42,0.7789583653641047,1.4142135623730951,east,mangrove,east,coral,unifrac
S47,S42,0.8589581273731273,1.4142135623730951,east,mangrove,east,coral,unifrac
S48,S42,0.7435941528619207,1.4142135623730951,east,mangrove,east,coral,unifrac
S49,S42,0.905169377563244,1,east,mangrove,east,coral,unifrac
S50,S42,0.7892874354930508,1,east,mangrove,east,coral,unifrac
S51,S42,0.7209591649930132,68.24264068711928,east,seagrass,east,coral,unifrac
S52,S42,0.6841751888709368,68.24264068711928,east,seagrass,east,coral,unifrac
S53,S42,0.7196393417365725,68.24264068711928,east,seagrass,east,coral,unifrac
S54,S42,0.7067128292961481,67.24264068711928,east,seagrass,east,coral,unifrac
S55,S42,0.7443809241539432,67.24264068711928,east,seagrass,east,coral,unifrac
S56,S42,0.6608334298452373,714.8204178980284,west,coral,east,coral,unifrac
S57,S42,0.6107374195247461,714.8204178980284,west,coral,east,coral,unifrac
S58,S42,0.6492152737935112,715.4062043356552,west,coral,east,coral,unifrac
S59,S42,0.6687268364875989,714.4062043356552,west,coral,east,coral,unifrac
S60,S42,0.7163959280562117,714.8204178980284,west,coral,east,coral,unifrac
S61,S42,0.6668152646093901,704.8204178980285,west,mangrove,east,coral,unifrac
S62,S42,0.7246649524887274,704.8204178980285,west,mangrove,east,coral,unifrac
S63,S42,0.7143562249141817,703.8204178980285,west,mangrove,east,coral,unifrac
S64,S42,0.695943004825297,704.2346314604016,west,mangrove,east,coral,unifrac
S65,S42,0.6993638710909253,703.8204178980285,west,mangrove,east,coral,unifrac
S66,S42,0.7404697837826001,692.4650788387013,west,seagrass,east,coral,unifrac
S67,S42,0.6581886882448879,692.4650788387013,west,seagrass,east,coral,unifrac
S68,S42,0.7203909205466964,692.4650788387013,west,seagrass,east,coral,unifrac
S69,S42,0.7489130620382203,692.4650788387013,west,seagrass,east,coral,unifrac
S70,S42,0.7250854465502373,693.4650788387013,west,seagrass,east,coral,unifrac
S71,S42,0.9682401786054886,218.12489168102783,east,coral,east,coral,unifrac
S73,S42,0.9478277146734175,218.12489168102783,east,coral,east,coral,unifrac
S74,S42,0.8260306678315119,218.12489168102783,east,coral,east,coral,unifrac
S75,S42,0.829162566470784,218.12489168102783,east,coral,east,coral,unifrac
S77,S42,0.6862531114618158,194.63961030678925,east,coral,east,coral,unifrac
S78,S42,0.6677150928953713,194.63961030678925,east,coral,east,coral,unifrac
S80,S42,0.8597378769524537,194.63961030678925,east,coral,east,coral,unifrac
S81,S42,0.6685382696380554,189.02438661763955,east,mangrove,east,coral,unifrac
S82,S42,0.7411326776070983,189.02438661763955,east,mangrove,east,coral,unifrac
S83,S42,0.7007670172839314,189.02438661763955,east,mangrove,east,coral,unifrac
S84,S42,0.6856602881118304,189.02438661763955,east,mangrove,east,coral,unifrac
S85,S42,0.6997258343009743,189.02438661763955,east,mangrove,east,coral,unifrac
S86,S42,0.713978111979599,777.8498551495508,west,mangrove,east,coral,unifrac
S87,S42,0.7541762994113834,777.8498551495508,west,mangrove,east,coral,unifrac
S88,S42,0.865558794593337,778.2640687119239,west,mangrove,east,coral,unifrac
S89,S42,0.870030599144222,778.2640687119239,west,mangrove,east,coral,unifrac
S90,S42,0.9158466094487057,778.2640687119239,west,mangrove,east,coral,unifrac
S91,S42,0.6759680695902832,794.1930009000582,west,seagrass,east,coral,unifrac
S92,S42,0.6744141494479865,793.1930009000582,west,seagrass,east,coral,unifrac
S93,S42,0.716421081321666,793.1930009000582,west,seagrass,east,coral,unifrac
S94,S42,0.8041773914349611,794.1930009000582,west,seagrass,east,coral,unifrac
S95,S42,0.6693294298349188,794.1930009000582,west,seagrass,east,coral,unifrac
S96,S42,0.8521934294322616,870.61940777125,west,mangrove,east,coral,unifrac
S97,S42,0.8178412777654177,870.61940777125,west,mangrove,east,coral,unifrac
S98,S42,0.8298779171444863,870.61940777125,west,mangrove,east,coral,unifrac
S99,S42,0.8308767847282824,870.61940777125,west,mangrove,east,coral,unifrac
S100,S42,0.8524387788884691,869.61940777125,west,mangrove,east,coral,unifrac
S101,S42,0.7867150619462845,910.9453095790556,west,coral,east,coral,unifrac
S102,S42,0.8657751411234856,912.1879502661749,west,coral,east,coral,unifrac
S103,S42,0.8628681174472693,912.6021638285479,west,coral,east,coral,unifrac
S104,S42,0.824840841878453,914.1879502661748,west,coral,east,coral,unifrac
S105,S42,0.7535731010444507,912.3595231414286,west,coral,east,coral,unifrac
S106,S42,0.7342458036583978,746.5655839020906,west,mangrove,east,coral,unifrac
S107,S42,0.6849945957561413,746.1513703397175,west,mangrove,east,coral,unifrac
S108,S42,0.7452665928461293,745.1513703397175,west,mangrove,east,coral,unifrac
S109,S42,0.7819250811793926,744.7371567773445,west,mangrove,east,coral,unifrac
S110,S42,0.8080709372673738,744.7371567773445,west,mangrove,east,coral,unifrac
S44,S43,0.6950654742550171,1,east,coral,east,coral,unifrac
S45,S43,0.5496061115973534,0,east,coral,east,coral,unifrac
S46,S43,0.812555763882474,1.4142135623730951,east,mangrove,east,coral,unifrac
S47,S43,0.8680262145720585,1.4142135623730951,east,mangrove,east,coral,unifrac
S48,S43,0.8152467613123092,1.4142135623730951,east,mangrove,east,coral,unifrac
S49,S43,0.8336445334868463,1,east,mangrove,east,coral,unifrac
S50,S43,0.8221221383803458,1,east,mangrove,east,coral,unifrac
S51,S43,0.7552177967534136,68.24264068711928,east,seagrass,east,coral,unifrac
S52,S43,0.7766066206187023,68.24264068711928,east,seagrass,east,coral,unifrac
S53,S43,0.8322059884240279,68.24264068711928,east,seagrass,east,coral,unifrac
S54,S43,0.7706523750720781,67.24264068711928,east,seagrass,east,coral,unifrac
S55,S43,0.836260070783579,67.24264068711928,east,seagrass,east,coral,unifrac
S56,S43,0.7827058752075646,714.8204178980284,west,coral,east,coral,unifrac
S57,S43,0.7750291054958359,714.8204178980284,west,coral,east,coral,unifrac
S58,S43,0.8170777833624862,715.4062043356552,west,coral,east,coral,unifrac
S59,S43,0.8152718572425597,714.4062043356552,west,coral,east,coral,unifrac
S60,S43,0.8624969788837327,714.8204178980284,west,coral,east,coral,unifrac
S61,S43,0.7885048276694628,704.8204178980285,west,mangrove,east,coral,unifrac
S62,S43,0.8088558597814784,704.8204178980285,west,mangrove,east,coral,unifrac
S63,S43,0.8522149663220172,703.8204178980285,west,mangrove,east,coral,unifrac
S64,S43,0.8151893492254755,704.2346314604016,west,mangrove,east,coral,unifrac
S65,S43,0.8200787831167937,703.8204178980285,west,mangrove,east,coral,unifrac
S66,S43,0.8077176559940734,692.4650788387013,west,seagrass,east,coral,unifrac
S67,S43,0.7733658432573747,692.4650788387013,west,seagrass,east,coral,unifrac
S68,S43,0.8320870835950557,692.4650788387013,west,seagrass,east,coral,unifrac
S69,S43,0.8623504953284691,692.4650788387013,west,seagrass,east,coral,unifrac
S70,S43,0.8330215104959908,693.4650788387013,west,seagrass,east,coral,unifrac
S71,S43,0.9219823967891249,218.12489168102783,east,coral,east,coral,unifrac
S73,S43,0.9458605959731989,218.12489168102783,east,coral,east,coral,unifrac
S74,S43,0.7877561266322216,218.12489168102783,east,coral,east,coral,unifrac
S75,S43,0.7502891059153558,218.12489168102783,east,coral,east,coral,unifrac
S77,S43,0.5573762584732087,194.63961030678925,east,coral,east,coral,unifrac
S78,S43,0.6578223401697498,194.63961030678925,east,coral,east,coral,unifrac
S80,S43,0.7381899101858075,194.63961030678925,east,coral,east,coral,unifrac
S81,S43,0.7884472918998415,189.02438661763955,east,mangrove,east,coral,unifrac
S82,S43,0.8571988115159973,189.02438661763955,east,mangrove,east,coral,unifrac
S83,S43,0.8423011689204936,189.02438661763955,east,mangrove,east,coral,unifrac
S84,S43,0.8310733152437515,189.02438661763955,east,mangrove,east,coral,unifrac
S85,S43,0.7971543401478972,189.02438661763955,east,mangrove,east,coral,unifrac
S86,S43,0.8124091993908018,777.8498551495508,west,mangrove,east,coral,unifrac
S87,S43,0.8368744778945578,777.8498551495508,west,mangrove,east,coral,unifrac
S88,S43,0.8985840222424036,778.2640687119239,west,mangrove,east,coral,unifrac
S89,S43,0.8810504233872177,778.2640687119239,west,mangrove,east,coral,unifrac
S90,S43,0.9082254812328768,778.2640687119239,west,mangrove,east,coral,unifrac
S91,S43,0.7686391331651398,794.1930009000582,west,seagrass,east,coral,unifrac
S92,S43,0.7369149619901175,793.1930009000582,west,seagrass,east,coral,unifrac
S93,S43,0.7166292448178654,793.1930009000582,west,seagrass,east,coral,unifrac
S94,S43,0.7554191714167502,794.1930009000582,west,seagrass,east,coral,unifrac
S95,S43,0.7380201363931242,794.1930009000582,west,seagrass,east,coral,unifrac
S96,S43,0.8882223588044245,870.61940777125,west,mangrove,east,coral,unifrac
S97,S43,0.8574502479240022,870.61940777125,west,mangrove,east,coral,unifrac
S98,S43,0.8838132434006583,870.61940777125,west,mangrove,east,coral,unifrac
S99,S43,0.8991341096674769,870.61940777125,west,mangrove,east,coral,unifrac
S100,S43,0.8963529893934453,869.61940777125,west,mangrove,east,coral,unifrac
S101,S43,0.7516036471804557,910.9453095790556,west,coral,east,coral,unifrac
S102,S43,0.7068775246989761,912.1879502661749,west,coral,east,coral,unifrac
S103,S43,0.7711375377533223,912.6021638285479,west,coral,east,coral,unifrac
S104,S43,0.6511501036357922,914.1879502661748,west,coral,east,coral,unifrac
S105,S43,0.6773596780502444,912.3595231414286,west,coral,east,coral,unifrac
S106,S43,0.8308792313974741,746.5655839020906,west,mangrove,east,coral,unifrac
S107,S43,0.8217075061557246,746.1513703397175,west,mangrove,east,coral,unifrac
S108,S43,0.8395421796612068,745.1513703397175,west,mangrove,east,coral,unifrac
S109,S43,0.7485735936113207,744.7371567773445,west,mangrove,east,coral,unifrac
S110,S43,0.7929035750201595,744.7371567773445,west,mangrove,east,coral,unifrac
S45,S44,0.47933518258761254,1,east,coral,east,coral,unifrac
S46,S44,0.767842968441009,2.414213562373095,east,mangrove,east,coral,unifrac
S47,S44,0.8533949049046476,2.414213562373095,east,mangrove,east,coral,unifrac
S48,S44,0.7313828068300426,2.414213562373095,east,mangrove,east,coral,unifrac
S49,S44,0.9006425195799758,1.4142135623730951,east,mangrove,east,coral,unifrac
S50,S44,0.7918366802289831,1.4142135623730951,east,mangrove,east,coral,unifrac
S51,S44,0.6706763123009941,67.24264068711928,east,seagrass,east,coral,unifrac
S52,S44,0.6766375205325601,67.24264068711928,east,seagrass,east,coral,unifrac
S53,S44,0.6920381648301912,67.24264068711928,east,seagrass,east,coral,unifrac
S54,S44,0.6890387527249089,66.24264068711928,east,seagrass,east,coral,unifrac
S55,S44,0.69687351324806,66.24264068711928,east,seagrass,east,coral,unifrac
S56,S44,0.6659000982485654,713.8204178980284,west,coral,east,coral,unifrac
S57,S44,0.6332714548219041,713.8204178980284,west,coral,east,coral,unifrac
S58,S44,0.6475777539279551,714.4062043356552,west,coral,east,coral,unifrac
S59,S44,0.6788093992217067,713.4062043356552,west,coral,east,coral,unifrac
S60,S44,0.7074846843587418,713.8204178980284,west,coral,east,coral,unifrac
S61,S44,0.6830286329075431,703.8204178980285,west,mangrove,east,coral,unifrac
S62,S44,0.7275387102898688,703.8204178980285,west,mangrove,east,coral,unifrac
S63,S44,0.7059077936409847,702.8204178980285,west,mangrove,east,coral,unifrac
S64,S44,0.6914440559091768,703.2346314604016,west,mangrove,east,coral,unifrac
S65,S44,0.6956443186018343,702.8204178980285,west,mangrove,east,coral,unifrac
S66,S44,0.7377741666786168,691.4650788387013,west,seagrass,east,coral,unifrac
S67,S44,0.6671000023113566,691.4650788387013,west,seagrass,east,coral,unifrac
S68,S44,0.720501947454776,691.4650788387013,west,seagrass,east,coral,unifrac
S69,S44,0.735135052491487,691.4650788387013,west,seagrass,east,coral,unifrac
S70,S44,0.7185346754074979,692.4650788387013,west,seagrass,east,coral,unifrac
S71,S44,0.9474848284945535,217.12489168102783,east,coral,east,coral,unifrac
S73,S44,0.9532267594771353,217.12489168102783,east,coral,east,coral,unifrac
S74,S44,0.8439956408178046,217.12489168102783,east,coral,east,coral,unifrac
S75,S44,0.8262800307335297,217.12489168102783,east,coral,east,coral,unifrac
S77,S44,0.6976543330889405,193.63961030678925,east,coral,east,coral,unifrac
S78,S44,0.664647891546808,193.63961030678925,east,coral,east,coral,unifrac
S80,S44,0.8742541358137533,193.63961030678925,east,coral,east,coral,unifrac
S81,S44,0.6521832243505009,188.02438661763955,east,mangrove,east,coral,unifrac
S82,S44,0.6957797919518873,188.02438661763955,east,mangrove,east,coral,unifrac
S83,S44,0.6353239455340124,188.02438661763955,east,mangrove,east,coral,unifrac
S84,S44,0.644411261135548,188.02438661763955,east,mangrove,east,coral,unifrac
S85,S44,0.6733135760584765,188.02438661763955,east,mangrove,east,coral,unifrac
S86,S44,0.7200674577453661,776.8498551495508,west,mangrove,east,coral,unifrac
S87,S44,0.757486916000757,776.8498551495508,west,mangrove,east,coral,unifrac
S88,S44,0.8494482167657277,777.2640687119239,west,mangrove,east,coral,unifrac
S89,S44,0.8646912230179298,777.2640687119239,west,mangrove,east,coral,unifrac
S90,S44,0.9086239688550892,777.2640687119239,west,mangrove,east,coral,unifrac
S91,S44,0.6619635695405075,793.1930009000582,west,seagrass,east,coral,unifrac
S92,S44,0.6646208982251562,792.1930009000582,west,seagrass,east,coral,unifrac
S93,S44,0.7066341034829847,792.1930009000582,west,seagrass,east,coral,unifrac
S94,S44,0.7847214774152048,793.1930009000582,west,seagrass,east,coral,unifrac
S95,S44,0.6514157430175077,793.1930009000582,west,seagrass,east,coral,unifrac
S96,S44,0.8378630782318834,869.61940777125,west,mangrove,east,coral,unifrac
S97,S44,0.807462110998307,869.61940777125,west,mangrove,east,coral,unifrac
S98,S44,0.817738531787772,869.61940777125,west,mangrove,east,coral,unifrac
S99,S44,0.8197684703858388,869.61940777125,west,mangrove,east,coral,unifrac
S100,S44,0.8208944163833312,868.61940777125,west,mangrove,east,coral,unifrac
S101,S44,0.8373541117748459,911.9453095790556,west,coral,east,coral,unifrac
S102,S44,0.8787017020238839,913.1879502661749,west,coral,east,coral,unifrac
S103,S44,0.875220815534493,913.6021638285479,west,coral,east,coral,unifrac
S104,S44,0.8267227183172916,915.1879502661748,west,coral,east,coral,unifrac
S105,S44,0.7520816400117162,913.3595231414286,west,coral,east,coral,unifrac
S106,S44,0.751500610106463,747.5655839020906,west,mangrove,east,coral,unifrac
S107,S44,0.735763713455505,747.1513703397175,west,mangrove,east,coral,unifrac
S108,S44,0.7810380026721792,746.1513703397175,west,mangrove,east,coral,unifrac
S109,S44,0.8143220864055879,745.7371567773445,west,mangrove,east,coral,unifrac
S110,S44,0.7914858046665944,745.7371567773445,west,mangrove,east,coral,unifrac
S46,S45,0.8118411621513234,1.4142135623730951,east,mangrove,east,coral,unifrac
S47,S45,0.8951471382870009,1.4142135623730951,east,mangrove,east,coral,unifrac
S48,S45,0.7817153612931634,1.4142135623730951,east,mangrove,east,coral,unifrac
S49,S45,0.8711549770126886,1,east,mangrove,east,coral,unifrac
S50,S45,0.808889602023401,1,east,mangrove,east,coral,unifrac
S51,S45,0.723861499652502,68.24264068711928,east,seagrass,east,coral,unifrac
S52,S45,0.7082580921615507,68.24264068711928,east,seagrass,east,coral,unifrac
S53,S45,0.7571106341458023,68.24264068711928,east,seagrass,east,coral,unifrac
S54,S45,0.7454008195270315,67.24264068711928,east,seagrass,east,coral,unifrac
S55,S45,0.739576622647025,67.24264068711928,east,seagrass,east,coral,unifrac
S56,S45,0.7144040836001617,714.8204178980284,west,coral,east,coral,unifrac
S57,S45,0.6685664039818091,714.8204178980284,west,coral,east,coral,unifrac
S58,S45,0.7175065141208951,715.4062043356552,west,coral,east,coral,unifrac
S59,S45,0.729348064634702,714.4062043356552,west,coral,east,coral,unifrac
S60,S45,0.7715745477250523,714.8204178980284,west,coral,east,coral,unifrac
S61,S45,0.7677789412184515,704.8204178980285,west,mangrove,east,coral,unifrac
S62,S45,0.7730083958843706,704.8204178980285,west,mangrove,east,coral,unifrac
S63,S45,0.7797155386965405,703.8204178980285,west,mangrove,east,coral,unifrac
S64,S45,0.7708441014273444,704.2346314604016,west,mangrove,east,coral,unifrac
S65,S45,0.7698091152011086,703.8204178980285,west,mangrove,east,coral,unifrac
S66,S45,0.7454578826604994,692.4650788387013,west,seagrass,east,coral,unifrac
S67,S45,0.7129180636643829,692.4650788387013,west,seagrass,east,coral,unifrac
S68,S45,0.7955194831280256,692.4650788387013,west,seagrass,east,coral,unifrac
S69,S45,0.7815521634535024,692.4650788387013,west,seagrass,east,coral,unifrac
S70,S45,0.7791759709346978,693.4650788387013,west,seagrass,east,coral,unifrac
S71,S45,0.9171922363026052,218.12489168102783,east,coral,east,coral,unifrac
S73,S45,0.9690027899229458,218.12489168102783,east,coral,east,coral,unifrac
S74,S45,0.8049352186235788,218.12489168102783,east,coral,east,coral,unifrac
S75,S45,0.8083049704609506,218.12489168102783,east,coral,east,coral,unifrac
S77,S45,0.6181071035586314,194.63961030678925,east,coral,east,coral,unifrac
S78,S45,0.6688388647864132,194.63961030678925,east,coral,east,coral,unifrac
S80,S45,0.8498058685693124,194.63961030678925,east,coral,east,coral,unifrac
S81,S45,0.7141280456661899,189.02438661763955,east,mangrove,east,coral,unifrac
S82,S45,0.7638254675282317,189.02438661763955,east,mangrove,east,coral,unifrac
S83,S45,0.7272280866085012,189.02438661763955,east,mangrove,east,coral,unifrac
S84,S45,0.7148845228011651,189.02438661763955,east,mangrove,east,coral,unifrac
S85,S45,0.7097422791876712,189.02438661763955,east,mangrove,east,coral,unifrac
S86,S45,0.7783374790942995,777.8498551495508,west,mangrove,east,coral,unifrac
S87,S45,0.7964599153147149,777.8498551495508,west,mangrove,east,coral,unifrac
S88,S45,0.870711504753076,778.2640687119239,west,mangrove,east,coral,unifrac
S89,S45,0.8851394239567384,778.2640687119239,west,mangrove,east,coral,unifrac
S90,S45,0.907246882547775,778.2640687119239,west,mangrove,east,coral,unifrac
S91,S45,0.7309409024531772,794.1930009000582,west,seagrass,east,coral,unifrac
S92,S45,0.6872377052664704,793.1930009000582,west,seagrass,east,coral,unifrac
S93,S45,0.6947820237733531,793.1930009000582,west,seagrass,east,coral,unifrac
S94,S45,0.7785287360751861,794.1930009000582,west,seagrass,east,coral,unifrac
S95,S45,0.7271864831632541,794.1930009000582,west,seagrass,east,coral,unifrac
S96,S45,0.8636133494212628,870.61940777125,west,mangrove,east,coral,unifrac
S97,S45,0.8249229695649858,870.61940777125,west,mangrove,east,coral,unifrac
S98,S45,0.8412488452696959,870.61940777125,west,mangrove,east,coral,unifrac
S99,S45,0.843302160703185,870.61940777125,west,mangrove,east,coral,unifrac
S100,S45,0.8414229781058389,869.61940777125,west,mangrove,east,coral,unifrac
S101,S45,0.8013030409839307,910.9453095790556,west,coral,east,coral,unifrac
S102,S45,0.8127765544533444,912.1879502661749,west,coral,east,coral,unifrac
S103,S45,0.8079733457663955,912.6021638285479,west,coral,east,coral,unifrac
S104,S45,0.760976864064225,914.1879502661748,west,coral,east,coral,unifrac
S105,S45,0.682177937077827,912.3595231414286,west,coral,east,coral,unifrac
S106,S45,0.8132695630260941,746.5655839020906,west,mangrove,east,coral,unifrac
S107,S45,0.8020560553247876,746.1513703397175,west,mangrove,east,coral,unifrac
S108,S45,0.8400319355427768,745.1513703397175,west,mangrove,east,coral,unifrac
S109,S45,0.743960212534033,744.7371567773445,west,mangrove,east,coral,unifrac
S110,S45,0.8013397465883598,744.7371567773445,west,mangrove,east,coral,unifrac
S47,S46,0.6791483448529604,0,east,mangrove,east,mangrove,unifrac
S48,S46,0.27297422830490486,0,east,mangrove,east,mangrove,unifrac
S49,S46,0.841658088470211,1,east,mangrove,east,mangrove,unifrac
S50,S46,0.6405340894537149,1,east,mangrove,east,mangrove,unifrac
S51,S46,0.6703320354861076,69.65685424949237,east,seagrass,east,mangrove,unifrac
S52,S46,0.5891809807444524,69.65685424949237,east,seagrass,east,mangrove,unifrac
S53,S46,0.5534367360579214,69.65685424949237,east,seagrass,east,mangrove,unifrac
S54,S46,0.5475154557578843,68.65685424949237,east,seagrass,east,mangrove,unifrac
S55,S46,0.58576267510216,68.65685424949237,east,seagrass,east,mangrove,unifrac
S56,S46,0.7754912916029165,716.2346314604015,west,coral,east,mangrove,unifrac
S57,S46,0.7566238267857852,716.2346314604015,west,coral,east,mangrove,unifrac
S58,S46,0.7717667449333651,716.8204178980283,west,coral,east,mangrove,unifrac
S59,S46,0.7910085189539233,715.8204178980283,west,coral,east,mangrove,unifrac
S60,S46,0.7755547430152167,716.2346314604015,west,coral,east,mangrove,unifrac
S61,S46,0.6506142990382887,706.2346314604016,west,mangrove,east,mangrove,unifrac
S62,S46,0.7224302742461489,706.2346314604016,west,mangrove,east,mangrove,unifrac
S63,S46,0.6990902219805388,705.2346314604016,west,mangrove,east,mangrove,unifrac
S64,S46,0.6655197029232416,705.6488450227746,west,mangrove,east,mangrove,unifrac
S65,S46,0.6682717896779419,705.2346314604016,west,mangrove,east,mangrove,unifrac
S66,S46,0.7621848064993971,693.8792924010743,west,seagrass,east,mangrove,unifrac
S67,S46,0.6706107626702367,693.8792924010743,west,seagrass,east,mangrove,unifrac
S68,S46,0.7080959821993722,693.8792924010743,west,seagrass,east,mangrove,unifrac
S69,S46,0.7602948707228693,693.8792924010743,west,seagrass,east,mangrove,unifrac
S70,S46,0.7879990040581368,694.8792924010743,west,seagrass,east,mangrove,unifrac
S71,S46,0.9972709196817627,219.53910524340094,east,coral,east,mangrove,unifrac
S73,S46,0.9836510116956132,219.53910524340094,east,coral,east,mangrove,unifrac
S74,S46,0.952236120807726,219.53910524340094,east,coral,east,mangrove,unifrac
S75,S46,0.925390928497735,219.53910524340094,east,coral,east,mangrove,unifrac
S77,S46,0.8717656274262953,196.05382386916236,east,coral,east,mangrove,unifrac
S78,S46,0.8022899690940866,196.05382386916236,east,coral,east,mangrove,unifrac
S80,S46,0.9207425891892819,196.05382386916236,east,coral,east,mangrove,unifrac
S81,S46,0.5358981626769888,190.43860018001263,east,mangrove,east,mangrove,unifrac
S82,S46,0.647051591923412,190.43860018001263,east,mangrove,east,mangrove,unifrac
S83,S46,0.585998149708437,190.43860018001263,east,mangrove,east,mangrove,unifrac
S84,S46,0.5871123088590006,190.43860018001263,east,mangrove,east,mangrove,unifrac
S85,S46,0.5926188263421809,190.43860018001263,east,mangrove,east,mangrove,unifrac
S86,S46,0.685024107692833,779.2640687119238,west,mangrove,east,mangrove,unifrac
S87,S46,0.749523181541574,779.2640687119238,west,mangrove,east,mangrove,unifrac
S88,S46,0.7417572902342069,779.678282274297,west,mangrove,east,mangrove,unifrac
S89,S46,0.7719512563275037,779.678282274297,west,mangrove,east,mangrove,unifrac
S90,S46,0.7951413729874899,779.678282274297,west,mangrove,east,mangrove,unifrac
S91,S46,0.680536287791007,795.6072144624312,west,seagrass,east,mangrove,unifrac
S92,S46,0.6828061323728031,794.6072144624312,west,seagrass,east,mangrove,unifrac
S93,S46,0.7348318382964358,794.6072144624312,west,seagrass,east,mangrove,unifrac
S94,S46,0.8593102520749464,795.6072144624312,west,seagrass,east,mangrove,unifrac
S95,S46,0.7261475349355847,795.6072144624312,west,seagrass,east,mangrove,unifrac
S96,S46,0.7352159307156456,872.033621333623,west,mangrove,east,mangrove,unifrac
S97,S46,0.6934575191800508,872.033621333623,west,mangrove,east,mangrove,unifrac
S98,S46,0.71031887226868,872.033621333623,west,mangrove,east,mangrove,unifrac
S99,S46,0.6815975513141507,872.033621333623,west,mangrove,east,mangrove,unifrac
S100,S46,0.6927336224450391,871.033621333623,west,mangrove,east,mangrove,unifrac
S101,S46,0.8859112664998985,910.3595231414286,west,coral,east,mangrove,unifrac
S102,S46,0.8984339597834717,911.6021638285479,west,coral,east,mangrove,unifrac
S103,S46,0.9132858540881091,912.016377390921,west,coral,east,mangrove,unifrac
S104,S46,0.8866051265187516,913.6021638285478,west,coral,east,mangrove,unifrac
S105,S46,0.8983926871403624,911.7737367038017,west,coral,east,mangrove,unifrac
S106,S46,0.6939416736371615,745.9797974644637,west,mangrove,east,mangrove,unifrac
S107,S46,0.766706729489842,745.5655839020906,west,mangrove,east,mangrove,unifrac
S108,S46,0.7984763893632117,744.5655839020906,west,mangrove,east,mangrove,unifrac
S109,S46,0.8057499278136177,744.1513703397175,west,mangrove,east,mangrove,unifrac
S110,S46,0.8214777340183556,744.1513703397175,west,mangrove,east,mangrove,unifrac
S48,S47,0.7436982760429565,0,east,mangrove,east,mangrove,unifrac
S49,S47,0.6343465297508308,1,east,mangrove,east,mangrove,unifrac
S50,S47,0.5418050649534267,1,east,mangrove,east,mangrove,unifrac
S51,S47,0.6806363014078683,69.65685424949237,east,seagrass,east,mangrove,unifrac
S52,S47,0.7116048581633044,69.65685424949237,east,seagrass,east,mangrove,unifrac
S53,S47,0.7590767132270196,69.65685424949237,east,seagrass,east,mangrove,unifrac
S54,S47,0.7327120775993425,68.65685424949237,east,seagrass,east,mangrove,unifrac
S55,S47,0.776944883498513,68.65685424949237,east,seagrass,east,mangrove,unifrac
S56,S47,0.8590501768824258,716.2346314604015,west,coral,east,mangrove,unifrac
S57,S47,0.8473586775913639,716.2346314604015,west,coral,east,mangrove,unifrac
S58,S47,0.8964599248514713,716.8204178980283,west,coral,east,mangrove,unifrac
S59,S47,0.8955389296432446,715.8204178980283,west,coral,east,mangrove,unifrac
S60,S47,0.8661486811934562,716.2346314604015,west,coral,east,mangrove,unifrac
S61,S47,0.8015703722057144,706.2346314604016,west,mangrove,east,mangrove,unifrac
S62,S47,0.809113459952012,706.2346314604016,west,mangrove,east,mangrove,unifrac
S63,S47,0.806856928946751,705.2346314604016,west,mangrove,east,mangrove,unifrac
S64,S47,0.8024271129258518,705.6488450227746,west,mangrove,east,mangrove,unifrac
S65,S47,0.8163784838243874,705.2346314604016,west,mangrove,east,mangrove,unifrac
S66,S47,0.7320005842445102,693.8792924010743,west,seagrass,east,mangrove,unifrac
S67,S47,0.7842287658555188,693.8792924010743,west,seagrass,east,mangrove,unifrac
S68,S47,0.800132504642081,693.8792924010743,west,seagrass,east,mangrove,unifrac
S69,S47,0.8388618332457102,693.8792924010743,west,seagrass,east,mangrove,unifrac
S70,S47,0.7755791519020128,694.8792924010743,west,seagrass,east,mangrove,unifrac
S71,S47,0.9991422453200189,219.53910524340094,east,coral,east,mangrove,unifrac
S73,S47,0.9566044081334367,219.53910524340094,east,coral,east,mangrove,unifrac
S74,S47,0.8895938972841718,219.53910524340094,east,coral,east,mangrove,unifrac
S75,S47,0.9114956864684503,219.53910524340094,east,coral,east,mangrove,unifrac
S77,S47,0.9114044576767467,196.05382386916236,east,coral,east,mangrove,unifrac
S78,S47,0.9088395176057665,196.05382386916236,east,coral,east,mangrove,unifrac
S80,S47,0.9600062106673952,196.05382386916236,east,coral,east,mangrove,unifrac
S81,S47,0.7681969447941518,190.43860018001263,east,mangrove,east,mangrove,unifrac
S82,S47,0.8395385499534697,190.43860018001263,east,mangrove,east,mangrove,unifrac
S83,S47,0.8022173304211693,190.43860018001263,east,mangrove,east,mangrove,unifrac
S84,S47,0.812852051204178,190.43860018001263,east,mangrove,east,mangrove,unifrac
S85,S47,0.7567258641054128,190.43860018001263,east,mangrove,east,mangrove,unifrac
S86,S47,0.8379497776584567,779.2640687119238,west,mangrove,east,mangrove,unifrac
S87,S47,0.8158561848054537,779.2640687119238,west,mangrove,east,mangrove,unifrac
S88,S47,0.8118939566136878,779.678282274297,west,mangrove,east,mangrove,unifrac
S89,S47,0.7756073385327354,779.678282274297,west,mangrove,east,mangrove,unifrac
S90,S47,0.8522468912207509,779.678282274297,west,mangrove,east,mangrove,unifrac
S91,S47,0.82797507796332,795.6072144624312,west,seagrass,east,mangrove,unifrac
S92,S47,0.8024946028252087,794.6072144624312,west,seagrass,east,mangrove,unifrac
S93,S47,0.8471954289746826,794.6072144624312,west,seagrass,east,mangrove,unifrac
S94,S47,0.8568790360369355,795.6072144624312,west,seagrass,east,mangrove,unifrac
S95,S47,0.7766977274994441,795.6072144624312,west,seagrass,east,mangrove,unifrac
S96,S47,0.7608341885434551,872.033621333623,west,mangrove,east,mangrove,unifrac
S97,S47,0.783184934225635,872.033621333623,west,mangrove,east,mangrove,unifrac
S98,S47,0.7638331809335459,872.033621333623,west,mangrove,east,mangrove,unifrac
S99,S47,0.7797681158900001,872.033621333623,west,mangrove,east,mangrove,unifrac
S100,S47,0.74225473459742,871.033621333623,west,mangrove,east,mangrove,unifrac
S101,S47,0.8657018255706412,910.3595231414286,west,coral,east,mangrove,unifrac
S102,S47,0.8854498954525136,911.6021638285479,west,coral,east,mangrove,unifrac
S103,S47,0.9031052311161195,912.016377390921,west,coral,east,mangrove,unifrac
S104,S47,0.8694830768698655,913.6021638285478,west,coral,east,mangrove,unifrac
S105,S47,0.8841425240565894,911.7737367038017,west,coral,east,mangrove,unifrac
S106,S47,0.694947874144102,745.9797974644637,west,mangrove,east,mangrove,unifrac
S107,S47,0.7377284185522602,745.5655839020906,west,mangrove,east,mangrove,unifrac
S108,S47,0.7997444362303107,744.5655839020906,west,mangrove,east,mangrove,unifrac
S109,S47,0.8375124394882811,744.1513703397175,west,mangrove,east,mangrove,unifrac
S110,S47,0.802197346389879,744.1513703397175,west,mangrove,east,mangrove,unifrac
S49,S48,0.8579762369224491,1,east,mangrove,east,mangrove,unifrac
S50,S48,0.6158479447480866,1,east,mangrove,east,mangrove,unifrac
S51,S48,0.6436465995600268,69.65685424949237,east,seagrass,east,mangrove,unifrac
S52,S48,0.5691744549160156,69.65685424949237,east,seagrass,east,mangrove,unifrac
S53,S48,0.4913235004435287,69.65685424949237,east,seagrass,east,mangrove,unifrac
S54,S48,0.519376510027692,68.65685424949237,east,seagrass,east,mangrove,unifrac
S55,S48,0.5217023016369936,68.65685424949237,east,seagrass,east,mangrove,unifrac
S56,S48,0.7442826685101499,716.2346314604015,west,coral,east,mangrove,unifrac
S57,S48,0.7096597521174163,716.2346314604015,west,coral,east,mangrove,unifrac
S58,S48,0.7252268239453252,716.8204178980283,west,coral,east,mangrove,unifrac
S59,S48,0.7480369257015695,715.8204178980283,west,coral,east,mangrove,unifrac
S60,S48,0.7460672039369953,716.2346314604015,west,coral,east,mangrove,unifrac
S61,S48,0.6308913495123708,706.2346314604016,west,mangrove,east,mangrove,unifrac
S62,S48,0.6887904322889232,706.2346314604016,west,mangrove,east,mangrove,unifrac
S63,S48,0.6830040800556219,705.2346314604016,west,mangrove,east,mangrove,unifrac
S64,S48,0.6561250502904483,705.6488450227746,west,mangrove,east,mangrove,unifrac
S65,S48,0.6253274243204773,705.2346314604016,west,mangrove,east,mangrove,unifrac
S66,S48,0.752000057891039,693.8792924010743,west,seagrass,east,mangrove,unifrac
S67,S48,0.6527010764150878,693.8792924010743,west,seagrass,east,mangrove,unifrac
S68,S48,0.6730604082211115,693.8792924010743,west,seagrass,east,mangrove,unifrac
S69,S48,0.7253709671366246,693.8792924010743,west,seagrass,east,mangrove,unifrac
S70,S48,0.7733151258083719,694.8792924010743,west,seagrass,east,mangrove,unifrac
S71,S48,0.9975441217304148,219.53910524340094,east,coral,east,mangrove,unifrac
S73,S48,0.9853141636668133,219.53910524340094,east,coral,east,mangrove,unifrac
S74,S48,0.9436973356673533,219.53910524340094,east,coral,east,mangrove,unifrac
S75,S48,0.9325839896154264,219.53910524340094,east,coral,east,mangrove,unifrac
S77,S48,0.8579567419908852,196.05382386916236,east,coral,east,mangrove,unifrac
S78,S48,0.8162475916463731,196.05382386916236,east,coral,east,mangrove,unifrac
S80,S48,0.928685008835633,196.05382386916236,east,coral,east,mangrove,unifrac
S81,S48,0.5124298913654215,190.43860018001263,east,mangrove,east,mangrove,unifrac
S82,S48,0.6041040419707459,190.43860018001263,east,mangrove,east,mangrove,unifrac
S83,S48,0.5424067186038557,190.43860018001263,east,mangrove,east,mangrove,unifrac
S84,S48,0.5424409275209616,190.43860018001263,east,mangrove,east,mangrove,unifrac
S85,S48,0.5464121834936402,190.43860018001263,east,mangrove,east,mangrove,unifrac
S86,S48,0.6866078456103584,779.2640687119238,west,mangrove,east,mangrove,unifrac
S87,S48,0.7606358824560155,779.2640687119238,west,mangrove,east,mangrove,unifrac
S88,S48,0.7616417581202501,779.678282274297,west,mangrove,east,mangrove,unifrac
S89,S48,0.8108166530911601,779.678282274297,west,mangrove,east,mangrove,unifrac
S90,S48,0.8318812214841715,779.678282274297,west,mangrove,east,mangrove,unifrac
S91,S48,0.6346692970721285,795.6072144624312,west,seagrass,east,mangrove,unifrac
S92,S48,0.6519600288922749,794.6072144624312,west,seagrass,east,mangrove,unifrac
S93,S48,0.7007427362488452,794.6072144624312,west,seagrass,east,mangrove,unifrac
S94,S48,0.8434420590351754,795.6072144624312,west,seagrass,east,mangrove,unifrac
S95,S48,0.6852423022181713,795.6072144624312,west,seagrass,east,mangrove,unifrac
S96,S48,0.7705359306073519,872.033621333623,west,mangrove,east,mangrove,unifrac
S97,S48,0.708173981549589,872.033621333623,west,mangrove,east,mangrove,unifrac
S98,S48,0.719867722202113,872.033621333623,west,mangrove,east,mangrove,unifrac
S99,S48,0.6743713888584031,872.033621333623,west,mangrove,east,mangrove,unifrac
S100,S48,0.7251319242490339,871.033621333623,west,mangrove,east,mangrove,unifrac
S101,S48,0.9002082252424034,910.3595231414286,west,coral,east,mangrove,unifrac
S102,S48,0.9060194902471814,911.6021638285479,west,coral,east,mangrove,unifrac
S103,S48,0.9085284881664791,912.016377390921,west,coral,east,mangrove,unifrac
S104,S48,0.8948531574231113,913.6021638285478,west,coral,east,mangrove,unifrac
S105,S48,0.8925698491057802,911.7737367038017,west,coral,east,mangrove,unifrac
S106,S48,0.7145411193777436,745.9797974644637,west,mangrove,east,mangrove,unifrac
S107,S48,0.7661590054209335,745.5655839020906,west,mangrove,east,mangrove,unifrac
S108,S48,0.8015065448616419,744.5655839020906,west,mangrove,east,mangrove,unifrac
S109,S48,0.8089184204817709,744.1513703397175,west,mangrove,east,mangrove,unifrac
S110,S48,0.8232933941417422,744.1513703397175,west,mangrove,east,mangrove,unifrac
S50,S49,0.7262080676029333,0,east,mangrove,east,mangrove,unifrac
S51,S49,0.8160884521562376,68.65685424949237,east,seagrass,east,mangrove,unifrac
S52,S49,0.8381445866232383,68.65685424949237,east,seagrass,east,mangrove,unifrac
S53,S49,0.8862404352742486,68.65685424949237,east,seagrass,east,mangrove,unifrac
S54,S49,0.8472659188810838,67.65685424949237,east,seagrass,east,mangrove,unifrac
S55,S49,0.8798628913601819,67.65685424949237,east,seagrass,east,mangrove,unifrac
S56,S49,0.8924911019366689,715.2346314604015,west,coral,east,mangrove,unifrac
S57,S49,0.9001852727115837,715.2346314604015,west,coral,east,mangrove,unifrac
S58,S49,0.9343684756442482,715.8204178980283,west,coral,east,mangrove,unifrac
S59,S49,0.92335903056189494,714.8204178980283,west,coral,east,mangrove,unifrac
S60,S49,0.9229391224634866,715.2346314604015,west,coral,east,mangrove,unifrac
S61,S49,0.8806338261798977,705.2346314604016,west,mangrove,east,mangrove,unifrac
S62,S49,0.8647648110863431,705.2346314604016,west,mangrove,east,mangrove,unifrac
S63,S49,0.8770312375593888,704.2346314604016,west,mangrove,east,mangrove,unifrac
S64,S49,0.8923449427889137,704.6488450227746,west,mangrove,east,mangrove,unifrac
S65,S49,0.8935421604093489,704.2346314604016,west,mangrove,east,mangrove,unifrac
S66,S49,0.8368575840425629,692.8792924010743,west,seagrass,east,mangrove,unifrac
S67,S49,0.884669903577428,692.8792924010743,west,seagrass,east,mangrove,unifrac
S68,S49,0.8696595275910737,692.8792924010743,west,seagrass,east,mangrove,unifrac
S69,S49,0.9003302444844725,692.8792924010743,west,seagrass,east,mangrove,unifrac
S70,S49,0.8689322002289838,693.8792924010743,west,seagrass,east,mangrove,unifrac
S71,S49,0.9999999999999993,218.53910524340094,east,coral,east,mangrove,unifrac
S73,S49,0.9072625252883153,218.53910524340094,east,coral,east,mangrove,unifrac
S74,S49,0.8402498172259063,218.53910524340094,east,coral,east,mangrove,unifrac
S75,S49,0.8436653806317136,218.53910524340094,east,coral,east,mangrove,unifrac
S77,S49,0.895800536298835,195.05382386916236,east,coral,east,mangrove,unifrac
S78,S49,0.8972819949856521,195.05382386916236,east,coral,east,mangrove,unifrac
S80,S49,0.9263483317756621,195.05382386916236,east,coral,east,mangrove,unifrac
S81,S49,0.8745094213351583,189.43860018001263,east,mangrove,east,mangrove,unifrac
S82,S49,0.9196092987758742,189.43860018001263,east,mangrove,east,mangrove,unifrac
S83,S49,0.8954938386918941,189.43860018001263,east,mangrove,east,mangrove,unifrac
S84,S49,0.8876343580657283,189.43860018001263,east,mangrove,east,mangrove,unifrac
S85,S49,0.8568965229918482,189.43860018001263,east,mangrove,east,mangrove,unifrac
S86,S49,0.8882586627045058,778.2640687119238,west,mangrove,east,mangrove,unifrac
S87,S49,0.8601464350927488,778.2640687119238,west,mangrove,east,mangrove,unifrac
S88,S49,0.8903361114368685,778.678282274297,west,mangrove,east,mangrove,unifrac
S89,S49,0.8614806857222145,778.678282274297,west,mangrove,east,mangrove,unifrac
S90,S49,0.8881710511002131,778.678282274297,west,mangrove,east,mangrove,unifrac
S91,S49,0.8904452415561448,794.6072144624312,west,seagrass,east,mangrove,unifrac
S92,S49,0.8702563929936571,793.6072144624312,west,seagrass,east,mangrove,unifrac
S93,S49,0.8626312097483589,793.6072144624312,west,seagrass,east,mangrove,unifrac
S94,S49,0.8175519282342462,794.6072144624312,west,seagrass,east,mangrove,unifrac
S95,S49,0.8505961832841388,794.6072144624312,west,seagrass,east,mangrove,unifrac
S96,S49,0.8516536413944059,871.033621333623,west,mangrove,east,mangrove,unifrac
S97,S49,0.8464870316052439,871.033621333623,west,mangrove,east,mangrove,unifrac
S98,S49,0.868097981180514,871.033621333623,west,mangrove,east,mangrove,unifrac
S99,S49,0.8640545530419484,871.033621333623,west,mangrove,east,mangrove,unifrac
S100,S49,0.8682475484083428,870.033621333623,west,mangrove,east,mangrove,unifrac
S101,S49,0.764327839144348,911.3595231414286,west,coral,east,mangrove,unifrac
S102,S49,0.8223653756160629,912.6021638285479,west,coral,east,mangrove,unifrac
S103,S49,0.8435040829159647,913.016377390921,west,coral,east,mangrove,unifrac
S104,S49,0.8172420644818682,914.6021638285478,west,coral,east,mangrove,unifrac
S105,S49,0.8373700827164228,912.7737367038017,west,coral,east,mangrove,unifrac
S106,S49,0.8314317383141643,746.9797974644637,west,mangrove,east,mangrove,unifrac
S107,S49,0.8295786762212777,746.5655839020906,west,mangrove,east,mangrove,unifrac
S108,S49,0.8926380199876749,745.5655839020906,west,mangrove,east,mangrove,unifrac
S109,S49,0.8017489820392288,745.1513703397175,west,mangrove,east,mangrove,unifrac
S110,S49,0.8682758681194972,745.1513703397175,west,mangrove,east,mangrove,unifrac
S51,S50,0.6438097002838077,68.65685424949237,east,seagrass,east,mangrove,unifrac
S52,S50,0.6712271966245752,68.65685424949237,east,seagrass,east,mangrove,unifrac
S53,S50,0.7191459977397185,68.65685424949237,east,seagrass,east,mangrove,unifrac
S54,S50,0.699353235286613,67.65685424949237,east,seagrass,east,mangrove,unifrac
S55,S50,0.7183368681769495,67.65685424949237,east,seagrass,east,mangrove,unifrac
S56,S50,0.7638311326966237,715.2346314604015,west,coral,east,mangrove,unifrac
S57,S50,0.7777794553435387,715.2346314604015,west,coral,east,mangrove,unifrac
S58,S50,0.8345936038619416,715.8204178980283,west,coral,east,mangrove,unifrac
S59,S50,0.8242960152484271,714.8204178980283,west,coral,east,mangrove,unifrac
S60,S50,0.8116233313923611,715.2346314604015,west,coral,east,mangrove,unifrac
S61,S50,0.7359198221612692,705.2346314604016,west,mangrove,east,mangrove,unifrac
S62,S50,0.7381207687001466,705.2346314604016,west,mangrove,east,mangrove,unifrac
S63,S50,0.7728569785750325,704.2346314604016,west,mangrove,east,mangrove,unifrac
S64,S50,0.7730704556512445,704.6488450227746,west,mangrove,east,mangrove,unifrac
S65,S50,0.7646206938802917,704.2346314604016,west,mangrove,east,mangrove,unifrac
S66,S50,0.6626550165228847,692.8792924010743,west,seagrass,east,mangrove,unifrac
S67,S50,0.7492224936626543,692.8792924010743,west,seagrass,east,mangrove,unifrac
S68,S50,0.7440885778828209,692.8792924010743,west,seagrass,east,mangrove,unifrac
S69,S50,0.7908047257419,692.8792924010743,west,seagrass,east,mangrove,unifrac
S70,S50,0.7496152331413907,693.8792924010743,west,seagrass,east,mangrove,unifrac
S71,S50,0.9993015887189063,218.53910524340094,east,coral,east,mangrove,unifrac
S73,S50,0.9650187844839455,218.53910524340094,east,coral,east,mangrove,unifrac
S74,S50,0.9086486439242174,218.53910524340094,east,coral,east,mangrove,unifrac
S75,S50,0.9224500933192253,218.53910524340094,east,coral,east,mangrove,unifrac
S77,S50,0.849832219144276,195.05382386916236,east,coral,east,mangrove,unifrac
S78,S50,0.842331984296742,195.05382386916236,east,coral,east,mangrove,unifrac
S80,S50,0.9082270865575781,195.05382386916236,east,coral,east,mangrove,unifrac
S81,S50,0.7404852463953652,189.43860018001263,east,mangrove,east,mangrove,unifrac
S82,S50,0.8088304492500346,189.43860018001263,east,mangrove,east,mangrove,unifrac
S83,S50,0.7429656637085569,189.43860018001263,east,mangrove,east,mangrove,unifrac
S84,S50,0.7520442058265193,189.43860018001263,east,mangrove,east,mangrove,unifrac
S85,S50,0.7151343434661551,189.43860018001263,east,mangrove,east,mangrove,unifrac
S86,S50,0.746249481213661,778.2640687119238,west,mangrove,east,mangrove,unifrac
S87,S50,0.7260016495628234,778.2640687119238,west,mangrove,east,mangrove,unifrac
S88,S50,0.7636504021192512,778.678282274297,west,mangrove,east,mangrove,unifrac
S89,S50,0.7701594785579489,778.678282274297,west,mangrove,east,mangrove,unifrac
S90,S50,0.8262018664760121,778.678282274297,west,mangrove,east,mangrove,unifrac
S91,S50,0.754622206054029,794.6072144624312,west,seagrass,east,mangrove,unifrac
S92,S50,0.7254335843163334,793.6072144624312,west,seagrass,east,mangrove,unifrac
S93,S50,0.7567805333265806,793.6072144624312,west,seagrass,east,mangrove,unifrac
S94,S50,0.7823897645186435,794.6072144624312,west,seagrass,east,mangrove,unifrac
S95,S50,0.7259849195070578,794.6072144624312,west,seagrass,east,mangrove,unifrac
S96,S50,0.7730176973416234,871.033621333623,west,mangrove,east,mangrove,unifrac
S97,S50,0.7487598209480707,871.033621333623,west,mangrove,east,mangrove,unifrac
S98,S50,0.7503126772319141,871.033621333623,west,mangrove,east,mangrove,unifrac
S99,S50,0.7466899995051678,871.033621333623,west,mangrove,east,mangrove,unifrac
S100,S50,0.7583369022219169,870.033621333623,west,mangrove,east,mangrove,unifrac
S101,S50,0.804573852074777,911.3595231414286,west,coral,east,mangrove,unifrac
S102,S50,0.8227641701899036,912.6021638285479,west,coral,east,mangrove,unifrac
S103,S50,0.8451606988930092,913.016377390921,west,coral,east,mangrove,unifrac
S104,S50,0.8188259144062592,914.6021638285478,west,coral,east,mangrove,unifrac
S105,S50,0.8092554020642894,912.7737367038017,west,coral,east,mangrove,unifrac
S106,S50,0.665877033862637,746.9797974644637,west,mangrove,east,mangrove,unifrac
S107,S50,0.6972917338141265,746.5655839020906,west,mangrove,east,mangrove,unifrac
S108,S50,0.7736513069504302,745.5655839020906,west,mangrove,east,mangrove,unifrac
S109,S50,0.7540625561200055,745.1513703397175,west,mangrove,east,mangrove,unifrac
S110,S50,0.7672253548377288,745.1513703397175,west,mangrove,east,mangrove,unifrac
S52,S51,0.47169891675696357,0,east,seagrass,east,seagrass,unifrac
S53,S51,0.5324754499795423,0,east,seagrass,east,seagrass,unifrac
S54,S51,0.47322913760044455,1,east,seagrass,east,seagrass,unifrac
S55,S51,0.5628397791745953,1,east,seagrass,east,seagrass,unifrac
S56,S51,0.6980500858853946,646.5777772109092,west,coral,east,seagrass,unifrac
S57,S51,0.6789539114145763,646.5777772109092,west,coral,east,seagrass,unifrac
S58,S51,0.7305377736603708,647.163563648536,west,coral,east,seagrass,unifrac
S59,S51,0.7503901754204989,646.163563648536,west,coral,east,seagrass,unifrac
S60,S51,0.7098589053858383,646.5777772109092,west,coral,east,seagrass,unifrac
S61,S51,0.6341588384173393,636.5777772109093,west,mangrove,east,seagrass,unifrac
S62,S51,0.6327451165514015,636.5777772109093,west,mangrove,east,seagrass,unifrac
S63,S51,0.6845055354088595,635.5777772109093,west,mangrove,east,seagrass,unifrac
S64,S51,0.6390411859228304,635.9919907732824,west,mangrove,east,seagrass,unifrac
S65,S51,0.6483923405861624,635.5777772109093,west,mangrove,east,seagrass,unifrac
S66,S51,0.6685188665922663,624.2224381515821,west,seagrass,east,seagrass,unifrac
S67,S51,0.6268988811557493,624.2224381515821,west,seagrass,east,seagrass,unifrac
S68,S51,0.6167798808421486,624.2224381515821,west,seagrass,east,seagrass,unifrac
S69,S51,0.7062004019713957,624.2224381515821,west,seagrass,east,seagrass,unifrac
S70,S51,0.662118463202471,625.2224381515821,west,seagrass,east,seagrass,unifrac
S71,S51,0.9486293776198331,149.88225099390854,east,coral,east,seagrass,unifrac
S73,S51,0.9762263270923565,149.88225099390854,east,coral,east,seagrass,unifrac
S74,S51,0.9022006345360983,149.88225099390854,east,coral,east,seagrass,unifrac
S75,S51,0.9336752970786081,149.88225099390854,east,coral,east,seagrass,unifrac
S77,S51,0.8199504126507482,126.39696961966995,east,coral,east,seagrass,unifrac
S78,S51,0.7755293610269183,126.39696961966995,east,coral,east,seagrass,unifrac
S80,S51,0.9358880316706385,126.39696961966995,east,coral,east,seagrass,unifrac
S81,S51,0.583341733718146,120.78174593052023,east,mangrove,east,seagrass,unifrac
S82,S51,0.6791342994425515,120.78174593052023,east,mangrove,east,seagrass,unifrac
S83,S51,0.6507588438513351,120.78174593052023,east,mangrove,east,seagrass,unifrac
S84,S51,0.651784226509829,120.78174593052023,east,mangrove,east,seagrass,unifrac
S85,S51,0.6173947205160116,120.78174593052023,east,mangrove,east,seagrass,unifrac
S86,S51,0.7319663523080694,709.6072144624314,west,mangrove,east,seagrass,unifrac
S87,S51,0.7183888971889414,709.6072144624314,west,mangrove,east,seagrass,unifrac
S88,S51,0.7905295270073031,710.0214280248047,west,mangrove,east,seagrass,unifrac
S89,S51,0.7965149294719978,710.0214280248047,west,mangrove,east,seagrass,unifrac
S90,S51,0.8576403592443591,710.0214280248047,west,mangrove,east,seagrass,unifrac
S91,S51,0.6654337319269681,725.950360212939,west,seagrass,east,seagrass,unifrac
S92,S51,0.659647782414504,724.950360212939,west,seagrass,east,seagrass,unifrac
S93,S51,0.7326958685518673,724.950360212939,west,seagrass,east,seagrass,unifrac
S94,S51,0.7815046109162093,725.950360212939,west,seagrass,east,seagrass,unifrac
S95,S51,0.6573542584075402,725.950360212939,west,seagrass,east,seagrass,unifrac
S96,S51,0.7361622812967799,802.3767670841307,west,mangrove,east,seagrass,unifrac
S97,S51,0.7071347273228369,802.3767670841307,west,mangrove,east,seagrass,unifrac
S98,S51,0.692968766355988,802.3767670841307,west,mangrove,east,seagrass,unifrac
S99,S51,0.6934694454800313,802.3767670841307,west,mangrove,east,seagrass,unifrac
S100,S51,0.6899170718808072,801.3767670841307,west,mangrove,east,seagrass,unifrac
S101,S51,0.8258867269780246,868.1341263970108,west,coral,east,seagrass,unifrac
S102,S51,0.8613194897439133,866.8914857098916,west,coral,east,seagrass,unifrac
S103,S51,0.8753833051571641,866.4772721475185,west,coral,east,seagrass,unifrac
S104,S51,0.8181509358899524,864.8914857098916,west,coral,east,seagrass,unifrac
S105,S51,0.7975304551328577,866.7199128346379,west,coral,east,seagrass,unifrac
S106,S51,0.6145875621201884,812.3229432149714,west,mangrove,east,seagrass,unifrac
S107,S51,0.6585138097130476,811.9087296525983,west,mangrove,east,seagrass,unifrac
S108,S51,0.7217510378750699,810.9087296525983,west,mangrove,east,seagrass,unifrac
S109,S51,0.7721839880420731,810.4945160902251,west,mangrove,east,seagrass,unifrac
S110,S51,0.6552575554247847,810.4945160902251,west,mangrove,east,seagrass,unifrac
S53,S52,0.4612164011668012,0,east,seagrass,east,seagrass,unifrac
S54,S52,0.452852384127826,1,east,seagrass,east,seagrass,unifrac
S55,S52,0.4968803366139107,1,east,seagrass,east,seagrass,unifrac
S56,S52,0.7230140219619607,646.5777772109092,west,coral,east,seagrass,unifrac
S57,S52,0.7069634873249903,646.5777772109092,west,coral,east,seagrass,unifrac
S58,S52,0.7098998221213733,647.163563648536,west,coral,east,seagrass,unifrac
S59,S52,0.7469710680477278,646.163563648536,west,coral,east,seagrass,unifrac
S60,S52,0.7276990540484122,646.5777772109092,west,coral,east,seagrass,unifrac
S61,S52,0.6502268183121831,636.5777772109093,west,mangrove,east,seagrass,unifrac
S62,S52,0.6919915759746958,636.5777772109093,west,mangrove,east,seagrass,unifrac
S63,S52,0.6900408626811712,635.5777772109093,west,mangrove,east,seagrass,unifrac
S64,S52,0.645130137808866,635.9919907732824,west,mangrove,east,seagrass,unifrac
S65,S52,0.65286271161526,635.5777772109093,west,mangrove,east,seagrass,unifrac
S66,S52,0.7234282228157705,624.2224381515821,west,seagrass,east,seagrass,unifrac
S67,S52,0.6711060974070383,624.2224381515821,west,seagrass,east,seagrass,unifrac
S68,S52,0.7022271252025282,624.2224381515821,west,seagrass,east,seagrass,unifrac
S69,S52,0.7289933770107561,624.2224381515821,west,seagrass,east,seagrass,unifrac
S70,S52,0.7319450105761144,625.2224381515821,west,seagrass,east,seagrass,unifrac
S71,S52,0.95248066278593,149.88225099390854,east,coral,east,seagrass,unifrac
S73,S52,0.9813315893299183,149.88225099390854,east,coral,east,seagrass,unifrac
S74,S52,0.9243058858385724,149.88225099390854,east,coral,east,seagrass,unifrac
S75,S52,0.9106640780299264,149.88225099390854,east,coral,east,seagrass,unifrac
S77,S52,0.8315875719561266,126.39696961966995,east,coral,east,seagrass,unifrac
S78,S52,0.7961834183306938,126.39696961966995,east,coral,east,seagrass,unifrac
S80,S52,0.911382180588242,126.39696961966995,east,coral,east,seagrass,unifrac
S81,S52,0.5365348077037302,120.78174593052023,east,mangrove,east,seagrass,unifrac
S82,S52,0.6355407712724123,120.78174593052023,east,mangrove,east,seagrass,unifrac
S83,S52,0.5920058139082924,120.78174593052023,east,mangrove,east,seagrass,unifrac
S84,S52,0.613093176005061,120.78174593052023,east,mangrove,east,seagrass,unifrac
S85,S52,0.5779711930777534,120.78174593052023,east,mangrove,east,seagrass,unifrac
S86,S52,0.6932452514374515,709.6072144624314,west,mangrove,east,seagrass,unifrac
S87,S52,0.7253639456217273,709.6072144624314,west,mangrove,east,seagrass,unifrac
S88,S52,0.714586170493986,710.0214280248047,west,mangrove,east,seagrass,unifrac
S89,S52,0.7676429796464038,710.0214280248047,west,mangrove,east,seagrass,unifrac
S90,S52,0.8307252705302011,710.0214280248047,west,mangrove,east,seagrass,unifrac
S91,S52,0.6550310119868484,725.950360212939,west,seagrass,east,seagrass,unifrac
S92,S52,0.6710507172175998,724.950360212939,west,seagrass,east,seagrass,unifrac
S93,S52,0.6918637942073692,724.950360212939,west,seagrass,east,seagrass,unifrac
S94,S52,0.7904198842128803,725.950360212939,west,seagrass,east,seagrass,unifrac
S95,S52,0.6861398288133307,725.950360212939,west,seagrass,east,seagrass,unifrac
S96,S52,0.6898227149154886,802.3767670841307,west,mangrove,east,seagrass,unifrac
S97,S52,0.6625191016569344,802.3767670841307,west,mangrove,east,seagrass,unifrac
S98,S52,0.6501167186253538,802.3767670841307,west,mangrove,east,seagrass,unifrac
S99,S52,0.6891590786779226,802.3767670841307,west,mangrove,east,seagrass,unifrac
S100,S52,0.6965501410709309,801.3767670841307,west,mangrove,east,seagrass,unifrac
S101,S52,0.8673950960681807,868.1341263970108,west,coral,east,seagrass,unifrac
S102,S52,0.8771143631170876,866.8914857098916,west,coral,east,seagrass,unifrac
S103,S52,0.8869774774260484,866.4772721475185,west,coral,east,seagrass,unifrac
S104,S52,0.8307426110462717,864.8914857098916,west,coral,east,seagrass,unifrac
S105,S52,0.8227357195874223,866.7199128346379,west,coral,east,seagrass,unifrac
S106,S52,0.725705739372627,812.3229432149714,west,mangrove,east,seagrass,unifrac
S107,S52,0.7325867812927823,811.9087296525983,west,mangrove,east,seagrass,unifrac
S108,S52,0.7727964952915976,810.9087296525983,west,mangrove,east,seagrass,unifrac
S109,S52,0.7906235485476726,810.4945160902251,west,mangrove,east,seagrass,unifrac
S110,S52,0.8072746049728464,810.4945160902251,west,mangrove,east,seagrass,unifrac
S54,S53,0.36216761288967636,1,east,seagrass,east,seagrass,unifrac
S55,S53,0.31923118457605043,1,east,seagrass,east,seagrass,unifrac
S56,S53,0.6957964086032743,646.5777772109092,west,coral,east,seagrass,unifrac
S57,S53,0.6940386554201332,646.5777772109092,west,coral,east,seagrass,unifrac
S58,S53,0.6686489905716714,647.163563648536,west,coral,east,seagrass,unifrac
S59,S53,0.6994928280665488,646.163563648536,west,coral,east,seagrass,unifrac
S60,S53,0.6818575706747678,646.5777772109092,west,coral,east,seagrass,unifrac
S61,S53,0.5782420369587251,636.5777772109093,west,mangrove,east,seagrass,unifrac
S62,S53,0.6515479955244842,636.5777772109093,west,mangrove,east,seagrass,unifrac
S63,S53,0.6407759708035788,635.5777772109093,west,mangrove,east,seagrass,unifrac
S64,S53,0.585566725718167,635.9919907732824,west,mangrove,east,seagrass,unifrac
S65,S53,0.5916569670075952,635.5777772109093,west,mangrove,east,seagrass,unifrac
S66,S53,0.7295057666495801,624.2224381515821,west,seagrass,east,seagrass,unifrac
S67,S53,0.6158562796987928,624.2224381515821,west,seagrass,east,seagrass,unifrac
S68,S53,0.596866837084716,624.2224381515821,west,seagrass,east,seagrass,unifrac
S69,S53,0.6583714101711533,624.2224381515821,west,seagrass,east,seagrass,unifrac
S70,S53,0.7017427643861566,625.2224381515821,west,seagrass,east,seagrass,unifrac
S71,S53,0.968077275258894,149.88225099390854,east,coral,east,seagrass,unifrac
S73,S53,0.9877488804170282,149.88225099390854,east,coral,east,seagrass,unifrac
S74,S53,0.9482922098179785,149.88225099390854,east,coral,east,seagrass,unifrac
S75,S53,0.9391578023736764,149.88225099390854,east,coral,east,seagrass,unifrac
S77,S53,0.8735783787169435,126.39696961966995,east,coral,east,seagrass,unifrac
S78,S53,0.8199733221535369,126.39696961966995,east,coral,east,seagrass,unifrac
S80,S53,0.9404225737805867,126.39696961966995,east,coral,east,seagrass,unifrac
S81,S53,0.5308578157316685,120.78174593052023,east,mangrove,east,seagrass,unifrac
S82,S53,0.5362053043016611,120.78174593052023,east,mangrove,east,seagrass,unifrac
S83,S53,0.5418721182359818,120.78174593052023,east,mangrove,east,seagrass,unifrac
S84,S53,0.5303527749700917,120.78174593052023,east,mangrove,east,seagrass,unifrac
S85,S53,0.5892493977547154,120.78174593052023,east,mangrove,east,seagrass,unifrac
S86,S53,0.722717458352258,709.6072144624314,west,mangrove,east,seagrass,unifrac
S87,S53,0.7573117989855005,709.6072144624314,west,mangrove,east,seagrass,unifrac
S88,S53,0.7140027248152464,710.0214280248047,west,mangrove,east,seagrass,unifrac
S89,S53,0.778155515721545,710.0214280248047,west,mangrove,east,seagrass,unifrac
S90,S53,0.8111742691119753,710.0214280248047,west,mangrove,east,seagrass,unifrac
S91,S53,0.6224664491436727,725.950360212939,west,seagrass,east,seagrass,unifrac
S92,S53,0.6497038975972023,724.950360212939,west,seagrass,east,seagrass,unifrac
S93,S53,0.7452690336688846,724.950360212939,west,seagrass,east,seagrass,unifrac
S94,S53,0.8418168002842452,725.950360212939,west,seagrass,east,seagrass,unifrac
S95,S53,0.693131705734974,725.950360212939,west,seagrass,east,seagrass,unifrac
S96,S53,0.7366613449169519,802.3767670841307,west,mangrove,east,seagrass,unifrac
S97,S53,0.7063762283905216,802.3767670841307,west,mangrove,east,seagrass,unifrac
S98,S53,0.6952025409489024,802.3767670841307,west,mangrove,east,seagrass,unifrac
S99,S53,0.6555219906261852,802.3767670841307,west,mangrove,east,seagrass,unifrac
S100,S53,0.6846648858364535,801.3767670841307,west,mangrove,east,seagrass,unifrac
S101,S53,0.8874030307403783,868.1341263970108,west,coral,east,seagrass,unifrac
S102,S53,0.9227261578777247,866.8914857098916,west,coral,east,seagrass,unifrac
S103,S53,0.9287290920866021,866.4772721475185,west,coral,east,seagrass,unifrac
S104,S53,0.8966441415688264,864.8914857098916,west,coral,east,seagrass,unifrac
S105,S53,0.8815330428801085,866.7199128346379,west,coral,east,seagrass,unifrac
S106,S53,0.695319512532308,812.3229432149714,west,mangrove,east,seagrass,unifrac
S107,S53,0.7350279674099716,811.9087296525983,west,mangrove,east,seagrass,unifrac
S108,S53,0.7661331373172469,810.9087296525983,west,mangrove,east,seagrass,unifrac
S109,S53,0.8053940255813817,810.4945160902251,west,mangrove,east,seagrass,unifrac
S110,S53,0.79170218723804,810.4945160902251,west,mangrove,east,seagrass,unifrac
S55,S54,0.35278857734863556,0,east,seagrass,east,seagrass,unifrac
S56,S54,0.6947292168444561,647.5777772109092,west,coral,east,seagrass,unifrac
S57,S54,0.6951397720737745,647.5777772109092,west,coral,east,seagrass,unifrac
S58,S54,0.6918711993522313,648.163563648536,west,coral,east,seagrass,unifrac
S59,S54,0.7260053100215631,647.163563648536,west,coral,east,seagrass,unifrac
S60,S54,0.7180021909345723,647.5777772109092,west,coral,east,seagrass,unifrac
S61,S54,0.5941807164771574,637.5777772109093,west,mangrove,east,seagrass,unifrac
S62,S54,0.6516901921576006,637.5777772109093,west,mangrove,east,seagrass,unifrac
S63,S54,0.6665769796806897,636.5777772109093,west,mangrove,east,seagrass,unifrac
S64,S54,0.6017438004877881,636.9919907732824,west,mangrove,east,seagrass,unifrac
S65,S54,0.6175087743624511,636.5777772109093,west,mangrove,east,seagrass,unifrac
S66,S54,0.7072380410479991,625.2224381515821,west,seagrass,east,seagrass,unifrac
S67,S54,0.5960738044724792,625.2224381515821,west,seagrass,east,seagrass,unifrac
S68,S54,0.6163510225827896,625.2224381515821,west,seagrass,east,seagrass,unifrac
S69,S54,0.6930423474849591,625.2224381515821,west,seagrass,east,seagrass,unifrac
S70,S54,0.6949562232457916,626.2224381515821,west,seagrass,east,seagrass,unifrac
S71,S54,0.9648176971867134,150.88225099390854,east,coral,east,seagrass,unifrac
S73,S54,0.9836143119029661,150.88225099390854,east,coral,east,seagrass,unifrac
S74,S54,0.9317469689924646,150.88225099390854,east,coral,east,seagrass,unifrac
S75,S54,0.9193542026494045,150.88225099390854,east,coral,east,seagrass,unifrac
S77,S54,0.8475773083591234,127.39696961966995,east,coral,east,seagrass,unifrac
S78,S54,0.7566806324949055,127.39696961966995,east,coral,east,seagrass,unifrac
S80,S54,0.92031470741968,127.39696961966995,east,coral,east,seagrass,unifrac
S81,S54,0.4950705236922197,121.78174593052023,east,mangrove,east,seagrass,unifrac
S82,S54,0.6096103510993784,121.78174593052023,east,mangrove,east,seagrass,unifrac
S83,S54,0.5783283268968206,121.78174593052023,east,mangrove,east,seagrass,unifrac
S84,S54,0.5687177985301698,121.78174593052023,east,mangrove,east,seagrass,unifrac
S85,S54,0.5554226626003663,121.78174593052023,east,mangrove,east,seagrass,unifrac
S86,S54,0.6791307899507527,710.6072144624314,west,mangrove,east,seagrass,unifrac
S87,S54,0.7302038411449645,710.6072144624314,west,mangrove,east,seagrass,unifrac
S88,S54,0.7145721336100829,711.0214280248047,west,mangrove,east,seagrass,unifrac
S89,S54,0.7809687796517311,711.0214280248047,west,mangrove,east,seagrass,unifrac
S90,S54,0.8026056451838431,711.0214280248047,west,mangrove,east,seagrass,unifrac
S91,S54,0.6053892959273293,726.950360212939,west,seagrass,east,seagrass,unifrac
S92,S54,0.6166582722317994,725.950360212939,west,seagrass,east,seagrass,unifrac
S93,S54,0.6868738151647444,725.950360212939,west,seagrass,east,seagrass,unifrac
S94,S54,0.7974134199997239,726.950360212939,west,seagrass,east,seagrass,unifrac
S95,S54,0.6575255713960814,726.950360212939,west,seagrass,east,seagrass,unifrac
S96,S54,0.713547439407468,803.3767670841307,west,mangrove,east,seagrass,unifrac
S97,S54,0.6841437302969527,803.3767670841307,west,mangrove,east,seagrass,unifrac
S98,S54,0.6886594474296539,803.3767670841307,west,mangrove,east,seagrass,unifrac
S99,S54,0.6648984484547051,803.3767670841307,west,mangrove,east,seagrass,unifrac
S100,S54,0.7179131583036594,802.3767670841307,west,mangrove,east,seagrass,unifrac
S101,S54,0.8630226407495276,869.1341263970108,west,coral,east,seagrass,unifrac
S102,S54,0.8889251587422071,867.8914857098916,west,coral,east,seagrass,unifrac
S103,S54,0.9120805932618296,867.4772721475185,west,coral,east,seagrass,unifrac
S104,S54,0.8555464854066488,865.8914857098916,west,coral,east,seagrass,unifrac
S105,S54,0.8360373635139069,867.7199128346379,west,coral,east,seagrass,unifrac
S106,S54,0.6799066982954111,811.3229432149714,west,mangrove,east,seagrass,unifrac
S107,S54,0.720394982958779,810.9087296525983,west,mangrove,east,seagrass,unifrac
S108,S54,0.7665970428622685,809.9087296525983,west,mangrove,east,seagrass,unifrac
S109,S54,0.7829638147986745,809.4945160902251,west,mangrove,east,seagrass,unifrac
S110,S54,0.7689453638859415,809.4945160902251,west,mangrove,east,seagrass,unifrac
S56,S55,0.7064331819388053,647.5777772109092,west,coral,east,seagrass,unifrac
S57,S55,0.6921993175436687,647.5777772109092,west,coral,east,seagrass,unifrac
S58,S55,0.7046962234939964,648.163563648536,west,coral,east,seagrass,unifrac
S59,S55,0.7361980972101676,647.163563648536,west,coral,east,seagrass,unifrac
S60,S55,0.7083211483709542,647.5777772109092,west,coral,east,seagrass,unifrac
S61,S55,0.6106047785869558,637.5777772109093,west,mangrove,east,seagrass,unifrac
S62,S55,0.6918922894800161,637.5777772109093,west,mangrove,east,seagrass,unifrac
S63,S55,0.645866926840818,636.5777772109093,west,mangrove,east,seagrass,unifrac
S64,S55,0.6196804911562701,636.9919907732824,west,mangrove,east,seagrass,unifrac
S65,S55,0.5971430913363012,636.5777772109093,west,mangrove,east,seagrass,unifrac
S66,S55,0.7310010036055631,625.2224381515821,west,seagrass,east,seagrass,unifrac
S67,S55,0.6188813847195166,625.2224381515821,west,seagrass,east,seagrass,unifrac
S68,S55,0.6133051207045401,625.2224381515821,west,seagrass,east,seagrass,unifrac
S69,S55,0.6658975127074658,625.2224381515821,west,seagrass,east,seagrass,unifrac
S70,S55,0.7099874741884951,626.2224381515821,west,seagrass,east,seagrass,unifrac
S71,S55,0.9631732711402113,150.88225099390854,east,coral,east,seagrass,unifrac
S73,S55,0.9859011411313768,150.88225099390854,east,coral,east,seagrass,unifrac
S74,S55,0.9492405558187266,150.88225099390854,east,coral,east,seagrass,unifrac
S75,S55,0.9387408213753206,150.88225099390854,east,coral,east,seagrass,unifrac
S77,S55,0.8544341144986123,127.39696961966995,east,coral,east,seagrass,unifrac
S78,S55,0.8054180445591042,127.39696961966995,east,coral,east,seagrass,unifrac
S80,S55,0.9315352990037319,127.39696961966995,east,coral,east,seagrass,unifrac
S81,S55,0.5181670635139949,121.78174593052023,east,mangrove,east,seagrass,unifrac
S82,S55,0.5847234861762493,121.78174593052023,east,mangrove,east,seagrass,unifrac
S83,S55,0.5553593566926734,121.78174593052023,east,mangrove,east,seagrass,unifrac
S84,S55,0.5287620590710159,121.78174593052023,east,mangrove,east,seagrass,unifrac
S85,S55,0.5604523991934233,121.78174593052023,east,mangrove,east,seagrass,unifrac
S86,S55,0.69901442710427,710.6072144624314,west,mangrove,east,seagrass,unifrac
S87,S55,0.744708009472342,710.6072144624314,west,mangrove,east,seagrass,unifrac
S88,S55,0.6982183255044188,711.0214280248047,west,mangrove,east,seagrass,unifrac
S89,S55,0.7689035899675621,711.0214280248047,west,mangrove,east,seagrass,unifrac
S90,S55,0.8201925358361649,711.0214280248047,west,mangrove,east,seagrass,unifrac
S91,S55,0.6331528684107595,726.950360212939,west,seagrass,east,seagrass,unifrac
S92,S55,0.6417222029940348,725.950360212939,west,seagrass,east,seagrass,unifrac
S93,S55,0.7330936505773104,725.950360212939,west,seagrass,east,seagrass,unifrac
S94,S55,0.8335764960519079,726.950360212939,west,seagrass,east,seagrass,unifrac
S95,S55,0.6893067252591993,726.950360212939,west,seagrass,east,seagrass,unifrac
S96,S55,0.7049347427976995,803.3767670841307,west,mangrove,east,seagrass,unifrac
S97,S55,0.6838300118093642,803.3767670841307,west,mangrove,east,seagrass,unifrac
S98,S55,0.6793237598699654,803.3767670841307,west,mangrove,east,seagrass,unifrac
S99,S55,0.652327618735211,803.3767670841307,west,mangrove,east,seagrass,unifrac
S100,S55,0.67148271819703,802.3767670841307,west,mangrove,east,seagrass,unifrac
S101,S55,0.9017342615637919,869.1341263970108,west,coral,east,seagrass,unifrac
S102,S55,0.9160681311205564,867.8914857098916,west,coral,east,seagrass,unifrac
S103,S55,0.9246542587741141,867.4772721475185,west,coral,east,seagrass,unifrac
S104,S55,0.8956175703317197,865.8914857098916,west,coral,east,seagrass,unifrac
S105,S55,0.8929401889622026,867.7199128346379,west,coral,east,seagrass,unifrac
S106,S55,0.7031374902431835,811.3229432149714,west,mangrove,east,seagrass,unifrac
S107,S55,0.7098768811500461,810.9087296525983,west,mangrove,east,seagrass,unifrac
S108,S55,0.7553594767355616,809.9087296525983,west,mangrove,east,seagrass,unifrac
S109,S55,0.7957593655743651,809.4945160902251,west,mangrove,east,seagrass,unifrac
S110,S55,0.7956118880120711,809.4945160902251,west,mangrove,east,seagrass,unifrac
S57,S56,0.4086246851400204,0,west,coral,west,coral,unifrac
S58,S56,0.46528870729148647,1.4142135623730951,west,coral,west,coral,unifrac
S59,S56,0.41448238815778343,1,west,coral,west,coral,unifrac
S60,S56,0.4614711716287527,0,west,coral,west,coral,unifrac
S61,S56,0.5014404297721481,12.828427124746192,west,mangrove,west,coral,unifrac
S62,S56,0.5487737391066105,12.828427124746192,west,mangrove,west,coral,unifrac
S63,S56,0.5663116331562686,12.414213562373096,west,mangrove,west,coral,unifrac
S64,S56,0.5102702642717054,11.414213562373096,west,mangrove,west,coral,unifrac
S65,S56,0.5194475153856807,11,west,mangrove,west,coral,unifrac
S66,S56,0.5384983572752166,36.556349186104036,west,seagrass,west,coral,unifrac
S67,S56,0.515483564926803,36.556349186104036,west,seagrass,west,coral,unifrac
S68,S56,0.49757627956362144,36.556349186104036,west,seagrass,west,coral,unifrac
S69,S56,0.5357403046360751,36.556349186104036,west,seagrass,west,coral,unifrac
S70,S56,0.47126076048409204,35.556349186104036,west,seagrass,west,coral,unifrac
S71,S56,0.9481911623692317,520.1269837220786,east,coral,west,coral,unifrac
S73,S56,0.9781692536094494,520.1269837220786,east,coral,west,coral,unifrac
S74,S56,0.9299631771982361,520.1269837220786,east,coral,west,coral,unifrac
S75,S56,0.8939161378239361,520.1269837220786,east,coral,west,coral,unifrac
S77,S56,0.8427193497926684,534.8254685319135,east,coral,west,coral,unifrac
S78,S56,0.7058113859665464,534.8254685319135,east,coral,west,coral,unifrac
S80,S56,0.894114848787712,534.8254685319135,east,coral,west,coral,unifrac
S81,S56,0.7321312636042145,526.3818177180178,east,mangrove,west,coral,unifrac
S82,S56,0.7620760287526039,526.3818177180178,east,mangrove,west,coral,unifrac
S83,S56,0.7355639742057319,526.3818177180178,east,mangrove,west,coral,unifrac
S84,S56,0.7365212683818699,526.3818177180178,east,mangrove,west,coral,unifrac
S85,S56,0.78384265398204,526.3818177180178,east,mangrove,west,coral,unifrac
S86,S56,0.6368693765400444,109.82337649086296,west,mangrove,west,coral,unifrac
S87,S56,0.6793248163822052,109.82337649086296,west,mangrove,west,coral,unifrac
S88,S56,0.8398704721117648,110.23759005323605,west,mangrove,west,coral,unifrac
S89,S56,0.8470450324457122,110.23759005323605,west,mangrove,west,coral,unifrac
S90,S56,0.9115499779810103,110.23759005323605,west,mangrove,west,coral,unifrac
S91,S56,0.5672638427481855,126.16652224137056,west,seagrass,west,coral,unifrac
S92,S56,0.531730182773481,125.16652224137054,west,seagrass,west,coral,unifrac
S93,S56,0.6566775955539014,125.16652224137054,west,seagrass,west,coral,unifrac
S94,S56,0.720904680489204,126.16652224137056,west,seagrass,west,coral,unifrac
S95,S56,0.5553846854927362,126.16652224137056,west,seagrass,west,coral,unifrac
S96,S56,0.8017648341798839,202.59292911256358,west,mangrove,west,coral,unifrac
S97,S56,0.771337299932597,202.59292911256358,west,mangrove,west,coral,unifrac
S98,S56,0.7979786586066266,202.59292911256358,west,mangrove,west,coral,unifrac
S99,S56,0.802995861046032,202.59292911256358,west,mangrove,west,coral,unifrac
S100,S56,0.8067869026472957,201.59292911256358,west,mangrove,west,coral,unifrac
S101,S56,0.7712164862863774,268.35028842544415,west,coral,west,coral,unifrac
S102,S56,0.8735705693684465,267.1076477383249,west,coral,west,coral,unifrac
S103,S56,0.8663047008010064,266.6934341759518,west,coral,west,coral,unifrac
S104,S56,0.7936130372167857,265.1076477383249,west,coral,west,coral,unifrac
S105,S56,0.7664713767506924,266.9360748630711,west,coral,west,coral,unifrac
S106,S56,0.5861082749943886,432.73001410240914,west,mangrove,west,coral,unifrac
S107,S56,0.6278192978588409,433.1442276647822,west,mangrove,west,coral,unifrac
S108,S56,0.6548337296600357,434.1442276647822,west,mangrove,west,coral,unifrac
S109,S56,0.6983786889883289,434.5584412271553,west,mangrove,west,coral,unifrac
S110,S56,0.6980264495245346,434.5584412271553,west,mangrove,west,coral,unifrac
S58,S57,0.388684200666219,1.4142135623730951,west,coral,west,coral,unifrac
S59,S57,0.44176654356675465,1,west,coral,west,coral,unifrac
S60,S57,0.4095163830562242,0,west,coral,west,coral,unifrac
S61,S57,0.5233956386094335,12.828427124746192,west,mangrove,west,coral,unifrac
S62,S57,0.5770682168437969,12.828427124746192,west,mangrove,west,coral,unifrac
S63,S57,0.552578787888454,12.414213562373096,west,mangrove,west,coral,unifrac
S64,S57,0.47595370889945887,11.414213562373096,west,mangrove,west,coral,unifrac
S65,S57,0.5273100900780135,11,west,mangrove,west,coral,unifrac
S66,S57,0.576233987823768,36.556349186104036,west,seagrass,west,coral,unifrac
S67,S57,0.47561468758898956,36.556349186104036,west,seagrass,west,coral,unifrac
S68,S57,0.500963307835604,36.556349186104036,west,seagrass,west,coral,unifrac
S69,S57,0.5461891590518576,36.556349186104036,west,seagrass,west,coral,unifrac
S70,S57,0.4935896163560397,35.556349186104036,west,seagrass,west,coral,unifrac
S71,S57,0.9731218762248962,520.1269837220786,east,coral,west,coral,unifrac
S73,S57,0.9812439351918644,520.1269837220786,east,coral,west,coral,unifrac
S74,S57,0.9222563882556344,520.1269837220786,east,coral,west,coral,unifrac
S75,S57,0.9082168379329815,520.1269837220786,east,coral,west,coral,unifrac
S77,S57,0.8264565404614345,534.8254685319135,east,coral,west,coral,unifrac
S78,S57,0.7531454091732215,534.8254685319135,east,coral,west,coral,unifrac
S80,S57,0.9089843273620105,534.8254685319135,east,coral,west,coral,unifrac
S81,S57,0.7144380072119189,526.3818177180178,east,mangrove,west,coral,unifrac
S82,S57,0.745581166942659,526.3818177180178,east,mangrove,west,coral,unifrac
S83,S57,0.7178644562887294,526.3818177180178,east,mangrove,west,coral,unifrac
S84,S57,0.7287705776281986,526.3818177180178,east,mangrove,west,coral,unifrac
S85,S57,0.7596024340399439,526.3818177180178,east,mangrove,west,coral,unifrac
S86,S57,0.6312973061320505,109.82337649086296,west,mangrove,west,coral,unifrac
S87,S57,0.6682085343970433,109.82337649086296,west,mangrove,west,coral,unifrac
S88,S57,0.8410513727296743,110.23759005323605,west,mangrove,west,coral,unifrac
S89,S57,0.8598125473805077,110.23759005323605,west,mangrove,west,coral,unifrac
S90,S57,0.9159287792715399,110.23759005323605,west,mangrove,west,coral,unifrac
S91,S57,0.5699824703102544,126.16652224137056,west,seagrass,west,coral,unifrac
S92,S57,0.5445050658591963,125.16652224137054,west,seagrass,west,coral,unifrac
S93,S57,0.6696613408614845,125.16652224137054,west,seagrass,west,coral,unifrac
S94,S57,0.7891110225009412,126.16652224137056,west,seagrass,west,coral,unifrac
S95,S57,0.5648319033032897,126.16652224137056,west,seagrass,west,coral,unifrac
S96,S57,0.805544398005544,202.59292911256358,west,mangrove,west,coral,unifrac
S97,S57,0.7619194179244205,202.59292911256358,west,mangrove,west,coral,unifrac
S98,S57,0.7812532964580733,202.59292911256358,west,mangrove,west,coral,unifrac
S99,S57,0.7982559316413275,202.59292911256358,west,mangrove,west,coral,unifrac
S100,S57,0.797439460038426,201.59292911256358,west,mangrove,west,coral,unifrac
S101,S57,0.8177271937949481,268.35028842544415,west,coral,west,coral,unifrac
S102,S57,0.8886445867238839,267.1076477383249,west,coral,west,coral,unifrac
S103,S57,0.8857055131131819,266.6934341759518,west,coral,west,coral,unifrac
S104,S57,0.847497829896025,265.1076477383249,west,coral,west,coral,unifrac
S105,S57,0.8170354500724353,266.9360748630711,west,coral,west,coral,unifrac
S106,S57,0.5847302035349896,432.73001410240914,west,mangrove,west,coral,unifrac
S107,S57,0.6028697286159329,433.1442276647822,west,mangrove,west,coral,unifrac
S108,S57,0.659345617108864,434.1442276647822,west,mangrove,west,coral,unifrac
S109,S57,0.7158235033157926,434.5584412271553,west,mangrove,west,coral,unifrac
S110,S57,0.6748049793617665,434.5584412271553,west,mangrove,west,coral,unifrac
S59,S58,0.3111301273499044,1,west,coral,west,coral,unifrac
S60,S58,0.3427754861145433,1.4142135623730951,west,coral,west,coral,unifrac
S61,S58,0.5506574940736791,14.242640687119286,west,mangrove,west,coral,unifrac
S62,S58,0.5963226237197615,14.242640687119286,west,mangrove,west,coral,unifrac
S63,S58,0.5581695867501937,13.828427124746192,west,mangrove,west,coral,unifrac
S64,S58,0.5362741276625007,12.828427124746192,west,mangrove,west,coral,unifrac
S65,S58,0.5013059676123759,12.414213562373096,west,mangrove,west,coral,unifrac
S66,S58,0.6980643005562114,35.142135623730944,west,seagrass,west,coral,unifrac
S67,S58,0.5876197995168271,35.142135623730944,west,seagrass,west,coral,unifrac
S68,S58,0.5575760405530458,35.142135623730944,west,seagrass,west,coral,unifrac
S69,S58,0.538882968446014,35.142135623730944,west,seagrass,west,coral,unifrac
S70,S58,0.5278128457015031,34.14213562373095,west,seagrass,west,coral,unifrac
S71,S58,0.9707430296484324,520.7127701597057,east,coral,west,coral,unifrac
S73,S58,0.9867428741445378,520.7127701597057,east,coral,west,coral,unifrac
S74,S58,0.9468001496798031,520.7127701597057,east,coral,west,coral,unifrac
S75,S58,0.9358436903388703,520.7127701597057,east,coral,west,coral,unifrac
S77,S58,0.867255047029518,535.4112549695406,east,coral,west,coral,unifrac
S78,S58,0.8096660627341391,535.4112549695406,east,coral,west,coral,unifrac
S80,S58,0.9370706081712765,535.4112549695406,east,coral,west,coral,unifrac
S81,S58,0.7219644199218092,526.9676041556447,east,mangrove,west,coral,unifrac
S82,S58,0.7055589157765216,526.9676041556447,east,mangrove,west,coral,unifrac
S83,S58,0.715438720566581,526.9676041556447,east,mangrove,west,coral,unifrac
S84,S58,0.7082994333943985,526.9676041556447,east,mangrove,west,coral,unifrac
S85,S58,0.7718094150802179,526.9676041556447,east,mangrove,west,coral,unifrac
S86,S58,0.6441397493823822,111.23759005323605,west,mangrove,west,coral,unifrac
S87,S58,0.7135535419095407,111.23759005323605,west,mangrove,west,coral,unifrac
S88,S58,0.8380532893866293,111.65180361560915,west,mangrove,west,coral,unifrac
S89,S58,0.8805612016684308,111.65180361560915,west,mangrove,west,coral,unifrac
S90,S58,0.9229896529889364,111.65180361560915,west,mangrove,west,coral,unifrac
S91,S58,0.5401207265041463,127.58073580374366,west,seagrass,west,coral,unifrac
S92,S58,0.5904713264074394,126.58073580374365,west,seagrass,west,coral,unifrac
S93,S58,0.686707347070313,126.58073580374365,west,seagrass,west,coral,unifrac
S94,S58,0.8062814748329191,127.58073580374366,west,seagrass,west,coral,unifrac
S95,S58,0.6174199430960489,127.58073580374366,west,seagrass,west,coral,unifrac
S96,S58,0.8273037115361322,204.0071426749367,west,mangrove,west,coral,unifrac
S97,S58,0.7923463538326545,204.0071426749367,west,mangrove,west,coral,unifrac
S98,S58,0.8045624769253714,204.0071426749367,west,mangrove,west,coral,unifrac
S99,S58,0.8075859177972022,204.0071426749367,west,mangrove,west,coral,unifrac
S100,S58,0.8201094667845583,203.0071426749367,west,mangrove,west,coral,unifrac
S101,S58,0.8622446472284051,269.76450198781725,west,coral,west,coral,unifrac
S102,S58,0.9129599209691168,268.52186130069794,west,coral,west,coral,unifrac
S103,S58,0.9025453514498551,268.10764773832483,west,coral,west,coral,unifrac
S104,S58,0.8506298424314823,266.52186130069794,west,coral,west,coral,unifrac
S105,S58,0.8259550443156938,268.35028842544415,west,coral,west,coral,unifrac
S106,S58,0.6999284211156018,434.1442276647822,west,mangrove,west,coral,unifrac
S107,S58,0.7265578659708354,434.5584412271553,west,mangrove,west,coral,unifrac
S108,S58,0.704336739200869,435.5584412271553,west,mangrove,west,coral,unifrac
S109,S58,0.7918179507643903,435.97265478952835,west,mangrove,west,coral,unifrac
S110,S58,0.7549524173527784,435.97265478952835,west,mangrove,west,coral,unifrac
S60,S59,0.40571548462028895,1,west,coral,west,coral,unifrac
S61,S59,0.5762842204920208,13.242640687119286,west,mangrove,west,coral,unifrac
S62,S59,0.5810958314193343,13.242640687119286,west,mangrove,west,coral,unifrac
S63,S59,0.5908642892186264,12.828427124746192,west,mangrove,west,coral,unifrac
S64,S59,0.5460104014109957,11.828427124746192,west,mangrove,west,coral,unifrac
S65,S59,0.5910849074883944,11.414213562373096,west,mangrove,west,coral,unifrac
S66,S59,0.6557684822468629,35.556349186104036,west,seagrass,west,coral,unifrac
S67,S59,0.598120819252969,35.556349186104036,west,seagrass,west,coral,unifrac
S68,S59,0.5429456695656965,35.556349186104036,west,seagrass,west,coral,unifrac
S69,S59,0.5451005910510048,35.556349186104036,west,seagrass,west,coral,unifrac
S70,S59,0.49228461661291983,34.556349186104036,west,seagrass,west,coral,unifrac
S71,S59,0.9782839179560303,519.7127701597057,east,coral,west,coral,unifrac
S73,S59,0.9843599710175429,519.7127701597057,east,coral,west,coral,unifrac
S74,S59,0.9375517753056866,519.7127701597057,east,coral,west,coral,unifrac
S75,S59,0.9246888229614144,519.7127701597057,east,coral,west,coral,unifrac
S77,S59,0.8506343295876795,534.4112549695406,east,coral,west,coral,unifrac
S78,S59,0.7819404963537849,534.4112549695406,east,coral,west,coral,unifrac
S80,S59,0.9257586402049225,534.4112549695406,east,coral,west,coral,unifrac
S81,S59,0.7530649706414803,525.9676041556447,east,mangrove,west,coral,unifrac
S82,S59,0.7559058050923783,525.9676041556447,east,mangrove,west,coral,unifrac
S83,S59,0.7425468862206396,525.9676041556447,east,mangrove,west,coral,unifrac
S84,S59,0.7447688711170749,525.9676041556447,east,mangrove,west,coral,unifrac
S85,S59,0.7915529196377236,525.9676041556447,east,mangrove,west,coral,unifrac
S86,S59,0.6846372906759286,110.82337649086296,west,mangrove,west,coral,unifrac
S87,S59,0.7373832723033613,110.82337649086296,west,mangrove,west,coral,unifrac
S88,S59,0.8463611978426785,111.23759005323605,west,mangrove,west,coral,unifrac
S89,S59,0.8792241045702235,111.23759005323605,west,mangrove,west,coral,unifrac
S90,S59,0.9206243670575089,111.23759005323605,west,mangrove,west,coral,unifrac
S91,S59,0.5521814088761817,127.16652224137056,west,seagrass,west,coral,unifrac
S92,S59,0.5944132364128301,126.16652224137054,west,seagrass,west,coral,unifrac
S93,S59,0.6774639099662075,126.16652224137054,west,seagrass,west,coral,unifrac
S94,S59,0.7870839466246983,127.16652224137056,west,seagrass,west,coral,unifrac
S95,S59,0.609352386020273,127.16652224137056,west,seagrass,west,coral,unifrac
S96,S59,0.8562097846006533,203.59292911256358,west,mangrove,west,coral,unifrac
S97,S59,0.8160007302250494,203.59292911256358,west,mangrove,west,coral,unifrac
S98,S59,0.8241009043011561,203.59292911256358,west,mangrove,west,coral,unifrac
S99,S59,0.8218696709119222,203.59292911256358,west,mangrove,west,coral,unifrac
S100,S59,0.8339170325066695,202.59292911256358,west,mangrove,west,coral,unifrac
S101,S59,0.8377951394683643,269.3502884254441,west,coral,west,coral,unifrac
S102,S59,0.9098666621333837,268.10764773832483,west,coral,west,coral,unifrac
S103,S59,0.8972084815172756,267.6934341759518,west,coral,west,coral,unifrac
S104,S59,0.8385559225758883,266.1076477383249,west,coral,west,coral,unifrac
S105,S59,0.8287676023189897,267.93607486307104,west,coral,west,coral,unifrac
S106,S59,0.7008905064233123,433.73001410240914,west,mangrove,west,coral,unifrac
S107,S59,0.7170440530223793,434.1442276647822,west,mangrove,west,coral,unifrac
S108,S59,0.6801935216687607,435.1442276647822,west,mangrove,west,coral,unifrac
S109,S59,0.77089786471642,435.5584412271553,west,mangrove,west,coral,unifrac
S110,S59,0.7559934611818971,435.5584412271553,west,mangrove,west,coral,unifrac
S61,S60,0.5443628850109318,12.828427124746192,west,mangrove,west,coral,unifrac
S62,S60,0.5562281491314637,12.828427124746192,west,mangrove,west,coral,unifrac
S63,S60,0.5279274850361797,12.414213562373096,west,mangrove,west,coral,unifrac
S64,S60,0.5064913996296374,11.414213562373096,west,mangrove,west,coral,unifrac
S65,S60,0.462110571180497,11,west,mangrove,west,coral,unifrac
S66,S60,0.6602555615689379,36.556349186104036,west,seagrass,west,coral,unifrac
S67,S60,0.557271364643719,36.556349186104036,west,seagrass,west,coral,unifrac
S68,S60,0.5215800976538143,36.556349186104036,west,seagrass,west,coral,unifrac
S69,S60,0.48384075087383854,36.556349186104036,west,seagrass,west,coral,unifrac
S70,S60,0.49606716186404076,35.556349186104036,west,seagrass,west,coral,unifrac
S71,S60,0.9647428862692948,520.1269837220786,east,coral,west,coral,unifrac
S73,S60,0.9852286038638766,520.1269837220786,east,coral,west,coral,unifrac
S74,S60,0.9526049328959695,520.1269837220786,east,coral,west,coral,unifrac
S75,S60,0.9580961401024867,520.1269837220786,east,coral,west,coral,unifrac
S77,S60,0.9010680338718626,534.8254685319135,east,coral,west,coral,unifrac
S78,S60,0.831291987527085,534.8254685319135,east,coral,west,coral,unifrac
S80,S60,0.960210984750322,534.8254685319135,east,coral,west,coral,unifrac
S81,S60,0.7194869628652676,526.3818177180178,east,mangrove,west,coral,unifrac
S82,S60,0.7077012025348892,526.3818177180178,east,mangrove,west,coral,unifrac
S83,S60,0.7143765097478724,526.3818177180178,east,mangrove,west,coral,unifrac
S84,S60,0.7129483456516702,526.3818177180178,east,mangrove,west,coral,unifrac
S85,S60,0.7819640695325166,526.3818177180178,east,mangrove,west,coral,unifrac
S86,S60,0.6513902002890556,109.82337649086296,west,mangrove,west,coral,unifrac
S87,S60,0.6842862697429487,109.82337649086296,west,mangrove,west,coral,unifrac
S88,S60,0.8311844676814725,110.23759005323605,west,mangrove,west,coral,unifrac
S89,S60,0.8666265900886511,110.23759005323605,west,mangrove,west,coral,unifrac
S90,S60,0.9081904193522647,110.23759005323605,west,mangrove,west,coral,unifrac
S91,S60,0.5718196556987575,126.16652224137056,west,seagrass,west,coral,unifrac
S92,S60,0.6101558630968108,125.16652224137054,west,seagrass,west,coral,unifrac
S93,S60,0.7286216672991707,125.16652224137054,west,seagrass,west,coral,unifrac
S94,S60,0.7984078345139994,126.16652224137056,west,seagrass,west,coral,unifrac
S95,S60,0.656683890128869,126.16652224137056,west,seagrass,west,coral,unifrac
S96,S60,0.7822268018871915,202.59292911256358,west,mangrove,west,coral,unifrac
S97,S60,0.7668487032133438,202.59292911256358,west,mangrove,west,coral,unifrac
S98,S60,0.7779818565584556,202.59292911256358,west,mangrove,west,coral,unifrac
S99,S60,0.7814743200542101,202.59292911256358,west,mangrove,west,coral,unifrac
S100,S60,0.7888182714443468,201.59292911256358,west,mangrove,west,coral,unifrac
S101,S60,0.8470310449353375,268.35028842544415,west,coral,west,coral,unifrac
S102,S60,0.914845252515404,267.1076477383249,west,coral,west,coral,unifrac
S103,S60,0.9029596963617859,266.6934341759518,west,coral,west,coral,unifrac
S104,S60,0.8684411950715826,265.1076477383249,west,coral,west,coral,unifrac
S105,S60,0.8296312710132127,266.9360748630711,west,coral,west,coral,unifrac
S106,S60,0.6430530687043994,432.73001410240914,west,mangrove,west,coral,unifrac
S107,S60,0.7007599819820796,433.1442276647822,west,mangrove,west,coral,unifrac
S108,S60,0.6524519424149314,434.1442276647822,west,mangrove,west,coral,unifrac
S109,S60,0.7543137672563617,434.5584412271553,west,mangrove,west,coral,unifrac
S110,S60,0.7128038182811647,434.5584412271553,west,mangrove,west,coral,unifrac
S62,S61,0.3914802258289388,0,west,mangrove,west,mangrove,unifrac
S63,S61,0.4124800338835765,1,west,mangrove,west,mangrove,unifrac
S64,S61,0.27954206724346414,1.4142135623730951,west,mangrove,west,mangrove,unifrac
S65,S61,0.28394021949086756,2.414213562373095,west,mangrove,west,mangrove,unifrac
S66,S61,0.5752480557536196,31.970562748477132,west,seagrass,west,mangrove,unifrac
S67,S61,0.42128132941932667,31.970562748477132,west,seagrass,west,mangrove,unifrac
S68,S61,0.39570350336912136,31.970562748477132,west,seagrass,west,mangrove,unifrac
S69,S61,0.4931295509069194,31.970562748477132,west,seagrass,west,mangrove,unifrac
S70,S61,0.5393130741335358,32.38477631085023,west,seagrass,west,mangrove,unifrac
S71,S61,0.9749372700611392,510.12698372207865,east,coral,west,mangrove,unifrac
S73,S61,0.9825072788426402,510.12698372207865,east,coral,west,mangrove,unifrac
S74,S61,0.9431770297679503,510.12698372207865,east,coral,west,mangrove,unifrac
S75,S61,0.9141100268256995,510.12698372207865,east,coral,west,mangrove,unifrac
S77,S61,0.8470718895709557,524.8254685319135,east,coral,west,mangrove,unifrac
S78,S61,0.7595270042428535,524.8254685319135,east,coral,west,mangrove,unifrac
S80,S61,0.9149306964843661,524.8254685319135,east,coral,west,mangrove,unifrac
S81,S61,0.6270292676280345,516.3818177180178,east,mangrove,west,mangrove,unifrac
S82,S61,0.6827140939288102,516.3818177180178,east,mangrove,west,mangrove,unifrac
S83,S61,0.6513892097371086,516.3818177180178,east,mangrove,west,mangrove,unifrac
S84,S61,0.641809320994803,516.3818177180178,east,mangrove,west,mangrove,unifrac
S85,S61,0.6904826347794562,516.3818177180178,east,mangrove,west,mangrove,unifrac
S86,S61,0.5383034325806741,102.85281374238573,west,mangrove,west,mangrove,unifrac
S87,S61,0.616504835634304,102.85281374238573,west,mangrove,west,mangrove,unifrac
S88,S61,0.7701933107514337,103.26702730475884,west,mangrove,west,mangrove,unifrac
S89,S61,0.8360652164779876,103.26702730475884,west,mangrove,west,mangrove,unifrac
S90,S61,0.8565609918523482,103.26702730475884,west,mangrove,west,mangrove,unifrac
S91,S61,0.4533094465750439,119.19595949289335,west,seagrass,west,mangrove,unifrac
S92,S61,0.475587813627491,118.19595949289334,west,seagrass,west,mangrove,unifrac
S93,S61,0.6157156596558958,118.19595949289334,west,seagrass,west,mangrove,unifrac
S94,S61,0.7593842307954604,119.19595949289335,west,seagrass,west,mangrove,unifrac
S95,S61,0.5376677031354247,119.19595949289335,west,seagrass,west,mangrove,unifrac
S96,S61,0.7294741769256499,195.62236636408636,west,mangrove,west,mangrove,unifrac
S97,S61,0.7018958154150383,195.62236636408636,west,mangrove,west,mangrove,unifrac
S98,S61,0.7047348162023985,195.62236636408636,west,mangrove,west,mangrove,unifrac
S99,S61,0.7065750354912411,195.62236636408636,west,mangrove,west,mangrove,unifrac
S100,S61,0.7100551905692014,194.62236636408636,west,mangrove,west,mangrove,unifrac
S101,S61,0.7962579814321212,261.37972567696704,west,coral,west,mangrove,unifrac
S102,S61,0.8863012230208176,260.1370849898478,west,coral,west,mangrove,unifrac
S103,S61,0.8936355255693486,259.7228714274747,west,coral,west,mangrove,unifrac
S104,S61,0.8261272598219929,258.1370849898478,west,coral,west,mangrove,unifrac
S105,S61,0.8339858092731289,259.96551211459393,west,coral,west,mangrove,unifrac
S106,S61,0.45015952363493117,425.75945135393226,west,mangrove,west,mangrove,unifrac
S107,S61,0.5699968131629658,426.1736649163053,west,mangrove,west,mangrove,unifrac
S108,S61,0.610465163083046,427.1736649163053,west,mangrove,west,mangrove,unifrac
S109,S61,0.6896469635352219,427.5878784786784,west,mangrove,west,mangrove,unifrac
S110,S61,0.6694127500347927,427.5878784786784,west,mangrove,west,mangrove,unifrac
S63,S62,0.38389832054976764,1,west,mangrove,west,mangrove,unifrac
S64,S62,0.36650129464453296,1.4142135623730951,west,mangrove,west,mangrove,unifrac
S65,S62,0.39745492658437653,2.414213562373095,west,mangrove,west,mangrove,unifrac
S66,S62,0.5313502263245057,31.970562748477132,west,seagrass,west,mangrove,unifrac
S67,S62,0.42361773494251953,31.970562748477132,west,seagrass,west,mangrove,unifrac
S68,S62,0.43323260548161324,31.970562748477132,west,seagrass,west,mangrove,unifrac
S69,S62,0.5078704526193148,31.970562748477132,west,seagrass,west,mangrove,unifrac
S70,S62,0.5073278216328907,32.38477631085023,west,seagrass,west,mangrove,unifrac
S71,S62,0.9567902612514492,510.12698372207865,east,coral,west,mangrove,unifrac
S73,S62,0.9799390377784665,510.12698372207865,east,coral,west,mangrove,unifrac
S74,S62,0.9353143311320142,510.12698372207865,east,coral,west,mangrove,unifrac
S75,S62,0.9432182664500204,510.12698372207865,east,coral,west,mangrove,unifrac
S77,S62,0.8763881997079758,524.8254685319135,east,coral,west,mangrove,unifrac
S78,S62,0.781075686874817,524.8254685319135,east,coral,west,mangrove,unifrac
S80,S62,0.945508259676436,524.8254685319135,east,coral,west,mangrove,unifrac
S81,S62,0.6806206718233581,516.3818177180178,east,mangrove,west,mangrove,unifrac
S82,S62,0.7377020047429558,516.3818177180178,east,mangrove,west,mangrove,unifrac
S83,S62,0.7112990635070389,516.3818177180178,east,mangrove,west,mangrove,unifrac
S84,S62,0.719295343718047,516.3818177180178,east,mangrove,west,mangrove,unifrac
S85,S62,0.7383399878252395,516.3818177180178,east,mangrove,west,mangrove,unifrac
S86,S62,0.6755665127272926,102.85281374238573,west,mangrove,west,mangrove,unifrac
S87,S62,0.6115638881473948,102.85281374238573,west,mangrove,west,mangrove,unifrac
S88,S62,0.8043716335691103,103.26702730475884,west,mangrove,west,mangrove,unifrac
S89,S62,0.8626554105750902,103.26702730475884,west,mangrove,west,mangrove,unifrac
S90,S62,0.8776371456033019,103.26702730475884,west,mangrove,west,mangrove,unifrac
S91,S62,0.4913210211180214,119.19595949289335,west,seagrass,west,mangrove,unifrac
S92,S62,0.5569501186763867,118.19595949289334,west,seagrass,west,mangrove,unifrac
S93,S62,0.6230367683370834,118.19595949289334,west,seagrass,west,mangrove,unifrac
S94,S62,0.7265254977451119,119.19595949289335,west,seagrass,west,mangrove,unifrac
S95,S62,0.5411196745870455,119.19595949289335,west,seagrass,west,mangrove,unifrac
S96,S62,0.7554011215963734,195.62236636408636,west,mangrove,west,mangrove,unifrac
S97,S62,0.7206249946233589,195.62236636408636,west,mangrove,west,mangrove,unifrac
S98,S62,0.7165982049480291,195.62236636408636,west,mangrove,west,mangrove,unifrac
S99,S62,0.7016331514775113,195.62236636408636,west,mangrove,west,mangrove,unifrac
S100,S62,0.7473047456851895,194.62236636408636,west,mangrove,west,mangrove,unifrac
S101,S62,0.8048392961392351,261.37972567696704,west,coral,west,mangrove,unifrac
S102,S62,0.8811034959518904,260.1370849898478,west,coral,west,mangrove,unifrac
S103,S62,0.8931523001879571,259.7228714274747,west,coral,west,mangrove,unifrac
S104,S62,0.8149679917555331,258.1370849898478,west,coral,west,mangrove,unifrac
S105,S62,0.8268001389694577,259.96551211459393,west,coral,west,mangrove,unifrac
S106,S62,0.4731985232744192,425.75945135393226,west,mangrove,west,mangrove,unifrac
S107,S62,0.5968854051382539,426.1736649163053,west,mangrove,west,mangrove,unifrac
S108,S62,0.5951469299080642,427.1736649163053,west,mangrove,west,mangrove,unifrac
S109,S62,0.7046289996532901,427.5878784786784,west,mangrove,west,mangrove,unifrac
S110,S62,0.6141148235073853,427.5878784786784,west,mangrove,west,mangrove,unifrac
S64,S63,0.39000504440511097,1,west,mangrove,west,mangrove,unifrac
S65,S63,0.34363667340912396,1.4142135623730951,west,mangrove,west,mangrove,unifrac
S66,S63,0.5446156868766758,30.970562748477132,west,seagrass,west,mangrove,unifrac
S67,S63,0.42841830027105576,30.970562748477132,west,seagrass,west,mangrove,unifrac
S68,S63,0.4146149335571033,30.970562748477132,west,seagrass,west,mangrove,unifrac
S69,S63,0.45054231773738634,30.970562748477132,west,seagrass,west,mangrove,unifrac
S70,S63,0.5344566432330407,31.384776310850228,west,seagrass,west,mangrove,unifrac
S71,S63,0.9573381977084804,509.12698372207865,east,coral,west,mangrove,unifrac
S73,S63,0.9813805526251171,509.12698372207865,east,coral,west,mangrove,unifrac
S74,S63,0.9428767621282874,509.12698372207865,east,coral,west,mangrove,unifrac
S75,S63,0.9479591449833059,509.12698372207865,east,coral,west,mangrove,unifrac
S77,S63,0.8954164802614767,523.8254685319135,east,coral,west,mangrove,unifrac
S78,S63,0.8172290039421917,523.8254685319135,east,coral,west,mangrove,unifrac
S80,S63,0.9502125025688537,523.8254685319135,east,coral,west,mangrove,unifrac
S81,S63,0.6746831072741333,515.3818177180178,east,mangrove,west,mangrove,unifrac
S82,S63,0.6736930944024091,515.3818177180178,east,mangrove,west,mangrove,unifrac
S83,S63,0.6918529201358147,515.3818177180178,east,mangrove,west,mangrove,unifrac
S84,S63,0.6648808548923623,515.3818177180178,east,mangrove,west,mangrove,unifrac
S85,S63,0.7122788096972493,515.3818177180178,east,mangrove,west,mangrove,unifrac
S86,S63,0.5948369319480152,103.85281374238573,west,mangrove,west,mangrove,unifrac
S87,S63,0.586112698090308,103.85281374238573,west,mangrove,west,mangrove,unifrac
S88,S63,0.7660221977907546,104.26702730475884,west,mangrove,west,mangrove,unifrac
S89,S63,0.8345298669342031,104.26702730475884,west,mangrove,west,mangrove,unifrac
S90,S63,0.8648461398045857,104.26702730475884,west,mangrove,west,mangrove,unifrac
S91,S63,0.4924137511446433,120.19595949289335,west,seagrass,west,mangrove,unifrac
S92,S63,0.5095650995723489,119.19595949289334,west,seagrass,west,mangrove,unifrac
S93,S63,0.608855822861075,119.19595949289334,west,seagrass,west,mangrove,unifrac
S94,S63,0.7335636142146589,120.19595949289335,west,seagrass,west,mangrove,unifrac
S95,S63,0.5513882342662388,120.19595949289335,west,seagrass,west,mangrove,unifrac
S96,S63,0.6812260993273088,196.62236636408636,west,mangrove,west,mangrove,unifrac
S97,S63,0.6340090337084112,196.62236636408636,west,mangrove,west,mangrove,unifrac
S98,S63,0.6572520610305453,196.62236636408636,west,mangrove,west,mangrove,unifrac
S99,S63,0.6564972620091293,196.62236636408636,west,mangrove,west,mangrove,unifrac
S100,S63,0.681185243078546,195.62236636408636,west,mangrove,west,mangrove,unifrac
S101,S63,0.8245093093905187,262.37972567696704,west,coral,west,mangrove,unifrac
S102,S63,0.8932486877867608,261.1370849898478,west,coral,west,mangrove,unifrac
S103,S63,0.8896323282476888,260.7228714274747,west,coral,west,mangrove,unifrac
S104,S63,0.8018699214744848,259.1370849898478,west,coral,west,mangrove,unifrac
S105,S63,0.8182304960781822,260.96551211459393,west,coral,west,mangrove,unifrac
S106,S63,0.47845649399718626,426.75945135393226,west,mangrove,west,mangrove,unifrac
S107,S63,0.5922140852426453,427.1736649163053,west,mangrove,west,mangrove,unifrac
S108,S63,0.59646006922879,428.1736649163053,west,mangrove,west,mangrove,unifrac
S109,S63,0.654127911493245,428.5878784786784,west,mangrove,west,mangrove,unifrac
S110,S63,0.6754714671954313,428.5878784786784,west,mangrove,west,mangrove,unifrac
S65,S64,0.29105470222266816,1,west,mangrove,west,mangrove,unifrac
S66,S64,0.5615036043987327,31.384776310850224,west,seagrass,west,mangrove,unifrac
S67,S64,0.3970824177776276,31.384776310850224,west,seagrass,west,mangrove,unifrac
S68,S64,0.37609128124912733,31.384776310850224,west,seagrass,west,mangrove,unifrac
S69,S64,0.4926721431282048,31.384776310850224,west,seagrass,west,mangrove,unifrac
S70,S64,0.4916276289891694,31.798989873223324,west,seagrass,west,mangrove,unifrac
S71,S64,0.9628794981768598,509.54119728445175,east,coral,west,mangrove,unifrac
S73,S64,0.9842564881677373,509.54119728445175,east,coral,west,mangrove,unifrac
S74,S64,0.9485993855617282,509.54119728445175,east,coral,west,mangrove,unifrac
S75,S64,0.9224077356656387,509.54119728445175,east,coral,west,mangrove,unifrac
S77,S64,0.8646197078059367,524.2396820942866,east,coral,west,mangrove,unifrac
S78,S64,0.7818210331315839,524.2396820942866,east,coral,west,mangrove,unifrac
S80,S64,0.9234378830464925,524.2396820942866,east,coral,west,mangrove,unifrac
S81,S64,0.6228162930170004,515.7960312803908,east,mangrove,west,mangrove,unifrac
S82,S64,0.685786708072435,515.7960312803908,east,mangrove,west,mangrove,unifrac
S83,S64,0.6478507368140669,515.7960312803908,east,mangrove,west,mangrove,unifrac
S84,S64,0.6511425051719342,515.7960312803908,east,mangrove,west,mangrove,unifrac
S85,S64,0.6932342529702921,515.7960312803908,east,mangrove,west,mangrove,unifrac
S86,S64,0.587288869786935,104.26702730475884,west,mangrove,west,mangrove,unifrac
S87,S64,0.6143262189253224,104.26702730475884,west,mangrove,west,mangrove,unifrac
S88,S64,0.7919451106343011,104.68124086713195,west,mangrove,west,mangrove,unifrac
S89,S64,0.8427255971953765,104.68124086713195,west,mangrove,west,mangrove,unifrac
S90,S64,0.8641051236513732,104.68124086713195,west,mangrove,west,mangrove,unifrac
S91,S64,0.4899526746276939,120.61017305526646,west,seagrass,west,mangrove,unifrac
S92,S64,0.5175359507421439,119.61017305526644,west,seagrass,west,mangrove,unifrac
S93,S64,0.6450750420781995,119.61017305526644,west,seagrass,west,mangrove,unifrac
S94,S64,0.7612601128014516,120.61017305526646,west,seagrass,west,mangrove,unifrac
S95,S64,0.5561121005442088,120.61017305526646,west,seagrass,west,mangrove,unifrac
S96,S64,0.7415854440718089,197.03657992645947,west,mangrove,west,mangrove,unifrac
S97,S64,0.6944568052683544,197.03657992645947,west,mangrove,west,mangrove,unifrac
S98,S64,0.6985056987950881,197.03657992645947,west,mangrove,west,mangrove,unifrac
S99,S64,0.7076883686910793,197.03657992645947,west,mangrove,west,mangrove,unifrac
S100,S64,0.7038141113200942,196.03657992645947,west,mangrove,west,mangrove,unifrac
S101,S64,0.821238766847503,262.79393923934015,west,coral,west,mangrove,unifrac
S102,S64,0.89280213387551,261.5512985522209,west,coral,west,mangrove,unifrac
S103,S64,0.9004632277357321,261.1370849898478,west,coral,west,mangrove,unifrac
S104,S64,0.8390181141169092,259.5512985522209,west,coral,west,mangrove,unifrac
S105,S64,0.8398272161925098,261.37972567696704,west,coral,west,mangrove,unifrac
S106,S64,0.5080913960055122,427.1736649163053,west,mangrove,west,mangrove,unifrac
S107,S64,0.6072649517042732,427.5878784786784,west,mangrove,west,mangrove,unifrac
S108,S64,0.6261767527141779,428.5878784786784,west,mangrove,west,mangrove,unifrac
S109,S64,0.6971241099361731,429.00209204105147,west,mangrove,west,mangrove,unifrac
S110,S64,0.6653380174084541,429.00209204105147,west,mangrove,west,mangrove,unifrac
S66,S65,0.592055231157961,30.384776310850224,west,seagrass,west,mangrove,unifrac
S67,S65,0.39494074335549645,30.384776310850224,west,seagrass,west,mangrove,unifrac
S68,S65,0.4010897258318152,30.384776310850224,west,seagrass,west,mangrove,unifrac
S69,S65,0.3977743357160607,30.384776310850224,west,seagrass,west,mangrove,unifrac
S70,S65,0.5477425405589139,30.798989873223324,west,seagrass,west,mangrove,unifrac
S71,S65,0.9632714845264398,509.12698372207865,east,coral,west,mangrove,unifrac
S73,S65,0.9844200255410372,509.12698372207865,east,coral,west,mangrove,unifrac
S74,S65,0.9491091501335748,509.12698372207865,east,coral,west,mangrove,unifrac
S75,S65,0.9233094569019028,509.12698372207865,east,coral,west,mangrove,unifrac
S77,S65,0.8638803103587317,523.8254685319135,east,coral,west,mangrove,unifrac
S78,S65,0.7838892135386064,523.8254685319135,east,coral,west,mangrove,unifrac
S80,S65,0.9244700741727778,523.8254685319135,east,coral,west,mangrove,unifrac
S81,S65,0.6177467703369067,515.3818177180178,east,mangrove,west,mangrove,unifrac
S82,S65,0.6638986647435715,515.3818177180178,east,mangrove,west,mangrove,unifrac
S83,S65,0.661964027616306,515.3818177180178,east,mangrove,west,mangrove,unifrac
S84,S65,0.6327315685670561,515.3818177180178,east,mangrove,west,mangrove,unifrac
S85,S65,0.6971113563471646,515.3818177180178,east,mangrove,west,mangrove,unifrac
S86,S65,0.5563371609858364,105.26702730475884,west,mangrove,west,mangrove,unifrac
S87,S65,0.6216399041265428,105.26702730475884,west,mangrove,west,mangrove,unifrac
S88,S65,0.7915047901439977,105.68124086713195,west,mangrove,west,mangrove,unifrac
S89,S65,0.851522065442916,105.68124086713195,west,mangrove,west,mangrove,unifrac
S90,S65,0.8748320420584755,105.68124086713195,west,mangrove,west,mangrove,unifrac
S91,S65,0.4534142316029596,121.61017305526646,west,seagrass,west,mangrove,unifrac
S92,S65,0.48644528579452606,120.61017305526644,west,seagrass,west,mangrove,unifrac
S93,S65,0.632813459931807,120.61017305526644,west,seagrass,west,mangrove,unifrac
S94,S65,0.7641908176182503,121.61017305526646,west,seagrass,west,mangrove,unifrac
S95,S65,0.5609892670890779,121.61017305526646,west,seagrass,west,mangrove,unifrac
S96,S65,0.726265224373112,198.03657992645947,west,mangrove,west,mangrove,unifrac
S97,S65,0.6870943211001205,198.03657992645947,west,mangrove,west,mangrove,unifrac
S98,S65,0.6865965280462116,198.03657992645947,west,mangrove,west,mangrove,unifrac
S99,S65,0.6889848820573642,198.03657992645947,west,mangrove,west,mangrove,unifrac
S100,S65,0.694251831919064,197.03657992645947,west,mangrove,west,mangrove,unifrac
S101,S65,0.846517446342265,263.79393923934015,west,coral,west,mangrove,unifrac
S102,S65,0.9078783128440052,262.5512985522209,west,coral,west,mangrove,unifrac
S103,S65,0.8947822391939504,262.1370849898478,west,coral,west,mangrove,unifrac
S104,S65,0.8543914110360555,260.5512985522209,west,coral,west,mangrove,unifrac
S105,S65,0.8413496319718343,262.37972567696704,west,coral,west,mangrove,unifrac
S106,S65,0.4912913130139937,428.1736649163053,west,mangrove,west,mangrove,unifrac
S107,S65,0.6216373983390542,428.5878784786784,west,mangrove,west,mangrove,unifrac
S108,S65,0.6404392675293772,429.5878784786784,west,mangrove,west,mangrove,unifrac
S109,S65,0.7000076401416299,430.00209204105147,west,mangrove,west,mangrove,unifrac
S110,S65,0.6719067323554273,430.00209204105147,west,mangrove,west,mangrove,unifrac
S67,S66,0.5036797642725394,0,west,seagrass,west,seagrass,unifrac
S68,S66,0.4992877994880916,0,west,seagrass,west,seagrass,unifrac
S69,S66,0.583165545488772,0,west,seagrass,west,seagrass,unifrac
S70,S66,0.48302491004955866,1,west,seagrass,west,seagrass,unifrac
S71,S66,0.960287578862657,497.7716446627519,east,coral,west,seagrass,unifrac
S73,S66,0.9723267573023872,497.7716446627519,east,coral,west,seagrass,unifrac
S74,S66,0.9126750690496133,497.7716446627519,east,coral,west,seagrass,unifrac
S75,S66,0.9239425884766719,497.7716446627519,east,coral,west,seagrass,unifrac
S77,S66,0.8652898193679449,512.4701294725867,east,coral,west,seagrass,unifrac
S78,S66,0.7686306211058545,512.4701294725867,east,coral,west,seagrass,unifrac
S80,S66,0.9259315674251045,512.4701294725867,east,coral,west,seagrass,unifrac
S81,S66,0.7449427457070099,504.02647865869096,east,mangrove,west,seagrass,unifrac
S82,S66,0.8097770884862019,504.02647865869096,east,mangrove,west,seagrass,unifrac
S83,S66,0.7815225476867774,504.02647865869096,east,mangrove,west,seagrass,unifrac
S84,S66,0.777978829212154,504.02647865869096,east,mangrove,west,seagrass,unifrac
S85,S66,0.7797957755339002,504.02647865869096,east,mangrove,west,seagrass,unifrac
S86,S66,0.6994270743750172,129.85281374238573,west,mangrove,west,seagrass,unifrac
S87,S66,0.6770859625942702,129.85281374238573,west,mangrove,west,seagrass,unifrac
S88,S66,0.7995583642579547,130.26702730475884,west,mangrove,west,seagrass,unifrac
S89,S66,0.8010889159484412,130.26702730475884,west,mangrove,west,seagrass,unifrac
S90,S66,0.8711849218985239,130.26702730475884,west,mangrove,west,seagrass,unifrac
S91,S66,0.6077983363896551,146.19595949289334,west,seagrass,west,seagrass,unifrac
S92,S66,0.5305252885671499,145.19595949289334,west,seagrass,west,seagrass,unifrac
S93,S66,0.7051171185577941,145.19595949289334,west,seagrass,west,seagrass,unifrac
S94,S66,0.7338870404251223,146.19595949289334,west,seagrass,west,seagrass,unifrac
S95,S66,0.6508475516081855,146.19595949289334,west,seagrass,west,seagrass,unifrac
S96,S66,0.7029656484401146,222.62236636408636,west,mangrove,west,seagrass,unifrac
S97,S66,0.7132772197070788,222.62236636408636,west,mangrove,west,seagrass,unifrac
S98,S66,0.7112998325484584,222.62236636408636,west,mangrove,west,seagrass,unifrac
S99,S66,0.7281707343816909,222.62236636408636,west,mangrove,west,seagrass,unifrac
S100,S66,0.7411978541720015,221.62236636408636,west,mangrove,west,seagrass,unifrac
S101,S66,0.7992901241134078,288.37972567696653,west,coral,west,seagrass,unifrac
S102,S66,0.8401752833409836,287.13708498984727,west,coral,west,seagrass,unifrac
S103,S66,0.8363413801168363,286.72287142747416,west,coral,west,seagrass,unifrac
S104,S66,0.7408740429518114,285.13708498984727,west,coral,west,seagrass,unifrac
S105,S66,0.7401209879066402,286.9655121145935,west,coral,west,seagrass,unifrac
S106,S66,0.47341273885359536,452.75945135393226,west,mangrove,west,seagrass,unifrac
S107,S66,0.5966273992703576,453.1736649163053,west,mangrove,west,seagrass,unifrac
S108,S66,0.6321854731551232,454.1736649163053,west,mangrove,west,seagrass,unifrac
S109,S66,0.6171111571440132,454.5878784786784,west,mangrove,west,seagrass,unifrac
S110,S66,0.6679362099476074,454.5878784786784,west,mangrove,west,seagrass,unifrac
S68,S67,0.34214962791917297,0,west,seagrass,west,seagrass,unifrac
S69,S67,0.4185302128474095,0,west,seagrass,west,seagrass,unifrac
S70,S67,0.4615700448827924,1,west,seagrass,west,seagrass,unifrac
S71,S67,0.9585803091182433,497.7716446627519,east,coral,west,seagrass,unifrac
S73,S67,0.9807565842003158,497.7716446627519,east,coral,west,seagrass,unifrac
S74,S67,0.9203166394662872,497.7716446627519,east,coral,west,seagrass,unifrac
S75,S67,0.9059301292748609,497.7716446627519,east,coral,west,seagrass,unifrac
S77,S67,0.8144322947395278,512.4701294725867,east,coral,west,seagrass,unifrac
S78,S67,0.7417841785230603,512.4701294725867,east,coral,west,seagrass,unifrac
S80,S67,0.9066196574070928,512.4701294725867,east,coral,west,seagrass,unifrac
S81,S67,0.6506185745661114,504.02647865869096,east,mangrove,west,seagrass,unifrac
S82,S67,0.6952439530007992,504.02647865869096,east,mangrove,west,seagrass,unifrac
S83,S67,0.6681191164876275,504.02647865869096,east,mangrove,west,seagrass,unifrac
S84,S67,0.6680409079379743,504.02647865869096,east,mangrove,west,seagrass,unifrac
S85,S67,0.6908796974583598,504.02647865869096,east,mangrove,west,seagrass,unifrac
S86,S67,0.6496025721511194,129.85281374238573,west,mangrove,west,seagrass,unifrac
S87,S67,0.6714291380498392,129.85281374238573,west,mangrove,west,seagrass,unifrac
S88,S67,0.818331055396063,130.26702730475884,west,mangrove,west,seagrass,unifrac
S89,S67,0.8533005400762512,130.26702730475884,west,mangrove,west,seagrass,unifrac
S90,S67,0.8755947802016758,130.26702730475884,west,mangrove,west,seagrass,unifrac
S91,S67,0.5538674890096807,146.19595949289334,west,seagrass,west,seagrass,unifrac
S92,S67,0.5234752658013675,145.19595949289334,west,seagrass,west,seagrass,unifrac
S93,S67,0.6579492584899425,145.19595949289334,west,seagrass,west,seagrass,unifrac
S94,S67,0.7739998582734869,146.19595949289334,west,seagrass,west,seagrass,unifrac
S95,S67,0.5648586116069322,146.19595949289334,west,seagrass,west,seagrass,unifrac
S96,S67,0.7077938028770352,222.62236636408636,west,mangrove,west,seagrass,unifrac
S97,S67,0.6578037112549832,222.62236636408636,west,mangrove,west,seagrass,unifrac
S98,S67,0.6773859793492315,222.62236636408636,west,mangrove,west,seagrass,unifrac
S99,S67,0.6543367267124087,222.62236636408636,west,mangrove,west,seagrass,unifrac
S100,S67,0.6990619827579497,221.62236636408636,west,mangrove,west,seagrass,unifrac
S101,S67,0.7944020533200559,288.37972567696653,west,coral,west,seagrass,unifrac
S102,S67,0.8857706438315275,287.13708498984727,west,coral,west,seagrass,unifrac
S103,S67,0.9050187542165431,286.72287142747416,west,coral,west,seagrass,unifrac
S104,S67,0.8134933649189233,285.13708498984727,west,coral,west,seagrass,unifrac
S105,S67,0.8489538957158604,286.9655121145935,west,coral,west,seagrass,unifrac
S106,S67,0.46505633377797484,452.75945135393226,west,mangrove,west,seagrass,unifrac
S107,S67,0.5898924422449627,453.1736649163053,west,mangrove,west,seagrass,unifrac
S108,S67,0.6453173142413665,454.1736649163053,west,mangrove,west,seagrass,unifrac
S109,S67,0.7018675467454466,454.5878784786784,west,mangrove,west,seagrass,unifrac
S110,S67,0.6569758873327776,454.5878784786784,west,mangrove,west,seagrass,unifrac
S69,S68,0.3677135778567181,0,west,seagrass,west,seagrass,unifrac
S70,S68,0.37419753980045745,1,west,seagrass,west,seagrass,unifrac
S71,S68,0.9637282868250958,497.7716446627519,east,coral,west,seagrass,unifrac
S73,S68,0.9831141754915037,497.7716446627519,east,coral,west,seagrass,unifrac
S74,S68,0.9297367333565041,497.7716446627519,east,coral,west,seagrass,unifrac
S75,S68,0.9516027179904263,497.7716446627519,east,coral,west,seagrass,unifrac
S77,S68,0.8785565338859407,512.4701294725867,east,coral,west,seagrass,unifrac
S78,S68,0.8067392166996264,512.4701294725867,east,coral,west,seagrass,unifrac
S80,S68,0.9538468570702265,512.4701294725867,east,coral,west,seagrass,unifrac
S81,S68,0.6688143765215881,504.02647865869096,east,mangrove,west,seagrass,unifrac
S82,S68,0.7105232123583096,504.02647865869096,east,mangrove,west,seagrass,unifrac
S83,S68,0.6940233704646804,504.02647865869096,east,mangrove,west,seagrass,unifrac
S84,S68,0.6650937663875095,504.02647865869096,east,mangrove,west,seagrass,unifrac
S85,S68,0.712043649851388,504.02647865869096,east,mangrove,west,seagrass,unifrac
S86,S68,0.6761105894132151,129.85281374238573,west,mangrove,west,seagrass,unifrac
S87,S68,0.682871039818613,129.85281374238573,west,mangrove,west,seagrass,unifrac
S88,S68,0.7961048060068259,130.26702730475884,west,mangrove,west,seagrass,unifrac
S89,S68,0.841949087497915,130.26702730475884,west,mangrove,west,seagrass,unifrac
S90,S68,0.8739523075565433,130.26702730475884,west,mangrove,west,seagrass,unifrac
S91,S68,0.5675194508755744,146.19595949289334,west,seagrass,west,seagrass,unifrac
S92,S68,0.5616322726502343,145.19595949289334,west,seagrass,west,seagrass,unifrac
S93,S68,0.7140859606080818,145.19595949289334,west,seagrass,west,seagrass,unifrac
S94,S68,0.7688135940749159,146.19595949289334,west,seagrass,west,seagrass,unifrac
S95,S68,0.5862739045325448,146.19595949289334,west,seagrass,west,seagrass,unifrac
S96,S68,0.7231364112299224,222.62236636408636,west,mangrove,west,seagrass,unifrac
S97,S68,0.6702875953801352,222.62236636408636,west,mangrove,west,seagrass,unifrac
S98,S68,0.6882940610498799,222.62236636408636,west,mangrove,west,seagrass,unifrac
S99,S68,0.6402273417087389,222.62236636408636,west,mangrove,west,seagrass,unifrac
S100,S68,0.681542127507977,221.62236636408636,west,mangrove,west,seagrass,unifrac
S101,S68,0.8083344607057559,288.37972567696653,west,coral,west,seagrass,unifrac
S102,S68,0.889752053500573,287.13708498984727,west,coral,west,seagrass,unifrac
S103,S68,0.8967307757138061,286.72287142747416,west,coral,west,seagrass,unifrac
S104,S68,0.8267508714965445,285.13708498984727,west,coral,west,seagrass,unifrac
S105,S68,0.8172717581575312,286.9655121145935,west,coral,west,seagrass,unifrac
S106,S68,0.4765829229946524,452.75945135393226,west,mangrove,west,seagrass,unifrac
S107,S68,0.5845131098267913,453.1736649163053,west,mangrove,west,seagrass,unifrac
S108,S68,0.6212395292843267,454.1736649163053,west,mangrove,west,seagrass,unifrac
S109,S68,0.7040542995266501,454.5878784786784,west,mangrove,west,seagrass,unifrac
S110,S68,0.6801711195244315,454.5878784786784,west,mangrove,west,seagrass,unifrac
S70,S69,0.462859507252218,1,west,seagrass,west,seagrass,unifrac
S71,S69,0.9620585238997633,497.7716446627519,east,coral,west,seagrass,unifrac
S73,S69,0.9854823747540988,497.7716446627519,east,coral,west,seagrass,unifrac
S74,S69,0.9392925134654745,497.7716446627519,east,coral,west,seagrass,unifrac
S75,S69,0.9579952929018719,497.7716446627519,east,coral,west,seagrass,unifrac
S77,S69,0.887100115742737,512.4701294725867,east,coral,west,seagrass,unifrac
S78,S69,0.8558333658770736,512.4701294725867,east,coral,west,seagrass,unifrac
S80,S69,0.9601342939881762,512.4701294725867,east,coral,west,seagrass,unifrac
S81,S69,0.7158390470527842,504.02647865869096,east,mangrove,west,seagrass,unifrac
S82,S69,0.7077940916709037,504.02647865869096,east,mangrove,west,seagrass,unifrac
S83,S69,0.7226442413939501,504.02647865869096,east,mangrove,west,seagrass,unifrac
S84,S69,0.7092782424519866,504.02647865869096,east,mangrove,west,seagrass,unifrac
S85,S69,0.7472618381351025,504.02647865869096,east,mangrove,west,seagrass,unifrac
S86,S69,0.7040327140838026,129.85281374238573,west,mangrove,west,seagrass,unifrac
S87,S69,0.6820146933118401,129.85281374238573,west,mangrove,west,seagrass,unifrac
S88,S69,0.809161939648459,130.26702730475884,west,mangrove,west,seagrass,unifrac
S89,S69,0.85838200097602535,130.26702730475884,west,mangrove,west,seagrass,unifrac
S90,S69,0.8891476776589625,130.26702730475884,west,mangrove,west,seagrass,unifrac
S91,S69,0.618940407910366,146.19595949289334,west,seagrass,west,seagrass,unifrac
S92,S69,0.5854804094885604,145.19595949289334,west,seagrass,west,seagrass,unifrac
S93,S69,0.7540096965902695,145.19595949289334,west,seagrass,west,seagrass,unifrac
S94,S69,0.7827671549512495,146.19595949289334,west,seagrass,west,seagrass,unifrac
S95,S69,0.6203736633728131,146.19595949289334,west,seagrass,west,seagrass,unifrac
S96,S69,0.7440260009864921,222.62236636408636,west,mangrove,west,seagrass,unifrac
S97,S69,0.7198392486257181,222.62236636408636,west,mangrove,west,seagrass,unifrac
S98,S69,0.6981453773183214,222.62236636408636,west,mangrove,west,seagrass,unifrac
S99,S69,0.7056526895540364,222.62236636408636,west,mangrove,west,seagrass,unifrac
S100,S69,0.738161370991036,221.62236636408636,west,mangrove,west,seagrass,unifrac
S101,S69,0.8468347548532329,288.37972567696653,west,coral,west,seagrass,unifrac
S102,S69,0.9136803483288568,287.13708498984727,west,coral,west,seagrass,unifrac
S103,S69,0.9017933793755467,286.72287142747416,west,coral,west,seagrass,unifrac
S104,S69,0.8578410332696097,285.13708498984727,west,coral,west,seagrass,unifrac
S105,S69,0.8649558354499111,286.9655121145935,west,coral,west,seagrass,unifrac
S106,S69,0.5677249759783455,452.75945135393226,west,mangrove,west,seagrass,unifrac
S107,S69,0.6470153817013697,453.1736649163053,west,mangrove,west,seagrass,unifrac
S108,S69,0.6732405958868668,454.1736649163053,west,mangrove,west,seagrass,unifrac
S109,S69,0.7242668704788032,454.5878784786784,west,mangrove,west,seagrass,unifrac
S110,S69,0.7387233900572509,454.5878784786784,west,mangrove,west,seagrass,unifrac
S71,S70,0.9507900288425132,498.7716446627519,east,coral,west,seagrass,unifrac
S73,S70,0.9813058552291182,498.7716446627519,east,coral,west,seagrass,unifrac
S74,S70,0.9394843848737997,498.7716446627519,east,coral,west,seagrass,unifrac
S75,S70,0.9468018291295176,498.7716446627519,east,coral,west,seagrass,unifrac
S77,S70,0.8835855748680982,513.4701294725867,east,coral,west,seagrass,unifrac
S78,S70,0.8309381671201787,513.4701294725867,east,coral,west,seagrass,unifrac
S80,S70,0.9490851129690885,513.4701294725867,east,coral,west,seagrass,unifrac
S81,S70,0.7392736776804483,505.02647865869096,east,mangrove,west,seagrass,unifrac
S82,S70,0.7657496233347744,505.02647865869096,east,mangrove,west,seagrass,unifrac
S83,S70,0.7329121590254121,505.02647865869096,east,mangrove,west,seagrass,unifrac
S84,S70,0.7489910712029684,505.02647865869096,east,mangrove,west,seagrass,unifrac
S85,S70,0.766101537252084,505.02647865869096,east,mangrove,west,seagrass,unifrac
S86,S70,0.7413520822669151,130.26702730475884,west,mangrove,west,seagrass,unifrac
S87,S70,0.6979661067553046,130.26702730475884,west,mangrove,west,seagrass,unifrac
S88,S70,0.8393082685098421,130.68124086713195,west,mangrove,west,seagrass,unifrac
S89,S70,0.8521641187183068,130.68124086713195,west,mangrove,west,seagrass,unifrac
S90,S70,0.9144399044858383,130.68124086713195,west,mangrove,west,seagrass,unifrac
S91,S70,0.6495452509463334,146.61017305526644,west,seagrass,west,seagrass,unifrac
S92,S70,0.6382488796715036,145.61017305526644,west,seagrass,west,seagrass,unifrac
S93,S70,0.7621434043254697,145.61017305526644,west,seagrass,west,seagrass,unifrac
S94,S70,0.792151815709936,146.61017305526644,west,seagrass,west,seagrass,unifrac
S95,S70,0.6072998149201765,146.61017305526644,west,seagrass,west,seagrass,unifrac
S96,S70,0.7562850636208945,223.03657992645947,west,mangrove,west,seagrass,unifrac
S97,S70,0.7613488383660505,223.03657992645947,west,mangrove,west,seagrass,unifrac
S98,S70,0.7496293232207332,223.03657992645947,west,mangrove,west,seagrass,unifrac
S99,S70,0.7377652160386273,223.03657992645947,west,mangrove,west,seagrass,unifrac
S100,S70,0.762248580305036,222.03657992645947,west,mangrove,west,seagrass,unifrac
S101,S70,0.8003528841964186,288.79393923933964,west,coral,west,seagrass,unifrac
S102,S70,0.8890098036878797,287.5512985522203,west,coral,west,seagrass,unifrac
S103,S70,0.885682062718664,287.13708498984727,west,coral,west,seagrass,unifrac
S104,S70,0.8121225687639178,285.5512985522204,west,coral,west,seagrass,unifrac
S105,S70,0.7984951159822019,287.37972567696653,west,coral,west,seagrass,unifrac
S106,S70,0.569605810473108,453.1736649163053,west,mangrove,west,seagrass,unifrac
S107,S70,0.593998897070304,453.5878784786784,west,mangrove,west,seagrass,unifrac
S108,S70,0.6022984910173682,454.5878784786784,west,mangrove,west,seagrass,unifrac
S109,S70,0.7145530453281095,455.00209204105147,west,mangrove,west,seagrass,unifrac
S110,S70,0.6815917898889314,455.00209204105147,west,mangrove,west,seagrass,unifrac
S73,S71,1,0,east,coral,east,coral,unifrac
S74,S71,0.9482521638103381,0,east,coral,east,coral,unifrac
S75,S71,0.952440742953723,0,east,coral,east,coral,unifrac
S77,S71,0.9705195627742386,23.48528137423856,east,coral,east,coral,unifrac
S78,S71,0.9361099934644552,23.48528137423856,east,coral,east,coral,unifrac
S80,S71,1,23.48528137423856,east,coral,east,coral,unifrac
S81,S71,0.9647642191431713,34.89949493661165,east,mangrove,east,coral,unifrac
S82,S71,0.9775054979619532,34.89949493661165,east,mangrove,east,coral,unifrac
S83,S71,0.9714373432665064,34.89949493661165,east,mangrove,east,coral,unifrac
S84,S71,0.9731675356579939,34.89949493661165,east,mangrove,east,coral,unifrac
S85,S71,0.9670082314815592,34.89949493661165,east,mangrove,east,coral,unifrac
S86,S71,0.9959015850498865,583.1564209736011,west,mangrove,east,coral,unifrac
S87,S71,0.9359677025134948,583.1564209736011,west,mangrove,east,coral,unifrac
S88,S71,0.9834029248271984,583.5706345359744,west,mangrove,east,coral,unifrac
S89,S71,0.9776378979046332,583.5706345359744,west,mangrove,east,coral,unifrac
S90,S71,0.9954598256979958,583.5706345359744,west,mangrove,east,coral,unifrac
S91,S71,0.973440566114832,599.4995667241086,west,seagrass,east,coral,unifrac
S92,S71,0.9654441315831406,598.4995667241086,west,seagrass,east,coral,unifrac
S93,S71,0.9566137734710851,598.4995667241086,west,seagrass,east,coral,unifrac
S94,S71,0.9278966489037414,599.4995667241086,west,seagrass,east,coral,unifrac
S95,S71,0.9854922068498034,599.4995667241086,west,seagrass,east,coral,unifrac
S96,S71,0.944409201796207,675.9259735953004,west,mangrove,east,coral,unifrac
S97,S71,0.9509168171393656,675.9259735953004,west,mangrove,east,coral,unifrac
S98,S71,0.9605937746489717,675.9259735953004,west,mangrove,east,coral,unifrac
S99,S71,0.965535239268359,675.9259735953004,west,mangrove,east,coral,unifrac
S100,S71,0.9595198841820693,674.9259735953004,west,mangrove,east,coral,unifrac
S101,S71,0.9621911992949859,741.6833329081805,west,coral,east,coral,unifrac
S102,S71,1,740.4406922210613,west,coral,east,coral,unifrac
S103,S71,1,740.0264786586882,west,coral,east,coral,unifrac
S104,S71,0.9149422819678154,738.4406922210613,west,coral,east,coral,unifrac
S105,S71,0.9152242607938553,740.2691193458074,west,coral,east,coral,unifrac
S106,S71,0.9838704888586761,906.0630585851469,west,mangrove,east,coral,unifrac
S107,S71,0.9793188888029931,906.47727214752,west,mangrove,east,coral,unifrac
S108,S71,0.9819495415203736,907.47727214752,west,mangrove,east,coral,unifrac
S109,S71,0.9337740710826878,907.891485709893,west,mangrove,east,coral,unifrac
S110,S71,0.9443286752616032,907.891485709893,west,mangrove,east,coral,unifrac
S74,S73,0.7050740488725422,0,east,coral,east,coral,unifrac
S75,S73,0.7337515315059475,0,east,coral,east,coral,unifrac
S77,S73,0.8487000369705653,23.48528137423856,east,coral,east,coral,unifrac
S78,S73,0.8917994110456667,23.48528137423856,east,coral,east,coral,unifrac
S80,S73,0.6282292105057355,23.48528137423856,east,coral,east,coral,unifrac
S81,S73,0.977124557645311,34.89949493661165,east,mangrove,east,coral,unifrac
S82,S73,0.9799630616429982,34.89949493661165,east,mangrove,east,coral,unifrac
S83,S73,0.9745583644512528,34.89949493661165,east,mangrove,east,coral,unifrac
S84,S73,0.9799954898952148,34.89949493661165,east,mangrove,east,coral,unifrac
S85,S73,0.9803471340686913,34.89949493661165,east,mangrove,east,coral,unifrac
S86,S73,0.9744357738137057,583.1564209736011,west,mangrove,east,coral,unifrac
S87,S73,0.9705127163130445,583.1564209736011,west,mangrove,east,coral,unifrac
S88,S73,0.974699486416249,583.5706345359744,west,mangrove,east,coral,unifrac
S89,S73,0.9657507296924519,583.5706345359744,west,mangrove,east,coral,unifrac
S90,S73,0.9618411692428339,583.5706345359744,west,mangrove,east,coral,unifrac
S91,S73,0.9808798961990984,599.4995667241086,west,seagrass,east,coral,unifrac
S92,S73,0.9751407192414867,598.4995667241086,west,seagrass,east,coral,unifrac
S93,S73,0.9645161470833186,598.4995667241086,west,seagrass,east,coral,unifrac
S94,S73,0.9482995414313458,599.4995667241086,west,seagrass,east,coral,unifrac
S95,S73,0.9735532144724494,599.4995667241086,west,seagrass,east,coral,unifrac
S96,S73,0.9758719275393476,675.9259735953004,west,mangrove,east,coral,unifrac
S97,S73,0.9786369758160933,675.9259735953004,west,mangrove,east,coral,unifrac
S98,S73,0.9786560937890144,675.9259735953004,west,mangrove,east,coral,unifrac
S99,S73,0.9849048858860013,675.9259735953004,west,mangrove,east,coral,unifrac
S100,S73,0.9823161441060106,674.9259735953004,west,mangrove,east,coral,unifrac
S101,S73,0.9312330049665706,741.6833329081805,west,coral,east,coral,unifrac
S102,S73,0.8879092490858921,740.4406922210613,west,coral,east,coral,unifrac
S103,S73,0.886005499502328,740.0264786586882,west,coral,east,coral,unifrac
S104,S73,0.9303408942818763,738.4406922210613,west,coral,east,coral,unifrac
S105,S73,0.9392802882805502,740.2691193458074,west,coral,east,coral,unifrac
S106,S73,0.97144708453447,906.0630585851469,west,mangrove,east,coral,unifrac
S107,S73,0.9631832499625824,906.47727214752,west,mangrove,east,coral,unifrac
S108,S73,0.966944632458668,907.47727214752,west,mangrove,east,coral,unifrac
S109,S73,0.957837351712148,907.891485709893,west,mangrove,east,coral,unifrac
S110,S73,0.9644901008234207,907.891485709893,west,mangrove,east,coral,unifrac
S75,S74,0.4897654485008936,0,east,coral,east,coral,unifrac
S77,S74,0.6085583441552059,23.48528137423856,east,coral,east,coral,unifrac
S78,S74,0.7487173213356617,23.48528137423856,east,coral,east,coral,unifrac
S80,S74,0.8027836539825021,23.48528137423856,east,coral,east,coral,unifrac
S81,S74,0.9050267223971155,34.89949493661165,east,mangrove,east,coral,unifrac
S82,S74,0.9329637494883487,34.89949493661165,east,mangrove,east,coral,unifrac
S83,S74,0.9149940370633075,34.89949493661165,east,mangrove,east,coral,unifrac
S84,S74,0.917027832936803,34.89949493661165,east,mangrove,east,coral,unifrac
S85,S74,0.8986570081977532,34.89949493661165,east,mangrove,east,coral,unifrac
S86,S74,0.9556521892120754,583.1564209736011,west,mangrove,east,coral,unifrac
S87,S74,0.9413826442927294,583.1564209736011,west,mangrove,east,coral,unifrac
S88,S74,0.959375240627294,583.5706345359744,west,mangrove,east,coral,unifrac
S89,S74,0.9350202405000513,583.5706345359744,west,mangrove,east,coral,unifrac
S90,S74,0.95320235677867,583.5706345359744,west,mangrove,east,coral,unifrac
S91,S74,0.9393970512550339,599.4995667241086,west,seagrass,east,coral,unifrac
S92,S74,0.9224494970127584,598.4995667241086,west,seagrass,east,coral,unifrac
S93,S74,0.9198718722032041,598.4995667241086,west,seagrass,east,coral,unifrac
S94,S74,0.8918435405553735,599.4995667241086,west,seagrass,east,coral,unifrac
S95,S74,0.9071953216877562,599.4995667241086,west,seagrass,east,coral,unifrac
S96,S74,0.9587856389003192,675.9259735953004,west,mangrove,east,coral,unifrac
S97,S74,0.9241120091403333,675.9259735953004,west,mangrove,east,coral,unifrac
S98,S74,0.934080296140645,675.9259735953004,west,mangrove,east,coral,unifrac
S99,S74,0.928239730200503,675.9259735953004,west,mangrove,east,coral,unifrac
S100,S74,0.9267322800191151,674.9259735953004,west,mangrove,east,coral,unifrac
S101,S74,0.8408608664968537,741.6833329081805,west,coral,east,coral,unifrac
S102,S74,0.8555961552620198,740.4406922210613,west,coral,east,coral,unifrac
S103,S74,0.8754270388086118,740.0264786586882,west,coral,east,coral,unifrac
S104,S74,0.8131547946109521,738.4406922210613,west,coral,east,coral,unifrac
S105,S74,0.7088809398084572,740.2691193458074,west,coral,east,coral,unifrac
S106,S74,0.9101210759153021,906.0630585851469,west,mangrove,east,coral,unifrac
S107,S74,0.9267257392247652,906.47727214752,west,mangrove,east,coral,unifrac
S108,S74,0.9341978375974337,907.47727214752,west,mangrove,east,coral,unifrac
S109,S74,0.876733396715163,907.891485709893,west,mangrove,east,coral,unifrac
S110,S74,0.9325955457861741,907.891485709893,west,mangrove,east,coral,unifrac
S77,S75,0.5531650327930199,23.48528137423856,east,coral,east,coral,unifrac
S78,S75,0.6732434385873044,23.48528137423856,east,coral,east,coral,unifrac
S80,S75,0.5611565010026217,23.48528137423856,east,coral,east,coral,unifrac
S81,S75,0.9053338080639708,34.89949493661165,east,mangrove,east,coral,unifrac
S82,S75,0.9335117177763067,34.89949493661165,east,mangrove,east,coral,unifrac
S83,S75,0.9157668829116923,34.89949493661165,east,mangrove,east,coral,unifrac
S84,S75,0.917080474546233,34.89949493661165,east,mangrove,east,coral,unifrac
S85,S75,0.8989397428430682,34.89949493661165,east,mangrove,east,coral,unifrac
S86,S75,0.9167922885428418,583.1564209736011,west,mangrove,east,coral,unifrac
S87,S75,0.9504632376506258,583.1564209736011,west,mangrove,east,coral,unifrac
S88,S75,0.9566665968933823,583.5706345359744,west,mangrove,east,coral,unifrac
S89,S75,0.9430791872640956,583.5706345359744,west,mangrove,east,coral,unifrac
S90,S75,0.949433824663355,583.5706345359744,west,mangrove,east,coral,unifrac
S91,S75,0.908695864814893,599.4995667241086,west,seagrass,east,coral,unifrac
S92,S75,0.882751783620573,598.4995667241086,west,seagrass,east,coral,unifrac
S93,S75,0.8757942918340496,598.4995667241086,west,seagrass,east,coral,unifrac
S94,S75,0.9110059437108502,599.4995667241086,west,seagrass,east,coral,unifrac
S95,S75,0.8755486077365805,599.4995667241086,west,seagrass,east,coral,unifrac
S96,S75,0.9554412334965394,675.9259735953004,west,mangrove,east,coral,unifrac
S97,S75,0.9409124351213842,675.9259735953004,west,mangrove,east,coral,unifrac
S98,S75,0.9476394169858332,675.9259735953004,west,mangrove,east,coral,unifrac
S99,S75,0.9394992366888579,675.9259735953004,west,mangrove,east,coral,unifrac
S100,S75,0.9397412341973633,674.9259735953004,west,mangrove,east,coral,unifrac
S101,S75,0.8365741827764435,741.6833329081805,west,coral,east,coral,unifrac
S102,S75,0.8837816159142489,740.4406922210613,west,coral,east,coral,unifrac
S103,S75,0.9019043668090041,740.0264786586882,west,coral,east,coral,unifrac
S104,S75,0.8371676187822273,738.4406922210613,west,coral,east,coral,unifrac
S105,S75,0.7844310107992808,740.2691193458074,west,coral,east,coral,unifrac
S106,S75,0.9217868888682275,906.0630585851469,west,mangrove,east,coral,unifrac
S107,S75,0.9401865822329428,906.47727214752,west,mangrove,east,coral,unifrac
S108,S75,0.9459277744926684,907.47727214752,west,mangrove,east,coral,unifrac
S109,S75,0.8901792832480123,907.891485709893,west,mangrove,east,coral,unifrac
S110,S75,0.941969054671651,907.891485709893,west,mangrove,east,coral,unifrac
S78,S77,0.5053794527564129,0,east,coral,east,coral,unifrac
S80,S77,0.5950885649069851,0,east,coral,east,coral,unifrac
S81,S77,0.8305100968529207,17.55634918610405,east,mangrove,east,coral,unifrac
S82,S77,0.8787732035950997,17.55634918610405,east,mangrove,east,coral,unifrac
S83,S77,0.8542414510075678,17.55634918610405,east,mangrove,east,coral,unifrac
S84,S77,0.8460456104612835,17.55634918610405,east,mangrove,east,coral,unifrac
S85,S77,0.8147619954540333,17.55634918610405,east,mangrove,east,coral,unifrac
S86,S77,0.8136600711806073,597.8549057834357,west,mangrove,east,coral,unifrac
S87,S77,0.8506728963012753,597.8549057834357,west,mangrove,east,coral,unifrac
S88,S77,0.9040074384461553,598.2691193458089,west,mangrove,east,coral,unifrac
S89,S77,0.8897418530597951,598.2691193458089,west,mangrove,east,coral,unifrac
S90,S77,0.8996719056745316,598.2691193458089,west,mangrove,east,coral,unifrac
S91,S77,0.8460077443794283,614.1980515339432,west,seagrass,east,coral,unifrac
S92,S77,0.796514145658826,613.1980515339432,west,seagrass,east,coral,unifrac
S93,S77,0.7709623155405914,613.1980515339432,west,seagrass,east,coral,unifrac
S94,S77,0.8014667933059576,614.1980515339432,west,seagrass,east,coral,unifrac
S95,S77,0.7878942415075791,614.1980515339432,west,seagrass,east,coral,unifrac
S96,S77,0.9121285845995104,690.624458405135,west,mangrove,east,coral,unifrac
S97,S77,0.8999100494116933,690.624458405135,west,mangrove,east,coral,unifrac
S98,S77,0.9131031349790154,690.624458405135,west,mangrove,east,coral,unifrac
S99,S77,0.9080641302459211,690.624458405135,west,mangrove,east,coral,unifrac
S100,S77,0.8939856286500218,689.624458405135,west,mangrove,east,coral,unifrac
S101,S77,0.8012221697477676,756.3818177180151,west,coral,east,coral,unifrac
S102,S77,0.7451182758478515,755.1391770308958,west,coral,east,coral,unifrac
S103,S77,0.7346701719267715,754.7249634685228,west,coral,east,coral,unifrac
S104,S77,0.7736789969906809,753.1391770308958,west,coral,east,coral,unifrac
S105,S77,0.7367294016694673,754.967604155642,west,coral,east,coral,unifrac
S106,S77,0.8652466730653271,920.7615433949815,west,mangrove,east,coral,unifrac
S107,S77,0.8039281857157777,921.1757569573545,west,mangrove,east,coral,unifrac
S108,S77,0.8237212403438083,922.1757569573545,west,mangrove,east,coral,unifrac
S109,S77,0.8090549502986228,922.5899705197276,west,mangrove,east,coral,unifrac
S110,S77,0.8263189756005428,922.5899705197276,west,mangrove,east,coral,unifrac
S80,S78,0.7113455756684484,0,east,coral,east,coral,unifrac
S81,S78,0.7622220904336076,17.55634918610405,east,mangrove,east,coral,unifrac
S82,S78,0.833905468906792,17.55634918610405,east,mangrove,east,coral,unifrac
S83,S78,0.7941435683043795,17.55634918610405,east,mangrove,east,coral,unifrac
S84,S78,0.7897658689629306,17.55634918610405,east,mangrove,east,coral,unifrac
S85,S78,0.8171263368696808,17.55634918610405,east,mangrove,east,coral,unifrac
S86,S78,0.7595472160318817,597.8549057834357,west,mangrove,east,coral,unifrac
S87,S78,0.7986170788742595,597.8549057834357,west,mangrove,east,coral,unifrac
S88,S78,0.8997491653151176,598.2691193458089,west,mangrove,east,coral,unifrac
S89,S78,0.8794923426184738,598.2691193458089,west,mangrove,east,coral,unifrac
S90,S78,0.9025641551395807,598.2691193458089,west,mangrove,east,coral,unifrac
S91,S78,0.7439009581918897,614.1980515339432,west,seagrass,east,coral,unifrac
S92,S78,0.6978671229206733,613.1980515339432,west,seagrass,east,coral,unifrac
S93,S78,0.7416560002460544,613.1980515339432,west,seagrass,east,coral,unifrac
S94,S78,0.7397988567007057,614.1980515339432,west,seagrass,east,coral,unifrac
S95,S78,0.7758425560991618,614.1980515339432,west,seagrass,east,coral,unifrac
S96,S78,0.8611161808379142,690.624458405135,west,mangrove,east,coral,unifrac
S97,S78,0.821581625289212,690.624458405135,west,mangrove,east,coral,unifrac
S98,S78,0.8617782690069425,690.624458405135,west,mangrove,east,coral,unifrac
S99,S78,0.8467154763333214,690.624458405135,west,mangrove,east,coral,unifrac
S100,S78,0.8488567848628917,689.624458405135,west,mangrove,east,coral,unifrac
S101,S78,0.8329366819645841,756.3818177180151,west,coral,east,coral,unifrac
S102,S78,0.8339668347145864,755.1391770308958,west,coral,east,coral,unifrac
S103,S78,0.8154492551370667,754.7249634685228,west,coral,east,coral,unifrac
S104,S78,0.816209053636071,753.1391770308958,west,coral,east,coral,unifrac
S105,S78,0.6921973999135299,754.967604155642,west,coral,east,coral,unifrac
S106,S78,0.7547758734923325,920.7615433949815,west,mangrove,east,coral,unifrac
S107,S78,0.7761946798347057,921.1757569573545,west,mangrove,east,coral,unifrac
S108,S78,0.8246670578938756,922.1757569573545,west,mangrove,east,coral,unifrac
S109,S78,0.7423579292227712,922.5899705197276,west,mangrove,east,coral,unifrac
S110,S78,0.7893999311134111,922.5899705197276,west,mangrove,east,coral,unifrac
S81,S80,0.9245738838815512,17.55634918610405,east,mangrove,east,coral,unifrac
S82,S80,0.946135041007465,17.55634918610405,east,mangrove,east,coral,unifrac
S83,S80,0.931605008497558,17.55634918610405,east,mangrove,east,coral,unifrac
S84,S80,0.9340405454395738,17.55634918610405,east,mangrove,east,coral,unifrac
S85,S80,0.9207967906366821,17.55634918610405,east,mangrove,east,coral,unifrac
S86,S80,0.8789699550042085,597.8549057834357,west,mangrove,east,coral,unifrac
S87,S80,0.9213506430982022,597.8549057834357,west,mangrove,east,coral,unifrac
S88,S80,0.9434321891252524,598.2691193458089,west,mangrove,east,coral,unifrac
S89,S80,0.9281851554504968,598.2691193458089,west,mangrove,east,coral,unifrac
S90,S80,0.9204593485409029,598.2691193458089,west,mangrove,east,coral,unifrac
S91,S80,0.9094744528626597,614.1980515339432,west,seagrass,east,coral,unifrac
S92,S80,0.8823724190696697,613.1980515339432,west,seagrass,east,coral,unifrac
S93,S80,0.8474308556779085,613.1980515339432,west,seagrass,east,coral,unifrac
S94,S80,0.8699337646279415,614.1980515339432,west,seagrass,east,coral,unifrac
S95,S80,0.8747339091362265,614.1980515339432,west,seagrass,east,coral,unifrac
S96,S80,0.9400455450393136,690.624458405135,west,mangrove,east,coral,unifrac
S97,S80,0.9466172255247691,690.624458405135,west,mangrove,east,coral,unifrac
S98,S80,0.9525200498227929,690.624458405135,west,mangrove,east,coral,unifrac
S99,S80,0.9617918326116035,690.624458405135,west,mangrove,east,coral,unifrac
S100,S80,0.9554771587443935,689.624458405135,west,mangrove,east,coral,unifrac
S101,S80,0.8294250628670916,756.3818177180151,west,coral,east,coral,unifrac
S102,S80,0.7436881324759316,755.1391770308958,west,coral,east,coral,unifrac
S103,S80,0.7383346611429895,754.7249634685228,west,coral,east,coral,unifrac
S104,S80,0.8302069334410064,753.1391770308958,west,coral,east,coral,unifrac
S105,S80,0.850613781823318,754.967604155642,west,coral,east,coral,unifrac
S106,S80,0.9241603188654856,920.7615433949815,west,mangrove,east,coral,unifrac
S107,S80,0.9031617248465755,921.1757569573545,west,mangrove,east,coral,unifrac
S108,S80,0.9139720459912077,922.1757569573545,west,mangrove,east,coral,unifrac
S109,S80,0.890883668931699,922.5899705197276,west,mangrove,east,coral,unifrac
S110,S80,0.906934085718058,922.5899705197276,west,mangrove,east,coral,unifrac
S82,S81,0.4137182556236755,0,east,mangrove,east,mangrove,unifrac
S83,S81,0.36740163014743393,0,east,mangrove,east,mangrove,unifrac
S84,S81,0.34860353149618617,0,east,mangrove,east,mangrove,unifrac
S85,S81,0.3492211957515647,0,east,mangrove,east,mangrove,unifrac
S86,S81,0.7167905855932993,589.4112549695394,west,mangrove,east,mangrove,unifrac
S87,S81,0.761265773268587,589.4112549695394,west,mangrove,east,mangrove,unifrac
S88,S81,0.7778608318348494,589.8254685319126,west,mangrove,east,mangrove,unifrac
S89,S81,0.8121881627633988,589.8254685319126,west,mangrove,east,mangrove,unifrac
S90,S81,0.8381993988112391,589.8254685319126,west,mangrove,east,mangrove,unifrac
S91,S81,0.6392596531345902,605.754400720047,west,seagrass,east,mangrove,unifrac
S92,S81,0.6621846372802774,604.754400720047,west,seagrass,east,mangrove,unifrac
S93,S81,0.7368534179169017,604.754400720047,west,seagrass,east,mangrove,unifrac
S94,S81,0.830579408666504,605.754400720047,west,seagrass,east,mangrove,unifrac
S95,S81,0.7047398680705148,605.754400720047,west,seagrass,east,mangrove,unifrac
S96,S81,0.7370548950101075,682.1808075912387,west,mangrove,east,mangrove,unifrac
S97,S81,0.6784621360598149,682.1808075912387,west,mangrove,east,mangrove,unifrac
S98,S81,0.6761226785911298,682.1808075912387,west,mangrove,east,mangrove,unifrac
S99,S81,0.6733285396493338,682.1808075912387,west,mangrove,east,mangrove,unifrac
S100,S81,0.6832190139255199,681.1808075912387,west,mangrove,east,mangrove,unifrac
S101,S81,0.8904594708240762,747.9381669041188,west,coral,east,mangrove,unifrac
S102,S81,0.9054707300713919,746.6955262169996,west,coral,east,mangrove,unifrac
S103,S81,0.9265410972592703,746.2813126546265,west,coral,east,mangrove,unifrac
S104,S81,0.8771955835312364,744.6955262169996,west,coral,east,mangrove,unifrac
S105,S81,0.8479322331857098,746.5239533417458,west,coral,east,mangrove,unifrac
S106,S81,0.7168636109657293,912.3178925810852,west,mangrove,east,mangrove,unifrac
S107,S81,0.750473475627527,912.7321061434583,west,mangrove,east,mangrove,unifrac
S108,S81,0.7804556569457239,913.7321061434583,west,mangrove,east,mangrove,unifrac
S109,S81,0.8079684386075108,914.1463197058314,west,mangrove,east,mangrove,unifrac
S110,S81,0.7956090665981378,914.1463197058314,west,mangrove,east,mangrove,unifrac
S83,S82,0.33247710419667,0,east,mangrove,east,mangrove,unifrac
S84,S82,0.34943011615201436,0,east,mangrove,east,mangrove,unifrac
S85,S82,0.49815248336404955,0,east,mangrove,east,mangrove,unifrac
S86,S82,0.7696752634820578,589.4112549695394,west,mangrove,east,mangrove,unifrac
S87,S82,0.8004769163846978,589.4112549695394,west,mangrove,east,mangrove,unifrac
S88,S82,0.7982606974600626,589.8254685319126,west,mangrove,east,mangrove,unifrac
S89,S82,0.8465648939829817,589.8254685319126,west,mangrove,east,mangrove,unifrac
S90,S82,0.8800803584429783,589.8254685319126,west,mangrove,east,mangrove,unifrac
S91,S82,0.7013936446442455,605.754400720047,west,seagrass,east,mangrove,unifrac
S92,S82,0.7386468402935268,604.754400720047,west,seagrass,east,mangrove,unifrac
S93,S82,0.8060909352228202,604.754400720047,west,seagrass,east,mangrove,unifrac
S94,S82,0.8719673820235684,605.754400720047,west,seagrass,east,mangrove,unifrac
S95,S82,0.7613697777448016,605.754400720047,west,seagrass,east,mangrove,unifrac
S96,S82,0.7714357327168191,682.1808075912387,west,mangrove,east,mangrove,unifrac
S97,S82,0.7339527425680644,682.1808075912387,west,mangrove,east,mangrove,unifrac
S98,S82,0.7204486566191147,682.1808075912387,west,mangrove,east,mangrove,unifrac
S99,S82,0.6933886587194148,682.1808075912387,west,mangrove,east,mangrove,unifrac
S100,S82,0.7184476685088507,681.1808075912387,west,mangrove,east,mangrove,unifrac
S101,S82,0.9221970467806253,747.9381669041188,west,coral,east,mangrove,unifrac
S102,S82,0.9470586298185296,746.6955262169996,west,coral,east,mangrove,unifrac
S103,S82,0.9540107108301236,746.2813126546265,west,coral,east,mangrove,unifrac
S104,S82,0.9135654764458954,744.6955262169996,west,coral,east,mangrove,unifrac
S105,S82,0.8893401290918025,746.5239533417458,west,coral,east,mangrove,unifrac
S106,S82,0.7765742445719079,912.3178925810852,west,mangrove,east,mangrove,unifrac
S107,S82,0.8116004586739402,912.7321061434583,west,mangrove,east,mangrove,unifrac
S108,S82,0.8217363182875839,913.7321061434583,west,mangrove,east,mangrove,unifrac
S109,S82,0.8572727173047876,914.1463197058314,west,mangrove,east,mangrove,unifrac
S110,S82,0.8262396840585526,914.1463197058314,west,mangrove,east,mangrove,unifrac
S84,S83,0.36093125457782815,0,east,mangrove,east,mangrove,unifrac
S85,S83,0.391648928205993,0,east,mangrove,east,mangrove,unifrac
S86,S83,0.7221262749658883,589.4112549695394,west,mangrove,east,mangrove,unifrac
S87,S83,0.7546320447121827,589.4112549695394,west,mangrove,east,mangrove,unifrac
S88,S83,0.7707889648108027,589.8254685319126,west,mangrove,east,mangrove,unifrac
S89,S83,0.8261803149295771,589.8254685319126,west,mangrove,east,mangrove,unifrac
S90,S83,0.8584509477246332,589.8254685319126,west,mangrove,east,mangrove,unifrac
S91,S83,0.6879264337009722,605.754400720047,west,seagrass,east,mangrove,unifrac
S92,S83,0.7226367049698237,604.754400720047,west,seagrass,east,mangrove,unifrac
S93,S83,0.774503258920297,604.754400720047,west,seagrass,east,mangrove,unifrac
S94,S83,0.8505029851887083,605.754400720047,west,seagrass,east,mangrove,unifrac
S95,S83,0.7390942169208792,605.754400720047,west,seagrass,east,mangrove,unifrac
S96,S83,0.7534209615547743,682.1808075912387,west,mangrove,east,mangrove,unifrac
S97,S83,0.6962960343320799,682.1808075912387,west,mangrove,east,mangrove,unifrac
S98,S83,0.7005615064701697,682.1808075912387,west,mangrove,east,mangrove,unifrac
S99,S83,0.6785503218779884,682.1808075912387,west,mangrove,east,mangrove,unifrac
S100,S83,0.6994870709591,681.1808075912387,west,mangrove,east,mangrove,unifrac
S101,S83,0.9076309807008034,747.9381669041188,west,coral,east,mangrove,unifrac
S102,S83,0.9350612521333383,746.6955262169996,west,coral,east,mangrove,unifrac
S103,S83,0.9485711066173624,746.2813126546265,west,coral,east,mangrove,unifrac
S104,S83,0.9029145000891623,744.6955262169996,west,coral,east,mangrove,unifrac
S105,S83,0.8699667108824624,746.5239533417458,west,coral,east,mangrove,unifrac
S106,S83,0.7537225968781925,912.3178925810852,west,mangrove,east,mangrove,unifrac
S107,S83,0.7953856028937886,912.7321061434583,west,mangrove,east,mangrove,unifrac
S108,S83,0.8049768557123418,913.7321061434583,west,mangrove,east,mangrove,unifrac
S109,S83,0.8284285258304371,914.1463197058314,west,mangrove,east,mangrove,unifrac
S110,S83,0.8225053440063826,914.1463197058314,west,mangrove,east,mangrove,unifrac
S85,S84,0.36560545294455343,0,east,mangrove,east,mangrove,unifrac
S86,S84,0.7192790143684603,589.4112549695394,west,mangrove,east,mangrove,unifrac
S87,S84,0.7649194554295934,589.4112549695394,west,mangrove,east,mangrove,unifrac
S88,S84,0.793605371064234,589.8254685319126,west,mangrove,east,mangrove,unifrac
S89,S84,0.8326468055372308,589.8254685319126,west,mangrove,east,mangrove,unifrac
S90,S84,0.8629780240192862,589.8254685319126,west,mangrove,east,mangrove,unifrac
S91,S84,0.6527212951465505,605.754400720047,west,seagrass,east,mangrove,unifrac
S92,S84,0.6649155872235564,604.754400720047,west,seagrass,east,mangrove,unifrac
S93,S84,0.7470330228602733,604.754400720047,west,seagrass,east,mangrove,unifrac
S94,S84,0.8399912968596358,605.754400720047,west,seagrass,east,mangrove,unifrac
S95,S84,0.7094060041397625,605.754400720047,west,seagrass,east,mangrove,unifrac
S96,S84,0.748143811493081,682.1808075912387,west,mangrove,east,mangrove,unifrac
S97,S84,0.7012395106405369,682.1808075912387,west,mangrove,east,mangrove,unifrac
S98,S84,0.699924404443309,682.1808075912387,west,mangrove,east,mangrove,unifrac
S99,S84,0.675841861372376,682.1808075912387,west,mangrove,east,mangrove,unifrac
S100,S84,0.7029233798218452,681.1808075912387,west,mangrove,east,mangrove,unifrac
S101,S84,0.9030480451628285,747.9381669041188,west,coral,east,mangrove,unifrac
S102,S84,0.917326553432038,746.6955262169996,west,coral,east,mangrove,unifrac
S103,S84,0.9282962376370758,746.2813126546265,west,coral,east,mangrove,unifrac
S104,S84,0.88472146266031515,744.6955262169996,west,coral,east,mangrove,unifrac
S105,S84,0.8538484318034095,746.5239533417458,west,coral,east,mangrove,unifrac
S106,S84,0.7528787754360058,912.3178925810852,west,mangrove,east,mangrove,unifrac
S107,S84,0.7701411606810916,912.7321061434583,west,mangrove,east,mangrove,unifrac
S108,S84,0.7833614996943443,913.7321061434583,west,mangrove,east,mangrove,unifrac
S109,S84,0.8124868103314111,914.1463197058314,west,mangrove,east,mangrove,unifrac
S110,S84,0.8096675127388945,914.1463197058314,west,mangrove,east,mangrove,unifrac
S86,S85,0.7499972504283464,589.4112549695394,west,mangrove,east,mangrove,unifrac
S87,S85,0.7659545643729314,589.4112549695394,west,mangrove,east,mangrove,unifrac
S88,S85,0.7574384016428163,589.8254685319126,west,mangrove,east,mangrove,unifrac
S89,S85,0.7977943478046726,589.8254685319126,west,mangrove,east,mangrove,unifrac
S90,S85,0.8340790791744813,589.8254685319126,west,mangrove,east,mangrove,unifrac
S91,S85,0.7068534112082963,605.754400720047,west,seagrass,east,mangrove,unifrac
S92,S85,0.7142776811351351,604.754400720047,west,seagrass,east,mangrove,unifrac
S93,S85,0.7408402528506178,604.754400720047,west,seagrass,east,mangrove,unifrac
S94,S85,0.8206712679745988,605.754400720047,west,seagrass,east,mangrove,unifrac
S95,S85,0.6965549889632492,605.754400720047,west,seagrass,east,mangrove,unifrac
S96,S85,0.7442149787168458,682.1808075912387,west,mangrove,east,mangrove,unifrac
S97,S85,0.7135245989087893,682.1808075912387,west,mangrove,east,mangrove,unifrac
S98,S85,0.6891857672560392,682.1808075912387,west,mangrove,east,mangrove,unifrac
S99,S85,0.6714306268951374,682.1808075912387,west,mangrove,east,mangrove,unifrac
S100,S85,0.6844732701624315,681.1808075912387,west,mangrove,east,mangrove,unifrac
S101,S85,0.8770574907249908,747.9381669041188,west,coral,east,mangrove,unifrac
S102,S85,0.9046885838069816,746.6955262169996,west,coral,east,mangrove,unifrac
S103,S85,0.9282910872211979,746.2813126546265,west,coral,east,mangrove,unifrac
S104,S85,0.8745083561487423,744.6955262169996,west,coral,east,mangrove,unifrac
S105,S85,0.8519324812615987,746.5239533417458,west,coral,east,mangrove,unifrac
S106,S85,0.7753889929693412,912.3178925810852,west,mangrove,east,mangrove,unifrac
S107,S85,0.7594848623925112,912.7321061434583,west,mangrove,east,mangrove,unifrac
S108,S85,0.7846240165083364,913.7321061434583,west,mangrove,east,mangrove,unifrac
S109,S85,0.8087794290876171,914.1463197058314,west,mangrove,east,mangrove,unifrac
S110,S85,0.811647257244494,914.1463197058314,west,mangrove,east,mangrove,unifrac
S87,S86,0.48547245159828795,0,west,mangrove,west,mangrove,unifrac
S88,S86,0.7321992408553554,1,west,mangrove,west,mangrove,unifrac
S89,S86,0.8091437376526867,1,west,mangrove,west,mangrove,unifrac
S90,S86,0.8456107019100881,1,west,mangrove,west,mangrove,unifrac
S91,S86,0.5562663575692244,19.65685424949238,west,seagrass,west,mangrove,unifrac
S92,S86,0.4839344536986811,18.65685424949238,west,seagrass,west,mangrove,unifrac
S93,S86,0.544758371634756,18.65685424949238,west,seagrass,west,mangrove,unifrac
S94,S86,0.733209548916151,19.65685424949238,west,seagrass,west,mangrove,unifrac
S95,S86,0.5622692296673129,19.65685424949238,west,seagrass,west,mangrove,unifrac
S96,S86,0.7315224318076353,92.76955262170046,west,mangrove,west,mangrove,unifrac
S97,S86,0.7175652867906159,92.76955262170046,west,mangrove,west,mangrove,unifrac
S98,S86,0.7565087564818191,92.76955262170046,west,mangrove,west,mangrove,unifrac
S99,S86,0.756151374910603,92.76955262170046,west,mangrove,west,mangrove,unifrac
S100,S86,0.7290283669949159,91.76955262170046,west,mangrove,west,mangrove,unifrac
S101,S86,0.8657773829102888,158.52691193458114,west,coral,west,mangrove,unifrac
S102,S86,0.8470162154964852,157.28427124746187,west,coral,west,mangrove,unifrac
S103,S86,0.8322235262010436,156.87005768508877,west,coral,west,mangrove,unifrac
S104,S86,0.8167956652579699,155.28427124746187,west,coral,west,mangrove,unifrac
S105,S86,0.8214668337977802,157.11269837220806,west,coral,west,mangrove,unifrac
S106,S86,0.6001619702577187,322.906637611548,west,mangrove,west,mangrove,unifrac
S107,S86,0.5946509122652405,323.320851173921,west,mangrove,west,mangrove,unifrac
S108,S86,0.5956844376982453,324.320851173921,west,mangrove,west,mangrove,unifrac
S109,S86,0.6945098314958623,324.7350647362941,west,mangrove,west,mangrove,unifrac
S110,S86,0.6877935865912401,324.7350647362941,west,mangrove,west,mangrove,unifrac
S88,S87,0.7461585469406345,1,west,mangrove,west,mangrove,unifrac
S89,S87,0.7804605818595063,1,west,mangrove,west,mangrove,unifrac
S90,S87,0.8449295420905354,1,west,mangrove,west,mangrove,unifrac
S91,S87,0.6360277265777086,19.65685424949238,west,seagrass,west,mangrove,unifrac
S92,S87,0.6680956478345715,18.65685424949238,west,seagrass,west,mangrove,unifrac
S93,S87,0.6494419012877366,18.65685424949238,west,seagrass,west,mangrove,unifrac
S94,S87,0.7233541291244165,19.65685424949238,west,seagrass,west,mangrove,unifrac
S95,S87,0.6711149683460528,19.65685424949238,west,seagrass,west,mangrove,unifrac
S96,S87,0.7195023684350772,92.76955262170046,west,mangrove,west,mangrove,unifrac
S97,S87,0.7059988021794859,92.76955262170046,west,mangrove,west,mangrove,unifrac
S98,S87,0.7290813522868332,92.76955262170046,west,mangrove,west,mangrove,unifrac
S99,S87,0.7550588688953158,92.76955262170046,west,mangrove,west,mangrove,unifrac
S100,S87,0.741812897944813,91.76955262170046,west,mangrove,west,mangrove,unifrac
S101,S87,0.8431907774477619,158.52691193458114,west,coral,west,mangrove,unifrac
S102,S87,0.8543533986651427,157.28427124746187,west,coral,west,mangrove,unifrac
S103,S87,0.8350214931441972,156.87005768508877,west,coral,west,mangrove,unifrac
S104,S87,0.8342371008060021,155.28427124746187,west,coral,west,mangrove,unifrac
S105,S87,0.8265603916944237,157.11269837220806,west,coral,west,mangrove,unifrac
S106,S87,0.5993007794269005,322.906637611548,west,mangrove,west,mangrove,unifrac
S107,S87,0.5838428689913197,323.320851173921,west,mangrove,west,mangrove,unifrac
S108,S87,0.6518021775044802,324.320851173921,west,mangrove,west,mangrove,unifrac
S109,S87,0.6447405520780296,324.7350647362941,west,mangrove,west,mangrove,unifrac
S110,S87,0.6281781708634071,324.7350647362941,west,mangrove,west,mangrove,unifrac
S89,S88,0.4338279282431627,0,west,mangrove,west,mangrove,unifrac
S90,S88,0.47033098230331244,0,west,mangrove,west,mangrove,unifrac
S91,S88,0.7630978982379393,20.071067811865472,west,seagrass,west,mangrove,unifrac
S92,S88,0.7276872820834259,19.071067811865472,west,seagrass,west,mangrove,unifrac
S93,S88,0.7397339680573031,19.071067811865472,west,seagrass,west,mangrove,unifrac
S94,S88,0.7889272919284938,20.071067811865472,west,seagrass,west,mangrove,unifrac
S95,S88,0.7495196798027132,20.071067811865472,west,seagrass,west,mangrove,unifrac
S96,S88,0.7219240703138528,92.35533905932735,west,mangrove,west,mangrove,unifrac
S97,S88,0.7344747045135871,92.35533905932735,west,mangrove,west,mangrove,unifrac
S98,S88,0.7080355561286267,92.35533905932735,west,mangrove,west,mangrove,unifrac
S99,S88,0.7109808942425899,92.35533905932735,west,mangrove,west,mangrove,unifrac
S100,S88,0.7059258618231247,91.35533905932735,west,mangrove,west,mangrove,unifrac
S101,S88,0.8829172577435358,158.11269837220806,west,coral,west,mangrove,unifrac
S102,S88,0.9026597876162238,156.87005768508877,west,coral,west,mangrove,unifrac
S103,S88,0.9064836488434941,156.4558441227157,west,coral,west,mangrove,unifrac
S104,S88,0.8614913916248378,154.87005768508877,west,coral,west,mangrove,unifrac
S105,S88,0.8571227979286674,156.69848480983498,west,coral,west,mangrove,unifrac
S106,S88,0.7936772898852642,322.4924240491749,west,mangrove,west,mangrove,unifrac
S107,S88,0.8121752073512887,322.906637611548,west,mangrove,west,mangrove,unifrac
S108,S88,0.8019104714588836,323.906637611548,west,mangrove,west,mangrove,unifrac
S109,S88,0.8317508951413246,324.320851173921,west,mangrove,west,mangrove,unifrac
S110,S88,0.8144072775010852,324.320851173921,west,mangrove,west,mangrove,unifrac
S90,S89,0.5084552538035843,0,west,mangrove,west,mangrove,unifrac
S91,S89,0.8450929664925102,20.071067811865472,west,seagrass,west,mangrove,unifrac
S92,S89,0.7983167532587965,19.071067811865472,west,seagrass,west,mangrove,unifrac
S93,S89,0.8050500450954572,19.071067811865472,west,seagrass,west,mangrove,unifrac
S94,S89,0.8158293996793297,20.071067811865472,west,seagrass,west,mangrove,unifrac
S95,S89,0.8181034573418443,20.071067811865472,west,seagrass,west,mangrove,unifrac
S96,S89,0.7735110509857257,92.35533905932735,west,mangrove,west,mangrove,unifrac
S97,S89,0.7896643824113775,92.35533905932735,west,mangrove,west,mangrove,unifrac
S98,S89,0.7617575283379076,92.35533905932735,west,mangrove,west,mangrove,unifrac
S99,S89,0.7687429352440479,92.35533905932735,west,mangrove,west,mangrove,unifrac
S100,S89,0.7448921112885908,91.35533905932735,west,mangrove,west,mangrove,unifrac
S101,S89,0.8521495595679403,158.11269837220806,west,coral,west,mangrove,unifrac
S102,S89,0.8628204949404055,156.87005768508877,west,coral,west,mangrove,unifrac
S103,S89,0.8696057511189609,156.4558441227157,west,coral,west,mangrove,unifrac
S104,S89,0.8524203014103906,154.87005768508877,west,coral,west,mangrove,unifrac
S105,S89,0.8460467452187179,156.69848480983498,west,coral,west,mangrove,unifrac
S106,S89,0.8002291428452223,322.4924240491749,west,mangrove,west,mangrove,unifrac
S107,S89,0.8266267768564837,322.906637611548,west,mangrove,west,mangrove,unifrac
S108,S89,0.8048353131213949,323.906637611548,west,mangrove,west,mangrove,unifrac
S109,S89,0.8305490767394357,324.320851173921,west,mangrove,west,mangrove,unifrac
S110,S89,0.8105641050182048,324.320851173921,west,mangrove,west,mangrove,unifrac
S91,S90,0.8752217225985026,20.071067811865472,west,seagrass,west,mangrove,unifrac
S92,S90,0.8394727299190766,19.071067811865472,west,seagrass,west,mangrove,unifrac
S93,S90,0.8311899139187179,19.071067811865472,west,seagrass,west,mangrove,unifrac
S94,S90,0.8297593555617317,20.071067811865472,west,seagrass,west,mangrove,unifrac
S95,S90,0.8582347680100179,20.071067811865472,west,seagrass,west,mangrove,unifrac
S96,S90,0.8189353911273362,92.35533905932735,west,mangrove,west,mangrove,unifrac
S97,S90,0.8238721595232942,92.35533905932735,west,mangrove,west,mangrove,unifrac
S98,S90,0.8017308557755598,92.35533905932735,west,mangrove,west,mangrove,unifrac
S99,S90,0.8201315528827307,92.35533905932735,west,mangrove,west,mangrove,unifrac
S100,S90,0.7981258766318918,91.35533905932735,west,mangrove,west,mangrove,unifrac
S101,S90,0.86696599011727,158.11269837220806,west,coral,west,mangrove,unifrac
S102,S90,0.8764687924247873,156.87005768508877,west,coral,west,mangrove,unifrac
S103,S90,0.897167168303477,156.4558441227157,west,coral,west,mangrove,unifrac
S104,S90,0.88724758084499,154.87005768508877,west,coral,west,mangrove,unifrac
S105,S90,0.9070505966150979,156.69848480983498,west,coral,west,mangrove,unifrac
S106,S90,0.857439568591414,322.4924240491749,west,mangrove,west,mangrove,unifrac
S107,S90,0.8571129997348029,322.906637611548,west,mangrove,west,mangrove,unifrac
S108,S90,0.853064621512041,323.906637611548,west,mangrove,west,mangrove,unifrac
S109,S90,0.862079820894431,324.320851173921,west,mangrove,west,mangrove,unifrac
S110,S90,0.8740125380001209,324.320851173921,west,mangrove,west,mangrove,unifrac
S92,S91,0.36517495302207853,1,west,seagrass,west,seagrass,unifrac
S93,S91,0.4819221877827857,1,west,seagrass,west,seagrass,unifrac
S94,S91,0.6648461152780448,0,west,seagrass,west,seagrass,unifrac
S95,S91,0.4734053508322143,0,west,seagrass,west,seagrass,unifrac
S96,S91,0.7607319501602976,76.42640687119282,west,mangrove,west,seagrass,unifrac
S97,S91,0.740544128518931,76.42640687119282,west,mangrove,west,seagrass,unifrac
S98,S91,0.7397208396582317,76.42640687119282,west,mangrove,west,seagrass,unifrac
S99,S91,0.7055643662828073,76.42640687119282,west,mangrove,west,seagrass,unifrac
S100,S91,0.7635209345192181,75.42640687119282,west,mangrove,west,seagrass,unifrac
S101,S91,0.8590482799822372,142.18376618407353,west,coral,west,seagrass,unifrac
S102,S91,0.8749014296856663,140.94112549695424,west,coral,west,seagrass,unifrac
S103,S91,0.8724012090777329,140.52691193458114,west,coral,west,seagrass,unifrac
S104,S91,0.7947966335496421,138.94112549695424,west,coral,west,seagrass,unifrac
S105,S91,0.7788725859564224,140.76955262170046,west,coral,west,seagrass,unifrac
S106,S91,0.6235902513670485,306.56349186104023,west,mangrove,west,seagrass,unifrac
S107,S91,0.6522963274364746,306.9777054234133,west,mangrove,west,seagrass,unifrac
S108,S91,0.6581871640967757,307.9777054234133,west,mangrove,west,seagrass,unifrac
S109,S91,0.7110943976905519,308.3919189857864,west,mangrove,west,seagrass,unifrac
S110,S91,0.6689537053221545,308.3919189857864,west,mangrove,west,seagrass,unifrac
S93,S92,0.46422826745475243,0,west,seagrass,west,seagrass,unifrac
S94,S92,0.5971600299608716,1,west,seagrass,west,seagrass,unifrac
S95,S92,0.37642211382632174,1,west,seagrass,west,seagrass,unifrac
S96,S92,0.716472863323701,77.42640687119282,west,mangrove,west,seagrass,unifrac
S97,S92,0.6851943727194231,77.42640687119282,west,mangrove,west,seagrass,unifrac
S98,S92,0.7010334182690282,77.42640687119282,west,mangrove,west,seagrass,unifrac
S99,S92,0.7067679120043828,77.42640687119282,west,mangrove,west,seagrass,unifrac
S100,S92,0.7156370809078445,76.42640687119282,west,mangrove,west,seagrass,unifrac
S101,S92,0.8221506380951634,143.18376618407353,west,coral,west,seagrass,unifrac
S102,S92,0.8367604033521626,141.94112549695424,west,coral,west,seagrass,unifrac
S103,S92,0.8181419948828448,141.52691193458114,west,coral,west,seagrass,unifrac
S104,S92,0.7478208243405225,139.94112549695424,west,coral,west,seagrass,unifrac
S105,S92,0.7420322169440648,141.76955262170046,west,coral,west,seagrass,unifrac
S106,S92,0.5416929927174496,307.56349186104023,west,mangrove,west,seagrass,unifrac
S107,S92,0.5540715874911484,307.9777054234133,west,mangrove,west,seagrass,unifrac
S108,S92,0.5377959948530538,308.9777054234133,west,mangrove,west,seagrass,unifrac
S109,S92,0.5800929322143262,309.3919189857864,west,mangrove,west,seagrass,unifrac
S110,S92,0.6387987306278443,309.3919189857864,west,mangrove,west,seagrass,unifrac
S94,S93,0.5010877190500671,1,west,seagrass,west,seagrass,unifrac
S95,S93,0.5065849810166431,1,west,seagrass,west,seagrass,unifrac
S96,S93,0.8019570517502504,77.42640687119282,west,mangrove,west,seagrass,unifrac
S97,S93,0.7822459761018,77.42640687119282,west,mangrove,west,seagrass,unifrac
S98,S93,0.806081885335172,77.42640687119282,west,mangrove,west,seagrass,unifrac
S99,S93,0.8040666023859022,77.42640687119282,west,mangrove,west,seagrass,unifrac
S100,S93,0.7915888595679965,76.42640687119282,west,mangrove,west,seagrass,unifrac
S101,S93,0.790802213910029,143.18376618407353,west,coral,west,seagrass,unifrac
S102,S93,0.7676124249302574,141.94112549695424,west,coral,west,seagrass,unifrac
S103,S93,0.7628975222470071,141.52691193458114,west,coral,west,seagrass,unifrac
S104,S93,0.6673694868592931,139.94112549695424,west,coral,west,seagrass,unifrac
S105,S93,0.6897862100041376,141.76955262170046,west,coral,west,seagrass,unifrac
S106,S93,0.7146523343480572,307.56349186104023,west,mangrove,west,seagrass,unifrac
S107,S93,0.6836889623167397,307.9777054234133,west,mangrove,west,seagrass,unifrac
S108,S93,0.7006336028629628,308.9777054234133,west,mangrove,west,seagrass,unifrac
S109,S93,0.7036333553659115,309.3919189857864,west,mangrove,west,seagrass,unifrac
S110,S93,0.630925759795872,309.3919189857864,west,mangrove,west,seagrass,unifrac
S95,S94,0.6076959031450513,0,west,seagrass,west,seagrass,unifrac
S96,S94,0.8138650805961605,76.42640687119282,west,mangrove,west,seagrass,unifrac
S97,S94,0.8098568645033764,76.42640687119282,west,mangrove,west,seagrass,unifrac
S98,S94,0.8094952744823168,76.42640687119282,west,mangrove,west,seagrass,unifrac
S99,S94,0.8347831370755692,76.42640687119282,west,mangrove,west,seagrass,unifrac
S100,S94,0.8149609280442597,75.42640687119282,west,mangrove,west,seagrass,unifrac
S101,S94,0.731852994592802,142.18376618407353,west,coral,west,seagrass,unifrac
S102,S94,0.7169869125261104,140.94112549695424,west,coral,west,seagrass,unifrac
S103,S94,0.707709498960348,140.52691193458114,west,coral,west,seagrass,unifrac
S104,S94,0.6258144536876205,138.94112549695424,west,coral,west,seagrass,unifrac
S105,S94,0.5705076732990553,140.76955262170046,west,coral,west,seagrass,unifrac
S106,S94,0.7872947375846401,306.56349186104023,west,mangrove,west,seagrass,unifrac
S107,S94,0.7366880181414516,306.9777054234133,west,mangrove,west,seagrass,unifrac
S108,S94,0.7289199915939116,307.9777054234133,west,mangrove,west,seagrass,unifrac
S109,S94,0.6786094071900657,308.3919189857864,west,mangrove,west,seagrass,unifrac
S110,S94,0.693501480673998,308.3919189857864,west,mangrove,west,seagrass,unifrac
S96,S95,0.7757496146041805,76.42640687119282,west,mangrove,west,seagrass,unifrac
S97,S95,0.7639416882662043,76.42640687119282,west,mangrove,west,seagrass,unifrac
S98,S95,0.7471316780467534,76.42640687119282,west,mangrove,west,seagrass,unifrac
S99,S95,0.7633373881850619,76.42640687119282,west,mangrove,west,seagrass,unifrac
S100,S95,0.7687877139265623,75.42640687119282,west,mangrove,west,seagrass,unifrac
S101,S95,0.7559648903459898,142.18376618407353,west,coral,west,seagrass,unifrac
S102,S95,0.8268469976895628,140.94112549695424,west,coral,west,seagrass,unifrac
S103,S95,0.825278845462284,140.52691193458114,west,coral,west,seagrass,unifrac
S104,S95,0.7560460505449135,138.94112549695424,west,coral,west,seagrass,unifrac
S105,S95,0.7573772105400124,140.76955262170046,west,coral,west,seagrass,unifrac
S106,S95,0.574689702494616,306.56349186104023,west,mangrove,west,seagrass,unifrac
S107,S95,0.5029730342185329,306.9777054234133,west,mangrove,west,seagrass,unifrac
S108,S95,0.4905642794365099,307.9777054234133,west,mangrove,west,seagrass,unifrac
S109,S95,0.7010640582019555,308.3919189857864,west,mangrove,west,seagrass,unifrac
S110,S95,0.7097268070391602,308.3919189857864,west,mangrove,west,seagrass,unifrac
S97,S96,0.43348631004874255,0,west,mangrove,west,mangrove,unifrac
S98,S96,0.3957718858276087,0,west,mangrove,west,mangrove,unifrac
S99,S96,0.5701715680029488,0,west,mangrove,west,mangrove,unifrac
S100,S96,0.5464369821930526,1,west,mangrove,west,mangrove,unifrac
S101,S96,0.8714916732601876,68.24264068711928,west,coral,west,mangrove,unifrac
S102,S96,0.893419243888235,69.48528137423857,west,coral,west,mangrove,unifrac
S103,S96,0.9065337421262407,69.89949493661165,west,coral,west,mangrove,unifrac
S104,S96,0.858844035742006,67.48528137423857,west,coral,west,mangrove,unifrac
S105,S96,0.8698623793944715,67.65685424949237,west,coral,west,mangrove,unifrac
S106,S96,0.6807969572501176,230.13708498984775,west,mangrove,west,mangrove,unifrac
S107,S96,0.6987582695661306,230.55129855222086,west,mangrove,west,mangrove,unifrac
S108,S96,0.7288173839284477,231.55129855222086,west,mangrove,west,mangrove,unifrac
S109,S96,0.7697366777364177,231.96551211459396,west,mangrove,west,mangrove,unifrac
S110,S96,0.7502808576024224,231.96551211459396,west,mangrove,west,mangrove,unifrac
S98,S97,0.33637009718952326,0,west,mangrove,west,mangrove,unifrac
S99,S97,0.4071988550356143,0,west,mangrove,west,mangrove,unifrac
S100,S97,0.44649113608880775,1,west,mangrove,west,mangrove,unifrac
S101,S97,0.8573013099891428,68.24264068711928,west,coral,west,mangrove,unifrac
S102,S97,0.8881468449120711,69.48528137423857,west,coral,west,mangrove,unifrac
S103,S97,0.9083688020994877,69.89949493661165,west,coral,west,mangrove,unifrac
S104,S97,0.8369423942779396,67.48528137423857,west,coral,west,mangrove,unifrac
S105,S97,0.8550495156310478,67.65685424949237,west,coral,west,mangrove,unifrac
S106,S97,0.6325152108179112,230.13708498984775,west,mangrove,west,mangrove,unifrac
S107,S97,0.7198373525847592,230.55129855222086,west,mangrove,west,mangrove,unifrac
S108,S97,0.756265308898688,231.55129855222086,west,mangrove,west,mangrove,unifrac
S109,S97,0.7291686180069148,231.96551211459396,west,mangrove,west,mangrove,unifrac
S110,S97,0.7677387018166576,231.96551211459396,west,mangrove,west,mangrove,unifrac
S99,S98,0.42454544219111723,0,west,mangrove,west,mangrove,unifrac
S100,S98,0.4409383923030974,1,west,mangrove,west,mangrove,unifrac
S101,S98,0.8673363085372112,68.24264068711928,west,coral,west,mangrove,unifrac
S102,S98,0.8938683554500864,69.48528137423857,west,coral,west,mangrove,unifrac
S103,S98,0.9256547175678959,69.89949493661165,west,coral,west,mangrove,unifrac
S104,S98,0.8496909478236148,67.48528137423857,west,coral,west,mangrove,unifrac
S105,S98,0.8732632488669907,67.65685424949237,west,coral,west,mangrove,unifrac
S106,S98,0.6680571909182371,230.13708498984775,west,mangrove,west,mangrove,unifrac
S107,S98,0.728706566800229,230.55129855222086,west,mangrove,west,mangrove,unifrac
S108,S98,0.7774779357167332,231.55129855222086,west,mangrove,west,mangrove,unifrac
S109,S98,0.7687961112504709,231.96551211459396,west,mangrove,west,mangrove,unifrac
S110,S98,0.7894795863143531,231.96551211459396,west,mangrove,west,mangrove,unifrac
S100,S99,0.3811833362009485,1,west,mangrove,west,mangrove,unifrac
S101,S99,0.8878979034004971,68.24264068711928,west,coral,west,mangrove,unifrac
S102,S99,0.9133522597035492,69.48528137423857,west,coral,west,mangrove,unifrac
S103,S99,0.9346237089139886,69.89949493661165,west,coral,west,mangrove,unifrac
S104,S99,0.8724706985475721,67.48528137423857,west,coral,west,mangrove,unifrac
S105,S99,0.8624997940066004,67.65685424949237,west,coral,west,mangrove,unifrac
S106,S99,0.6731680832054893,230.13708498984775,west,mangrove,west,mangrove,unifrac
S107,S99,0.7589268544649774,230.55129855222086,west,mangrove,west,mangrove,unifrac
S108,S99,0.7902674996486774,231.55129855222086,west,mangrove,west,mangrove,unifrac
S109,S99,0.7998352332643984,231.96551211459396,west,mangrove,west,mangrove,unifrac
S110,S99,0.7901938851635087,231.96551211459396,west,mangrove,west,mangrove,unifrac
S101,S100,0.8936289734192828,69.24264068711928,west,coral,west,mangrove,unifrac
S102,S100,0.9087792513632011,70.48528137423857,west,coral,west,mangrove,unifrac
S103,S100,0.9064990999354446,70.89949493661165,west,coral,west,mangrove,unifrac
S104,S100,0.873461375498395,68.48528137423857,west,coral,west,mangrove,unifrac
S105,S100,0.8428609420075956,68.65685424949237,west,coral,west,mangrove,unifrac
S106,S100,0.6580996709725659,231.13708498984775,west,mangrove,west,mangrove,unifrac
S107,S100,0.7541677253819766,231.55129855222086,west,mangrove,west,mangrove,unifrac
S108,S100,0.7660313768606948,232.55129855222086,west,mangrove,west,mangrove,unifrac
S109,S100,0.7831212167058599,232.96551211459396,west,mangrove,west,mangrove,unifrac
S110,S100,0.7535976883934711,232.96551211459396,west,mangrove,west,mangrove,unifrac
S102,S101,0.5645119936568779,3,west,coral,west,coral,unifrac
S103,S101,0.757115201868919,4,west,coral,west,coral,unifrac
S104,S101,0.5576853388665972,3.8284271247461903,west,coral,west,coral,unifrac
S105,S101,0.7054983770652162,1.4142135623730951,west,coral,west,coral,unifrac
S106,S101,0.7425512167709335,164.37972567696707,west,mangrove,west,coral,unifrac
S107,S101,0.7306988227739873,164.79393923934018,west,mangrove,west,coral,unifrac
S108,S101,0.7651860899970515,165.79393923934018,west,mangrove,west,coral,unifrac
S109,S101,0.6908068135209865,166.20815280171325,west,mangrove,west,coral,unifrac
S110,S101,0.8002357079839556,166.20815280171325,west,mangrove,west,coral,unifrac
S103,S102,0.5555148207949225,1,west,coral,west,coral,unifrac
S104,S102,0.4506384444050657,2,west,coral,west,coral,unifrac
S105,S102,0.7036501738764909,2.414213562373095,west,coral,west,coral,unifrac
S106,S102,0.8493678158278012,165.62236636408636,west,mangrove,west,coral,unifrac
S107,S102,0.8178689121200555,166.03657992645947,west,mangrove,west,coral,unifrac
S108,S102,0.8406980699707852,167.03657992645947,west,mangrove,west,coral,unifrac
S109,S102,0.8065124122922848,167.45079348883257,west,mangrove,west,coral,unifrac
S110,S102,0.8105065580933584,167.45079348883257,west,mangrove,west,coral,unifrac
S104,S103,0.7055856203317806,2.414213562373095,west,coral,west,coral,unifrac
S105,S103,0.609138464204617,3.414213562373095,west,coral,west,coral,unifrac
S106,S103,0.8371416341598553,166.03657992645947,west,mangrove,west,coral,unifrac
S107,S103,0.8332787227523026,166.45079348883257,west,mangrove,west,coral,unifrac
S108,S103,0.8156810937968526,167.45079348883257,west,mangrove,west,coral,unifrac
S109,S103,0.7613176104632229,167.86500705120568,west,mangrove,west,coral,unifrac
S110,S103,0.7987398425096713,167.86500705120568,west,mangrove,west,coral,unifrac
S105,S104,0.5178432322926487,2.414213562373095,west,coral,west,coral,unifrac
S106,S104,0.8147776066873882,167.62236636408636,west,mangrove,west,coral,unifrac
S107,S104,0.820026426678676,168.03657992645947,west,mangrove,west,coral,unifrac
S108,S104,0.8134268100673514,169.03657992645947,west,mangrove,west,coral,unifrac
S109,S104,0.7400823421480024,169.45079348883257,west,mangrove,west,coral,unifrac
S110,S104,0.7896740934952877,169.45079348883257,west,mangrove,west,coral,unifrac
S106,S105,0.8136182561430986,165.79393923934018,west,mangrove,west,coral,unifrac
S107,S105,0.8535966179879543,166.20815280171325,west,mangrove,west,coral,unifrac
S108,S105,0.812844863295959,167.20815280171325,west,mangrove,west,coral,unifrac
S109,S105,0.7132631714182343,167.62236636408636,west,mangrove,west,coral,unifrac
S110,S105,0.7644145685031553,167.62236636408636,west,mangrove,west,coral,unifrac
S107,S106,0.42121357992950553,1,west,mangrove,west,mangrove,unifrac
S108,S106,0.4993556410904468,1.4142135623730951,west,mangrove,west,mangrove,unifrac
S109,S106,0.6095978260252212,2.414213562373095,west,mangrove,west,mangrove,unifrac
S110,S106,0.5944516909904012,2.414213562373095,west,mangrove,west,mangrove,unifrac
S108,S107,0.3594719957377702,1,west,mangrove,west,mangrove,unifrac
S109,S107,0.5797423670606054,1.4142135623730951,west,mangrove,west,mangrove,unifrac
S110,S107,0.5953638715314564,1.4142135623730951,west,mangrove,west,mangrove,unifrac
S109,S108,0.5756650232080067,1,west,mangrove,west,mangrove,unifrac
S110,S108,0.6145716612340161,1,west,mangrove,west,mangrove,unifrac
S110,S109,0.6490795051884418,0,west,mangrove,west,mangrove,unifrac
S2,S1,0.14974062551721934,1.4142135623730951,west,mangrove,west,mangrove,wunifrac
S3,S1,0.14468411076763096,1.4142135623730951,west,mangrove,west,mangrove,wunifrac
S4,S1,0.1711697777024866,3.414213562373095,west,mangrove,west,mangrove,wunifrac
S5,S1,0.19257027422383993,2.414213562373095,west,mangrove,west,mangrove,wunifrac
S6,S1,0.7945383938443816,81.95331880577403,west,mangrove,west,mangrove,wunifrac
S7,S1,0.7984744211654758,82.36753236814714,west,mangrove,west,mangrove,wunifrac
S8,S1,0.783230077498693,80.95331880577403,west,mangrove,west,mangrove,wunifrac
S9,S1,0.7622118377613757,82.36753236814714,west,mangrove,west,mangrove,wunifrac
S10,S1,0.7891544108705186,81.36753236814714,west,mangrove,west,mangrove,wunifrac
S11,S1,0.4520877595816163,213.2914139223987,west,mangrove,west,mangrove,wunifrac
S12,S1,0.4401040404250089,214.2914139223987,west,mangrove,west,mangrove,wunifrac
S13,S1,0.3811917638889474,214.2914139223987,west,mangrove,west,mangrove,wunifrac
S14,S1,0.42108310597436727,214.7056274847718,west,mangrove,west,mangrove,wunifrac
S15,S1,0.38623033760517017,215.7056274847718,west,mangrove,west,mangrove,wunifrac
S16,S1,0.3686204425002292,222.11984104714492,west,coral,west,mangrove,wunifrac
S17,S1,0.40180294980879117,220.7056274847718,west,coral,west,mangrove,wunifrac
S18,S1,0.3883602100841256,220.7056274847718,west,coral,west,mangrove,wunifrac
S19,S1,0.39898176358503845,220.7056274847718,west,coral,west,mangrove,wunifrac
S20,S1,0.41228691766875364,222.11984104714492,west,coral,west,mangrove,wunifrac
S21,S1,0.8129726176997331,199.84062043356602,east,mangrove,west,mangrove,wunifrac
S22,S1,0.49474727691783305,199.84062043356602,east,mangrove,west,mangrove,wunifrac
S23,S1,0.5151363296885928,199.84062043356602,east,mangrove,west,mangrove,wunifrac
S24,S1,0.5638591424400022,199.84062043356602,east,mangrove,west,mangrove,wunifrac
S25,S1,0.5211611746171974,199.84062043356602,east,mangrove,west,mangrove,wunifrac
S26,S1,0.721322083597818,198.84062043356602,east,seagrass,west,mangrove,wunifrac
S27,S1,0.6799794761893135,198.84062043356602,east,seagrass,west,mangrove,wunifrac
S28,S1,0.803826163293385,199.84062043356602,east,seagrass,west,mangrove,wunifrac
S29,S1,0.8382711061498388,200.25483399593912,east,seagrass,west,mangrove,wunifrac
S30,S1,0.6607055091962072,200.25483399593912,east,seagrass,west,mangrove,wunifrac
S31,S1,0.6124189704071854,203.6690475583122,east,coral,west,mangrove,wunifrac
S32,S1,0.7238414359238732,203.6690475583122,east,coral,west,mangrove,wunifrac
S33,S1,0.6670012763056117,202.6690475583122,east,coral,west,mangrove,wunifrac
S34,S1,0.7073029255038126,202.6690475583122,east,coral,west,mangrove,wunifrac
S35,S1,0.6044317049883304,202.6690475583122,east,coral,west,mangrove,wunifrac
S36,S1,0.7806756591498676,322.492424049175,east,mangrove,west,mangrove,wunifrac
S37,S1,0.8137745406729896,321.492424049175,east,mangrove,west,mangrove,wunifrac
S38,S1,0.7752863237532863,320.492424049175,east,mangrove,west,mangrove,wunifrac
S39,S1,0.8223645107134963,319.9066376115481,east,mangrove,west,mangrove,wunifrac
S40,S1,0.7602539692800985,318.492424049175,east,mangrove,west,mangrove,wunifrac
S41,S1,0.640956072097166,429.5634918610398,east,coral,west,mangrove,wunifrac
S42,S1,0.581685273477182,429.1492782986666,east,coral,west,mangrove,wunifrac
S43,S1,0.6591780267089081,429.1492782986666,east,coral,west,mangrove,wunifrac
S44,S1,0.5624339689044098,430.1492782986666,east,coral,west,mangrove,wunifrac
S45,S1,0.6230213125515875,429.1492782986666,east,coral,west,mangrove,wunifrac
S46,S1,0.5285284498930668,428.5634918610398,east,mangrove,west,mangrove,wunifrac
S47,S1,0.6333802029123495,428.5634918610398,east,mangrove,west,mangrove,wunifrac
S48,S1,0.4912089843244681,428.5634918610398,east,mangrove,west,mangrove,wunifrac
S49,S1,0.6300524543698026,429.5634918610398,east,mangrove,west,mangrove,wunifrac
S50,S1,0.5523847454424088,429.5634918610398,east,mangrove,west,mangrove,wunifrac
S51,S1,0.5162257359556649,494.90663761154656,east,seagrass,west,mangrove,wunifrac
S52,S1,0.535774761069442,494.90663761154656,east,seagrass,west,mangrove,wunifrac
S53,S1,0.47324793364152573,494.90663761154656,east,seagrass,west,mangrove,wunifrac
S54,S1,0.5033557964896689,493.9066376115466,east,seagrass,west,mangrove,wunifrac
S55,S1,0.4710531814668307,493.9066376115466,east,seagrass,west,mangrove,wunifrac
S56,S1,0.4765165003572637,752.6316010800687,west,coral,west,mangrove,wunifrac
S57,S1,0.41011427555490726,752.6316010800687,west,coral,west,mangrove,wunifrac
S58,S1,0.38826667025788825,754.0458146424417,west,coral,west,mangrove,wunifrac
S59,S1,0.4258688488046302,753.6316010800687,west,coral,west,mangrove,wunifrac
S60,S1,0.41180193011810456,752.6316010800687,west,coral,west,mangrove,wunifrac
S61,S1,0.291537916642081,745.6610383315915,west,mangrove,west,mangrove,wunifrac
S62,S1,0.3564472203272256,745.6610383315915,west,mangrove,west,mangrove,wunifrac
S63,S1,0.3653054343722462,746.6610383315915,west,mangrove,west,mangrove,wunifrac
S64,S1,0.31571215714148126,747.0752518939646,west,mangrove,west,mangrove,wunifrac
S65,S1,0.29402560824016055,748.0752518939646,west,mangrove,west,mangrove,wunifrac
S66,S1,0.5326976246310827,772.661038331591,west,seagrass,west,mangrove,wunifrac
S67,S1,0.4414508130990897,772.661038331591,west,seagrass,west,mangrove,wunifrac
S68,S1,0.4332814790234801,772.661038331591,west,seagrass,west,mangrove,wunifrac
S69,S1,0.4326717962676348,772.661038331591,west,seagrass,west,mangrove,wunifrac
S70,S1,0.45961839632481316,773.0752518939642,west,seagrass,west,mangrove,wunifrac
S71,S1,0.9645361195454856,644.7888886054541,east,coral,west,mangrove,wunifrac
S73,S1,0.8825754942400436,644.7888886054541,east,coral,west,mangrove,wunifrac
S74,S1,0.8105984379998441,644.7888886054541,east,coral,west,mangrove,wunifrac
S75,S1,0.8228042915667464,644.7888886054541,east,coral,west,mangrove,wunifrac
S77,S1,0.6928873795774844,621.3036072312156,east,coral,west,mangrove,wunifrac
S78,S1,0.6069522577148155,621.3036072312156,east,coral,west,mangrove,wunifrac
S80,S1,0.7708891489224342,621.3036072312156,east,coral,west,mangrove,wunifrac
S81,S1,0.45872189226423876,615.6883835420658,east,mangrove,west,mangrove,wunifrac
S82,S1,0.42172683793331567,615.6883835420658,east,mangrove,west,mangrove,wunifrac
S83,S1,0.42336064732765877,615.6883835420658,east,mangrove,west,mangrove,wunifrac
S84,S1,0.4556155088535221,615.6883835420658,east,mangrove,west,mangrove,wunifrac
S85,S1,0.4552741784556587,615.6883835420658,east,mangrove,west,mangrove,wunifrac
S86,S1,0.3447113742804419,642.8082245892077,west,mangrove,west,mangrove,wunifrac
S87,S1,0.36056888354462663,642.8082245892077,west,mangrove,west,mangrove,wunifrac
S88,S1,0.5906415115012917,642.3940110268346,west,mangrove,west,mangrove,wunifrac
S89,S1,0.6465754777906944,642.3940110268346,west,mangrove,west,mangrove,wunifrac
S90,S1,0.6847293271002617,642.3940110268346,west,mangrove,west,mangrove,wunifrac
S91,S1,0.32784893041990615,626.4650788387004,west,seagrass,west,mangrove,wunifrac
S92,S1,0.3576414852545768,627.4650788387004,west,seagrass,west,mangrove,wunifrac
S93,S1,0.39058219879085443,627.4650788387004,west,seagrass,west,mangrove,wunifrac
S94,S1,0.5020148615305876,626.4650788387004,west,seagrass,west,mangrove,wunifrac
S95,S1,0.35442363062622473,626.4650788387004,west,seagrass,west,mangrove,wunifrac
S96,S1,0.5849900370145718,550.038671967509,west,mangrove,west,mangrove,wunifrac
S97,S1,0.5730638608079983,550.038671967509,west,mangrove,west,mangrove,wunifrac
S98,S1,0.515136690663957,550.038671967509,west,mangrove,west,mangrove,wunifrac
S99,S1,0.4865098356126073,550.038671967509,west,mangrove,west,mangrove,wunifrac
S100,S1,0.5488103582412223,551.038671967509,west,mangrove,west,mangrove,wunifrac
S101,S1,0.6638004086925672,484.2813126546292,west,coral,west,mangrove,wunifrac
S102,S1,0.6989005767834191,485.52395334174844,west,coral,west,mangrove,wunifrac
S103,S1,0.6999731264281861,485.93816690412154,west,coral,west,mangrove,wunifrac
S104,S1,0.6941730059447278,487.5239533417484,west,coral,west,mangrove,wunifrac
S105,S1,0.6563972116079009,485.6955262170022,west,coral,west,mangrove,wunifrac
S106,S1,0.42582965529300704,319.90158697766435,west,mangrove,west,mangrove,wunifrac
S107,S1,0.410253621322304,319.48737341529124,west,mangrove,west,mangrove,wunifrac
S108,S1,0.37635476721005273,318.48737341529124,west,mangrove,west,mangrove,wunifrac
S109,S1,0.47021639046661756,318.0731598529182,west,mangrove,west,mangrove,wunifrac
S110,S1,0.39171861502714933,318.0731598529182,west,mangrove,west,mangrove,wunifrac
S3,S2,0.12453238580070009,2,west,mangrove,west,mangrove,wunifrac
S4,S2,0.16748703733547954,4,west,mangrove,west,mangrove,wunifrac
S5,S2,0.1340159738715777,3.8284271247461903,west,mangrove,west,mangrove,wunifrac
S6,S2,0.8071640020093458,80.53910524340094,west,mangrove,west,mangrove,wunifrac
S7,S2,0.8117434107613113,80.95331880577403,west,mangrove,west,mangrove,wunifrac
S8,S2,0.795276070988992,79.53910524340094,west,mangrove,west,mangrove,wunifrac
S9,S2,0.7751529115376621,80.95331880577403,west,mangrove,west,mangrove,wunifrac
S10,S2,0.80168507938694,79.95331880577403,west,mangrove,west,mangrove,wunifrac
S11,S2,0.46874559158660595,211.8772003600256,west,mangrove,west,mangrove,wunifrac
S12,S2,0.45795547424129934,212.8772003600256,west,mangrove,west,mangrove,wunifrac
S13,S2,0.3881448961743478,212.8772003600256,west,mangrove,west,mangrove,wunifrac
S14,S2,0.4334936041040764,213.2914139223987,west,mangrove,west,mangrove,wunifrac
S15,S2,0.39591241152591927,214.2914139223987,west,mangrove,west,mangrove,wunifrac
S16,S2,0.3639069303834067,220.7056274847718,west,coral,west,mangrove,wunifrac
S17,S2,0.4071872318067455,219.2914139223987,west,coral,west,mangrove,wunifrac
S18,S2,0.39145197564225676,219.2914139223987,west,coral,west,mangrove,wunifrac
S19,S2,0.41681993850978344,219.2914139223987,west,coral,west,mangrove,wunifrac
S20,S2,0.42000413234847755,220.7056274847718,west,coral,west,mangrove,wunifrac
S21,S2,0.8188848820399711,200.4264068711929,east,mangrove,west,mangrove,wunifrac
S22,S2,0.511144176319986,200.4264068711929,east,mangrove,west,mangrove,wunifrac
S23,S2,0.5527552805948006,200.4264068711929,east,mangrove,west,mangrove,wunifrac
S24,S2,0.5954231739167839,200.4264068711929,east,mangrove,west,mangrove,wunifrac
S25,S2,0.5519474577211111,200.4264068711929,east,mangrove,west,mangrove,wunifrac
S26,S2,0.7314903510402466,199.4264068711929,east,seagrass,west,mangrove,wunifrac
S27,S2,0.6837395378814162,199.4264068711929,east,seagrass,west,mangrove,wunifrac
S28,S2,0.8069605241981492,200.4264068711929,east,seagrass,west,mangrove,wunifrac
S29,S2,0.8363117130286973,200.84062043356602,east,seagrass,west,mangrove,wunifrac
S30,S2,0.676160470827501,200.84062043356602,east,seagrass,west,mangrove,wunifrac
S31,S2,0.6309402175712308,204.2548339959391,east,coral,west,mangrove,wunifrac
S32,S2,0.7214061768966973,204.2548339959391,east,coral,west,mangrove,wunifrac
S33,S2,0.6877071743137627,203.2548339959391,east,coral,west,mangrove,wunifrac
S34,S2,0.699467731862681,203.2548339959391,east,coral,west,mangrove,wunifrac
S35,S2,0.6128682376587592,203.2548339959391,east,coral,west,mangrove,wunifrac
S36,S2,0.7930148623667193,323.07821048680194,east,mangrove,west,mangrove,wunifrac
S37,S2,0.8271082121417892,322.07821048680194,east,mangrove,west,mangrove,wunifrac
S38,S2,0.7891995193931075,321.07821048680194,east,mangrove,west,mangrove,wunifrac
S39,S2,0.8344847792157178,320.492424049175,east,mangrove,west,mangrove,wunifrac
S40,S2,0.7734642754580588,319.07821048680194,east,mangrove,west,mangrove,wunifrac
S41,S2,0.6413545075103555,430.1492782986667,east,coral,west,mangrove,wunifrac
S42,S2,0.58881279644256,429.73506473629357,east,coral,west,mangrove,wunifrac
S43,S2,0.6504906374993658,429.73506473629357,east,coral,west,mangrove,wunifrac
S44,S2,0.566405352086896,430.73506473629357,east,coral,west,mangrove,wunifrac
S45,S2,0.624310284569074,429.73506473629357,east,coral,west,mangrove,wunifrac
S46,S2,0.5403110761406628,429.1492782986667,east,mangrove,west,mangrove,wunifrac
S47,S2,0.6425390534524924,429.1492782986667,east,mangrove,west,mangrove,wunifrac
S48,S2,0.5099714169928531,429.1492782986667,east,mangrove,west,mangrove,wunifrac
S49,S2,0.638317150153588,430.1492782986667,east,mangrove,west,mangrove,wunifrac
S50,S2,0.5732899074474048,430.1492782986667,east,mangrove,west,mangrove,wunifrac
S51,S2,0.5441373715692849,495.4924240491735,east,seagrass,west,mangrove,wunifrac
S52,S2,0.5629100829823737,495.4924240491735,east,seagrass,west,mangrove,wunifrac
S53,S2,0.5025263506188442,495.4924240491735,east,seagrass,west,mangrove,wunifrac
S54,S2,0.514255036161436,494.49242404917356,east,seagrass,west,mangrove,wunifrac
S55,S2,0.48897829828903866,494.49242404917356,east,seagrass,west,mangrove,wunifrac
S56,S2,0.47967643680508254,751.2173875176956,west,coral,west,mangrove,wunifrac
S57,S2,0.4169510087455185,751.2173875176956,west,coral,west,mangrove,wunifrac
S58,S2,0.3712285071252687,752.6316010800687,west,coral,west,mangrove,wunifrac
S59,S2,0.43461054749518924,752.2173875176956,west,coral,west,mangrove,wunifrac
S60,S2,0.36870281760336027,751.2173875176956,west,coral,west,mangrove,wunifrac
S61,S2,0.2896832555865274,744.2468247692185,west,mangrove,west,mangrove,wunifrac
S62,S2,0.36403056779651255,744.2468247692185,west,mangrove,west,mangrove,wunifrac
S63,S2,0.3792690945956876,745.2468247692185,west,mangrove,west,mangrove,wunifrac
S64,S2,0.304593124725487,745.6610383315915,west,mangrove,west,mangrove,wunifrac
S65,S2,0.30403152294682106,746.6610383315915,west,mangrove,west,mangrove,wunifrac
S66,S2,0.5251675508421135,771.2468247692179,west,seagrass,west,mangrove,wunifrac
S67,S2,0.43746070441391655,771.2468247692179,west,seagrass,west,mangrove,wunifrac
S68,S2,0.4222925515746686,771.2468247692179,west,seagrass,west,mangrove,wunifrac
S69,S2,0.4321979984979843,771.2468247692179,west,seagrass,west,mangrove,wunifrac
S70,S2,0.4552715562967685,771.661038331591,west,seagrass,west,mangrove,wunifrac
S71,S2,0.9871011245945172,645.3746750430811,east,coral,west,mangrove,wunifrac
S73,S2,0.8853762964757204,645.3746750430811,east,coral,west,mangrove,wunifrac
S74,S2,0.8251118752557819,645.3746750430811,east,coral,west,mangrove,wunifrac
S75,S2,0.819014755814375,645.3746750430811,east,coral,west,mangrove,wunifrac
S77,S2,0.6905905529708948,621.8893936688426,east,coral,west,mangrove,wunifrac
S78,S2,0.6176980217973516,621.8893936688426,east,coral,west,mangrove,wunifrac
S80,S2,0.7526858075349661,621.8893936688426,east,coral,west,mangrove,wunifrac
S81,S2,0.4698563255198904,616.2741699796928,east,mangrove,west,mangrove,wunifrac
S82,S2,0.4347283449914137,616.2741699796928,east,mangrove,west,mangrove,wunifrac
S83,S2,0.4396479246392453,616.2741699796928,east,mangrove,west,mangrove,wunifrac
S84,S2,0.4688733192147457,616.2741699796928,east,mangrove,west,mangrove,wunifrac
S85,S2,0.48867938999644944,616.2741699796928,east,mangrove,west,mangrove,wunifrac
S86,S2,0.26634413077636987,641.3940110268346,west,mangrove,west,mangrove,wunifrac
S87,S2,0.2861159139079194,641.3940110268346,west,mangrove,west,mangrove,wunifrac
S88,S2,0.5942632762420356,640.9797974644615,west,mangrove,west,mangrove,wunifrac
S89,S2,0.6558122662326068,640.9797974644615,west,mangrove,west,mangrove,wunifrac
S90,S2,0.696995655906143,640.9797974644615,west,mangrove,west,mangrove,wunifrac
S91,S2,0.2891955193599985,625.0508652763274,west,seagrass,west,mangrove,wunifrac
S92,S2,0.3154573587815964,626.0508652763274,west,seagrass,west,mangrove,wunifrac
S93,S2,0.3643992375402708,626.0508652763274,west,seagrass,west,mangrove,wunifrac
S94,S2,0.5129544929390116,625.0508652763274,west,seagrass,west,mangrove,wunifrac
S95,S2,0.3224303139195644,625.0508652763274,west,seagrass,west,mangrove,wunifrac
S96,S2,0.6132987583513603,548.6244584051359,west,mangrove,west,mangrove,wunifrac
S97,S2,0.6142240881980081,548.6244584051359,west,mangrove,west,mangrove,wunifrac
S98,S2,0.553000325052748,548.6244584051359,west,mangrove,west,mangrove,wunifrac
S99,S2,0.5093675968936314,548.6244584051359,west,mangrove,west,mangrove,wunifrac
S100,S2,0.5841675391844535,549.6244584051359,west,mangrove,west,mangrove,wunifrac
S101,S2,0.668378159354805,482.8670990922561,west,coral,west,mangrove,wunifrac
S102,S2,0.7029675603451446,484.1097397793754,west,coral,west,mangrove,wunifrac
S103,S2,0.700073093848541,484.52395334174844,west,coral,west,mangrove,wunifrac
S104,S2,0.6914186028122394,486.10973977937533,west,coral,west,mangrove,wunifrac
S105,S2,0.6636911728007372,484.2813126546292,west,coral,west,mangrove,wunifrac
S106,S2,0.4471725459745039,318.48737341529124,west,mangrove,west,mangrove,wunifrac
S107,S2,0.421299531579189,318.0731598529182,west,mangrove,west,mangrove,wunifrac
S108,S2,0.3953519768813593,317.0731598529182,west,mangrove,west,mangrove,wunifrac
S109,S2,0.5003706224842815,316.6589462905451,west,mangrove,west,mangrove,wunifrac
S110,S2,0.34335129270331016,316.6589462905451,west,mangrove,west,mangrove,wunifrac
S4,S3,0.17190029216044564,2,west,mangrove,west,mangrove,wunifrac
S5,S3,0.13616615560630876,2.414213562373095,west,mangrove,west,mangrove,wunifrac
S6,S3,0.7910654056079359,81.36753236814714,west,mangrove,west,mangrove,wunifrac
S7,S3,0.7946064437824661,81.78174593052023,west,mangrove,west,mangrove,wunifrac
S8,S3,0.7796678462453855,80.36753236814714,west,mangrove,west,mangrove,wunifrac
S9,S3,0.7585123105356469,81.78174593052023,west,mangrove,west,mangrove,wunifrac
S10,S3,0.785520447493281,80.78174593052023,west,mangrove,west,mangrove,wunifrac
S11,S3,0.4793570179694312,212.7056274847718,west,mangrove,west,mangrove,wunifrac
S12,S3,0.47165211683352065,213.7056274847718,west,mangrove,west,mangrove,wunifrac
S13,S3,0.4079124440127977,213.7056274847718,west,mangrove,west,mangrove,wunifrac
S14,S3,0.44790954110683484,214.11984104714492,west,mangrove,west,mangrove,wunifrac
S15,S3,0.4102833354985669,215.11984104714492,west,mangrove,west,mangrove,wunifrac
S16,S3,0.39316047438679097,221.534054609518,west,coral,west,mangrove,wunifrac
S17,S3,0.4286936842623027,220.11984104714492,west,coral,west,mangrove,wunifrac
S18,S3,0.40600661806721267,220.11984104714492,west,coral,west,mangrove,wunifrac
S19,S3,0.4368686675777267,220.11984104714492,west,coral,west,mangrove,wunifrac
S20,S3,0.44043058877476365,221.534054609518,west,coral,west,mangrove,wunifrac
S21,S3,0.8023193589246278,201.25483399593912,east,mangrove,west,mangrove,wunifrac
S22,S3,0.5074671257028921,201.25483399593912,east,mangrove,west,mangrove,wunifrac
S23,S3,0.5234732896197335,201.25483399593912,east,mangrove,west,mangrove,wunifrac
S24,S3,0.5817682937789217,201.25483399593912,east,mangrove,west,mangrove,wunifrac
S25,S3,0.5369458461997509,201.25483399593912,east,mangrove,west,mangrove,wunifrac
S26,S3,0.7158484359536909,200.25483399593912,east,seagrass,west,mangrove,wunifrac
S27,S3,0.6731695434322633,200.25483399593912,east,seagrass,west,mangrove,wunifrac
S28,S3,0.7862276026659955,201.25483399593912,east,seagrass,west,mangrove,wunifrac
S29,S3,0.8277683757054061,201.66904755831223,east,seagrass,west,mangrove,wunifrac
S30,S3,0.6575092165385416,201.66904755831223,east,seagrass,west,mangrove,wunifrac
S31,S3,0.6139999032835055,205.08326112068528,east,coral,west,mangrove,wunifrac
S32,S3,0.7117199526396492,205.08326112068528,east,coral,west,mangrove,wunifrac
S33,S3,0.670982204905143,204.08326112068528,east,coral,west,mangrove,wunifrac
S34,S3,0.6857549131226451,204.08326112068528,east,coral,west,mangrove,wunifrac
S35,S3,0.603997870633672,204.08326112068528,east,coral,west,mangrove,wunifrac
S36,S3,0.7791102017807431,323.9066376115481,east,mangrove,west,mangrove,wunifrac
S37,S3,0.8093040246675665,322.9066376115481,east,mangrove,west,mangrove,wunifrac
S38,S3,0.7779214190500608,321.9066376115481,east,mangrove,west,mangrove,wunifrac
S39,S3,0.8179366998405521,321.32085117392114,east,mangrove,west,mangrove,wunifrac
S40,S3,0.7581302842476096,319.9066376115481,east,mangrove,west,mangrove,wunifrac
S41,S3,0.6487329559372608,430.97770542341283,east,coral,west,mangrove,wunifrac
S42,S3,0.6021515742569772,430.5634918610397,east,coral,west,mangrove,wunifrac
S43,S3,0.6582869138947635,430.5634918610397,east,coral,west,mangrove,wunifrac
S44,S3,0.563242351838147,431.5634918610397,east,coral,west,mangrove,wunifrac
S45,S3,0.6199239904117567,430.5634918610397,east,coral,west,mangrove,wunifrac
S46,S3,0.5405774771657345,429.97770542341283,east,mangrove,west,mangrove,wunifrac
S47,S3,0.6449570841236817,429.97770542341283,east,mangrove,west,mangrove,wunifrac
S48,S3,0.5137524781814223,429.97770542341283,east,mangrove,west,mangrove,wunifrac
S49,S3,0.645437506957005,430.97770542341283,east,mangrove,west,mangrove,wunifrac
S50,S3,0.5683687545410933,430.97770542341283,east,mangrove,west,mangrove,wunifrac
S51,S3,0.5518985289245951,496.3208511739196,east,seagrass,west,mangrove,wunifrac
S52,S3,0.5690065025736057,496.3208511739196,east,seagrass,west,mangrove,wunifrac
S53,S3,0.5087198152916121,496.3208511739196,east,seagrass,west,mangrove,wunifrac
S54,S3,0.5355226962287172,495.32085117391966,east,seagrass,west,mangrove,wunifrac
S55,S3,0.4987195195616467,495.32085117391966,east,seagrass,west,mangrove,wunifrac
S56,S3,0.4661579477450535,752.0458146424417,west,coral,west,mangrove,wunifrac
S57,S3,0.43160000043086055,752.0458146424417,west,coral,west,mangrove,wunifrac
S58,S3,0.38102976407401784,753.4600282048148,west,coral,west,mangrove,wunifrac
S59,S3,0.43006431450921195,753.0458146424417,west,coral,west,mangrove,wunifrac
S60,S3,0.3860876051719697,752.0458146424417,west,coral,west,mangrove,wunifrac
S61,S3,0.2983268655900252,745.0752518939646,west,mangrove,west,mangrove,wunifrac
S62,S3,0.34382638209797356,745.0752518939646,west,mangrove,west,mangrove,wunifrac
S63,S3,0.3564836543517645,746.0752518939646,west,mangrove,west,mangrove,wunifrac
S64,S3,0.2771897962481879,746.4894654563377,west,mangrove,west,mangrove,wunifrac
S65,S3,0.28582925452634356,747.4894654563377,west,mangrove,west,mangrove,wunifrac
S66,S3,0.5271364817546922,772.0752518939642,west,seagrass,west,mangrove,wunifrac
S67,S3,0.43810243737294124,772.0752518939642,west,seagrass,west,mangrove,wunifrac
S68,S3,0.42364916486009535,772.0752518939642,west,seagrass,west,mangrove,wunifrac
S69,S3,0.4309722272175433,772.0752518939642,west,seagrass,west,mangrove,wunifrac
S70,S3,0.4581933722795412,772.4894654563373,west,seagrass,west,mangrove,wunifrac
S71,S3,0.9707705384228642,646.2031021678272,east,coral,west,mangrove,wunifrac
S73,S3,0.8846448351340325,646.2031021678272,east,coral,west,mangrove,wunifrac
S74,S3,0.8275223985360108,646.2031021678272,east,coral,west,mangrove,wunifrac
S75,S3,0.8179537244386291,646.2031021678272,east,coral,west,mangrove,wunifrac
S77,S3,0.6865423107892639,622.7178207935887,east,coral,west,mangrove,wunifrac
S78,S3,0.6070659827632089,622.7178207935887,east,coral,west,mangrove,wunifrac
S80,S3,0.7496422041831844,622.7178207935887,east,coral,west,mangrove,wunifrac
S81,S3,0.47678131852440064,617.1025971044389,east,mangrove,west,mangrove,wunifrac
S82,S3,0.4374443510820709,617.1025971044389,east,mangrove,west,mangrove,wunifrac
S83,S3,0.4422812300473559,617.1025971044389,east,mangrove,west,mangrove,wunifrac
S84,S3,0.4752139280889948,617.1025971044389,east,mangrove,west,mangrove,wunifrac
S85,S3,0.4802273275666771,617.1025971044389,east,mangrove,west,mangrove,wunifrac
S86,S3,0.2861744001261762,642.2224381515807,west,mangrove,west,mangrove,wunifrac
S87,S3,0.30857074885383495,642.2224381515807,west,mangrove,west,mangrove,wunifrac
S88,S3,0.6075891357871993,641.8082245892077,west,mangrove,west,mangrove,wunifrac
S89,S3,0.6658533084861267,641.8082245892077,west,mangrove,west,mangrove,wunifrac
S90,S3,0.701135080501109,641.8082245892077,west,mangrove,west,mangrove,wunifrac
S91,S3,0.2979756001272758,625.8792924010735,west,seagrass,west,mangrove,wunifrac
S92,S3,0.33207104254886055,626.8792924010735,west,seagrass,west,mangrove,wunifrac
S93,S3,0.3738593857481369,626.8792924010735,west,seagrass,west,mangrove,wunifrac
S94,S3,0.5052365231811919,625.8792924010735,west,seagrass,west,mangrove,wunifrac
S95,S3,0.34613188081220875,625.8792924010735,west,seagrass,west,mangrove,wunifrac
S96,S3,0.5945473828896393,549.452885529882,west,mangrove,west,mangrove,wunifrac
S97,S3,0.5895256249002994,549.452885529882,west,mangrove,west,mangrove,wunifrac
S98,S3,0.5414365800281511,549.452885529882,west,mangrove,west,mangrove,wunifrac
S99,S3,0.5005195998856861,549.452885529882,west,mangrove,west,mangrove,wunifrac
S100,S3,0.5705027420761433,550.452885529882,west,mangrove,west,mangrove,wunifrac
S101,S3,0.6638595076679565,483.6955262170022,west,coral,west,mangrove,wunifrac
S102,S3,0.6946686575232659,484.93816690412154,west,coral,west,mangrove,wunifrac
S103,S3,0.6899348526040223,485.3523804664946,west,coral,west,mangrove,wunifrac
S104,S3,0.6821274584882491,486.9381669041215,west,coral,west,mangrove,wunifrac
S105,S3,0.6526166159970556,485.10973977937533,west,coral,west,mangrove,wunifrac
S106,S3,0.43522510143443727,319.31580054003746,west,mangrove,west,mangrove,wunifrac
S107,S3,0.41700166345612955,318.90158697766435,west,mangrove,west,mangrove,wunifrac
S108,S3,0.3823113038993531,317.9015869776644,west,mangrove,west,mangrove,wunifrac
S109,S3,0.4899792442983002,317.48737341529124,west,mangrove,west,mangrove,wunifrac
S110,S3,0.3583161642509497,317.48737341529124,west,mangrove,west,mangrove,wunifrac
S5,S4,0.2089060088550218,2.414213562373095,west,mangrove,west,mangrove,wunifrac
S6,S4,0.8256379004113171,82.19595949289334,west,mangrove,west,mangrove,wunifrac
S7,S4,0.8296548624666438,82.61017305526644,west,mangrove,west,mangrove,wunifrac
S8,S4,0.8150948384488252,81.19595949289334,west,mangrove,west,mangrove,wunifrac
S9,S4,0.7951927304610334,82.61017305526644,west,mangrove,west,mangrove,wunifrac
S10,S4,0.8204121835211743,81.61017305526644,west,mangrove,west,mangrove,wunifrac
S11,S4,0.47712560873512017,213.534054609518,west,mangrove,west,mangrove,wunifrac
S12,S4,0.45732662151199754,214.534054609518,west,mangrove,west,mangrove,wunifrac
S13,S4,0.39951284988795355,214.534054609518,west,mangrove,west,mangrove,wunifrac
S14,S4,0.44482675742740097,214.9482681718911,west,mangrove,west,mangrove,wunifrac
S15,S4,0.39901162848574034,215.9482681718911,west,mangrove,west,mangrove,wunifrac
S16,S4,0.33993668989571735,222.3624817342642,west,coral,west,mangrove,wunifrac
S17,S4,0.36803298141582824,220.9482681718911,west,coral,west,mangrove,wunifrac
S18,S4,0.34682777547847743,220.9482681718911,west,coral,west,mangrove,wunifrac
S19,S4,0.3669014753998205,220.9482681718911,west,coral,west,mangrove,wunifrac
S20,S4,0.3797753683189142,222.3624817342642,west,coral,west,mangrove,wunifrac
S21,S4,0.7874723182554182,201.25483399593912,east,mangrove,west,mangrove,wunifrac
S22,S4,0.48259868202770306,201.25483399593912,east,mangrove,west,mangrove,wunifrac
S23,S4,0.5100223825171094,201.25483399593912,east,mangrove,west,mangrove,wunifrac
S24,S4,0.5279195877310057,201.25483399593912,east,mangrove,west,mangrove,wunifrac
S25,S4,0.48193964966346525,201.25483399593912,east,mangrove,west,mangrove,wunifrac
S26,S4,0.6959896291398978,200.25483399593912,east,seagrass,west,mangrove,wunifrac
S27,S4,0.6317246731755904,200.25483399593912,east,seagrass,west,mangrove,wunifrac
S28,S4,0.7760383831375584,201.25483399593912,east,seagrass,west,mangrove,wunifrac
S29,S4,0.8112086414827309,201.66904755831223,east,seagrass,west,mangrove,wunifrac
S30,S4,0.6111885559474245,201.66904755831223,east,seagrass,west,mangrove,wunifrac
S31,S4,0.5644850545672608,205.08326112068528,east,coral,west,mangrove,wunifrac
S32,S4,0.6956766706186348,205.08326112068528,east,coral,west,mangrove,wunifrac
S33,S4,0.6355876373517346,204.08326112068528,east,coral,west,mangrove,wunifrac
S34,S4,0.6841932416560687,204.08326112068528,east,coral,west,mangrove,wunifrac
S35,S4,0.5634936418042943,204.08326112068528,east,coral,west,mangrove,wunifrac
S36,S4,0.810910869261641,323.9066376115482,east,mangrove,west,mangrove,wunifrac
S37,S4,0.8444749338768194,322.9066376115482,east,mangrove,west,mangrove,wunifrac
S38,S4,0.8090371456339331,321.9066376115482,east,mangrove,west,mangrove,wunifrac
S39,S4,0.8511010163090791,321.3208511739213,east,mangrove,west,mangrove,wunifrac
S40,S4,0.7919085948986453,319.9066376115482,east,mangrove,west,mangrove,wunifrac
S41,S4,0.6194932785748933,430.97770542341283,east,coral,west,mangrove,wunifrac
S42,S4,0.5714708051401649,430.5634918610397,east,coral,west,mangrove,wunifrac
S43,S4,0.6114939051038186,430.5634918610397,east,coral,west,mangrove,wunifrac
S44,S4,0.5293340509851469,431.5634918610397,east,coral,west,mangrove,wunifrac
S45,S4,0.5824975788761558,430.5634918610397,east,coral,west,mangrove,wunifrac
S46,S4,0.5662182495911693,429.97770542341283,east,mangrove,west,mangrove,wunifrac
S47,S4,0.6682155369322061,429.97770542341283,east,mangrove,west,mangrove,wunifrac
S48,S4,0.5161993413780779,429.97770542341283,east,mangrove,west,mangrove,wunifrac
S49,S4,0.6371536538948481,430.97770542341283,east,mangrove,west,mangrove,wunifrac
S50,S4,0.5721577106301793,430.97770542341283,east,mangrove,west,mangrove,wunifrac
S51,S4,0.5085652364219853,496.3208511739196,east,seagrass,west,mangrove,wunifrac
S52,S4,0.523448304798352,496.3208511739196,east,seagrass,west,mangrove,wunifrac
S53,S4,0.4843974009892785,496.3208511739196,east,seagrass,west,mangrove,wunifrac
S54,S4,0.5090203092875504,495.32085117391966,east,seagrass,west,mangrove,wunifrac
S55,S4,0.49294651367420056,495.32085117391966,east,seagrass,west,mangrove,wunifrac
S56,S4,0.4462275569686368,752.8742417671879,west,coral,west,mangrove,wunifrac
S57,S4,0.38286968494286644,752.8742417671879,west,coral,west,mangrove,wunifrac
S58,S4,0.3675122473381521,754.2884553295609,west,coral,west,mangrove,wunifrac
S59,S4,0.40230730021390826,753.8742417671879,west,coral,west,mangrove,wunifrac
S60,S4,0.4027514857598216,752.8742417671879,west,coral,west,mangrove,wunifrac
S61,S4,0.2803935208768978,745.9036790187107,west,mangrove,west,mangrove,wunifrac
S62,S4,0.3594601857114555,745.9036790187107,west,mangrove,west,mangrove,wunifrac
S63,S4,0.3651700535174533,746.9036790187107,west,mangrove,west,mangrove,wunifrac
S64,S4,0.32007623030209326,747.3178925810838,west,mangrove,west,mangrove,wunifrac
S65,S4,0.30842769463484454,748.3178925810838,west,mangrove,west,mangrove,wunifrac
S66,S4,0.5051268795819137,772.9036790187102,west,seagrass,west,mangrove,wunifrac
S67,S4,0.41591041477158697,772.9036790187102,west,seagrass,west,mangrove,wunifrac
S68,S4,0.42150399005875294,772.9036790187102,west,seagrass,west,mangrove,wunifrac
S69,S4,0.41149655049567024,772.9036790187102,west,seagrass,west,mangrove,wunifrac
S70,S4,0.4252534234741781,773.3178925810834,west,seagrass,west,mangrove,wunifrac
S71,S4,0.9660623507980257,646.2031021678272,east,coral,west,mangrove,wunifrac
S73,S4,0.8685369963091044,646.2031021678272,east,coral,west,mangrove,wunifrac
S74,S4,0.7918442773557615,646.2031021678272,east,coral,west,mangrove,wunifrac
S75,S4,0.8029697292632764,646.2031021678272,east,coral,west,mangrove,wunifrac
S77,S4,0.6435145975414637,622.7178207935887,east,coral,west,mangrove,wunifrac
S78,S4,0.5892180678782215,622.7178207935887,east,coral,west,mangrove,wunifrac
S80,S4,0.725168112573594,622.7178207935887,east,coral,west,mangrove,wunifrac
S81,S4,0.4466824517562752,617.1025971044389,east,mangrove,west,mangrove,wunifrac
S82,S4,0.4232853619156753,617.1025971044389,east,mangrove,west,mangrove,wunifrac
S83,S4,0.41413196713459305,617.1025971044389,east,mangrove,west,mangrove,wunifrac
S84,S4,0.44485204037510695,617.1025971044389,east,mangrove,west,mangrove,wunifrac
S85,S4,0.47163319825532873,617.1025971044389,east,mangrove,west,mangrove,wunifrac
S86,S4,0.33962074925072017,643.0508652763269,west,mangrove,west,mangrove,wunifrac
S87,S4,0.36445665225118834,643.0508652763269,west,mangrove,west,mangrove,wunifrac
S88,S4,0.6326999762095605,642.6366517139538,west,mangrove,west,mangrove,wunifrac
S89,S4,0.6944240585505851,642.6366517139538,west,mangrove,west,mangrove,wunifrac
S90,S4,0.735709931476159,642.6366517139538,west,mangrove,west,mangrove,wunifrac
S91,S4,0.3288788172058918,626.7077195258197,west,seagrass,west,mangrove,wunifrac
S92,S4,0.3532061054237871,627.7077195258197,west,seagrass,west,mangrove,wunifrac
S93,S4,0.37947121378802984,627.7077195258197,west,seagrass,west,mangrove,wunifrac
S94,S4,0.49496716264538276,626.7077195258197,west,seagrass,west,mangrove,wunifrac
S95,S4,0.33401114110412733,626.7077195258197,west,seagrass,west,mangrove,wunifrac
S96,S4,0.5777158650718031,550.2813126546282,west,mangrove,west,mangrove,wunifrac
S97,S4,0.5789380195776094,550.2813126546282,west,mangrove,west,mangrove,wunifrac
S98,S4,0.5333287747832903,550.2813126546282,west,mangrove,west,mangrove,wunifrac
S99,S4,0.5300273015626769,550.2813126546282,west,mangrove,west,mangrove,wunifrac
S100,S4,0.5915635435680858,551.2813126546282,west,mangrove,west,mangrove,wunifrac
S101,S4,0.624211404201605,484.5239533417484,west,coral,west,mangrove,wunifrac
S102,S4,0.656027530160353,485.76659402886764,west,coral,west,mangrove,wunifrac
S103,S4,0.6785311177843512,486.18080759124075,west,coral,west,mangrove,wunifrac
S104,S4,0.6732453852111588,487.7665940288676,west,coral,west,mangrove,wunifrac
S105,S4,0.6188531235565099,485.9381669041215,west,coral,west,mangrove,wunifrac
S106,S4,0.4626955560344987,320.1442276647836,west,mangrove,west,mangrove,wunifrac
S107,S4,0.43235141532871674,319.7300141024105,west,mangrove,west,mangrove,wunifrac
S108,S4,0.3835013218186014,318.7300141024105,west,mangrove,west,mangrove,wunifrac
S109,S4,0.49385525870256347,318.31580054003746,west,mangrove,west,mangrove,wunifrac
S110,S4,0.3966884684391688,318.31580054003746,west,mangrove,west,mangrove,wunifrac
S6,S5,0.7960070714588614,83.78174593052023,west,mangrove,west,mangrove,wunifrac
S7,S5,0.799547693486995,84.19595949289334,west,mangrove,west,mangrove,wunifrac
S8,S5,0.7825677282317197,82.78174593052023,west,mangrove,west,mangrove,wunifrac
S9,S5,0.7620741007356394,84.19595949289334,west,mangrove,west,mangrove,wunifrac
S10,S5,0.7890349601614199,83.19595949289334,west,mangrove,west,mangrove,wunifrac
S11,S5,0.481395820843554,215.11984104714492,west,mangrove,west,mangrove,wunifrac
S12,S5,0.4750806380825182,216.11984104714492,west,mangrove,west,mangrove,wunifrac
S13,S5,0.4107413848414097,216.11984104714492,west,mangrove,west,mangrove,wunifrac
S14,S5,0.4544041369615507,216.534054609518,west,mangrove,west,mangrove,wunifrac
S15,S5,0.4103741463861783,217.534054609518,west,mangrove,west,mangrove,wunifrac
S16,S5,0.380340246409221,223.9482681718911,west,coral,west,mangrove,wunifrac
S17,S5,0.4164831113393916,222.534054609518,west,coral,west,mangrove,wunifrac
S18,S5,0.399705252512821,222.534054609518,west,coral,west,mangrove,wunifrac
S19,S5,0.4231212003567136,222.534054609518,west,coral,west,mangrove,wunifrac
S20,S5,0.4181278077853676,223.9482681718911,west,coral,west,mangrove,wunifrac
S21,S5,0.7754290563897377,199.66904755831223,east,mangrove,west,mangrove,wunifrac
S22,S5,0.47929123137063173,199.66904755831223,east,mangrove,west,mangrove,wunifrac
S23,S5,0.5139539937453248,199.66904755831223,east,mangrove,west,mangrove,wunifrac
S24,S5,0.5693751754151037,199.66904755831223,east,mangrove,west,mangrove,wunifrac
S25,S5,0.540924799461683,199.66904755831223,east,mangrove,west,mangrove,wunifrac
S26,S5,0.7169529650511062,198.66904755831223,east,seagrass,west,mangrove,wunifrac
S27,S5,0.6663384608333087,198.66904755831223,east,seagrass,west,mangrove,wunifrac
S28,S5,0.7878707693713956,199.66904755831223,east,seagrass,west,mangrove,wunifrac
S29,S5,0.7930420373776245,200.0832611206853,east,seagrass,west,mangrove,wunifrac
S30,S5,0.6631143782745669,200.0832611206853,east,seagrass,west,mangrove,wunifrac
S31,S5,0.6175517768987455,203.49747468305839,east,coral,west,mangrove,wunifrac
S32,S5,0.7064862185117654,203.49747468305839,east,coral,west,mangrove,wunifrac
S33,S5,0.674437793469658,202.49747468305839,east,coral,west,mangrove,wunifrac
S34,S5,0.6814082317030636,202.49747468305839,east,coral,west,mangrove,wunifrac
S35,S5,0.5960103855787335,202.49747468305839,east,coral,west,mangrove,wunifrac
S36,S5,0.7823859992753481,322.32085117392114,east,mangrove,west,mangrove,wunifrac
S37,S5,0.8129247319357873,321.32085117392114,east,mangrove,west,mangrove,wunifrac
S38,S5,0.7814338628893138,320.32085117392114,east,mangrove,west,mangrove,wunifrac
S39,S5,0.8202183547585054,319.7350647362942,east,mangrove,west,mangrove,wunifrac
S40,S5,0.763447576496299,318.32085117392114,east,mangrove,west,mangrove,wunifrac
S41,S5,0.6789502060085049,429.39191898578594,east,coral,west,mangrove,wunifrac
S42,S5,0.636724796860495,428.9777054234128,east,coral,west,mangrove,wunifrac
S43,S5,0.6619548200668601,428.9777054234128,east,coral,west,mangrove,wunifrac
S44,S5,0.5992024509848234,429.9777054234128,east,coral,west,mangrove,wunifrac
S45,S5,0.6469620595706507,428.9777054234128,east,coral,west,mangrove,wunifrac
S46,S5,0.5432281575327188,428.39191898578594,east,mangrove,west,mangrove,wunifrac
S47,S5,0.6454690181861958,428.39191898578594,east,mangrove,west,mangrove,wunifrac
S48,S5,0.5218345479832762,428.39191898578594,east,mangrove,west,mangrove,wunifrac
S49,S5,0.6532652089612148,429.39191898578594,east,mangrove,west,mangrove,wunifrac
S50,S5,0.5789599986985944,429.39191898578594,east,mangrove,west,mangrove,wunifrac
S51,S5,0.5717933926411222,494.7350647362927,east,seagrass,west,mangrove,wunifrac
S52,S5,0.5921886256657242,494.7350647362927,east,seagrass,west,mangrove,wunifrac
S53,S5,0.5303585460129782,494.7350647362927,east,seagrass,west,mangrove,wunifrac
S54,S5,0.5450608482773229,493.73506473629277,east,seagrass,west,mangrove,wunifrac
S55,S5,0.514098412012659,493.73506473629277,east,seagrass,west,mangrove,wunifrac
S56,S5,0.4433024513576724,754.4600282048148,west,coral,west,mangrove,wunifrac
S57,S5,0.39505802143647795,754.4600282048148,west,coral,west,mangrove,wunifrac
S58,S5,0.3450614839576848,755.8742417671879,west,coral,west,mangrove,wunifrac
S59,S5,0.39491580299244883,755.4600282048148,west,coral,west,mangrove,wunifrac
S60,S5,0.3373085998078474,754.4600282048148,west,coral,west,mangrove,wunifrac
S61,S5,0.2665105325306774,747.4894654563377,west,mangrove,west,mangrove,wunifrac
S62,S5,0.3230802590570403,747.4894654563377,west,mangrove,west,mangrove,wunifrac
S63,S5,0.3376397021897359,748.4894654563377,west,mangrove,west,mangrove,wunifrac
S64,S5,0.3007132618120801,748.9036790187107,west,mangrove,west,mangrove,wunifrac
S65,S5,0.28453373364166484,749.9036790187107,west,mangrove,west,mangrove,wunifrac
S66,S5,0.4833025316715346,774.4894654563373,west,seagrass,west,mangrove,wunifrac
S67,S5,0.4079142598135207,774.4894654563373,west,seagrass,west,mangrove,wunifrac
S68,S5,0.3914048990615898,774.4894654563373,west,seagrass,west,mangrove,wunifrac
S69,S5,0.40197081614505753,774.4894654563373,west,seagrass,west,mangrove,wunifrac
S70,S5,0.41548442923966267,774.9036790187102,west,seagrass,west,mangrove,wunifrac
S71,S5,0.9929650860878969,644.6173157302003,east,coral,west,mangrove,wunifrac
S73,S5,0.8872571324711088,644.6173157302003,east,coral,west,mangrove,wunifrac
S74,S5,0.8360188714054307,644.6173157302003,east,coral,west,mangrove,wunifrac
S75,S5,0.8478739442861861,644.6173157302003,east,coral,west,mangrove,wunifrac
S77,S5,0.6738510191154565,621.1320343559618,east,coral,west,mangrove,wunifrac
S78,S5,0.6377467743114744,621.1320343559618,east,coral,west,mangrove,wunifrac
S80,S5,0.747550215762223,621.1320343559618,east,coral,west,mangrove,wunifrac
S81,S5,0.5166237213663252,615.516810666812,east,mangrove,west,mangrove,wunifrac
S82,S5,0.4853460771779427,615.516810666812,east,mangrove,west,mangrove,wunifrac
S83,S5,0.48841778517850004,615.516810666812,east,mangrove,west,mangrove,wunifrac
S84,S5,0.5233374269387059,615.516810666812,east,mangrove,west,mangrove,wunifrac
S85,S5,0.5203576318070025,615.516810666812,east,mangrove,west,mangrove,wunifrac
S86,S5,0.2761920923577489,644.6366517139538,west,mangrove,west,mangrove,wunifrac
S87,S5,0.25971900329254616,644.6366517139538,west,mangrove,west,mangrove,wunifrac
S88,S5,0.6090004352773548,644.2224381515807,west,mangrove,west,mangrove,wunifrac
S89,S5,0.6657002157695603,644.2224381515807,west,mangrove,west,mangrove,wunifrac
S90,S5,0.7033130511508408,644.2224381515807,west,mangrove,west,mangrove,wunifrac
S91,S5,0.3045357592276191,628.2935059634466,west,seagrass,west,mangrove,wunifrac
S92,S5,0.31067868863486064,629.2935059634466,west,seagrass,west,mangrove,wunifrac
S93,S5,0.3353079328397806,629.2935059634466,west,seagrass,west,mangrove,wunifrac
S94,S5,0.4702399753827719,628.2935059634466,west,seagrass,west,mangrove,wunifrac
S95,S5,0.3198800641544797,628.2935059634466,west,seagrass,west,mangrove,wunifrac
S96,S5,0.6344543700614592,551.8670990922551,west,mangrove,west,mangrove,wunifrac
S97,S5,0.6286661412586486,551.8670990922551,west,mangrove,west,mangrove,wunifrac
S98,S5,0.5764482060820504,551.8670990922551,west,mangrove,west,mangrove,wunifrac
S99,S5,0.5339257037463341,551.8670990922551,west,mangrove,west,mangrove,wunifrac
S100,S5,0.6092510954126659,552.8670990922551,west,mangrove,west,mangrove,wunifrac
S101,S5,0.6389823444292687,486.10973977937533,west,coral,west,mangrove,wunifrac
S102,S5,0.6605800672498997,487.3523804664946,west,coral,west,mangrove,wunifrac
S103,S5,0.6484632850434912,487.76659402886764,west,coral,west,mangrove,wunifrac
S104,S5,0.6522305769053962,489.35238046649454,west,coral,west,mangrove,wunifrac
S105,S5,0.6274419674287057,487.5239533417484,west,coral,west,mangrove,wunifrac
S106,S5,0.44788139236025964,321.73001410241045,west,mangrove,west,mangrove,wunifrac
S107,S5,0.41981317943736557,321.3158005400374,west,mangrove,west,mangrove,wunifrac
S108,S5,0.34472265124729756,320.3158005400374,west,mangrove,west,mangrove,wunifrac
S109,S5,0.4440430981606799,319.90158697766435,west,mangrove,west,mangrove,wunifrac
S110,S5,0.3165386837805863,319.90158697766435,west,mangrove,west,mangrove,wunifrac
S7,S6,0.07098689829823122,1,west,mangrove,west,mangrove,wunifrac
S8,S6,0.0698299955071586,1,west,mangrove,west,mangrove,wunifrac
S9,S6,0.1590534255705159,1,west,mangrove,west,mangrove,wunifrac
S10,S6,0.05367878458660314,1.4142135623730951,west,mangrove,west,mangrove,wunifrac
S11,S6,0.6887213294344016,131.33809511662434,west,mangrove,west,mangrove,wunifrac
S12,S6,0.6915079715625776,132.33809511662434,west,mangrove,west,mangrove,wunifrac
S13,S6,0.7131966349880892,132.33809511662434,west,mangrove,west,mangrove,wunifrac
S14,S6,0.6860863177398067,132.75230867899745,west,mangrove,west,mangrove,wunifrac
S15,S6,0.7133602116550236,133.75230867899745,west,mangrove,west,mangrove,wunifrac
S16,S6,0.8333287893950497,140.16652224137056,west,coral,west,mangrove,wunifrac
S17,S6,0.8423146801594197,138.75230867899745,west,coral,west,mangrove,wunifrac
S18,S6,0.8592889668924216,138.75230867899745,west,coral,west,mangrove,wunifrac
S19,S6,0.8558956134704995,138.75230867899745,west,coral,west,mangrove,wunifrac
S20,S6,0.8447835945335438,140.16652224137056,west,coral,west,mangrove,wunifrac
S21,S6,0.9244123809458606,279.3086578651014,east,mangrove,west,mangrove,wunifrac
S22,S6,0.7682067760544768,279.3086578651014,east,mangrove,west,mangrove,wunifrac
S23,S6,0.8224871103613286,279.3086578651014,east,mangrove,west,mangrove,wunifrac
S24,S6,0.876074273109676,279.3086578651014,east,mangrove,west,mangrove,wunifrac
S25,S6,0.8935933590761651,279.3086578651014,east,mangrove,west,mangrove,wunifrac
S26,S6,0.9416517553085842,278.3086578651014,east,seagrass,west,mangrove,wunifrac
S27,S6,0.9228871327668661,278.3086578651014,east,seagrass,west,mangrove,wunifrac
S28,S6,0.9468667848097743,279.3086578651014,east,seagrass,west,mangrove,wunifrac
S29,S6,0.942320783671056,279.7228714274745,east,seagrass,west,mangrove,wunifrac
S30,S6,0.9304933765095313,279.7228714274745,east,seagrass,west,mangrove,wunifrac
S31,S6,0.9242188364960221,283.1370849898475,east,coral,west,mangrove,wunifrac
S32,S6,0.9425586264170388,283.1370849898475,east,coral,west,mangrove,wunifrac
S33,S6,0.9367912729842648,282.1370849898475,east,coral,west,mangrove,wunifrac
S34,S6,0.9162483319736697,282.1370849898475,east,coral,west,mangrove,wunifrac
S35,S6,0.9003904096512857,282.1370849898475,east,coral,west,mangrove,wunifrac
S36,S6,0.29461511902502524,401.9604614807094,east,mangrove,west,mangrove,wunifrac
S37,S6,0.2737436109715756,400.9604614807094,east,mangrove,west,mangrove,wunifrac
S38,S6,0.3241131477210636,399.9604614807094,east,mangrove,west,mangrove,wunifrac
S39,S6,0.30413134702916444,399.37467504308245,east,mangrove,west,mangrove,wunifrac
S40,S6,0.2724069538012253,397.9604614807094,east,mangrove,west,mangrove,wunifrac
S41,S6,0.9028811844173266,509.03152929257413,east,coral,west,mangrove,wunifrac
S42,S6,0.8747362815990729,508.617315730201,east,coral,west,mangrove,wunifrac
S43,S6,0.9086740295314869,508.617315730201,east,coral,west,mangrove,wunifrac
S44,S6,0.8811995719569341,509.617315730201,east,coral,west,mangrove,wunifrac
S45,S6,0.9067417106606623,508.617315730201,east,coral,west,mangrove,wunifrac
S46,S6,0.5904071384177016,508.03152929257413,east,mangrove,west,mangrove,wunifrac
S47,S6,0.6017386357377325,508.03152929257413,east,mangrove,west,mangrove,wunifrac
S48,S6,0.6564295213149413,508.03152929257413,east,mangrove,west,mangrove,wunifrac
S49,S6,0.720539697238225,509.03152929257413,east,mangrove,west,mangrove,wunifrac
S50,S6,0.6924674608899997,509.03152929257413,east,mangrove,west,mangrove,wunifrac
S51,S6,0.8149312088425209,574.374675043081,east,seagrass,west,mangrove,wunifrac
S52,S6,0.8306064187021315,574.374675043081,east,seagrass,west,mangrove,wunifrac
S53,S6,0.7942283684059797,574.374675043081,east,seagrass,west,mangrove,wunifrac
S54,S6,0.8043054305904136,573.374675043081,east,seagrass,west,mangrove,wunifrac
S55,S6,0.777340757457749,573.374675043081,east,seagrass,west,mangrove,wunifrac
S56,S6,0.8692306816253349,670.6782822742958,west,coral,west,mangrove,wunifrac
S57,S6,0.8700388444753249,670.6782822742958,west,coral,west,mangrove,wunifrac
S58,S6,0.8607498601891307,672.0924958366688,west,coral,west,mangrove,wunifrac
S59,S6,0.8661951241467939,671.6782822742958,west,coral,west,mangrove,wunifrac
S60,S6,0.8630198213340923,670.6782822742958,west,coral,west,mangrove,wunifrac
S61,S6,0.7966729531659604,663.7077195258187,west,mangrove,west,mangrove,wunifrac
S62,S6,0.7747889853276533,663.7077195258187,west,mangrove,west,mangrove,wunifrac
S63,S6,0.751179009667632,664.7077195258187,west,mangrove,west,mangrove,wunifrac
S64,S6,0.7599049861000079,665.1219330881918,west,mangrove,west,mangrove,wunifrac
S65,S6,0.7603844323704725,666.1219330881918,west,mangrove,west,mangrove,wunifrac
S66,S6,0.8243115281622517,690.7077195258182,west,seagrass,west,mangrove,wunifrac
S67,S6,0.8340880269666727,690.7077195258182,west,seagrass,west,mangrove,wunifrac
S68,S6,0.8253201273842815,690.7077195258182,west,seagrass,west,mangrove,wunifrac
S69,S6,0.8173020850570232,690.7077195258182,west,seagrass,west,mangrove,wunifrac
S70,S6,0.852661334963231,691.1219330881913,west,seagrass,west,mangrove,wunifrac
S71,S6,0.999917045940858,724.2569260369885,east,coral,west,mangrove,wunifrac
S73,S6,0.9360086214762842,724.2569260369885,east,coral,west,mangrove,wunifrac
S74,S6,0.9410407299850259,724.2569260369885,east,coral,west,mangrove,wunifrac
S75,S6,0.9412945065917971,724.2569260369885,east,coral,west,mangrove,wunifrac
S77,S6,0.9288426320158774,700.77164466275,east,coral,west,mangrove,wunifrac
S78,S6,0.9011693823294088,700.77164466275,east,coral,west,mangrove,wunifrac
S80,S6,0.9219678014138919,700.77164466275,east,coral,west,mangrove,wunifrac
S81,S6,0.7942572581369544,695.1564209736002,east,mangrove,west,mangrove,wunifrac
S82,S6,0.7700755856460847,695.1564209736002,east,mangrove,west,mangrove,wunifrac
S83,S6,0.7853793732579852,695.1564209736002,east,mangrove,west,mangrove,wunifrac
S84,S6,0.793923590347345,695.1564209736002,east,mangrove,west,mangrove,wunifrac
S85,S6,0.7234182027170549,695.1564209736002,east,mangrove,west,mangrove,wunifrac
S86,S6,0.7981910381640396,560.8549057834349,west,mangrove,west,mangrove,wunifrac
S87,S6,0.7790024242570041,560.8549057834349,west,mangrove,west,mangrove,wunifrac
S88,S6,0.719502511876266,560.4406922210618,west,mangrove,west,mangrove,wunifrac
S89,S6,0.697370100099537,560.4406922210618,west,mangrove,west,mangrove,wunifrac
S90,S6,0.6322925728009395,560.4406922210618,west,mangrove,west,mangrove,wunifrac
S91,S6,0.7993136808996223,544.5117600329277,west,seagrass,west,mangrove,wunifrac
S92,S6,0.8122341943260907,545.5117600329277,west,seagrass,west,mangrove,wunifrac
S93,S6,0.8216952850370057,545.5117600329277,west,seagrass,west,mangrove,wunifrac
S94,S6,0.8007481932300669,544.5117600329277,west,seagrass,west,mangrove,wunifrac
S95,S6,0.8004940800448518,544.5117600329277,west,seagrass,west,mangrove,wunifrac
S96,S6,0.8275621199771612,468.08535316173624,west,mangrove,west,mangrove,wunifrac
S97,S6,0.8051708459598076,468.08535316173624,west,mangrove,west,mangrove,wunifrac
S98,S6,0.787339570098337,468.08535316173624,west,mangrove,west,mangrove,wunifrac
S99,S6,0.7671185694923857,468.08535316173624,west,mangrove,west,mangrove,wunifrac
S100,S6,0.7420300027515956,469.08535316173624,west,mangrove,west,mangrove,wunifrac
S101,S6,0.8834007352524048,402.32799384885635,west,coral,west,mangrove,wunifrac
S102,S6,0.9009715930546611,403.5706345359756,west,coral,west,mangrove,wunifrac
S103,S6,0.8785724904934544,403.9848480983487,west,coral,west,mangrove,wunifrac
S104,S6,0.8928611328127521,405.57063453597556,west,coral,west,mangrove,wunifrac
S105,S6,0.8850304968583579,403.74220741122946,west,coral,west,mangrove,wunifrac
S106,S6,0.6992858888787974,237.94826817189116,west,mangrove,west,mangrove,wunifrac
S107,S6,0.7187173785495206,237.53405460951805,west,mangrove,west,mangrove,wunifrac
S108,S6,0.7648120795854917,236.53405460951805,west,mangrove,west,mangrove,wunifrac
S109,S6,0.7359948258351685,236.11984104714497,west,mangrove,west,mangrove,wunifrac
S110,S6,0.7850528726371954,236.11984104714497,west,mangrove,west,mangrove,wunifrac
S8,S7,0.07250852082410553,1.4142135623730951,west,mangrove,west,mangrove,wunifrac
S9,S7,0.1283241487319615,0,west,mangrove,west,mangrove,wunifrac
S10,S7,0.06001130468170346,1,west,mangrove,west,mangrove,wunifrac
S11,S7,0.6972042950213799,130.92388155425124,west,mangrove,west,mangrove,wunifrac
S12,S7,0.7011781479576772,131.92388155425124,west,mangrove,west,mangrove,wunifrac
S13,S7,0.7228442115648884,131.92388155425124,west,mangrove,west,mangrove,wunifrac
S14,S7,0.6904465114918404,132.33809511662434,west,mangrove,west,mangrove,wunifrac
S15,S7,0.7202669556281456,133.33809511662434,west,mangrove,west,mangrove,wunifrac
S16,S7,0.8393272714039318,139.75230867899745,west,coral,west,mangrove,wunifrac
S17,S7,0.848288635583085,138.33809511662434,west,coral,west,mangrove,wunifrac
S18,S7,0.8659628911731815,138.33809511662434,west,coral,west,mangrove,wunifrac
S19,S7,0.8625259794621174,138.33809511662434,west,coral,west,mangrove,wunifrac
S20,S7,0.850025198267744,139.75230867899745,west,coral,west,mangrove,wunifrac
S21,S7,0.9226442191804234,279.7228714274745,east,mangrove,west,mangrove,wunifrac
S22,S7,0.7687229780184962,279.7228714274745,east,mangrove,west,mangrove,wunifrac
S23,S7,0.8225774965364765,279.7228714274745,east,mangrove,west,mangrove,wunifrac
S24,S7,0.8777792491775387,279.7228714274745,east,mangrove,west,mangrove,wunifrac
S25,S7,0.8969594970999558,279.7228714274745,east,mangrove,west,mangrove,wunifrac
S26,S7,0.9430170052381306,278.72287142747456,east,seagrass,west,mangrove,wunifrac
S27,S7,0.9238381362642317,278.72287142747456,east,seagrass,west,mangrove,wunifrac
S28,S7,0.9456728742573044,279.7228714274745,east,seagrass,west,mangrove,wunifrac
S29,S7,0.9410036530119467,280.1370849898476,east,seagrass,west,mangrove,wunifrac
S30,S7,0.9316107087548812,280.1370849898476,east,seagrass,west,mangrove,wunifrac
S31,S7,0.9265760254666,283.55129855222054,east,coral,west,mangrove,wunifrac
S32,S7,0.9439489023582479,283.55129855222054,east,coral,west,mangrove,wunifrac
S33,S7,0.9380430470599127,282.5512985522206,east,coral,west,mangrove,wunifrac
S34,S7,0.917074639537611,282.5512985522206,east,coral,west,mangrove,wunifrac
S35,S7,0.9027238302036312,282.5512985522206,east,coral,west,mangrove,wunifrac
S36,S7,0.25352869209145285,402.37467504308245,east,mangrove,west,mangrove,wunifrac
S37,S7,0.2294024137628062,401.37467504308245,east,mangrove,west,mangrove,wunifrac
S38,S7,0.28896971138627103,400.37467504308245,east,mangrove,west,mangrove,wunifrac
S39,S7,0.2881526931761569,399.7888886054555,east,mangrove,west,mangrove,wunifrac
S40,S7,0.24223573672011264,398.37467504308245,east,mangrove,west,mangrove,wunifrac
S41,S7,0.907678123048504,509.44574285494724,east,coral,west,mangrove,wunifrac
S42,S7,0.8781645993898682,509.0315292925741,east,coral,west,mangrove,wunifrac
S43,S7,0.9134304372618915,509.0315292925741,east,coral,west,mangrove,wunifrac
S44,S7,0.8850769231811866,510.0315292925741,east,coral,west,mangrove,wunifrac
S45,S7,0.9100815274979533,509.0315292925741,east,coral,west,mangrove,wunifrac
S46,S7,0.5903495938376395,508.44574285494724,east,mangrove,west,mangrove,wunifrac
S47,S7,0.6099517305028667,508.44574285494724,east,mangrove,west,mangrove,wunifrac
S48,S7,0.6531808036153642,508.44574285494724,east,mangrove,west,mangrove,wunifrac
S49,S7,0.7199523094654162,509.44574285494724,east,mangrove,west,mangrove,wunifrac
S50,S7,0.69137623766741,509.44574285494724,east,mangrove,west,mangrove,wunifrac
S51,S7,0.818516768590573,574.788888605454,east,seagrass,west,mangrove,wunifrac
S52,S7,0.8409914352634729,574.788888605454,east,seagrass,west,mangrove,wunifrac
S53,S7,0.797741287616312,574.788888605454,east,seagrass,west,mangrove,wunifrac
S54,S7,0.8073315209037921,573.788888605454,east,seagrass,west,mangrove,wunifrac
S55,S7,0.7795926793694151,573.788888605454,east,seagrass,west,mangrove,wunifrac
S56,S7,0.8687939802171163,670.2640687119227,west,coral,west,mangrove,wunifrac
S57,S7,0.8721539291939453,670.2640687119227,west,coral,west,mangrove,wunifrac
S58,S7,0.8642505776800535,671.6782822742958,west,coral,west,mangrove,wunifrac
S59,S7,0.8678528983208567,671.2640687119227,west,coral,west,mangrove,wunifrac
S60,S7,0.8659392380704394,670.2640687119227,west,coral,west,mangrove,wunifrac
S61,S7,0.7972832928387343,663.2935059634457,west,mangrove,west,mangrove,wunifrac
S62,S7,0.7751483443591755,663.2935059634457,west,mangrove,west,mangrove,wunifrac
S63,S7,0.7537322534124814,664.2935059634457,west,mangrove,west,mangrove,wunifrac
S64,S7,0.7634224280621054,664.7077195258187,west,mangrove,west,mangrove,wunifrac
S65,S7,0.7596310946821353,665.7077195258187,west,mangrove,west,mangrove,wunifrac
S66,S7,0.8296829335782095,690.2935059634452,west,seagrass,west,mangrove,wunifrac
S67,S7,0.8344409308543591,690.2935059634452,west,seagrass,west,mangrove,wunifrac
S68,S7,0.8275259765073567,690.2935059634452,west,seagrass,west,mangrove,wunifrac
S69,S7,0.8174257134027358,690.2935059634452,west,seagrass,west,mangrove,wunifrac
S70,S7,0.8541588487016908,690.7077195258182,west,seagrass,west,mangrove,wunifrac
S71,S7,0.9999191752851948,724.6711395993616,east,coral,west,mangrove,wunifrac
S73,S7,0.9380369774818303,724.6711395993616,east,coral,west,mangrove,wunifrac
S74,S7,0.9431416152527713,724.6711395993616,east,coral,west,mangrove,wunifrac
S75,S7,0.9434074216413322,724.6711395993616,east,coral,west,mangrove,wunifrac
S77,S7,0.9326765194862652,701.1858582251231,east,coral,west,mangrove,wunifrac
S78,S7,0.9012075790808307,701.1858582251231,east,coral,west,mangrove,wunifrac
S80,S7,0.923700754701808,701.1858582251231,east,coral,west,mangrove,wunifrac
S81,S7,0.799697306356154,695.5706345359733,east,mangrove,west,mangrove,wunifrac
S82,S7,0.7749116620608191,695.5706345359733,east,mangrove,west,mangrove,wunifrac
S83,S7,0.7888436467561365,695.5706345359733,east,mangrove,west,mangrove,wunifrac
S84,S7,0.7976909057355177,695.5706345359733,east,mangrove,west,mangrove,wunifrac
S85,S7,0.7246223932999204,695.5706345359733,east,mangrove,west,mangrove,wunifrac
S86,S7,0.8009294617626711,560.4406922210618,west,mangrove,west,mangrove,wunifrac
S87,S7,0.7840041799658984,560.4406922210618,west,mangrove,west,mangrove,wunifrac
S88,S7,0.7301390415430865,560.0264786586887,west,mangrove,west,mangrove,wunifrac
S89,S7,0.7089818213702,560.0264786586887,west,mangrove,west,mangrove,wunifrac
S90,S7,0.644501276043751,560.0264786586887,west,mangrove,west,mangrove,wunifrac
S91,S7,0.8021576975347036,544.0975464705546,west,seagrass,west,mangrove,wunifrac
S92,S7,0.8146673422169173,545.0975464705546,west,seagrass,west,mangrove,wunifrac
S93,S7,0.8255405985780908,545.0975464705546,west,seagrass,west,mangrove,wunifrac
S94,S7,0.8028915448558642,544.0975464705546,west,seagrass,west,mangrove,wunifrac
S95,S7,0.8034161034392285,544.0975464705546,west,seagrass,west,mangrove,wunifrac
S96,S7,0.841646677744597,467.67113959936313,west,mangrove,west,mangrove,wunifrac
S97,S7,0.8141196765922462,467.67113959936313,west,mangrove,west,mangrove,wunifrac
S98,S7,0.7951157804752933,467.67113959936313,west,mangrove,west,mangrove,wunifrac
S99,S7,0.7712229662616262,467.67113959936313,west,mangrove,west,mangrove,wunifrac
S100,S7,0.7495008051075562,468.67113959936313,west,mangrove,west,mangrove,wunifrac
S101,S7,0.8884840262656362,401.9137802864833,west,coral,west,mangrove,wunifrac
S102,S7,0.9076201442330922,403.15642097360256,west,coral,west,mangrove,wunifrac
S103,S7,0.8775970786392253,403.5706345359756,west,coral,west,mangrove,wunifrac
S104,S7,0.900112226530689,405.1564209736025,west,coral,west,mangrove,wunifrac
S105,S7,0.884348057370009,403.32799384885635,west,coral,west,mangrove,wunifrac
S106,S7,0.6997791412058713,237.53405460951805,west,mangrove,west,mangrove,wunifrac
S107,S7,0.7202808163254107,237.11984104714497,west,mangrove,west,mangrove,wunifrac
S108,S7,0.7665068079920587,236.11984104714497,west,mangrove,west,mangrove,wunifrac
S109,S7,0.7290626695527733,235.70562748477187,west,mangrove,west,mangrove,wunifrac
S110,S7,0.7881684481832628,235.70562748477187,west,mangrove,west,mangrove,wunifrac
S9,S8,0.14158166057230714,1.4142135623730951,west,mangrove,west,mangrove,wunifrac
S10,S8,0.06979039292216431,1,west,mangrove,west,mangrove,wunifrac
S11,S8,0.6805511646829501,132.33809511662434,west,mangrove,west,mangrove,wunifrac
S12,S8,0.681873896405119,133.33809511662434,west,mangrove,west,mangrove,wunifrac
S13,S8,0.7049223675805071,133.33809511662434,west,mangrove,west,mangrove,wunifrac
S14,S8,0.6732764739132511,133.75230867899745,west,mangrove,west,mangrove,wunifrac
S15,S8,0.7016686414232584,134.75230867899745,west,mangrove,west,mangrove,wunifrac
S16,S8,0.8240629609288355,141.16652224137056,west,coral,west,mangrove,wunifrac
S17,S8,0.8295930385665666,139.75230867899745,west,coral,west,mangrove,wunifrac
S18,S8,0.8472848253282115,139.75230867899745,west,coral,west,mangrove,wunifrac
S19,S8,0.8439359167525141,139.75230867899745,west,coral,west,mangrove,wunifrac
S20,S8,0.8312258750292726,141.16652224137056,west,coral,west,mangrove,wunifrac
S21,S8,0.9186576010264409,278.3086578651014,east,mangrove,west,mangrove,wunifrac
S22,S8,0.7593445416411361,278.3086578651014,east,mangrove,west,mangrove,wunifrac
S23,S8,0.8087714374116305,278.3086578651014,east,mangrove,west,mangrove,wunifrac
S24,S8,0.8654686743723019,278.3086578651014,east,mangrove,west,mangrove,wunifrac
S25,S8,0.8793021238162411,278.3086578651014,east,mangrove,west,mangrove,wunifrac
S26,S8,0.9298872428905494,277.30865786510145,east,seagrass,west,mangrove,wunifrac
S27,S8,0.9112061402739564,277.30865786510145,east,seagrass,west,mangrove,wunifrac
S28,S8,0.9413334066259094,278.3086578651014,east,seagrass,west,mangrove,wunifrac
S29,S8,0.9367833506844141,278.72287142747456,east,seagrass,west,mangrove,wunifrac
S30,S8,0.9188995839481461,278.72287142747456,east,seagrass,west,mangrove,wunifrac
S31,S8,0.9103290992662426,282.1370849898475,east,coral,west,mangrove,wunifrac
S32,S8,0.9309874525068588,282.1370849898475,east,coral,west,mangrove,wunifrac
S33,S8,0.9246131857688595,281.13708498984755,east,coral,west,mangrove,wunifrac
S34,S8,0.9019350362280425,281.13708498984755,east,coral,west,mangrove,wunifrac
S35,S8,0.8839541800298412,281.13708498984755,east,coral,west,mangrove,wunifrac
S36,S8,0.29146137336519756,400.9604614807094,east,mangrove,west,mangrove,wunifrac
S37,S8,0.24974631036911976,399.9604614807094,east,mangrove,west,mangrove,wunifrac
S38,S8,0.3237405741628355,398.9604614807094,east,mangrove,west,mangrove,wunifrac
S39,S8,0.295979985447284,398.37467504308245,east,mangrove,west,mangrove,wunifrac
S40,S8,0.26734187842524193,396.9604614807094,east,mangrove,west,mangrove,wunifrac
S41,S8,0.893056921824148,508.03152929257413,east,coral,west,mangrove,wunifrac
S42,S8,0.8657469535607554,507.617315730201,east,coral,west,mangrove,wunifrac
S43,S8,0.8975093354430648,507.617315730201,east,coral,west,mangrove,wunifrac
S44,S8,0.8711324723177193,508.617315730201,east,coral,west,mangrove,wunifrac
S45,S8,0.8948788085427742,507.617315730201,east,coral,west,mangrove,wunifrac
S46,S8,0.5749757535954525,507.03152929257413,east,mangrove,west,mangrove,wunifrac
S47,S8,0.60519244615122,507.03152929257413,east,mangrove,west,mangrove,wunifrac
S48,S8,0.6394737650396181,507.03152929257413,east,mangrove,west,mangrove,wunifrac
S49,S8,0.7209685256450629,508.03152929257413,east,mangrove,west,mangrove,wunifrac
S50,S8,0.6844117644411822,508.03152929257413,east,mangrove,west,mangrove,wunifrac
S51,S8,0.8076601349360174,573.374675043081,east,seagrass,west,mangrove,wunifrac
S52,S8,0.8221196852428121,573.374675043081,east,seagrass,west,mangrove,wunifrac
S53,S8,0.7813210450085267,573.374675043081,east,seagrass,west,mangrove,wunifrac
S54,S8,0.7916436247194044,572.374675043081,east,seagrass,west,mangrove,wunifrac
S55,S8,0.764755400372639,572.374675043081,east,seagrass,west,mangrove,wunifrac
S56,S8,0.8526545215362629,671.6782822742958,west,coral,west,mangrove,wunifrac
S57,S8,0.8563367556811318,671.6782822742958,west,coral,west,mangrove,wunifrac
S58,S8,0.8486315920662043,673.0924958366688,west,coral,west,mangrove,wunifrac
S59,S8,0.851521957460768,672.6782822742958,west,coral,west,mangrove,wunifrac
S60,S8,0.8495816358609696,671.6782822742958,west,coral,west,mangrove,wunifrac
S61,S8,0.7832497063579495,664.7077195258187,west,mangrove,west,mangrove,wunifrac
S62,S8,0.7614012406713139,664.7077195258187,west,mangrove,west,mangrove,wunifrac
S63,S8,0.7393303602630099,665.7077195258187,west,mangrove,west,mangrove,wunifrac
S64,S8,0.7490055368265955,666.1219330881918,west,mangrove,west,mangrove,wunifrac
S65,S8,0.7467264814217087,667.1219330881918,west,mangrove,west,mangrove,wunifrac
S66,S8,0.8146147067933291,691.7077195258182,west,seagrass,west,mangrove,wunifrac
S67,S8,0.8198162222054832,691.7077195258182,west,seagrass,west,mangrove,wunifrac
S68,S8,0.8120047569206361,691.7077195258182,west,seagrass,west,mangrove,wunifrac
S69,S8,0.8027813834209575,691.7077195258182,west,seagrass,west,mangrove,wunifrac
S70,S8,0.8412333742213531,692.1219330881913,west,seagrass,west,mangrove,wunifrac
S71,S8,0.9999411750843177,723.2569260369885,east,coral,west,mangrove,wunifrac
S73,S8,0.9371620439220282,723.2569260369885,east,coral,west,mangrove,wunifrac
S74,S8,0.9369553921400643,723.2569260369885,east,coral,west,mangrove,wunifrac
S75,S8,0.9402941811798092,723.2569260369885,east,coral,west,mangrove,wunifrac
S77,S8,0.9198670787332301,699.77164466275,east,coral,west,mangrove,wunifrac
S78,S8,0.8894976912151438,699.77164466275,east,coral,west,mangrove,wunifrac
S80,S8,0.9179274645284498,699.77164466275,east,coral,west,mangrove,wunifrac
S81,S8,0.786462916586997,694.1564209736002,east,mangrove,west,mangrove,wunifrac
S82,S8,0.7601091567858117,694.1564209736002,east,mangrove,west,mangrove,wunifrac
S83,S8,0.7765309268167673,694.1564209736002,east,mangrove,west,mangrove,wunifrac
S84,S8,0.7868806930004617,694.1564209736002,east,mangrove,west,mangrove,wunifrac
S85,S8,0.7174706226451955,694.1564209736002,east,mangrove,west,mangrove,wunifrac
S86,S8,0.7864518787572025,561.8549057834349,west,mangrove,west,mangrove,wunifrac
S87,S8,0.7694887817207418,561.8549057834349,west,mangrove,west,mangrove,wunifrac
S88,S8,0.7225171213209025,561.4406922210618,west,mangrove,west,mangrove,wunifrac
S89,S8,0.704408167737376,561.4406922210618,west,mangrove,west,mangrove,wunifrac
S90,S8,0.6408425905296873,561.4406922210618,west,mangrove,west,mangrove,wunifrac
S91,S8,0.7846212850080754,545.5117600329277,west,seagrass,west,mangrove,wunifrac
S92,S8,0.79583923613047,546.5117600329277,west,seagrass,west,mangrove,wunifrac
S93,S8,0.8094982166440656,546.5117600329277,west,seagrass,west,mangrove,wunifrac
S94,S8,0.789659909076092,545.5117600329277,west,seagrass,west,mangrove,wunifrac
S95,S8,0.7882088133056215,545.5117600329277,west,seagrass,west,mangrove,wunifrac
S96,S8,0.8282066644744672,469.08535316173624,west,mangrove,west,mangrove,wunifrac
S97,S8,0.7978205286329431,469.08535316173624,west,mangrove,west,mangrove,wunifrac
S98,S8,0.778265939959838,469.08535316173624,west,mangrove,west,mangrove,wunifrac
S99,S8,0.7603453703466203,469.08535316173624,west,mangrove,west,mangrove,wunifrac
S100,S8,0.7391497372068105,470.08535316173624,west,mangrove,west,mangrove,wunifrac
S101,S8,0.8790301342029507,403.32799384885635,west,coral,west,mangrove,wunifrac
S102,S8,0.8895053841975664,404.5706345359756,west,coral,west,mangrove,wunifrac
S103,S8,0.8639007106977266,404.9848480983487,west,coral,west,mangrove,wunifrac
S104,S8,0.881857323902195,406.57063453597556,west,coral,west,mangrove,wunifrac
S105,S8,0.8709523453288693,404.74220741122946,west,coral,west,mangrove,wunifrac
S106,S8,0.6887630809608577,238.94826817189116,west,mangrove,west,mangrove,wunifrac
S107,S8,0.7092450125014285,238.53405460951805,west,mangrove,west,mangrove,wunifrac
S108,S8,0.7544724289701705,237.53405460951805,west,mangrove,west,mangrove,wunifrac
S109,S8,0.7195105829071348,237.11984104714497,west,mangrove,west,mangrove,wunifrac
S110,S8,0.7776765200757155,237.11984104714497,west,mangrove,west,mangrove,wunifrac
S10,S9,0.13079678111095466,1,west,mangrove,west,mangrove,wunifrac
S11,S9,0.6495799064411324,130.92388155425124,west,mangrove,west,mangrove,wunifrac
S12,S9,0.6507608968274593,131.92388155425124,west,mangrove,west,mangrove,wunifrac
S13,S9,0.6751366854902906,131.92388155425124,west,mangrove,west,mangrove,wunifrac
S14,S9,0.6417205488892771,132.33809511662434,west,mangrove,west,mangrove,wunifrac
S15,S9,0.6728359559473012,133.33809511662434,west,mangrove,west,mangrove,wunifrac
S16,S9,0.8043545011637486,139.75230867899745,west,coral,west,mangrove,wunifrac
S17,S9,0.8100861590992733,138.33809511662434,west,coral,west,mangrove,wunifrac
S18,S9,0.8274550517820838,138.33809511662434,west,coral,west,mangrove,wunifrac
S19,S9,0.8241519189633167,138.33809511662434,west,coral,west,mangrove,wunifrac
S20,S9,0.8108394189865409,139.75230867899745,west,coral,west,mangrove,wunifrac
S21,S9,0.9169817610886979,279.7228714274745,east,mangrove,west,mangrove,wunifrac
S22,S9,0.7344573843095132,279.7228714274745,east,mangrove,west,mangrove,wunifrac
S23,S9,0.7877593608077813,279.7228714274745,east,mangrove,west,mangrove,wunifrac
S24,S9,0.8483759269998848,279.7228714274745,east,mangrove,west,mangrove,wunifrac
S25,S9,0.8670446874927251,279.7228714274745,east,mangrove,west,mangrove,wunifrac
S26,S9,0.9188783445114104,278.72287142747456,east,seagrass,west,mangrove,wunifrac
S27,S9,0.8990119899763569,278.72287142747456,east,seagrass,west,mangrove,wunifrac
S28,S9,0.9410865674401476,279.7228714274745,east,seagrass,west,mangrove,wunifrac
S29,S9,0.9361945204210651,280.1370849898476,east,seagrass,west,mangrove,wunifrac
S30,S9,0.9071715070222849,280.1370849898476,east,seagrass,west,mangrove,wunifrac
S31,S9,0.8979284431523085,283.55129855222054,east,coral,west,mangrove,wunifrac
S32,S9,0.9199200279499014,283.55129855222054,east,coral,west,mangrove,wunifrac
S33,S9,0.9132551568946228,282.5512985522206,east,coral,west,mangrove,wunifrac
S34,S9,0.8878228283200328,282.5512985522206,east,coral,west,mangrove,wunifrac
S35,S9,0.8722842800596019,282.5512985522206,east,coral,west,mangrove,wunifrac
S36,S9,0.21772579446922757,402.37467504308245,east,mangrove,west,mangrove,wunifrac
S37,S9,0.21130858050899654,401.37467504308245,east,mangrove,west,mangrove,wunifrac
S38,S9,0.2567900355637189,400.37467504308245,east,mangrove,west,mangrove,wunifrac
S39,S9,0.2680082795598216,399.7888886054555,east,mangrove,west,mangrove,wunifrac
S40,S9,0.187365755451293,398.37467504308245,east,mangrove,west,mangrove,wunifrac
S41,S9,0.879094528003696,509.44574285494724,east,coral,west,mangrove,wunifrac
S42,S9,0.8447888556894813,509.0315292925741,east,coral,west,mangrove,wunifrac
S43,S9,0.8834190146718371,509.0315292925741,east,coral,west,mangrove,wunifrac
S44,S9,0.8546971340798848,510.0315292925741,east,coral,west,mangrove,wunifrac
S45,S9,0.8800319730393186,509.0315292925741,east,coral,west,mangrove,wunifrac
S46,S9,0.5358829977004922,508.44574285494724,east,mangrove,west,mangrove,wunifrac
S47,S9,0.571417264661527,508.44574285494724,east,mangrove,west,mangrove,wunifrac
S48,S9,0.607736672617877,508.44574285494724,east,mangrove,west,mangrove,wunifrac
S49,S9,0.6911956054928505,509.44574285494724,east,mangrove,west,mangrove,wunifrac
S50,S9,0.6557224625773456,509.44574285494724,east,mangrove,west,mangrove,wunifrac
S51,S9,0.7895218988458336,574.788888605454,east,seagrass,west,mangrove,wunifrac
S52,S9,0.8014725410224297,574.788888605454,east,seagrass,west,mangrove,wunifrac
S53,S9,0.7586979986837914,574.788888605454,east,seagrass,west,mangrove,wunifrac
S54,S9,0.7712567777170205,573.788888605454,east,seagrass,west,mangrove,wunifrac
S55,S9,0.7423545443454633,573.788888605454,east,seagrass,west,mangrove,wunifrac
S56,S9,0.8366924646763547,670.2640687119227,west,coral,west,mangrove,wunifrac
S57,S9,0.8396541124323765,670.2640687119227,west,coral,west,mangrove,wunifrac
S58,S9,0.8314408363824607,671.6782822742958,west,coral,west,mangrove,wunifrac
S59,S9,0.8340719151778999,671.2640687119227,west,coral,west,mangrove,wunifrac
S60,S9,0.833841134629761,670.2640687119227,west,coral,west,mangrove,wunifrac
S61,S9,0.7595036995397372,663.2935059634457,west,mangrove,west,mangrove,wunifrac
S62,S9,0.7356071190546205,663.2935059634457,west,mangrove,west,mangrove,wunifrac
S63,S9,0.7124712369803883,664.2935059634457,west,mangrove,west,mangrove,wunifrac
S64,S9,0.7219619442127722,664.7077195258187,west,mangrove,west,mangrove,wunifrac
S65,S9,0.7215420080812687,665.7077195258187,west,mangrove,west,mangrove,wunifrac
S66,S9,0.7904323804767239,690.2935059634452,west,seagrass,west,mangrove,wunifrac
S67,S9,0.797127779254394,690.2935059634452,west,seagrass,west,mangrove,wunifrac
S68,S9,0.7883509566210046,690.2935059634452,west,seagrass,west,mangrove,wunifrac
S69,S9,0.7801603994077981,690.2935059634452,west,seagrass,west,mangrove,wunifrac
S70,S9,0.8200082985713191,690.7077195258182,west,seagrass,west,mangrove,wunifrac
S71,S9,0.9999390190818108,724.6711395993616,east,coral,west,mangrove,wunifrac
S73,S9,0.9247879913636096,724.6711395993616,east,coral,west,mangrove,wunifrac
S74,S9,0.9225512691516633,724.6711395993616,east,coral,west,mangrove,wunifrac
S75,S9,0.927775817835505,724.6711395993616,east,coral,west,mangrove,wunifrac
S77,S9,0.9071871181595301,701.1858582251231,east,coral,west,mangrove,wunifrac
S78,S9,0.8726579056906734,701.1858582251231,east,coral,west,mangrove,wunifrac
S80,S9,0.9073378482949584,701.1858582251231,east,coral,west,mangrove,wunifrac
S81,S9,0.7603293353285396,695.5706345359733,east,mangrove,west,mangrove,wunifrac
S82,S9,0.7329115154871576,695.5706345359733,east,mangrove,west,mangrove,wunifrac
S83,S9,0.7521707188327665,695.5706345359733,east,mangrove,west,mangrove,wunifrac
S84,S9,0.7601735547701978,695.5706345359733,east,mangrove,west,mangrove,wunifrac
S85,S9,0.6873893264322531,695.5706345359733,east,mangrove,west,mangrove,wunifrac
S86,S9,0.7659604035537569,560.4406922210618,west,mangrove,west,mangrove,wunifrac
S87,S9,0.7463871310147577,560.4406922210618,west,mangrove,west,mangrove,wunifrac
S88,S9,0.690094117693665,560.0264786586887,west,mangrove,west,mangrove,wunifrac
S89,S9,0.6732263250024094,560.0264786586887,west,mangrove,west,mangrove,wunifrac
S90,S9,0.6109652870720589,560.0264786586887,west,mangrove,west,mangrove,wunifrac
S91,S9,0.7625321120566156,544.0975464705546,west,seagrass,west,mangrove,wunifrac
S92,S9,0.7757576718468339,545.0975464705546,west,seagrass,west,mangrove,wunifrac
S93,S9,0.7880051643782735,545.0975464705546,west,seagrass,west,mangrove,wunifrac
S94,S9,0.7671928626688819,544.0975464705546,west,seagrass,west,mangrove,wunifrac
S95,S9,0.7661217788068065,544.0975464705546,west,seagrass,west,mangrove,wunifrac
S96,S9,0.8030893809425084,467.67113959936313,west,mangrove,west,mangrove,wunifrac
S97,S9,0.7706969938480255,467.67113959936313,west,mangrove,west,mangrove,wunifrac
S98,S9,0.750940855766655,467.67113959936313,west,mangrove,west,mangrove,wunifrac
S99,S9,0.7318638758329654,467.67113959936313,west,mangrove,west,mangrove,wunifrac
S100,S9,0.710013892748132,468.67113959936313,west,mangrove,west,mangrove,wunifrac
S101,S9,0.8620864735057093,401.9137802864833,west,coral,west,mangrove,wunifrac
S102,S9,0.8732325930700471,403.15642097360256,west,coral,west,mangrove,wunifrac
S103,S9,0.8455673930377614,403.5706345359756,west,coral,west,mangrove,wunifrac
S104,S9,0.8650397387453737,405.1564209736025,west,coral,west,mangrove,wunifrac
S105,S9,0.853283569625287,403.32799384885635,west,coral,west,mangrove,wunifrac
S106,S9,0.65905715979972,237.53405460951805,west,mangrove,west,mangrove,wunifrac
S107,S9,0.6791686493711101,237.11984104714497,west,mangrove,west,mangrove,wunifrac
S108,S9,0.7283270836671651,236.11984104714497,west,mangrove,west,mangrove,wunifrac
S109,S9,0.6921722666905437,235.70562748477187,west,mangrove,west,mangrove,wunifrac
S110,S9,0.752249244598404,235.70562748477187,west,mangrove,west,mangrove,wunifrac
S11,S10,0.6831212672961469,131.92388155425124,west,mangrove,west,mangrove,wunifrac
S12,S10,0.6885435377146291,132.92388155425124,west,mangrove,west,mangrove,wunifrac
S13,S10,0.7105229003657677,132.92388155425124,west,mangrove,west,mangrove,wunifrac
S14,S10,0.6797098543231249,133.33809511662434,west,mangrove,west,mangrove,wunifrac
S15,S10,0.707455851374531,134.33809511662434,west,mangrove,west,mangrove,wunifrac
S16,S10,0.8265250056924918,140.75230867899745,west,coral,west,mangrove,wunifrac
S17,S10,0.8350732202802487,139.33809511662434,west,coral,west,mangrove,wunifrac
S18,S10,0.8537842773350147,139.33809511662434,west,coral,west,mangrove,wunifrac
S19,S10,0.8504228081362853,139.33809511662434,west,coral,west,mangrove,wunifrac
S20,S10,0.8380710109639689,140.75230867899745,west,coral,west,mangrove,wunifrac
S21,S10,0.9238111958271121,278.72287142747456,east,mangrove,west,mangrove,wunifrac
S22,S10,0.7597797684487412,278.72287142747456,east,mangrove,west,mangrove,wunifrac
S23,S10,0.8161601333542959,278.72287142747456,east,mangrove,west,mangrove,wunifrac
S24,S10,0.8694542596604911,278.72287142747456,east,mangrove,west,mangrove,wunifrac
S25,S10,0.8887710605234408,278.72287142747456,east,mangrove,west,mangrove,wunifrac
S26,S10,0.933827159137973,277.72287142747456,east,seagrass,west,mangrove,wunifrac
S27,S10,0.9148790926681835,277.72287142747456,east,seagrass,west,mangrove,wunifrac
S28,S10,0.9464869881382049,278.72287142747456,east,seagrass,west,mangrove,wunifrac
S29,S10,0.9418941601274705,279.1370849898476,east,seagrass,west,mangrove,wunifrac
S30,S10,0.9225726700843018,279.1370849898476,east,seagrass,west,mangrove,wunifrac
S31,S10,0.9174173582342143,282.5512985522206,east,coral,west,mangrove,wunifrac
S32,S10,0.9347147062803534,282.5512985522206,east,coral,west,mangrove,wunifrac
S33,S10,0.9282934161834457,281.5512985522206,east,coral,west,mangrove,wunifrac
S34,S10,0.9072451169716572,281.5512985522206,east,coral,west,mangrove,wunifrac
S35,S10,0.8914731909931959,281.5512985522206,east,coral,west,mangrove,wunifrac
S36,S10,0.2720473445368219,401.37467504308245,east,mangrove,west,mangrove,wunifrac
S37,S10,0.2626966161926325,400.37467504308245,east,mangrove,west,mangrove,wunifrac
S38,S10,0.3067386997885451,399.37467504308245,east,mangrove,west,mangrove,wunifrac
S39,S10,0.3006949558015058,398.7888886054555,east,mangrove,west,mangrove,wunifrac
S40,S10,0.25061897626295626,397.37467504308245,east,mangrove,west,mangrove,wunifrac
S41,S10,0.8982832398408164,508.44574285494724,east,coral,west,mangrove,wunifrac
S42,S10,0.8703233333969838,508.0315292925741,east,coral,west,mangrove,wunifrac
S43,S10,0.901440789955451,508.0315292925741,east,coral,west,mangrove,wunifrac
S44,S10,0.8756959657081506,509.0315292925741,east,coral,west,mangrove,wunifrac
S45,S10,0.899026594204766,508.0315292925741,east,coral,west,mangrove,wunifrac
S46,S10,0.5796791665786684,507.44574285494724,east,mangrove,west,mangrove,wunifrac
S47,S10,0.5932009817421794,507.44574285494724,east,mangrove,west,mangrove,wunifrac
S48,S10,0.6502407567713896,507.44574285494724,east,mangrove,west,mangrove,wunifrac
S49,S10,0.71202449080353,508.44574285494724,east,mangrove,west,mangrove,wunifrac
S50,S10,0.6867618193112822,508.44574285494724,east,mangrove,west,mangrove,wunifrac
S51,S10,0.8110651073808912,573.788888605454,east,seagrass,west,mangrove,wunifrac
S52,S10,0.8265048453839827,573.788888605454,east,seagrass,west,mangrove,wunifrac
S53,S10,0.7903020938079328,573.788888605454,east,seagrass,west,mangrove,wunifrac
S54,S10,0.800284353694816,572.788888605454,east,seagrass,west,mangrove,wunifrac
S55,S10,0.773659163180143,572.788888605454,east,seagrass,west,mangrove,wunifrac
S56,S10,0.8622739973347199,671.2640687119227,west,coral,west,mangrove,wunifrac
S57,S10,0.8637277091255134,671.2640687119227,west,coral,west,mangrove,wunifrac
S58,S10,0.8553064626431471,672.6782822742958,west,coral,west,mangrove,wunifrac
S59,S10,0.8591383195719751,672.2640687119227,west,coral,west,mangrove,wunifrac
S60,S10,0.8566629841182996,671.2640687119227,west,coral,west,mangrove,wunifrac
S61,S10,0.7914633895767667,664.2935059634457,west,mangrove,west,mangrove,wunifrac
S62,S10,0.7677623558899119,664.2935059634457,west,mangrove,west,mangrove,wunifrac
S63,S10,0.7455602704572843,665.2935059634457,west,mangrove,west,mangrove,wunifrac
S64,S10,0.7544755595116539,665.7077195258187,west,mangrove,west,mangrove,wunifrac
S65,S10,0.7549278973527244,666.7077195258187,west,mangrove,west,mangrove,wunifrac
S66,S10,0.8175733682254632,691.2935059634452,west,seagrass,west,mangrove,wunifrac
S67,S10,0.8292929546536939,691.2935059634452,west,seagrass,west,mangrove,wunifrac
S68,S10,0.8203892044144089,691.2935059634452,west,seagrass,west,mangrove,wunifrac
S69,S10,0.8117639318839901,691.2935059634452,west,seagrass,west,mangrove,wunifrac
S70,S10,0.848017809893932,691.7077195258182,west,seagrass,west,mangrove,wunifrac
S71,S10,0.9999999999999997,723.6711395993616,east,coral,west,mangrove,wunifrac
S73,S10,0.9280687724511968,723.6711395993616,east,coral,west,mangrove,wunifrac
S74,S10,0.9323982025925793,723.6711395993616,east,coral,west,mangrove,wunifrac
S75,S10,0.9336461841224691,723.6711395993616,east,coral,west,mangrove,wunifrac
S77,S10,0.9201888643493389,700.1858582251231,east,coral,west,mangrove,wunifrac
S78,S10,0.8933782587204209,700.1858582251231,east,coral,west,mangrove,wunifrac
S80,S10,0.9138390860303185,700.1858582251231,east,coral,west,mangrove,wunifrac
S81,S10,0.7891353004108225,694.5706345359733,east,mangrove,west,mangrove,wunifrac
S82,S10,0.7655903407654965,694.5706345359733,east,mangrove,west,mangrove,wunifrac
S83,S10,0.7814590820638746,694.5706345359733,east,mangrove,west,mangrove,wunifrac
S84,S10,0.7894937907858139,694.5706345359733,east,mangrove,west,mangrove,wunifrac
S85,S10,0.7185627868029949,694.5706345359733,east,mangrove,west,mangrove,wunifrac
S86,S10,0.7922538092783594,561.4406922210618,west,mangrove,west,mangrove,wunifrac
S87,S10,0.7737894922081363,561.4406922210618,west,mangrove,west,mangrove,wunifrac
S88,S10,0.7127185065860628,561.0264786586887,west,mangrove,west,mangrove,wunifrac
S89,S10,0.6902758094046008,561.0264786586887,west,mangrove,west,mangrove,wunifrac
S90,S10,0.6295147050479868,561.0264786586887,west,mangrove,west,mangrove,wunifrac
S91,S10,0.7928687168412311,545.0975464705546,west,seagrass,west,mangrove,wunifrac
S92,S10,0.8049097819254302,546.0975464705546,west,seagrass,west,mangrove,wunifrac
S93,S10,0.8128417188736496,546.0975464705546,west,seagrass,west,mangrove,wunifrac
S94,S10,0.7922778512366991,545.0975464705546,west,seagrass,west,mangrove,wunifrac
S95,S10,0.793399351248892,545.0975464705546,west,seagrass,west,mangrove,wunifrac
S96,S10,0.8267671889580457,468.67113959936313,west,mangrove,west,mangrove,wunifrac
S97,S10,0.8007793178674257,468.67113959936313,west,mangrove,west,mangrove,wunifrac
S98,S10,0.7827570837513845,468.67113959936313,west,mangrove,west,mangrove,wunifrac
S99,S10,0.7644093674820643,468.67113959936313,west,mangrove,west,mangrove,wunifrac
S100,S10,0.7400882312801224,469.67113959936313,west,mangrove,west,mangrove,wunifrac
S101,S10,0.8785147569179188,402.9137802864833,west,coral,west,mangrove,wunifrac
S102,S10,0.8924003468185708,404.15642097360256,west,coral,west,mangrove,wunifrac
S103,S10,0.8686996393926426,404.5706345359756,west,coral,west,mangrove,wunifrac
S104,S10,0.8854725096562216,406.1564209736025,west,coral,west,mangrove,wunifrac
S105,S10,0.8760508537478227,404.32799384885635,west,coral,west,mangrove,wunifrac
S106,S10,0.6935947465756256,238.53405460951805,west,mangrove,west,mangrove,wunifrac
S107,S10,0.7131403534961023,238.11984104714497,west,mangrove,west,mangrove,wunifrac
S108,S10,0.7599995406320311,237.11984104714497,west,mangrove,west,mangrove,wunifrac
S109,S10,0.7281383275730339,236.70562748477187,west,mangrove,west,mangrove,wunifrac
S110,S10,0.777766188693359,236.70562748477187,west,mangrove,west,mangrove,wunifrac
S12,S11,0.11873223600056557,1,west,mangrove,west,mangrove,wunifrac
S13,S11,0.13260704240955395,1,west,mangrove,west,mangrove,wunifrac
S14,S11,0.11365101162972291,1.4142135623730951,west,mangrove,west,mangrove,wunifrac
S15,S11,0.12186430713431513,2.414213562373095,west,mangrove,west,mangrove,wunifrac
S16,S11,0.36477479571564847,8.828427124746192,west,coral,west,mangrove,wunifrac
S17,S11,0.4132017594470819,7.414213562373096,west,coral,west,mangrove,wunifrac
S18,S11,0.487205009796475,7.414213562373096,west,coral,west,mangrove,wunifrac
S19,S11,0.48745501044988127,7.414213562373096,west,coral,west,mangrove,wunifrac
S20,S11,0.41046778990028604,8.828427124746192,west,coral,west,mangrove,wunifrac
S21,S11,0.877032013289219,410.64675298172335,east,mangrove,west,mangrove,wunifrac
S22,S11,0.34944053077872683,410.64675298172335,east,mangrove,west,mangrove,wunifrac
S23,S11,0.5433300135500838,410.64675298172335,east,mangrove,west,mangrove,wunifrac
S24,S11,0.5669849600362877,410.64675298172335,east,mangrove,west,mangrove,wunifrac
S25,S11,0.5939115396276896,410.64675298172335,east,mangrove,west,mangrove,wunifrac
S26,S11,0.8172417982373369,409.6467529817234,east,seagrass,west,mangrove,wunifrac
S27,S11,0.7116197393265093,409.6467529817234,east,seagrass,west,mangrove,wunifrac
S28,S11,0.8949008087440928,410.64675298172335,east,seagrass,west,mangrove,wunifrac
S29,S11,0.8923680156629687,411.06096654409646,east,seagrass,west,mangrove,wunifrac
S30,S11,0.7080639895455417,411.06096654409646,east,seagrass,west,mangrove,wunifrac
S31,S11,0.6908723358520013,414.4751801064695,east,coral,west,mangrove,wunifrac
S32,S11,0.8064994490655094,414.4751801064695,east,coral,west,mangrove,wunifrac
S33,S11,0.7550465195286954,413.4751801064695,east,coral,west,mangrove,wunifrac
S34,S11,0.7771547226932624,413.4751801064695,east,coral,west,mangrove,wunifrac
S35,S11,0.6512404653899999,413.4751801064695,east,coral,west,mangrove,wunifrac
S36,S11,0.7005495106244713,533.2985565973321,east,mangrove,west,mangrove,wunifrac
S37,S11,0.7145512677424982,532.2985565973321,east,mangrove,west,mangrove,wunifrac
S38,S11,0.70012674157983,531.2985565973321,east,mangrove,west,mangrove,wunifrac
S39,S11,0.7211919082495072,530.7127701597052,east,mangrove,west,mangrove,wunifrac
S40,S11,0.6727229401017746,529.2985565973321,east,mangrove,west,mangrove,wunifrac
S41,S11,0.644875364704439,640.369624409197,east,coral,west,mangrove,wunifrac
S42,S11,0.5926291575326909,639.9554108468238,east,coral,west,mangrove,wunifrac
S43,S11,0.6575921512292956,639.9554108468238,east,coral,west,mangrove,wunifrac
S44,S11,0.5934330431675398,640.9554108468238,east,coral,west,mangrove,wunifrac
S45,S11,0.6394911364932274,639.9554108468238,east,coral,west,mangrove,wunifrac
S46,S11,0.37025523410424177,639.369624409197,east,mangrove,west,mangrove,wunifrac
S47,S11,0.4324662143507006,639.369624409197,east,mangrove,west,mangrove,wunifrac
S48,S11,0.3250571738217112,639.369624409197,east,mangrove,west,mangrove,wunifrac
S49,S11,0.40025296561360807,640.369624409197,east,mangrove,west,mangrove,wunifrac
S50,S11,0.3501289145081568,640.369624409197,east,mangrove,west,mangrove,wunifrac
S51,S11,0.4483316858958475,705.7127701597037,east,seagrass,west,mangrove,wunifrac
S52,S11,0.46762116919331903,705.7127701597037,east,seagrass,west,mangrove,wunifrac
S53,S11,0.39193100202808023,705.7127701597037,east,seagrass,west,mangrove,wunifrac
S54,S11,0.379192073249915,704.7127701597037,east,seagrass,west,mangrove,wunifrac
S55,S11,0.35882584063400563,704.7127701597037,east,seagrass,west,mangrove,wunifrac
S56,S11,0.6443345367474703,539.3401871576731,west,coral,west,mangrove,wunifrac
S57,S11,0.6138462626912798,539.3401871576731,west,coral,west,mangrove,wunifrac
S58,S11,0.6091314767080418,540.7544007200461,west,coral,west,mangrove,wunifrac
S59,S11,0.6354443568412633,540.3401871576731,west,coral,west,mangrove,wunifrac
S60,S11,0.6349676765194004,539.3401871576731,west,coral,west,mangrove,wunifrac
S61,S11,0.5110480606691592,532.3696244091959,west,mangrove,west,mangrove,wunifrac
S62,S11,0.5141876250667129,532.3696244091959,west,mangrove,west,mangrove,wunifrac
S63,S11,0.49164521673094214,533.3696244091959,west,mangrove,west,mangrove,wunifrac
S64,S11,0.49046481949885723,533.783837971569,west,mangrove,west,mangrove,wunifrac
S65,S11,0.47844182860234785,534.783837971569,west,mangrove,west,mangrove,wunifrac
S66,S11,0.6180095528336625,559.3696244091955,west,seagrass,west,mangrove,wunifrac
S67,S11,0.6117461266130114,559.3696244091955,west,seagrass,west,mangrove,wunifrac
S68,S11,0.6012713441960774,559.3696244091955,west,seagrass,west,mangrove,wunifrac
S69,S11,0.5647563243895818,559.3696244091955,west,seagrass,west,mangrove,wunifrac
S70,S11,0.6393165262177848,559.7838379715686,west,seagrass,west,mangrove,wunifrac
S71,S11,0.997215966969998,855.5950211536112,east,coral,west,mangrove,wunifrac
S73,S11,0.8506410021635714,855.5950211536112,east,coral,west,mangrove,wunifrac
S74,S11,0.753004468883785,855.5950211536112,east,coral,west,mangrove,wunifrac
S75,S11,0.7860254745619835,855.5950211536112,east,coral,west,mangrove,wunifrac
S77,S11,0.7360491298614017,832.1097397793727,east,coral,west,mangrove,wunifrac
S78,S11,0.7187302072988577,832.1097397793727,east,coral,west,mangrove,wunifrac
S80,S11,0.7908593469054488,832.1097397793727,east,coral,west,mangrove,wunifrac
S81,S11,0.42977977577215826,826.494516090223,east,mangrove,west,mangrove,wunifrac
S82,S11,0.40296984702739147,826.494516090223,east,mangrove,west,mangrove,wunifrac
S83,S11,0.4097251682434325,826.494516090223,east,mangrove,west,mangrove,wunifrac
S84,S11,0.43062145143323294,826.494516090223,east,mangrove,west,mangrove,wunifrac
S85,S11,0.3790648517966798,826.494516090223,east,mangrove,west,mangrove,wunifrac
S86,S11,0.5536624213888325,429.51681066681215,west,mangrove,west,mangrove,wunifrac
S87,S11,0.49400275793182946,429.51681066681215,west,mangrove,west,mangrove,wunifrac
S88,S11,0.44549921396199893,429.1025971044391,west,mangrove,west,mangrove,wunifrac
S89,S11,0.49498902234690195,429.1025971044391,west,mangrove,west,mangrove,wunifrac
S90,S11,0.520244570280127,429.1025971044391,west,mangrove,west,mangrove,wunifrac
S91,S11,0.4173035616426511,413.17366491630486,west,seagrass,west,mangrove,wunifrac
S92,S11,0.476798912294145,414.1736649163048,west,seagrass,west,mangrove,wunifrac
S93,S11,0.5113371018831673,414.1736649163048,west,seagrass,west,mangrove,wunifrac
S94,S11,0.49485755094729644,413.17366491630486,west,seagrass,west,mangrove,wunifrac
S95,S11,0.39396781153692495,413.17366491630486,west,seagrass,west,mangrove,wunifrac
S96,S11,0.6653482861363115,336.7472580451135,west,mangrove,west,mangrove,wunifrac
S97,S11,0.6429499835592329,336.7472580451135,west,mangrove,west,mangrove,wunifrac
S98,S11,0.5730809546064897,336.7472580451135,west,mangrove,west,mangrove,wunifrac
S99,S11,0.5335674744248463,336.7472580451135,west,mangrove,west,mangrove,wunifrac
S100,S11,0.5082789323674034,337.7472580451135,west,mangrove,west,mangrove,wunifrac
S101,S11,0.6586776133636439,270.98989873223366,west,coral,west,mangrove,wunifrac
S102,S11,0.6973386245099267,272.232539419353,west,coral,west,mangrove,wunifrac
S103,S11,0.7456059297974966,272.646752981726,west,coral,west,mangrove,wunifrac
S104,S11,0.7221515408697271,274.2325394193529,west,coral,west,mangrove,wunifrac
S105,S11,0.6533607375239171,272.40411229460676,west,coral,west,mangrove,wunifrac
S106,S11,0.48900921599818414,106.6101730552665,west,mangrove,west,mangrove,wunifrac
S107,S11,0.5090106580015903,106.1959594928934,west,mangrove,west,mangrove,wunifrac
S108,S11,0.4997505385858506,105.1959594928934,west,mangrove,west,mangrove,wunifrac
S109,S11,0.5934064439101994,104.78174593052029,west,mangrove,west,mangrove,wunifrac
S110,S11,0.5215617872952995,104.78174593052029,west,mangrove,west,mangrove,wunifrac
S13,S12,0.10984749020075454,0,west,mangrove,west,mangrove,wunifrac
S14,S12,0.10719453872751183,1,west,mangrove,west,mangrove,wunifrac
S15,S12,0.10010005749642056,1.4142135623730951,west,mangrove,west,mangrove,wunifrac
S16,S12,0.3458443965314833,7.82842712474619,west,coral,west,mangrove,wunifrac
S17,S12,0.38677634935244926,6.414213562373096,west,coral,west,mangrove,wunifrac
S18,S12,0.4632562227848092,6.414213562373096,west,coral,west,mangrove,wunifrac
S19,S12,0.45289978636015576,6.414213562373096,west,coral,west,mangrove,wunifrac
S20,S12,0.3807546866996415,7.82842712474619,west,coral,west,mangrove,wunifrac
S21,S12,0.8594853782868174,411.64675298172335,east,mangrove,west,mangrove,wunifrac
S22,S12,0.36542306440802635,411.64675298172335,east,mangrove,west,mangrove,wunifrac
S23,S12,0.5595050063665193,411.64675298172335,east,mangrove,west,mangrove,wunifrac
S24,S12,0.5421819857331962,411.64675298172335,east,mangrove,west,mangrove,wunifrac
S25,S12,0.5627997616845191,411.64675298172335,east,mangrove,west,mangrove,wunifrac
S26,S12,0.8001984170822898,410.64675298172335,east,seagrass,west,mangrove,wunifrac
S27,S12,0.673014803771885,410.64675298172335,east,seagrass,west,mangrove,wunifrac
S28,S12,0.8766094316786399,411.64675298172335,east,seagrass,west,mangrove,wunifrac
S29,S12,0.8737775124560895,412.0609665440964,east,seagrass,west,mangrove,wunifrac
S30,S12,0.670047658007127,412.0609665440964,east,seagrass,west,mangrove,wunifrac
S31,S12,0.6594949304659482,415.47518010646945,east,coral,west,mangrove,wunifrac
S32,S12,0.7885234281646706,415.47518010646945,east,coral,west,mangrove,wunifrac
S33,S12,0.7254078937789159,414.4751801064695,east,coral,west,mangrove,wunifrac
S34,S12,0.759223735007021,414.4751801064695,east,coral,west,mangrove,wunifrac
S35,S12,0.6295602373606156,414.4751801064695,east,coral,west,mangrove,wunifrac
S36,S12,0.7009960251204111,534.2985565973321,east,mangrove,west,mangrove,wunifrac
S37,S12,0.7173111973375726,533.2985565973321,east,mangrove,west,mangrove,wunifrac
S38,S12,0.7007393195719835,532.2985565973321,east,mangrove,west,mangrove,wunifrac
S39,S12,0.7140658194109398,531.7127701597052,east,mangrove,west,mangrove,wunifrac
S40,S12,0.6745031671864327,530.2985565973321,east,mangrove,west,mangrove,wunifrac
S41,S12,0.6074840698347002,641.369624409197,east,coral,west,mangrove,wunifrac
S42,S12,0.5595726228155364,640.9554108468238,east,coral,west,mangrove,wunifrac
S43,S12,0.6242517629850028,640.9554108468238,east,coral,west,mangrove,wunifrac
S44,S12,0.5565869770472839,641.9554108468238,east,coral,west,mangrove,wunifrac
S45,S12,0.6040661874011937,640.9554108468238,east,coral,west,mangrove,wunifrac
S46,S12,0.37927027791412576,640.369624409197,east,mangrove,west,mangrove,wunifrac
S47,S12,0.4380466590094817,640.369624409197,east,mangrove,west,mangrove,wunifrac
S48,S12,0.34865986434640606,640.369624409197,east,mangrove,west,mangrove,wunifrac
S49,S12,0.43133637214992593,641.369624409197,east,mangrove,west,mangrove,wunifrac
S50,S12,0.4075482781277239,641.369624409197,east,mangrove,west,mangrove,wunifrac
S51,S12,0.4346675121247969,706.7127701597037,east,seagrass,west,mangrove,wunifrac
S52,S12,0.4564033146271957,706.7127701597037,east,seagrass,west,mangrove,wunifrac
S53,S12,0.3857035717744344,706.7127701597037,east,seagrass,west,mangrove,wunifrac
S54,S12,0.39217062928477275,705.7127701597037,east,seagrass,west,mangrove,wunifrac
S55,S12,0.3575113330953381,705.7127701597037,east,seagrass,west,mangrove,wunifrac
S56,S12,0.6254427240655525,538.3401871576731,west,coral,west,mangrove,wunifrac
S57,S12,0.5924350508105997,538.3401871576731,west,coral,west,mangrove,wunifrac
S58,S12,0.5891883272609854,539.7544007200461,west,coral,west,mangrove,wunifrac
S59,S12,0.6158411563553927,539.3401871576731,west,coral,west,mangrove,wunifrac
S60,S12,0.6153852776209303,538.3401871576731,west,coral,west,mangrove,wunifrac
S61,S12,0.5025870266921888,531.3696244091959,west,mangrove,west,mangrove,wunifrac
S62,S12,0.5081349032078702,531.3696244091959,west,mangrove,west,mangrove,wunifrac
S63,S12,0.48915608968938695,532.3696244091959,west,mangrove,west,mangrove,wunifrac
S64,S12,0.4855301306752205,532.783837971569,west,mangrove,west,mangrove,wunifrac
S65,S12,0.47343699254836585,533.783837971569,west,mangrove,west,mangrove,wunifrac
S66,S12,0.5990143203550495,558.3696244091955,west,seagrass,west,mangrove,wunifrac
S67,S12,0.5904744063021113,558.3696244091955,west,seagrass,west,mangrove,wunifrac
S68,S12,0.5788091527120175,558.3696244091955,west,seagrass,west,mangrove,wunifrac
S69,S12,0.5451997593589155,558.3696244091955,west,seagrass,west,mangrove,wunifrac
S70,S12,0.6179242340656501,558.7838379715686,west,seagrass,west,mangrove,wunifrac
S71,S12,0.9975519753327788,856.5950211536112,east,coral,west,mangrove,wunifrac
S73,S12,0.8473852395227188,856.5950211536112,east,coral,west,mangrove,wunifrac
S74,S12,0.7351581501340337,856.5950211536112,east,coral,west,mangrove,wunifrac
S75,S12,0.7806042609722476,856.5950211536112,east,coral,west,mangrove,wunifrac
S77,S12,0.7029244024953335,833.1097397793727,east,coral,west,mangrove,wunifrac
S78,S12,0.6943112168297723,833.1097397793727,east,coral,west,mangrove,wunifrac
S80,S12,0.7688091647352254,833.1097397793727,east,coral,west,mangrove,wunifrac
S81,S12,0.40913970791185567,827.494516090223,east,mangrove,west,mangrove,wunifrac
S82,S12,0.3961509300163615,827.494516090223,east,mangrove,west,mangrove,wunifrac
S83,S12,0.3976394889408771,827.494516090223,east,mangrove,west,mangrove,wunifrac
S84,S12,0.4252334198561935,827.494516090223,east,mangrove,west,mangrove,wunifrac
S85,S12,0.3676277428067809,827.494516090223,east,mangrove,west,mangrove,wunifrac
S86,S12,0.5420196058727674,428.51681066681215,west,mangrove,west,mangrove,wunifrac
S87,S12,0.4898338221332045,428.51681066681215,west,mangrove,west,mangrove,wunifrac
S88,S12,0.46905057234956227,428.1025971044391,west,mangrove,west,mangrove,wunifrac
S89,S12,0.5094124811497601,428.1025971044391,west,mangrove,west,mangrove,wunifrac
S90,S12,0.4997936851205855,428.1025971044391,west,mangrove,west,mangrove,wunifrac
S91,S12,0.4070002067946931,412.17366491630486,west,seagrass,west,mangrove,wunifrac
S92,S12,0.4599313348011626,413.1736649163048,west,seagrass,west,mangrove,wunifrac
S93,S12,0.49703887483472,413.1736649163048,west,seagrass,west,mangrove,wunifrac
S94,S12,0.4895553916688412,412.17366491630486,west,seagrass,west,mangrove,wunifrac
S95,S12,0.38486559305435913,412.17366491630486,west,seagrass,west,mangrove,wunifrac
S96,S12,0.6672992749730138,335.7472580451135,west,mangrove,west,mangrove,wunifrac
S97,S12,0.6457313048849908,335.7472580451135,west,mangrove,west,mangrove,wunifrac
S98,S12,0.578300770662382,335.7472580451135,west,mangrove,west,mangrove,wunifrac
S99,S12,0.5400845676581272,335.7472580451135,west,mangrove,west,mangrove,wunifrac
S100,S12,0.518931427692323,336.7472580451135,west,mangrove,west,mangrove,wunifrac
S101,S12,0.633222468968667,269.98989873223366,west,coral,west,mangrove,wunifrac
S102,S12,0.6662793118300155,271.232539419353,west,coral,west,mangrove,wunifrac
S103,S12,0.726613515433582,271.6467529817261,west,coral,west,mangrove,wunifrac
S104,S12,0.7056257744654971,273.232539419353,west,coral,west,mangrove,wunifrac
S105,S12,0.639681331897069,271.40411229460676,west,coral,west,mangrove,wunifrac
S106,S12,0.49982882646482707,105.6101730552665,west,mangrove,west,mangrove,wunifrac
S107,S12,0.5192379640938983,105.1959594928934,west,mangrove,west,mangrove,wunifrac
S108,S12,0.49091452390017887,104.1959594928934,west,mangrove,west,mangrove,wunifrac
S109,S12,0.592967735499558,103.78174593052029,west,mangrove,west,mangrove,wunifrac
S110,S12,0.508526314432826,103.78174593052029,west,mangrove,west,mangrove,wunifrac
S14,S13,0.11591532622255137,1,west,mangrove,west,mangrove,wunifrac
S15,S13,0.10192542494066696,1.4142135623730951,west,mangrove,west,mangrove,wunifrac
S16,S13,0.3209123503847972,7.82842712474619,west,coral,west,mangrove,wunifrac
S17,S13,0.37868117339516777,6.414213562373096,west,coral,west,mangrove,wunifrac
S18,S13,0.4444260563307035,6.414213562373096,west,coral,west,mangrove,wunifrac
S19,S13,0.44031190189359365,6.414213562373096,west,coral,west,mangrove,wunifrac
S20,S13,0.37581986262054345,7.82842712474619,west,coral,west,mangrove,wunifrac
S21,S13,0.8415828929558633,411.64675298172335,east,mangrove,west,mangrove,wunifrac
S22,S13,0.3812550002759272,411.64675298172335,east,mangrove,west,mangrove,wunifrac
S23,S13,0.5454155214486166,411.64675298172335,east,mangrove,west,mangrove,wunifrac
S24,S13,0.5447130048926784,411.64675298172335,east,mangrove,west,mangrove,wunifrac
S25,S13,0.5544330502020846,411.64675298172335,east,mangrove,west,mangrove,wunifrac
S26,S13,0.7829601384058424,410.64675298172335,east,seagrass,west,mangrove,wunifrac
S27,S13,0.6848024587006167,410.64675298172335,east,seagrass,west,mangrove,wunifrac
S28,S13,0.8599907469728653,411.64675298172335,east,seagrass,west,mangrove,wunifrac
S29,S13,0.8570050525353498,412.0609665440964,east,seagrass,west,mangrove,wunifrac
S30,S13,0.6819228999325603,412.0609665440964,east,seagrass,west,mangrove,wunifrac
S31,S13,0.6522072705179814,415.47518010646945,east,coral,west,mangrove,wunifrac
S32,S13,0.7738702990294773,415.47518010646945,east,coral,west,mangrove,wunifrac
S33,S13,0.7202215365050094,414.4751801064695,east,coral,west,mangrove,wunifrac
S34,S13,0.7434016659939753,414.4751801064695,east,coral,west,mangrove,wunifrac
S35,S13,0.6162992412462136,414.4751801064695,east,coral,west,mangrove,wunifrac
S36,S13,0.7241450481757419,534.2985565973321,east,mangrove,west,mangrove,wunifrac
S37,S13,0.7413904725201224,533.2985565973321,east,mangrove,west,mangrove,wunifrac
S38,S13,0.7240044771557547,532.2985565973321,east,mangrove,west,mangrove,wunifrac
S39,S13,0.7402352820795053,531.7127701597052,east,mangrove,west,mangrove,wunifrac
S40,S13,0.6958643328242137,530.2985565973321,east,mangrove,west,mangrove,wunifrac
S41,S13,0.623312469126435,641.369624409197,east,coral,west,mangrove,wunifrac
S42,S13,0.5836260628320776,640.9554108468238,east,coral,west,mangrove,wunifrac
S43,S13,0.6367822892946646,640.9554108468238,east,coral,west,mangrove,wunifrac
S44,S13,0.5684280652462163,641.9554108468238,east,coral,west,mangrove,wunifrac
S45,S13,0.6153146771554983,640.9554108468238,east,coral,west,mangrove,wunifrac
S46,S13,0.3871990829562812,640.369624409197,east,mangrove,west,mangrove,wunifrac
S47,S13,0.45397048663524325,640.369624409197,east,mangrove,west,mangrove,wunifrac
S48,S13,0.33395929025866633,640.369624409197,east,mangrove,west,mangrove,wunifrac
S49,S13,0.4617929987428601,641.369624409197,east,mangrove,west,mangrove,wunifrac
S50,S13,0.40227736582489165,641.369624409197,east,mangrove,west,mangrove,wunifrac
S51,S13,0.44781525159633734,706.7127701597037,east,seagrass,west,mangrove,wunifrac
S52,S13,0.4699392604067335,706.7127701597037,east,seagrass,west,mangrove,wunifrac
S53,S13,0.3915146417936722,706.7127701597037,east,seagrass,west,mangrove,wunifrac
S54,S13,0.37930206831875474,705.7127701597037,east,seagrass,west,mangrove,wunifrac
S55,S13,0.3447620867343131,705.7127701597037,east,seagrass,west,mangrove,wunifrac
S56,S13,0.582618787541789,538.3401871576731,west,coral,west,mangrove,wunifrac
S57,S13,0.5534563238816015,538.3401871576731,west,coral,west,mangrove,wunifrac
S58,S13,0.5393581816810709,539.7544007200461,west,coral,west,mangrove,wunifrac
S59,S13,0.5665460645853564,539.3401871576731,west,coral,west,mangrove,wunifrac
S60,S13,0.5645954822652053,538.3401871576731,west,coral,west,mangrove,wunifrac
S61,S13,0.44575462341884237,531.3696244091959,west,mangrove,west,mangrove,wunifrac
S62,S13,0.4636835764224173,531.3696244091959,west,mangrove,west,mangrove,wunifrac
S63,S13,0.4642437881154058,532.3696244091959,west,mangrove,west,mangrove,wunifrac
S64,S13,0.4413221529629721,532.783837971569,west,mangrove,west,mangrove,wunifrac
S65,S13,0.42894696707469776,533.783837971569,west,mangrove,west,mangrove,wunifrac
S66,S13,0.5663003950722386,558.3696244091955,west,seagrass,west,mangrove,wunifrac
S67,S13,0.5466976185298631,558.3696244091955,west,seagrass,west,mangrove,wunifrac
S68,S13,0.5282917780344422,558.3696244091955,west,seagrass,west,mangrove,wunifrac
S69,S13,0.5083159801619983,558.3696244091955,west,seagrass,west,mangrove,wunifrac
S70,S13,0.5847349655432494,558.7838379715686,west,seagrass,west,mangrove,wunifrac
S71,S13,0.996040253179802,856.5950211536112,east,coral,west,mangrove,wunifrac
S73,S13,0.8584168996580893,856.5950211536112,east,coral,west,mangrove,wunifrac
S74,S13,0.7628139803449251,856.5950211536112,east,coral,west,mangrove,wunifrac
S75,S13,0.7968265516733216,856.5950211536112,east,coral,west,mangrove,wunifrac
S77,S13,0.7067787664610365,833.1097397793727,east,coral,west,mangrove,wunifrac
S78,S13,0.7002236582932593,833.1097397793727,east,coral,west,mangrove,wunifrac
S80,S13,0.7657406557363059,833.1097397793727,east,coral,west,mangrove,wunifrac
S81,S13,0.4211758086782549,827.494516090223,east,mangrove,west,mangrove,wunifrac
S82,S13,0.3905550188331434,827.494516090223,east,mangrove,west,mangrove,wunifrac
S83,S13,0.3972221534876284,827.494516090223,east,mangrove,west,mangrove,wunifrac
S84,S13,0.4296386621382045,827.494516090223,east,mangrove,west,mangrove,wunifrac
S85,S13,0.3852667024265507,827.494516090223,east,mangrove,west,mangrove,wunifrac
S86,S13,0.47696282871893386,428.51681066681215,west,mangrove,west,mangrove,wunifrac
S87,S13,0.425462465531517,428.51681066681215,west,mangrove,west,mangrove,wunifrac
S88,S13,0.4506387395167092,428.1025971044391,west,mangrove,west,mangrove,wunifrac
S89,S13,0.5080595839765953,428.1025971044391,west,mangrove,west,mangrove,wunifrac
S90,S13,0.5316414372931159,428.1025971044391,west,mangrove,west,mangrove,wunifrac
S91,S13,0.35265669935619687,412.17366491630486,west,seagrass,west,mangrove,wunifrac
S92,S13,0.40899833236845223,413.1736649163048,west,seagrass,west,mangrove,wunifrac
S93,S13,0.44532672217364816,413.1736649163048,west,seagrass,west,mangrove,wunifrac
S94,S13,0.47551375366533377,412.17366491630486,west,seagrass,west,mangrove,wunifrac
S95,S13,0.3351662934868026,412.17366491630486,west,seagrass,west,mangrove,wunifrac
S96,S13,0.6492503258854232,335.7472580451135,west,mangrove,west,mangrove,wunifrac
S97,S13,0.6395529103370493,335.7472580451135,west,mangrove,west,mangrove,wunifrac
S98,S13,0.5567567232990014,335.7472580451135,west,mangrove,west,mangrove,wunifrac
S99,S13,0.5122964766296633,335.7472580451135,west,mangrove,west,mangrove,wunifrac
S100,S13,0.5041254322798845,336.7472580451135,west,mangrove,west,mangrove,wunifrac
S101,S13,0.6350826441406754,269.98989873223366,west,coral,west,mangrove,wunifrac
S102,S13,0.6712577457503781,271.232539419353,west,coral,west,mangrove,wunifrac
S103,S13,0.7119336140076552,271.6467529817261,west,coral,west,mangrove,wunifrac
S104,S13,0.6901355962417525,273.232539419353,west,coral,west,mangrove,wunifrac
S105,S13,0.6279728186878941,271.40411229460676,west,coral,west,mangrove,wunifrac
S106,S13,0.4623971351620042,105.6101730552665,west,mangrove,west,mangrove,wunifrac
S107,S13,0.4931033208145661,105.1959594928934,west,mangrove,west,mangrove,wunifrac
S108,S13,0.4719737004254911,104.1959594928934,west,mangrove,west,mangrove,wunifrac
S109,S13,0.5842894929738128,103.78174593052029,west,mangrove,west,mangrove,wunifrac
S110,S13,0.4593769609187973,103.78174593052029,west,mangrove,west,mangrove,wunifrac
S15,S14,0.10974350322983357,1,west,mangrove,west,mangrove,wunifrac
S16,S14,0.3553014227833499,7.414213562373096,west,coral,west,mangrove,wunifrac
S17,S14,0.4065748999069655,6,west,coral,west,mangrove,wunifrac
S18,S14,0.4723716373356185,6,west,coral,west,mangrove,wunifrac
S19,S14,0.47483256167833626,6,west,coral,west,mangrove,wunifrac
S20,S14,0.4052881623838494,7.414213562373096,west,coral,west,mangrove,wunifrac
S21,S14,0.8532024753505262,412.0609665440964,east,mangrove,west,mangrove,wunifrac
S22,S14,0.38860280107876644,412.0609665440964,east,mangrove,west,mangrove,wunifrac
S23,S14,0.5651471237794333,412.0609665440964,east,mangrove,west,mangrove,wunifrac
S24,S14,0.5684408058203638,412.0609665440964,east,mangrove,west,mangrove,wunifrac
S25,S14,0.5792454797633331,412.0609665440964,east,mangrove,west,mangrove,wunifrac
S26,S14,0.7950984029628106,411.06096654409646,east,seagrass,west,mangrove,wunifrac
S27,S14,0.7017164500253424,411.06096654409646,east,seagrass,west,mangrove,wunifrac
S28,S14,0.8719702507315092,412.0609665440964,east,seagrass,west,mangrove,wunifrac
S29,S14,0.8690107848813453,412.47518010646957,east,seagrass,west,mangrove,wunifrac
S30,S14,0.7006575762421324,412.47518010646957,east,seagrass,west,mangrove,wunifrac
S31,S14,0.6744447478520712,415.88939366884256,east,coral,west,mangrove,wunifrac
S32,S14,0.7847916103721643,415.88939366884256,east,coral,west,mangrove,wunifrac
S33,S14,0.7333641552636636,414.88939366884256,east,coral,west,mangrove,wunifrac
S34,S14,0.7531852963838718,414.88939366884256,east,coral,west,mangrove,wunifrac
S35,S14,0.6360108065628471,414.88939366884256,east,coral,west,mangrove,wunifrac
S36,S14,0.6935099952258037,534.7127701597052,east,mangrove,west,mangrove,wunifrac
S37,S14,0.7111505215643674,533.7127701597052,east,mangrove,west,mangrove,wunifrac
S38,S14,0.6931963380691414,532.7127701597052,east,mangrove,west,mangrove,wunifrac
S39,S14,0.7213858699663307,532.1269837220783,east,mangrove,west,mangrove,wunifrac
S40,S14,0.6665438968187085,530.7127701597052,east,mangrove,west,mangrove,wunifrac
S41,S14,0.6411061233856266,641.7838379715699,east,coral,west,mangrove,wunifrac
S42,S14,0.5970083429553689,641.369624409197,east,coral,west,mangrove,wunifrac
S43,S14,0.6571910485636463,641.369624409197,east,coral,west,mangrove,wunifrac
S44,S14,0.5897004676903861,642.369624409197,east,coral,west,mangrove,wunifrac
S45,S14,0.6388580883158034,641.369624409197,east,coral,west,mangrove,wunifrac
S46,S14,0.35534228769999177,640.7838379715699,east,mangrove,west,mangrove,wunifrac
S47,S14,0.44042581850990115,640.7838379715699,east,mangrove,west,mangrove,wunifrac
S48,S14,0.3288630295726476,640.7838379715699,east,mangrove,west,mangrove,wunifrac
S49,S14,0.44555649215446597,641.7838379715699,east,mangrove,west,mangrove,wunifrac
S50,S14,0.3981135217104436,641.7838379715699,east,mangrove,west,mangrove,wunifrac
S51,S14,0.45265752253743474,707.1269837220767,east,seagrass,west,mangrove,wunifrac
S52,S14,0.47914392676730877,707.1269837220767,east,seagrass,west,mangrove,wunifrac
S53,S14,0.3961101732773903,707.1269837220767,east,seagrass,west,mangrove,wunifrac
S54,S14,0.38583673708994437,706.1269837220767,east,seagrass,west,mangrove,wunifrac
S55,S14,0.3563260450416403,706.1269837220767,east,seagrass,west,mangrove,wunifrac
S56,S14,0.6090656889515129,537.9259735953,west,coral,west,mangrove,wunifrac
S57,S14,0.5901772096414075,537.9259735953,west,coral,west,mangrove,wunifrac
S58,S14,0.572931028065614,539.3401871576731,west,coral,west,mangrove,wunifrac
S59,S14,0.598339247560142,538.9259735953,west,coral,west,mangrove,wunifrac
S60,S14,0.5988877575774827,537.9259735953,west,coral,west,mangrove,wunifrac
S61,S14,0.48836916160533717,530.9554108468229,west,mangrove,west,mangrove,wunifrac
S62,S14,0.49432982711454815,530.9554108468229,west,mangrove,west,mangrove,wunifrac
S63,S14,0.4748474182589566,531.9554108468229,west,mangrove,west,mangrove,wunifrac
S64,S14,0.4708163394326855,532.3696244091959,west,mangrove,west,mangrove,wunifrac
S65,S14,0.4575178892034781,533.3696244091959,west,mangrove,west,mangrove,wunifrac
S66,S14,0.5865548400328041,557.9554108468225,west,seagrass,west,mangrove,wunifrac
S67,S14,0.5707437519954399,557.9554108468225,west,seagrass,west,mangrove,wunifrac
S68,S14,0.5594716762550928,557.9554108468225,west,seagrass,west,mangrove,wunifrac
S69,S14,0.5262299785601251,557.9554108468225,west,seagrass,west,mangrove,wunifrac
S70,S14,0.6024222358056427,558.3696244091955,west,seagrass,west,mangrove,wunifrac
S71,S14,0.9976261169218686,857.0092347159843,east,coral,west,mangrove,wunifrac
S73,S14,0.8599861173706341,857.0092347159843,east,coral,west,mangrove,wunifrac
S74,S14,0.7723239442983364,857.0092347159843,east,coral,west,mangrove,wunifrac
S75,S14,0.8051762886022958,857.0092347159843,east,coral,west,mangrove,wunifrac
S77,S14,0.7213841835981823,833.5239533417458,east,coral,west,mangrove,wunifrac
S78,S14,0.7023790413904638,833.5239533417458,east,coral,west,mangrove,wunifrac
S80,S14,0.777481599219126,833.5239533417458,east,coral,west,mangrove,wunifrac
S81,S14,0.4250846671974176,827.9087296525961,east,mangrove,west,mangrove,wunifrac
S82,S14,0.4003868990869815,827.9087296525961,east,mangrove,west,mangrove,wunifrac
S83,S14,0.40304402531572003,827.9087296525961,east,mangrove,west,mangrove,wunifrac
S84,S14,0.43474548692320475,827.9087296525961,east,mangrove,west,mangrove,wunifrac
S85,S14,0.37715570945874766,827.9087296525961,east,mangrove,west,mangrove,wunifrac
S86,S14,0.5158578863668535,428.1025971044391,west,mangrove,west,mangrove,wunifrac
S87,S14,0.464127670990372,428.1025971044391,west,mangrove,west,mangrove,wunifrac
S88,S14,0.41816236399912315,427.68838354206605,west,mangrove,west,mangrove,wunifrac
S89,S14,0.4733061919123647,427.68838354206605,west,mangrove,west,mangrove,wunifrac
S90,S14,0.4910897065846086,427.68838354206605,west,mangrove,west,mangrove,wunifrac
S91,S14,0.3762808185756761,411.7594513539318,west,seagrass,west,mangrove,wunifrac
S92,S14,0.4366173661358099,412.75945135393175,west,seagrass,west,mangrove,wunifrac
S93,S14,0.48197224510493797,412.75945135393175,west,seagrass,west,mangrove,wunifrac
S94,S14,0.47801230257324456,411.7594513539318,west,seagrass,west,mangrove,wunifrac
S95,S14,0.3608351178613153,411.7594513539318,west,seagrass,west,mangrove,wunifrac
S96,S14,0.6510091418366085,335.3330444827404,west,mangrove,west,mangrove,wunifrac
S97,S14,0.6256147224401848,335.3330444827404,west,mangrove,west,mangrove,wunifrac
S98,S14,0.5552530669876432,335.3330444827404,west,mangrove,west,mangrove,wunifrac
S99,S14,0.5112557731967381,335.3330444827404,west,mangrove,west,mangrove,wunifrac
S100,S14,0.4832567212642242,336.3330444827404,west,mangrove,west,mangrove,wunifrac
S101,S14,0.6536215724657063,269.5756851698606,west,coral,west,mangrove,wunifrac
S102,S14,0.6874756991231789,270.81832585697987,west,coral,west,mangrove,wunifrac
S103,S14,0.722179876622422,271.232539419353,west,coral,west,mangrove,wunifrac
S104,S14,0.6989565948134638,272.8183258569798,west,coral,west,mangrove,wunifrac
S105,S14,0.6459384318953684,270.98989873223366,west,coral,west,mangrove,wunifrac
S106,S14,0.4756358319056947,105.1959594928934,west,mangrove,west,mangrove,wunifrac
S107,S14,0.49480015557897233,104.78174593052029,west,mangrove,west,mangrove,wunifrac
S108,S14,0.4807598086292664,103.78174593052029,west,mangrove,west,mangrove,wunifrac
S109,S14,0.5798054923863736,103.3675323681472,west,mangrove,west,mangrove,wunifrac
S110,S14,0.49210326368538615,103.3675323681472,west,mangrove,west,mangrove,wunifrac
S16,S15,0.28644162858586525,6.414213562373096,west,coral,west,mangrove,wunifrac
S17,S15,0.3383380799340391,5,west,coral,west,mangrove,wunifrac
S18,S15,0.4144126194324368,5,west,coral,west,mangrove,wunifrac
S19,S15,0.4129177411128057,5,west,coral,west,mangrove,wunifrac
S20,S15,0.33655437604919836,6.414213562373096,west,coral,west,mangrove,wunifrac
S21,S15,0.8280740801979549,413.0609665440964,east,mangrove,west,mangrove,wunifrac
S22,S15,0.34030232107559594,413.0609665440964,east,mangrove,west,mangrove,wunifrac
S23,S15,0.5263393643481137,413.0609665440964,east,mangrove,west,mangrove,wunifrac
S24,S15,0.512776993389016,413.0609665440964,east,mangrove,west,mangrove,wunifrac
S25,S15,0.5180711232114603,413.0609665440964,east,mangrove,west,mangrove,wunifrac
S26,S15,0.7675534546883251,412.0609665440964,east,seagrass,west,mangrove,wunifrac
S27,S15,0.6485519915342043,412.0609665440964,east,seagrass,west,mangrove,wunifrac
S28,S15,0.8450277531147232,413.0609665440964,east,seagrass,west,mangrove,wunifrac
S29,S15,0.84493831594495306,413.4751801064695,east,seagrass,west,mangrove,wunifrac
S30,S15,0.6446717439407024,413.4751801064695,east,seagrass,west,mangrove,wunifrac
S31,S15,0.6233478544510959,416.8893936688425,east,coral,west,mangrove,wunifrac
S32,S15,0.7563791765258421,416.8893936688425,east,coral,west,mangrove,wunifrac
S33,S15,0.6976254124339828,415.88939366884256,east,coral,west,mangrove,wunifrac
S34,S15,0.7267644777813611,415.88939366884256,east,coral,west,mangrove,wunifrac
S35,S15,0.5942314395217669,415.88939366884256,east,coral,west,mangrove,wunifrac
S36,S15,0.7222743989059451,535.7127701597052,east,mangrove,west,mangrove,wunifrac
S37,S15,0.7378013150171112,534.7127701597052,east,mangrove,west,mangrove,wunifrac
S38,S15,0.7219867640179112,533.7127701597052,east,mangrove,west,mangrove,wunifrac
S39,S15,0.7448826407965631,533.1269837220783,east,mangrove,west,mangrove,wunifrac
S40,S15,0.6955345098480997,531.7127701597052,east,mangrove,west,mangrove,wunifrac
S41,S15,0.5939332475556505,642.7838379715699,east,coral,west,mangrove,wunifrac
S42,S15,0.5507287181144225,642.369624409197,east,coral,west,mangrove,wunifrac
S43,S15,0.5958295973239062,642.369624409197,east,coral,west,mangrove,wunifrac
S44,S15,0.5256587268769273,643.369624409197,east,coral,west,mangrove,wunifrac
S45,S15,0.5759628340008797,642.369624409197,east,coral,west,mangrove,wunifrac
S46,S15,0.3805668747472854,641.7838379715699,east,mangrove,west,mangrove,wunifrac
S47,S15,0.46663012102266244,641.7838379715699,east,mangrove,west,mangrove,wunifrac
S48,S15,0.34083195960278523,641.7838379715699,east,mangrove,west,mangrove,wunifrac
S49,S15,0.44286623289729804,642.7838379715699,east,mangrove,west,mangrove,wunifrac
S50,S15,0.4035049917610679,642.7838379715699,east,mangrove,west,mangrove,wunifrac
S51,S15,0.43103651969528883,708.1269837220767,east,seagrass,west,mangrove,wunifrac
S52,S15,0.4490885663751421,708.1269837220767,east,seagrass,west,mangrove,wunifrac
S53,S15,0.3750756324444882,708.1269837220767,east,seagrass,west,mangrove,wunifrac
S54,S15,0.3742037195558811,707.1269837220767,east,seagrass,west,mangrove,wunifrac
S55,S15,0.34209942006537897,707.1269837220767,east,seagrass,west,mangrove,wunifrac
S56,S15,0.5715882848929327,536.9259735953,west,coral,west,mangrove,wunifrac
S57,S15,0.5404355627904963,536.9259735953,west,coral,west,mangrove,wunifrac
S58,S15,0.5362750034160754,538.3401871576731,west,coral,west,mangrove,wunifrac
S59,S15,0.5635465992819473,537.9259735953,west,coral,west,mangrove,wunifrac
S60,S15,0.5648615400896012,536.9259735953,west,coral,west,mangrove,wunifrac
S61,S15,0.4490759664800684,529.9554108468229,west,mangrove,west,mangrove,wunifrac
S62,S15,0.4656033339278075,529.9554108468229,west,mangrove,west,mangrove,wunifrac
S63,S15,0.4454206897281521,530.9554108468229,west,mangrove,west,mangrove,wunifrac
S64,S15,0.43998967974922143,531.3696244091959,west,mangrove,west,mangrove,wunifrac
S65,S15,0.42685354016451166,532.3696244091959,west,mangrove,west,mangrove,wunifrac
S66,S15,0.5540293301101967,556.9554108468225,west,seagrass,west,mangrove,wunifrac
S67,S15,0.5408461047130643,556.9554108468225,west,seagrass,west,mangrove,wunifrac
S68,S15,0.529677636371218,556.9554108468225,west,seagrass,west,mangrove,wunifrac
S69,S15,0.4971920518165317,556.9554108468225,west,seagrass,west,mangrove,wunifrac
S70,S15,0.5707706029587507,557.3696244091955,west,seagrass,west,mangrove,wunifrac
S71,S15,0.9965322138087445,858.0092347159843,east,coral,west,mangrove,wunifrac
S73,S15,0.8478958519759296,858.0092347159843,east,coral,west,mangrove,wunifrac
S74,S15,0.7392038848177388,858.0092347159843,east,coral,west,mangrove,wunifrac
S75,S15,0.7782869965057091,858.0092347159843,east,coral,west,mangrove,wunifrac
S77,S15,0.67558786502732,834.5239533417458,east,coral,west,mangrove,wunifrac
S78,S15,0.6809609877932022,834.5239533417458,east,coral,west,mangrove,wunifrac
S80,S15,0.7409392932156476,834.5239533417458,east,coral,west,mangrove,wunifrac
S81,S15,0.4012695006252252,828.9087296525961,east,mangrove,west,mangrove,wunifrac
S82,S15,0.3746036530305272,828.9087296525961,east,mangrove,west,mangrove,wunifrac
S83,S15,0.37674741896690306,828.9087296525961,east,mangrove,west,mangrove,wunifrac
S84,S15,0.40851305458396736,828.9087296525961,east,mangrove,west,mangrove,wunifrac
S85,S15,0.3663484732546127,828.9087296525961,east,mangrove,west,mangrove,wunifrac
S86,S15,0.48892023892358494,427.1025971044391,west,mangrove,west,mangrove,wunifrac
S87,S15,0.43703566090845825,427.1025971044391,west,mangrove,west,mangrove,wunifrac
S88,S15,0.4559048310093062,426.68838354206605,west,mangrove,west,mangrove,wunifrac
S89,S15,0.505465972018946,426.68838354206605,west,mangrove,west,mangrove,wunifrac
S90,S15,0.5427128068901512,426.68838354206605,west,mangrove,west,mangrove,wunifrac
S91,S15,0.35107570549852096,410.7594513539318,west,seagrass,west,mangrove,wunifrac
S92,S15,0.40668709529164493,411.75945135393175,west,seagrass,west,mangrove,wunifrac
S93,S15,0.44365138089332,411.75945135393175,west,seagrass,west,mangrove,wunifrac
S94,S15,0.45440807207904577,410.7594513539318,west,seagrass,west,mangrove,wunifrac
S95,S15,0.33137664206838363,410.7594513539318,west,seagrass,west,mangrove,wunifrac
S96,S15,0.6599873085637223,334.3330444827404,west,mangrove,west,mangrove,wunifrac
S97,S15,0.638025369713237,334.3330444827404,west,mangrove,west,mangrove,wunifrac
S98,S15,0.5671083162317663,334.3330444827404,west,mangrove,west,mangrove,wunifrac
S99,S15,0.5235822575406746,334.3330444827404,west,mangrove,west,mangrove,wunifrac
S100,S15,0.5050422686697976,335.3330444827404,west,mangrove,west,mangrove,wunifrac
S101,S15,0.6012311047085519,268.5756851698606,west,coral,west,mangrove,wunifrac
S102,S15,0.6413760231934493,269.81832585697987,west,coral,west,mangrove,wunifrac
S103,S15,0.6947605261988511,270.23253941935303,west,coral,west,mangrove,wunifrac
S104,S15,0.6715482048724105,271.81832585697987,west,coral,west,mangrove,wunifrac
S105,S15,0.6029279415393316,269.98989873223366,west,coral,west,mangrove,wunifrac
S106,S15,0.4744625369308539,104.1959594928934,west,mangrove,west,mangrove,wunifrac
S107,S15,0.4791742439049534,103.78174593052029,west,mangrove,west,mangrove,wunifrac
S108,S15,0.4488423820920011,102.78174593052029,west,mangrove,west,mangrove,wunifrac
S109,S15,0.5603818196583104,102.3675323681472,west,mangrove,west,mangrove,wunifrac
S110,S15,0.46098675095264274,102.3675323681472,west,mangrove,west,mangrove,wunifrac
S17,S16,0.11368841863365739,1.4142135623730951,west,coral,west,coral,wunifrac
S18,S16,0.19570010581621705,1.4142135623730951,west,coral,west,coral,wunifrac
S19,S16,0.20590157242279258,1.4142135623730951,west,coral,west,coral,wunifrac
S20,S16,0.12649737467147282,0,west,coral,west,coral,wunifrac
S21,S16,0.7735943678313187,419.4751801064694,east,mangrove,west,coral,wunifrac
S22,S16,0.3614092303693918,419.4751801064694,east,mangrove,west,coral,wunifrac
S23,S16,0.4928251775720933,419.4751801064694,east,mangrove,west,coral,wunifrac
S24,S16,0.4160137274233252,419.4751801064694,east,mangrove,west,coral,wunifrac
S25,S16,0.35564706291346787,419.4751801064694,east,mangrove,west,coral,wunifrac
S26,S16,0.6893759887554507,418.47518010646945,east,seagrass,west,coral,wunifrac
S27,S16,0.5583744255067948,418.47518010646945,east,seagrass,west,coral,wunifrac
S28,S16,0.7714248925072268,419.4751801064694,east,seagrass,west,coral,wunifrac
S29,S16,0.7969491380804005,419.8893936688425,east,seagrass,west,coral,wunifrac
S30,S16,0.5322922288073411,419.8893936688425,east,seagrass,west,coral,wunifrac
S31,S16,0.5246383243530157,423.3036072312155,east,coral,west,coral,wunifrac
S32,S16,0.6503220867288688,423.3036072312155,east,coral,west,coral,wunifrac
S33,S16,0.6218921102839405,422.3036072312155,east,coral,west,coral,wunifrac
S34,S16,0.6170162944216238,422.3036072312155,east,coral,west,coral,wunifrac
S35,S16,0.5023541998624244,422.3036072312155,east,coral,west,coral,wunifrac
S36,S16,0.8333652061681434,542.1269837220783,east,mangrove,west,coral,wunifrac
S37,S16,0.851608291809707,541.1269837220783,east,mangrove,west,coral,wunifrac
S38,S16,0.8337400600679168,540.1269837220783,east,mangrove,west,coral,wunifrac
S39,S16,0.8587296488237433,539.5411972844513,east,mangrove,west,coral,wunifrac
S40,S16,0.8075339334505106,538.1269837220783,east,mangrove,west,coral,wunifrac
S41,S16,0.5004113267025174,649.198051533943,east,coral,west,coral,wunifrac
S42,S16,0.44814860487502434,648.7838379715699,east,coral,west,coral,wunifrac
S43,S16,0.5065904509160257,648.7838379715699,east,coral,west,coral,wunifrac
S44,S16,0.42863796708615254,649.7838379715699,east,coral,west,coral,wunifrac
S45,S16,0.44611360051212756,648.7838379715699,east,coral,west,coral,wunifrac
S46,S16,0.5484860299842245,648.198051533943,east,mangrove,west,coral,wunifrac
S47,S16,0.6002227576534902,648.198051533943,east,mangrove,west,coral,wunifrac
S48,S16,0.49357503660123275,648.198051533943,east,mangrove,west,coral,wunifrac
S49,S16,0.5220428244382527,649.198051533943,east,mangrove,west,coral,wunifrac
S50,S16,0.5040347982675266,649.198051533943,east,mangrove,west,coral,wunifrac
S51,S16,0.36598026849385884,714.5411972844498,east,seagrass,west,coral,wunifrac
S52,S16,0.38750451366368127,714.5411972844498,east,seagrass,west,coral,wunifrac
S53,S16,0.34721089153452656,714.5411972844498,east,seagrass,west,coral,wunifrac
S54,S16,0.35481639927233305,713.5411972844498,east,seagrass,west,coral,wunifrac
S55,S16,0.3510197697632631,713.5411972844498,east,seagrass,west,coral,wunifrac
S56,S16,0.4677581513801383,530.5117600329269,west,coral,west,coral,wunifrac
S57,S16,0.41956165017297026,530.5117600329269,west,coral,west,coral,wunifrac
S58,S16,0.417926396218253,531.9259735953,west,coral,west,coral,wunifrac
S59,S16,0.4461394578625816,531.5117600329269,west,coral,west,coral,wunifrac
S60,S16,0.4567302209520101,530.5117600329269,west,coral,west,coral,wunifrac
S61,S16,0.40320894968575605,523.5411972844498,west,mangrove,west,coral,wunifrac
S62,S16,0.4456543229637237,523.5411972844498,west,mangrove,west,coral,wunifrac
S63,S16,0.4472001756028642,524.5411972844498,west,mangrove,west,coral,wunifrac
S64,S16,0.45180130982738215,524.9554108468229,west,mangrove,west,coral,wunifrac
S65,S16,0.4427505208065209,525.9554108468229,west,mangrove,west,coral,wunifrac
S66,S16,0.5046390909105618,550.5411972844494,west,seagrass,west,coral,wunifrac
S67,S16,0.4704799194594531,550.5411972844494,west,seagrass,west,coral,wunifrac
S68,S16,0.46673696746747134,550.5411972844494,west,seagrass,west,coral,wunifrac
S69,S16,0.4413761528123815,550.5411972844494,west,seagrass,west,coral,wunifrac
S70,S16,0.486171464192994,550.9554108468225,west,seagrass,west,coral,wunifrac
S71,S16,0.986154501894171,864.4234482783573,east,coral,west,coral,wunifrac
S73,S16,0.8181950818329504,864.4234482783573,east,coral,west,coral,wunifrac
S74,S16,0.6990458091105576,864.4234482783573,east,coral,west,coral,wunifrac
S75,S16,0.7171792664539894,864.4234482783573,east,coral,west,coral,wunifrac
S77,S16,0.5806514741754579,840.9381669041188,east,coral,west,coral,wunifrac
S78,S16,0.6234348541785236,840.9381669041188,east,coral,west,coral,wunifrac
S80,S16,0.6677408349965613,840.9381669041188,east,coral,west,coral,wunifrac
S81,S16,0.34824295153507856,835.3229432149691,east,mangrove,west,coral,wunifrac
S82,S16,0.35434457210516873,835.3229432149691,east,mangrove,west,coral,wunifrac
S83,S16,0.3491097881337065,835.3229432149691,east,mangrove,west,coral,wunifrac
S84,S16,0.35279865702314167,835.3229432149691,east,mangrove,west,coral,wunifrac
S85,S16,0.42489635768793804,835.3229432149691,east,mangrove,west,coral,wunifrac
S86,S16,0.5054092918523825,420.68838354206605,west,mangrove,west,coral,wunifrac
S87,S16,0.4533907914678316,420.68838354206605,west,mangrove,west,coral,wunifrac
S88,S16,0.6064109948545559,420.27416997969294,west,mangrove,west,coral,wunifrac
S89,S16,0.6673660946015477,420.27416997969294,west,mangrove,west,coral,wunifrac
S90,S16,0.7246628009398123,420.27416997969294,west,mangrove,west,coral,wunifrac
S91,S16,0.32106954345841604,404.3452377915587,west,seagrass,west,coral,wunifrac
S92,S16,0.3408554354439164,405.34523779155865,west,seagrass,west,coral,wunifrac
S93,S16,0.37457621069951863,405.34523779155865,west,seagrass,west,coral,wunifrac
S94,S16,0.42508268950120004,404.3452377915587,west,seagrass,west,coral,wunifrac
S95,S16,0.2988957233503018,404.3452377915587,west,seagrass,west,coral,wunifrac
S96,S16,0.6933582482636337,327.9188309203673,west,mangrove,west,coral,wunifrac
S97,S16,0.6920555622027029,327.9188309203673,west,mangrove,west,coral,wunifrac
S98,S16,0.6347504569654001,327.9188309203673,west,mangrove,west,coral,wunifrac
S99,S16,0.6066846758384785,327.9188309203673,west,mangrove,west,coral,wunifrac
S100,S16,0.6103673820766659,328.9188309203673,west,mangrove,west,coral,wunifrac
S101,S16,0.4917844421915248,262.16147160748767,west,coral,west,coral,wunifrac
S102,S16,0.5388522319484315,263.40411229460693,west,coral,west,coral,wunifrac
S103,S16,0.6470731915050298,263.81832585698,west,coral,west,coral,wunifrac
S104,S16,0.6041852708361699,265.4041122946069,west,coral,west,coral,wunifrac
S105,S16,0.5329005818518322,263.5756851698607,west,coral,west,coral,wunifrac
S106,S16,0.5426192172280044,97.78174593052029,west,mangrove,west,coral,wunifrac
S107,S16,0.5238044176536651,97.3675323681472,west,mangrove,west,coral,wunifrac
S108,S16,0.4384590928357214,96.3675323681472,west,mangrove,west,coral,wunifrac
S109,S16,0.5831068111241877,95.95331880577409,west,mangrove,west,coral,wunifrac
S110,S16,0.4338201976379094,95.95331880577409,west,mangrove,west,coral,wunifrac
S18,S17,0.14862420447731817,0,west,coral,west,coral,wunifrac
S19,S17,0.16378355296778405,0,west,coral,west,coral,wunifrac
S20,S17,0.1006172880791613,1.4142135623730951,west,coral,west,coral,wunifrac
S21,S17,0.7682115085081548,418.0609665440963,east,mangrove,west,coral,wunifrac
S22,S17,0.37573702429502054,418.0609665440963,east,mangrove,west,coral,wunifrac
S23,S17,0.4773325971949942,418.0609665440963,east,mangrove,west,coral,wunifrac
S24,S17,0.4070567618314336,418.0609665440963,east,mangrove,west,coral,wunifrac
S25,S17,0.3582486225142402,418.0609665440963,east,mangrove,west,coral,wunifrac
S26,S17,0.6828823307377037,417.06096654409635,east,seagrass,west,coral,wunifrac
S27,S17,0.5582727986863502,417.06096654409635,east,seagrass,west,coral,wunifrac
S28,S17,0.7678941982219518,418.0609665440963,east,seagrass,west,coral,wunifrac
S29,S17,0.7944566376835269,418.47518010646945,east,seagrass,west,coral,wunifrac
S30,S17,0.5222909930579545,418.47518010646945,east,seagrass,west,coral,wunifrac
S31,S17,0.515330176303177,421.88939366884244,east,coral,west,coral,wunifrac
S32,S17,0.6376296721563467,421.88939366884244,east,coral,west,coral,wunifrac
S33,S17,0.6189708267525955,420.88939366884244,east,coral,west,coral,wunifrac
S34,S17,0.6037017691604862,420.88939366884244,east,coral,west,coral,wunifrac
S35,S17,0.5127970481300822,420.88939366884244,east,coral,west,coral,wunifrac
S36,S17,0.8418313848488379,540.7127701597052,east,mangrove,west,coral,wunifrac
S37,S17,0.8608349508929465,539.7127701597052,east,mangrove,west,coral,wunifrac
S38,S17,0.8422567374335568,538.7127701597052,east,mangrove,west,coral,wunifrac
S39,S17,0.8673430714686691,538.1269837220783,east,mangrove,west,coral,wunifrac
S40,S17,0.81636582168545,536.7127701597052,east,mangrove,west,coral,wunifrac
S41,S17,0.48126237802930677,647.7838379715699,east,coral,west,coral,wunifrac
S42,S17,0.4185086513434497,647.369624409197,east,coral,west,coral,wunifrac
S43,S17,0.48703799433272926,647.369624409197,east,coral,west,coral,wunifrac
S44,S17,0.4073922756579983,648.369624409197,east,coral,west,coral,wunifrac
S45,S17,0.4233167757370704,647.369624409197,east,coral,west,coral,wunifrac
S46,S17,0.5644472569157878,646.7838379715699,east,mangrove,west,coral,wunifrac
S47,S17,0.6316131085168488,646.7838379715699,east,mangrove,west,coral,wunifrac
S48,S17,0.513952668394699,646.7838379715699,east,mangrove,west,coral,wunifrac
S49,S17,0.5334090335151312,647.7838379715699,east,mangrove,west,coral,wunifrac
S50,S17,0.5283615892940863,647.7838379715699,east,mangrove,west,coral,wunifrac
S51,S17,0.34987272420871396,713.1269837220767,east,seagrass,west,coral,wunifrac
S52,S17,0.35148243665863255,713.1269837220767,east,seagrass,west,coral,wunifrac
S53,S17,0.33921269322894754,713.1269837220767,east,seagrass,west,coral,wunifrac
S54,S17,0.3673544979578842,712.1269837220767,east,seagrass,west,coral,wunifrac
S55,S17,0.37943194223198673,712.1269837220767,east,seagrass,west,coral,wunifrac
S56,S17,0.4558210220807227,531.9259735953,west,coral,west,coral,wunifrac
S57,S17,0.407555145988725,531.9259735953,west,coral,west,coral,wunifrac
S58,S17,0.41413627865857855,533.3401871576731,west,coral,west,coral,wunifrac
S59,S17,0.44264237006332785,532.9259735953,west,coral,west,coral,wunifrac
S60,S17,0.4542194878259394,531.9259735953,west,coral,west,coral,wunifrac
S61,S17,0.418847215502013,524.9554108468229,west,mangrove,west,coral,wunifrac
S62,S17,0.4538412297930015,524.9554108468229,west,mangrove,west,coral,wunifrac
S63,S17,0.45908392865742964,525.9554108468229,west,mangrove,west,coral,wunifrac
S64,S17,0.4674885363066881,526.3696244091959,west,mangrove,west,coral,wunifrac
S65,S17,0.45593617436484224,527.3696244091959,west,mangrove,west,coral,wunifrac
S66,S17,0.49740370844618736,551.9554108468225,west,seagrass,west,coral,wunifrac
S67,S17,0.4776065857429429,551.9554108468225,west,seagrass,west,coral,wunifrac
S68,S17,0.46411928734310803,551.9554108468225,west,seagrass,west,coral,wunifrac
S69,S17,0.43102982107244775,551.9554108468225,west,seagrass,west,coral,wunifrac
S70,S17,0.48789771187714676,552.3696244091955,west,seagrass,west,coral,wunifrac
S71,S17,0.9846254997024373,863.0092347159843,east,coral,west,coral,wunifrac
S73,S17,0.800849888417063,863.0092347159843,east,coral,west,coral,wunifrac
S74,S17,0.6738946505175789,863.0092347159843,east,coral,west,coral,wunifrac
S75,S17,0.6894142141193519,863.0092347159843,east,coral,west,coral,wunifrac
S77,S17,0.5666808713987346,839.5239533417458,east,coral,west,coral,wunifrac
S78,S17,0.6055680900995261,839.5239533417458,east,coral,west,coral,wunifrac
S80,S17,0.6533063826333939,839.5239533417458,east,coral,west,coral,wunifrac
S81,S17,0.3343935870195281,833.9087296525961,east,mangrove,west,coral,wunifrac
S82,S17,0.36715975175481846,833.9087296525961,east,mangrove,west,coral,wunifrac
S83,S17,0.35641083494021875,833.9087296525961,east,mangrove,west,coral,wunifrac
S84,S17,0.3439407641615388,833.9087296525961,east,mangrove,west,coral,wunifrac
S85,S17,0.4360652541505505,833.9087296525961,east,mangrove,west,coral,wunifrac
S86,S17,0.5453661671210064,422.1025971044391,west,mangrove,west,coral,wunifrac
S87,S17,0.48771496078229926,422.1025971044391,west,mangrove,west,coral,wunifrac
S88,S17,0.6397411936577229,421.68838354206605,west,mangrove,west,coral,wunifrac
S89,S17,0.6884645703773387,421.68838354206605,west,mangrove,west,coral,wunifrac
S90,S17,0.7470029493656996,421.68838354206605,west,mangrove,west,coral,wunifrac
S91,S17,0.35135089092118355,405.7594513539318,west,seagrass,west,coral,wunifrac
S92,S17,0.36309117964810705,406.75945135393175,west,seagrass,west,coral,wunifrac
S93,S17,0.41160907618298076,406.75945135393175,west,seagrass,west,coral,wunifrac
S94,S17,0.43964875930088676,405.7594513539318,west,seagrass,west,coral,wunifrac
S95,S17,0.34767162300055693,405.7594513539318,west,seagrass,west,coral,wunifrac
S96,S17,0.698413699051389,329.3330444827404,west,mangrove,west,coral,wunifrac
S97,S17,0.6951482222163949,329.3330444827404,west,mangrove,west,coral,wunifrac
S98,S17,0.6428915369776077,329.3330444827404,west,mangrove,west,coral,wunifrac
S99,S17,0.6293877976014691,329.3330444827404,west,mangrove,west,coral,wunifrac
S100,S17,0.6418206373746066,330.3330444827404,west,mangrove,west,coral,wunifrac
S101,S17,0.4596306065116482,263.5756851698607,west,coral,west,coral,wunifrac
S102,S17,0.537528848018655,264.81832585698,west,coral,west,coral,wunifrac
S103,S17,0.6421816948103164,265.2325394193531,west,coral,west,coral,wunifrac
S104,S17,0.601552299051072,266.8183258569799,west,coral,west,coral,wunifrac
S105,S17,0.5147379439538271,264.98989873223377,west,coral,west,coral,wunifrac
S106,S17,0.5558724344799093,99.1959594928934,west,mangrove,west,coral,wunifrac
S107,S17,0.5418995121560742,98.78174593052029,west,mangrove,west,coral,wunifrac
S108,S17,0.4472328214658456,97.78174593052029,west,mangrove,west,coral,wunifrac
S109,S17,0.5774380009780399,97.3675323681472,west,mangrove,west,coral,wunifrac
S110,S17,0.4617259752019454,97.3675323681472,west,mangrove,west,coral,wunifrac
S19,S18,0.10178020165018087,0,west,coral,west,coral,wunifrac
S20,S18,0.12906476073419065,1.4142135623730951,west,coral,west,coral,wunifrac
S21,S18,0.7073555185440014,418.0609665440963,east,mangrove,west,coral,wunifrac
S22,S18,0.4026922303842476,418.0609665440963,east,mangrove,west,coral,wunifrac
S23,S18,0.43301501113219404,418.0609665440963,east,mangrove,west,coral,wunifrac
S24,S18,0.3599272539670742,418.0609665440963,east,mangrove,west,coral,wunifrac
S25,S18,0.2949115994615087,418.0609665440963,east,mangrove,west,coral,wunifrac
S26,S18,0.6304718291482996,417.06096654409635,east,seagrass,west,coral,wunifrac
S27,S18,0.5080875782084034,417.06096654409635,east,seagrass,west,coral,wunifrac
S28,S18,0.7101246090638631,418.0609665440963,east,seagrass,west,coral,wunifrac
S29,S18,0.7390911894652836,418.47518010646945,east,seagrass,west,coral,wunifrac
S30,S18,0.4692499531925416,418.47518010646945,east,seagrass,west,coral,wunifrac
S31,S18,0.45319578088291085,421.88939366884244,east,coral,west,coral,wunifrac
S32,S18,0.5838302210474562,421.88939366884244,east,coral,west,coral,wunifrac
S33,S18,0.5689006979773402,420.88939366884244,east,coral,west,coral,wunifrac
S34,S18,0.5427043007973789,420.88939366884244,east,coral,west,coral,wunifrac
S35,S18,0.4573493879884381,420.88939366884244,east,coral,west,coral,wunifrac
S36,S18,0.8571056879617591,540.7127701597052,east,mangrove,west,coral,wunifrac
S37,S18,0.8810903166662949,539.7127701597052,east,mangrove,west,coral,wunifrac
S38,S18,0.8562815566014444,538.7127701597052,east,mangrove,west,coral,wunifrac
S39,S18,0.8865043153786574,538.1269837220783,east,mangrove,west,coral,wunifrac
S40,S18,0.8309834522352395,536.7127701597052,east,mangrove,west,coral,wunifrac
S41,S18,0.5014387847539046,647.7838379715699,east,coral,west,coral,wunifrac
S42,S18,0.4431472477475907,647.369624409197,east,coral,west,coral,wunifrac
S43,S18,0.5102480645230673,647.369624409197,east,coral,west,coral,wunifrac
S44,S18,0.4185064475708436,648.369624409197,east,coral,west,coral,wunifrac
S45,S18,0.43931379960728095,647.369624409197,east,coral,west,coral,wunifrac
S46,S18,0.6142990941478144,646.7838379715699,east,mangrove,west,coral,wunifrac
S47,S18,0.6997214125925103,646.7838379715699,east,mangrove,west,coral,wunifrac
S48,S18,0.5673496788391788,646.7838379715699,east,mangrove,west,coral,wunifrac
S49,S18,0.6125437895312371,647.7838379715699,east,mangrove,west,coral,wunifrac
S50,S18,0.5842492157263836,647.7838379715699,east,mangrove,west,coral,wunifrac
S51,S18,0.42643776085121593,713.1269837220767,east,seagrass,west,coral,wunifrac
S52,S18,0.4212372820297646,713.1269837220767,east,seagrass,west,coral,wunifrac
S53,S18,0.4114678062512464,713.1269837220767,east,seagrass,west,coral,wunifrac
S54,S18,0.438198003190386,712.1269837220767,east,seagrass,west,coral,wunifrac
S55,S18,0.445021497112577,712.1269837220767,east,seagrass,west,coral,wunifrac
S56,S18,0.3635162595414639,531.9259735953,west,coral,west,coral,wunifrac
S57,S18,0.3180814363361931,531.9259735953,west,coral,west,coral,wunifrac
S58,S18,0.3169030832758474,533.3401871576731,west,coral,west,coral,wunifrac
S59,S18,0.35337649348200934,532.9259735953,west,coral,west,coral,wunifrac
S60,S18,0.36698479674328055,531.9259735953,west,coral,west,coral,wunifrac
S61,S18,0.3603300080255581,524.9554108468229,west,mangrove,west,coral,wunifrac
S62,S18,0.42777855315736313,524.9554108468229,west,mangrove,west,coral,wunifrac
S63,S18,0.40779418046809857,525.9554108468229,west,mangrove,west,coral,wunifrac
S64,S18,0.44573335453674734,526.3696244091959,west,mangrove,west,coral,wunifrac
S65,S18,0.441715281148196,527.3696244091959,west,mangrove,west,coral,wunifrac
S66,S18,0.43106724885028525,551.9554108468225,west,seagrass,west,coral,wunifrac
S67,S18,0.3928175091187844,551.9554108468225,west,seagrass,west,coral,wunifrac
S68,S18,0.3977153976530078,551.9554108468225,west,seagrass,west,coral,wunifrac
S69,S18,0.36816368164108193,551.9554108468225,west,seagrass,west,coral,wunifrac
S70,S18,0.3937982994645846,552.3696244091955,west,seagrass,west,coral,wunifrac
S71,S18,0.9760275510104262,863.0092347159843,east,coral,west,coral,wunifrac
S73,S18,0.8110981528057146,863.0092347159843,east,coral,west,coral,wunifrac
S74,S18,0.7007976773635213,863.0092347159843,east,coral,west,coral,wunifrac
S75,S18,0.7084701108821319,863.0092347159843,east,coral,west,coral,wunifrac
S77,S18,0.5656326417020091,839.5239533417458,east,coral,west,coral,wunifrac
S78,S18,0.5915930545220828,839.5239533417458,east,coral,west,coral,wunifrac
S80,S18,0.6588254076199418,839.5239533417458,east,coral,west,coral,wunifrac
S81,S18,0.3760281014208566,833.9087296525961,east,mangrove,west,coral,wunifrac
S82,S18,0.3912444697046726,833.9087296525961,east,mangrove,west,coral,wunifrac
S83,S18,0.3730669169522974,833.9087296525961,east,mangrove,west,coral,wunifrac
S84,S18,0.3825438211053412,833.9087296525961,east,mangrove,west,coral,wunifrac
S85,S18,0.4719082551265603,833.9087296525961,east,mangrove,west,coral,wunifrac
S86,S18,0.5305758776697893,422.1025971044391,west,mangrove,west,coral,wunifrac
S87,S18,0.5102871093748285,422.1025971044391,west,mangrove,west,coral,wunifrac
S88,S18,0.6839292528511031,421.68838354206605,west,mangrove,west,coral,wunifrac
S89,S18,0.7379321477485037,421.68838354206605,west,mangrove,west,coral,wunifrac
S90,S18,0.7830911823279668,421.68838354206605,west,mangrove,west,coral,wunifrac
S91,S18,0.39892737287450086,405.7594513539318,west,seagrass,west,coral,wunifrac
S92,S18,0.3584696489684008,406.75945135393175,west,seagrass,west,coral,wunifrac
S93,S18,0.38080497601223856,406.75945135393175,west,seagrass,west,coral,wunifrac
S94,S18,0.459176585946466,405.7594513539318,west,seagrass,west,coral,wunifrac
S95,S18,0.39706702272618527,405.7594513539318,west,seagrass,west,coral,wunifrac
S96,S18,0.6698052448318597,329.3330444827404,west,mangrove,west,coral,wunifrac
S97,S18,0.6715187669476662,329.3330444827404,west,mangrove,west,coral,wunifrac
S98,S18,0.6365894485418907,329.3330444827404,west,mangrove,west,coral,wunifrac
S99,S18,0.6349068910455767,329.3330444827404,west,mangrove,west,coral,wunifrac
S100,S18,0.6729464798890203,330.3330444827404,west,mangrove,west,coral,wunifrac
S101,S18,0.4178785915649728,263.5756851698607,west,coral,west,coral,wunifrac
S102,S18,0.48552509627166524,264.81832585698,west,coral,west,coral,wunifrac
S103,S18,0.5929210255147294,265.2325394193531,west,coral,west,coral,wunifrac
S104,S18,0.5439376375719612,266.8183258569799,west,coral,west,coral,wunifrac
S105,S18,0.4682205444272061,264.98989873223377,west,coral,west,coral,wunifrac
S106,S18,0.5551295256897599,99.1959594928934,west,mangrove,west,coral,wunifrac
S107,S18,0.5341864985124046,98.78174593052029,west,mangrove,west,coral,wunifrac
S108,S18,0.44730954455119193,97.78174593052029,west,mangrove,west,coral,wunifrac
S109,S18,0.5680214539641465,97.3675323681472,west,mangrove,west,coral,wunifrac
S110,S18,0.4520771916115514,97.3675323681472,west,mangrove,west,coral,wunifrac
S20,S19,0.14435130588064737,1.4142135623730951,west,coral,west,coral,wunifrac
S21,S19,0.6911843013122341,418.0609665440963,east,mangrove,west,coral,wunifrac
S22,S19,0.3907075597730079,418.0609665440963,east,mangrove,west,coral,wunifrac
S23,S19,0.4095472146965355,418.0609665440963,east,mangrove,west,coral,wunifrac
S24,S19,0.34424652363885355,418.0609665440963,east,mangrove,west,coral,wunifrac
S25,S19,0.2948206943201986,418.0609665440963,east,mangrove,west,coral,wunifrac
S26,S19,0.6037891355644174,417.06096654409635,east,seagrass,west,coral,wunifrac
S27,S19,0.4869511181202704,417.06096654409635,east,seagrass,west,coral,wunifrac
S28,S19,0.6872719778636072,418.0609665440963,east,seagrass,west,coral,wunifrac
S29,S19,0.7294962511484044,418.47518010646945,east,seagrass,west,coral,wunifrac
S30,S19,0.44312268386727394,418.47518010646945,east,seagrass,west,coral,wunifrac
S31,S19,0.42825958878968745,421.88939366884244,east,coral,west,coral,wunifrac
S32,S19,0.5570847005613951,421.88939366884244,east,coral,west,coral,wunifrac
S33,S19,0.5336420748706732,420.88939366884244,east,coral,west,coral,wunifrac
S34,S19,0.5272772121419559,420.88939366884244,east,coral,west,coral,wunifrac
S35,S19,0.4470147088347386,420.88939366884244,east,coral,west,coral,wunifrac
S36,S19,0.854589415303361,540.7127701597052,east,mangrove,west,coral,wunifrac
S37,S19,0.8782271668376194,539.7127701597052,east,mangrove,west,coral,wunifrac
S38,S19,0.853046107806257,538.7127701597052,east,mangrove,west,coral,wunifrac
S39,S19,0.883485600141643,538.1269837220783,east,mangrove,west,coral,wunifrac
S40,S19,0.8282476170800841,536.7127701597052,east,mangrove,west,coral,wunifrac
S41,S19,0.5220186424813806,647.7838379715699,east,coral,west,coral,wunifrac
S42,S19,0.45766355580989004,647.369624409197,east,coral,west,coral,wunifrac
S43,S19,0.531019459393742,647.369624409197,east,coral,west,coral,wunifrac
S44,S19,0.43727133481293634,648.369624409197,east,coral,west,coral,wunifrac
S45,S19,0.46541634066716697,647.369624409197,east,coral,west,coral,wunifrac
S46,S19,0.6135720865294625,646.7838379715699,east,mangrove,west,coral,wunifrac
S47,S19,0.689458529505099,646.7838379715699,east,mangrove,west,coral,wunifrac
S48,S19,0.5669337785500653,646.7838379715699,east,mangrove,west,coral,wunifrac
S49,S19,0.6134208644582474,647.7838379715699,east,mangrove,west,coral,wunifrac
S50,S19,0.5879290599745697,647.7838379715699,east,mangrove,west,coral,wunifrac
S51,S19,0.42775599321467,713.1269837220767,east,seagrass,west,coral,wunifrac
S52,S19,0.4219137492392095,713.1269837220767,east,seagrass,west,coral,wunifrac
S53,S19,0.4252471252348831,713.1269837220767,east,seagrass,west,coral,wunifrac
S54,S19,0.4507558120839202,712.1269837220767,east,seagrass,west,coral,wunifrac
S55,S19,0.45976179714796456,712.1269837220767,east,seagrass,west,coral,wunifrac
S56,S19,0.3805185772449584,531.9259735953,west,coral,west,coral,wunifrac
S57,S19,0.3444365849380357,531.9259735953,west,coral,west,coral,wunifrac
S58,S19,0.32565136876498246,533.3401871576731,west,coral,west,coral,wunifrac
S59,S19,0.35621043372246064,532.9259735953,west,coral,west,coral,wunifrac
S60,S19,0.3699418661865391,531.9259735953,west,coral,west,coral,wunifrac
S61,S19,0.3836426014370837,524.9554108468229,west,mangrove,west,coral,wunifrac
S62,S19,0.4356901242109674,524.9554108468229,west,mangrove,west,coral,wunifrac
S63,S19,0.4207753743926353,525.9554108468229,west,mangrove,west,coral,wunifrac
S64,S19,0.46112857039521327,526.3696244091959,west,mangrove,west,coral,wunifrac
S65,S19,0.4537751939826668,527.3696244091959,west,mangrove,west,coral,wunifrac
S66,S19,0.44004085339308086,551.9554108468225,west,seagrass,west,coral,wunifrac
S67,S19,0.4084006343344067,551.9554108468225,west,seagrass,west,coral,wunifrac
S68,S19,0.40727329831601083,551.9554108468225,west,seagrass,west,coral,wunifrac
S69,S19,0.3794682339722874,551.9554108468225,west,seagrass,west,coral,wunifrac
S70,S19,0.4087953408052056,552.3696244091955,west,seagrass,west,coral,wunifrac
S71,S19,0.9659695365119868,863.0092347159843,east,coral,west,coral,wunifrac
S73,S19,0.8253872827594773,863.0092347159843,east,coral,west,coral,wunifrac
S74,S19,0.724345956523467,863.0092347159843,east,coral,west,coral,wunifrac
S75,S19,0.7388748685643735,863.0092347159843,east,coral,west,coral,wunifrac
S77,S19,0.5640899768753359,839.5239533417458,east,coral,west,coral,wunifrac
S78,S19,0.6060874509180622,839.5239533417458,east,coral,west,coral,wunifrac
S80,S19,0.6734852762955034,839.5239533417458,east,coral,west,coral,wunifrac
S81,S19,0.3951269247072806,833.9087296525961,east,mangrove,west,coral,wunifrac
S82,S19,0.3970163216800229,833.9087296525961,east,mangrove,west,coral,wunifrac
S83,S19,0.38316152558943906,833.9087296525961,east,mangrove,west,coral,wunifrac
S84,S19,0.3964539789214926,833.9087296525961,east,mangrove,west,coral,wunifrac
S85,S19,0.45258956840236986,833.9087296525961,east,mangrove,west,coral,wunifrac
S86,S19,0.5545720162787384,422.1025971044391,west,mangrove,west,coral,wunifrac
S87,S19,0.5184252336605316,422.1025971044391,west,mangrove,west,coral,wunifrac
S88,S19,0.6728198790181391,421.68838354206605,west,mangrove,west,coral,wunifrac
S89,S19,0.7192352234758658,421.68838354206605,west,mangrove,west,coral,wunifrac
S90,S19,0.7691095387906803,421.68838354206605,west,mangrove,west,coral,wunifrac
S91,S19,0.40070662546991354,405.7594513539318,west,seagrass,west,coral,wunifrac
S92,S19,0.3750167112669149,406.75945135393175,west,seagrass,west,coral,wunifrac
S93,S19,0.37447820247964086,406.75945135393175,west,seagrass,west,coral,wunifrac
S94,S19,0.4359894473364602,405.7594513539318,west,seagrass,west,coral,wunifrac
S95,S19,0.39915243641960657,405.7594513539318,west,seagrass,west,coral,wunifrac
S96,S19,0.6740915665529167,329.3330444827404,west,mangrove,west,coral,wunifrac
S97,S19,0.674218599393783,329.3330444827404,west,mangrove,west,coral,wunifrac
S98,S19,0.6261228258775592,329.3330444827404,west,mangrove,west,coral,wunifrac
S99,S19,0.6364394933776626,329.3330444827404,west,mangrove,west,coral,wunifrac
S100,S19,0.659538184928556,330.3330444827404,west,mangrove,west,coral,wunifrac
S101,S19,0.43429922172191343,263.5756851698607,west,coral,west,coral,wunifrac
S102,S19,0.4869715186144994,264.81832585698,west,coral,west,coral,wunifrac
S103,S19,0.5908686381709471,265.2325394193531,west,coral,west,coral,wunifrac
S104,S19,0.5518628046336786,266.8183258569799,west,coral,west,coral,wunifrac
S105,S19,0.4832385983938093,264.98989873223377,west,coral,west,coral,wunifrac
S106,S19,0.56553916728518006,99.1959594928934,west,mangrove,west,coral,wunifrac
S107,S19,0.5398893000821341,98.78174593052029,west,mangrove,west,coral,wunifrac
S108,S19,0.4376219102082198,97.78174593052029,west,mangrove,west,coral,wunifrac
S109,S19,0.5775312505410835,97.3675323681472,west,mangrove,west,coral,wunifrac
S110,S19,0.4380398382157708,97.3675323681472,west,mangrove,west,coral,wunifrac
S21,S20,0.7118331369621856,419.4751801064694,east,mangrove,west,coral,wunifrac
S22,S20,0.32636003167404604,419.4751801064694,east,mangrove,west,coral,wunifrac
S23,S20,0.42950093193726385,419.4751801064694,east,mangrove,west,coral,wunifrac
S24,S20,0.3547848155073635,419.4751801064694,east,mangrove,west,coral,wunifrac
S25,S20,0.3101090232275037,419.4751801064694,east,mangrove,west,coral,wunifrac
S26,S20,0.639081903315859,418.47518010646945,east,seagrass,west,coral,wunifrac
S27,S20,0.507496389888367,418.47518010646945,east,seagrass,west,coral,wunifrac
S28,S20,0.7208008776179032,419.4751801064694,east,seagrass,west,coral,wunifrac
S29,S20,0.7383270857635409,419.8893936688425,east,seagrass,west,coral,wunifrac
S30,S20,0.47977688298896665,419.8893936688425,east,seagrass,west,coral,wunifrac
S31,S20,0.46733826946163426,423.3036072312155,east,coral,west,coral,wunifrac
S32,S20,0.5951703855318838,423.3036072312155,east,coral,west,coral,wunifrac
S33,S20,0.5749366073532138,422.3036072312155,east,coral,west,coral,wunifrac
S34,S20,0.5621282340616498,422.3036072312155,east,coral,west,coral,wunifrac
S35,S20,0.4513335850016576,422.3036072312155,east,coral,west,coral,wunifrac
S36,S20,0.8447158785396893,542.1269837220783,east,mangrove,west,coral,wunifrac
S37,S20,0.8639969765860991,541.1269837220783,east,mangrove,west,coral,wunifrac
S38,S20,0.8451612891436289,540.1269837220783,east,mangrove,west,coral,wunifrac
S39,S20,0.8703805454697275,539.5411972844513,east,mangrove,west,coral,wunifrac
S40,S20,0.8164676244396646,538.1269837220783,east,mangrove,west,coral,wunifrac
S41,S20,0.4962789499356314,649.198051533943,east,coral,west,coral,wunifrac
S42,S20,0.4391538157447061,648.7838379715699,east,coral,west,coral,wunifrac
S43,S20,0.502049152182664,648.7838379715699,east,coral,west,coral,wunifrac
S44,S20,0.4158051339508096,649.7838379715699,east,coral,west,coral,wunifrac
S45,S20,0.438444893110997,648.7838379715699,east,coral,west,coral,wunifrac
S46,S20,0.5622273712954796,648.198051533943,east,mangrove,west,coral,wunifrac
S47,S20,0.6312064779446491,648.198051533943,east,mangrove,west,coral,wunifrac
S48,S20,0.5077003263724298,648.198051533943,east,mangrove,west,coral,wunifrac
S49,S20,0.5422232435752521,649.198051533943,east,mangrove,west,coral,wunifrac
S50,S20,0.5240469738724977,649.198051533943,east,mangrove,west,coral,wunifrac
S51,S20,0.37236396981907977,714.5411972844498,east,seagrass,west,coral,wunifrac
S52,S20,0.37488561963242706,714.5411972844498,east,seagrass,west,coral,wunifrac
S53,S20,0.35638984771664967,714.5411972844498,east,seagrass,west,coral,wunifrac
S54,S20,0.389592301357631,713.5411972844498,east,seagrass,west,coral,wunifrac
S55,S20,0.3851498601774744,713.5411972844498,east,seagrass,west,coral,wunifrac
S56,S20,0.40561395547696627,530.5117600329269,west,coral,west,coral,wunifrac
S57,S20,0.3542428945731788,530.5117600329269,west,coral,west,coral,wunifrac
S58,S20,0.3548276970496162,531.9259735953,west,coral,west,coral,wunifrac
S59,S20,0.38960277311839964,531.5117600329269,west,coral,west,coral,wunifrac
S60,S20,0.39796867492480553,530.5117600329269,west,coral,west,coral,wunifrac
S61,S20,0.3895366292106215,523.5411972844498,west,mangrove,west,coral,wunifrac
S62,S20,0.4404609075614739,523.5411972844498,west,mangrove,west,coral,wunifrac
S63,S20,0.43071405747044766,524.5411972844498,west,mangrove,west,coral,wunifrac
S64,S20,0.4752106209889276,524.9554108468229,west,mangrove,west,coral,wunifrac
S65,S20,0.45744520148553497,525.9554108468229,west,mangrove,west,coral,wunifrac
S66,S20,0.43725801792163943,550.5411972844494,west,seagrass,west,coral,wunifrac
S67,S20,0.41262917658720427,550.5411972844494,west,seagrass,west,coral,wunifrac
S68,S20,0.4033306530828204,550.5411972844494,west,seagrass,west,coral,wunifrac
S69,S20,0.3702627940345029,550.5411972844494,west,seagrass,west,coral,wunifrac
S70,S20,0.42250900786187273,550.9554108468225,west,seagrass,west,coral,wunifrac
S71,S20,0.9871021479131463,864.4234482783573,east,coral,west,coral,wunifrac
S73,S20,0.8107250428839379,864.4234482783573,east,coral,west,coral,wunifrac
S74,S20,0.6912201999091481,864.4234482783573,east,coral,west,coral,wunifrac
S75,S20,0.714004793670304,864.4234482783573,east,coral,west,coral,wunifrac
S77,S20,0.5718915828242094,840.9381669041188,east,coral,west,coral,wunifrac
S78,S20,0.6222058418802349,840.9381669041188,east,coral,west,coral,wunifrac
S80,S20,0.6627124447512632,840.9381669041188,east,coral,west,coral,wunifrac
S81,S20,0.3517969034996596,835.3229432149691,east,mangrove,west,coral,wunifrac
S82,S20,0.37561949065997374,835.3229432149691,east,mangrove,west,coral,wunifrac
S83,S20,0.3667418983712414,835.3229432149691,east,mangrove,west,coral,wunifrac
S84,S20,0.36048741351454555,835.3229432149691,east,mangrove,west,coral,wunifrac
S85,S20,0.4448868603913631,835.3229432149691,east,mangrove,west,coral,wunifrac
S86,S20,0.5510133373988582,420.68838354206605,west,mangrove,west,coral,wunifrac
S87,S20,0.4907459982637983,420.68838354206605,west,mangrove,west,coral,wunifrac
S88,S20,0.645889134808607,420.27416997969294,west,mangrove,west,coral,wunifrac
S89,S20,0.699338453834102,420.27416997969294,west,mangrove,west,coral,wunifrac
S90,S20,0.7569359432560784,420.27416997969294,west,mangrove,west,coral,wunifrac
S91,S20,0.3598300193766716,404.3452377915587,west,seagrass,west,coral,wunifrac
S92,S20,0.3357520389827644,405.34523779155865,west,seagrass,west,coral,wunifrac
S93,S20,0.3549886902090192,405.34523779155865,west,seagrass,west,coral,wunifrac
S94,S20,0.3980659779491383,404.3452377915587,west,seagrass,west,coral,wunifrac
S95,S20,0.3480525108886107,404.3452377915587,west,seagrass,west,coral,wunifrac
S96,S20,0.7019910508136961,327.9188309203673,west,mangrove,west,coral,wunifrac
S97,S20,0.7027789189733545,327.9188309203673,west,mangrove,west,coral,wunifrac
S98,S20,0.6507529689259146,327.9188309203673,west,mangrove,west,coral,wunifrac
S99,S20,0.6348485695921933,327.9188309203673,west,mangrove,west,coral,wunifrac
S100,S20,0.6527201404266872,328.9188309203673,west,mangrove,west,coral,wunifrac
S101,S20,0.4221918641803093,262.16147160748767,west,coral,west,coral,wunifrac
S102,S20,0.4747947999905835,263.40411229460693,west,coral,west,coral,wunifrac
S103,S20,0.5830094833723599,263.81832585698,west,coral,west,coral,wunifrac
S104,S20,0.5370737860985033,265.4041122946069,west,coral,west,coral,wunifrac
S105,S20,0.4586732921310599,263.5756851698607,west,coral,west,coral,wunifrac
S106,S20,0.5588296027016867,97.78174593052029,west,mangrove,west,coral,wunifrac
S107,S20,0.5436708167176633,97.3675323681472,west,mangrove,west,coral,wunifrac
S108,S20,0.4474507818416104,96.3675323681472,west,mangrove,west,coral,wunifrac
S109,S20,0.5728551003405633,95.95331880577409,west,mangrove,west,coral,wunifrac
S110,S20,0.43517420013641117,95.95331880577409,west,mangrove,west,coral,wunifrac
S22,S21,0.6945653526456262,0,east,mangrove,east,mangrove,wunifrac
S23,S21,0.5644772483881245,0,east,mangrove,east,mangrove,wunifrac
S24,S21,0.49384534822998216,0,east,mangrove,east,mangrove,wunifrac
S25,S21,0.5895957232640368,0,east,mangrove,east,mangrove,wunifrac
S26,S21,0.5361166230892075,1,east,seagrass,east,mangrove,wunifrac
S27,S21,0.4264534058225388,1,east,seagrass,east,mangrove,wunifrac
S28,S21,0.4179007102324445,0,east,seagrass,east,mangrove,wunifrac
S29,S21,0.326011707388871,1,east,seagrass,east,mangrove,wunifrac
S30,S21,0.4395467593906899,1,east,seagrass,east,mangrove,wunifrac
S31,S21,0.528362677040326,3.8284271247461903,east,coral,east,mangrove,wunifrac
S32,S21,0.48539934996112666,3.8284271247461903,east,coral,east,mangrove,wunifrac
S33,S21,0.56083679244233,2.8284271247461903,east,coral,east,mangrove,wunifrac
S34,S21,0.32139207660443553,2.8284271247461903,east,coral,east,mangrove,wunifrac
S35,S21,0.4079363965895538,2.8284271247461903,east,coral,east,mangrove,wunifrac
S36,S21,0.9168626720946462,122.65180361560915,east,mangrove,east,mangrove,wunifrac
S37,S21,0.9190488984090595,121.65180361560915,east,mangrove,east,mangrove,wunifrac
S38,S21,0.9167023773496178,120.65180361560915,east,mangrove,east,mangrove,wunifrac
S39,S21,0.9225539496425897,120.06601717798226,east,mangrove,east,mangrove,wunifrac
S40,S21,0.9173493382974942,118.65180361560915,east,mangrove,east,mangrove,wunifrac
S41,S21,0.8392983916939745,229.72287142747467,east,coral,east,mangrove,wunifrac
S42,S21,0.8488450285264916,229.30865786510157,east,coral,east,mangrove,wunifrac
S43,S21,0.7874800412156117,229.30865786510157,east,coral,east,mangrove,wunifrac
S44,S21,0.7936510197239939,230.30865786510157,east,coral,east,mangrove,wunifrac
S45,S21,0.7999070679859731,229.30865786510157,east,coral,east,mangrove,wunifrac
S46,S21,0.9061820573257278,228.72287142747467,east,mangrove,east,mangrove,wunifrac
S47,S21,0.9188185362422684,228.72287142747467,east,mangrove,east,mangrove,wunifrac
S48,S21,0.9088941577019066,228.72287142747467,east,mangrove,east,mangrove,wunifrac
S49,S21,0.9220131290691433,229.72287142747467,east,mangrove,east,mangrove,wunifrac
S50,S21,0.9034563535318707,229.72287142747467,east,mangrove,east,mangrove,wunifrac
S51,S21,0.845761377573843,295.06601717798156,east,seagrass,east,mangrove,wunifrac
S52,S21,0.8605348970278616,295.06601717798156,east,seagrass,east,mangrove,wunifrac
S53,S21,0.8669582154691652,295.06601717798156,east,seagrass,east,mangrove,wunifrac
S54,S21,0.8785237896912198,294.0660171779816,east,seagrass,east,mangrove,wunifrac
S55,S21,0.8845489763262308,294.0660171779816,east,seagrass,east,mangrove,wunifrac
S56,S21,0.4925807578887074,941.6437943888895,west,coral,east,mangrove,wunifrac
S57,S21,0.5961356796237799,941.6437943888895,west,coral,east,mangrove,wunifrac
S58,S21,0.6066459729199916,942.2295808265163,west,coral,east,mangrove,wunifrac
S59,S21,0.5435055817805048,941.2295808265163,west,coral,east,mangrove,wunifrac
S60,S21,0.5946246622140079,941.6437943888895,west,coral,east,mangrove,wunifrac
S61,S21,0.7247900310064387,931.6437943888897,west,mangrove,east,mangrove,wunifrac
S62,S21,0.7356945427673461,931.6437943888897,west,mangrove,east,mangrove,wunifrac
S63,S21,0.7253279445561215,930.6437943888897,west,mangrove,east,mangrove,wunifrac
S64,S21,0.7824668570816178,931.0580079512628,west,mangrove,east,mangrove,wunifrac
S65,S21,0.7797633698437642,930.6437943888897,west,mangrove,east,mangrove,wunifrac
S66,S21,0.45066109683649874,919.2884553295625,west,seagrass,east,mangrove,wunifrac
S67,S21,0.516391410473204,919.2884553295625,west,seagrass,east,mangrove,wunifrac
S68,S21,0.5335526700985977,919.2884553295625,west,seagrass,east,mangrove,wunifrac
S69,S21,0.5502758583539104,919.2884553295625,west,seagrass,east,mangrove,wunifrac
S70,S21,0.5027596066206156,920.2884553295625,west,seagrass,east,mangrove,wunifrac
S71,S21,0.9257328710236248,444.9482681718889,east,coral,east,mangrove,wunifrac
S73,S21,0.948053734935831,444.9482681718889,east,coral,east,mangrove,wunifrac
S74,S21,0.9330006552081953,444.9482681718889,east,coral,east,mangrove,wunifrac
S75,S21,0.9169181691061395,444.9482681718889,east,coral,east,mangrove,wunifrac
S77,S21,0.7557853680571203,421.46298679765033,east,coral,east,mangrove,wunifrac
S78,S21,0.8162543641825286,421.46298679765033,east,coral,east,mangrove,wunifrac
S80,S21,0.7864536811273788,421.46298679765033,east,coral,east,mangrove,wunifrac
S81,S21,0.8459650871347968,415.8477631085006,east,mangrove,east,mangrove,wunifrac
S82,S21,0.8522349968407531,415.8477631085006,east,mangrove,east,mangrove,wunifrac
S83,S21,0.8425975757806561,415.8477631085006,east,mangrove,east,mangrove,wunifrac
S84,S21,0.850042098897916,415.8477631085006,east,mangrove,east,mangrove,wunifrac
S85,S21,0.8440025054935143,415.8477631085006,east,mangrove,east,mangrove,wunifrac
S86,S21,0.8277549944464223,840.1635636485345,west,mangrove,east,mangrove,wunifrac
S87,S21,0.78745763825118,840.1635636485345,west,mangrove,east,mangrove,wunifrac
S88,S21,0.886833002058745,839.7493500861614,west,mangrove,east,mangrove,wunifrac
S89,S21,0.9004370820892029,839.7493500861614,west,mangrove,east,mangrove,wunifrac
S90,S21,0.9125142766366264,839.7493500861614,west,mangrove,east,mangrove,wunifrac
S91,S21,0.7792589933197207,823.8204178980272,west,seagrass,east,mangrove,wunifrac
S92,S21,0.7316680828083542,824.8204178980272,west,seagrass,east,mangrove,wunifrac
S93,S21,0.6841202383839926,824.8204178980272,west,seagrass,east,mangrove,wunifrac
S94,S21,0.663674337309961,823.8204178980272,west,seagrass,east,mangrove,wunifrac
S95,S21,0.7930369315053026,823.8204178980272,west,seagrass,east,mangrove,wunifrac
S96,S21,0.8736558029601625,747.3940110268358,west,mangrove,east,mangrove,wunifrac
S97,S21,0.8742517623683314,747.3940110268358,west,mangrove,east,mangrove,wunifrac
S98,S21,0.8860352597499955,747.3940110268358,west,mangrove,east,mangrove,wunifrac
S99,S21,0.9039470003070408,747.3940110268358,west,mangrove,east,mangrove,wunifrac
S100,S21,0.8836834807006082,748.3940110268358,west,mangrove,east,mangrove,wunifrac
S101,S21,0.5846807848311525,681.6366517139559,west,coral,east,mangrove,wunifrac
S102,S21,0.40445432292724626,682.8792924010752,west,coral,east,mangrove,wunifrac
S103,S21,0.25775813570105305,683.2935059634483,west,coral,east,mangrove,wunifrac
S104,S21,0.27485064554579863,684.8792924010751,west,coral,east,mangrove,wunifrac
S105,S21,0.3938427029727649,683.050865276329,west,coral,east,mangrove,wunifrac
S106,S21,0.8305684086931597,517.256926036991,west,mangrove,east,mangrove,wunifrac
S107,S21,0.8096146913664463,516.8427124746179,west,mangrove,east,mangrove,wunifrac
S108,S21,0.7613345105044712,515.8427124746179,west,mangrove,east,mangrove,wunifrac
S109,S21,0.7485817084355295,515.4284989122449,west,mangrove,east,mangrove,wunifrac
S110,S21,0.7022842767783685,515.4284989122449,west,mangrove,east,mangrove,wunifrac
S23,S22,0.3116953833357831,0,east,mangrove,east,mangrove,wunifrac
S24,S22,0.37083494480249984,0,east,mangrove,east,mangrove,wunifrac
S25,S22,0.4385696949062304,0,east,mangrove,east,mangrove,wunifrac
S26,S22,0.6433794878911188,1,east,seagrass,east,mangrove,wunifrac
S27,S22,0.4927832069099768,1,east,seagrass,east,mangrove,wunifrac
S28,S22,0.7243850378572937,0,east,seagrass,east,mangrove,wunifrac
S29,S22,0.7306476898643174,1,east,seagrass,east,mangrove,wunifrac
S30,S22,0.49178047117528667,1,east,seagrass,east,mangrove,wunifrac
S31,S22,0.49910644451834213,3.8284271247461903,east,coral,east,mangrove,wunifrac
S32,S22,0.6118523182269417,3.8284271247461903,east,coral,east,mangrove,wunifrac
S33,S22,0.55705734235517,2.8284271247461903,east,coral,east,mangrove,wunifrac
S34,S22,0.6009840625746933,2.8284271247461903,east,coral,east,mangrove,wunifrac
S35,S22,0.4813464807675298,2.8284271247461903,east,coral,east,mangrove,wunifrac
S36,S22,0.7639453830497156,122.65180361560915,east,mangrove,east,mangrove,wunifrac
S37,S22,0.7753052363757853,121.65180361560915,east,mangrove,east,mangrove,wunifrac
S38,S22,0.7639096846110427,120.65180361560915,east,mangrove,east,mangrove,wunifrac
S39,S22,0.7889672070782053,120.06601717798226,east,mangrove,east,mangrove,wunifrac
S40,S22,0.7391014783537094,118.65180361560915,east,mangrove,east,mangrove,wunifrac
S41,S22,0.5578603461902139,229.72287142747467,east,coral,east,mangrove,wunifrac
S42,S22,0.5428815612923897,229.30865786510157,east,coral,east,mangrove,wunifrac
S43,S22,0.5329097881991605,229.30865786510157,east,coral,east,mangrove,wunifrac
S44,S22,0.5022237801003887,230.30865786510157,east,coral,east,mangrove,wunifrac
S45,S22,0.5276995041670592,229.30865786510157,east,coral,east,mangrove,wunifrac
S46,S22,0.5161304242126777,228.72287142747467,east,mangrove,east,mangrove,wunifrac
S47,S22,0.5703545773213836,228.72287142747467,east,mangrove,east,mangrove,wunifrac
S48,S22,0.45917271931015285,228.72287142747467,east,mangrove,east,mangrove,wunifrac
S49,S22,0.4542693035649837,229.72287142747467,east,mangrove,east,mangrove,wunifrac
S50,S22,0.4047185078725985,229.72287142747467,east,mangrove,east,mangrove,wunifrac
S51,S22,0.45990190452653484,295.06601717798156,east,seagrass,east,mangrove,wunifrac
S52,S22,0.49510510284676673,295.06601717798156,east,seagrass,east,mangrove,wunifrac
S53,S22,0.47254735390096503,295.06601717798156,east,seagrass,east,mangrove,wunifrac
S54,S22,0.4881737554168869,294.0660171779816,east,seagrass,east,mangrove,wunifrac
S55,S22,0.47028261582252784,294.0660171779816,east,seagrass,east,mangrove,wunifrac
S56,S22,0.5002088096617897,941.6437943888895,west,coral,east,mangrove,wunifrac
S57,S22,0.4820306396463506,941.6437943888895,west,coral,east,mangrove,wunifrac
S58,S22,0.4804073676981934,942.2295808265163,west,coral,east,mangrove,wunifrac
S59,S22,0.5011021186977718,941.2295808265163,west,coral,east,mangrove,wunifrac
S60,S22,0.4984192466254028,941.6437943888895,west,coral,east,mangrove,wunifrac
S61,S22,0.42050327767647816,931.6437943888897,west,mangrove,east,mangrove,wunifrac
S62,S22,0.4223677969128022,931.6437943888897,west,mangrove,east,mangrove,wunifrac
S63,S22,0.4131980192255822,930.6437943888897,west,mangrove,east,mangrove,wunifrac
S64,S22,0.47175598468760493,931.0580079512628,west,mangrove,east,mangrove,wunifrac
S65,S22,0.45721367340174196,930.6437943888897,west,mangrove,east,mangrove,wunifrac
S66,S22,0.48394360149700627,919.2884553295625,west,seagrass,east,mangrove,wunifrac
S67,S22,0.48374805100582474,919.2884553295625,west,seagrass,east,mangrove,wunifrac
S68,S22,0.46996616962621485,919.2884553295625,west,seagrass,east,mangrove,wunifrac
S69,S22,0.4363916033545903,919.2884553295625,west,seagrass,east,mangrove,wunifrac
S70,S22,0.4964706183415224,920.2884553295625,west,seagrass,east,mangrove,wunifrac
S71,S22,0.9903448123098365,444.9482681718889,east,coral,east,mangrove,wunifrac
S73,S22,0.8500461621669602,444.9482681718889,east,coral,east,mangrove,wunifrac
S74,S22,0.7048070294719688,444.9482681718889,east,coral,east,mangrove,wunifrac
S75,S22,0.7704306376925231,444.9482681718889,east,coral,east,mangrove,wunifrac
S77,S22,0.6086857992368515,421.46298679765033,east,coral,east,mangrove,wunifrac
S78,S22,0.6953537113908703,421.46298679765033,east,coral,east,mangrove,wunifrac
S80,S22,0.7056292540851316,421.46298679765033,east,coral,east,mangrove,wunifrac
S81,S22,0.47929509505117024,415.8477631085006,east,mangrove,east,mangrove,wunifrac
S82,S22,0.4804127097323348,415.8477631085006,east,mangrove,east,mangrove,wunifrac
S83,S22,0.4737694434699959,415.8477631085006,east,mangrove,east,mangrove,wunifrac
S84,S22,0.4988252249706862,415.8477631085006,east,mangrove,east,mangrove,wunifrac
S85,S22,0.45594406470615445,415.8477631085006,east,mangrove,east,mangrove,wunifrac
S86,S22,0.5956414923339377,840.1635636485345,west,mangrove,east,mangrove,wunifrac
S87,S22,0.5093958084594331,840.1635636485345,west,mangrove,east,mangrove,wunifrac
S88,S22,0.6341320299520452,839.7493500861614,west,mangrove,east,mangrove,wunifrac
S89,S22,0.6544711157563669,839.7493500861614,west,mangrove,east,mangrove,wunifrac
S90,S22,0.6914987428003248,839.7493500861614,west,mangrove,east,mangrove,wunifrac
S91,S22,0.41845807970090565,823.8204178980272,west,seagrass,east,mangrove,wunifrac
S92,S22,0.4030390369289065,824.8204178980272,west,seagrass,east,mangrove,wunifrac
S93,S22,0.42305772695501687,824.8204178980272,west,seagrass,east,mangrove,wunifrac
S94,S22,0.3815694098582161,823.8204178980272,west,seagrass,east,mangrove,wunifrac
S95,S22,0.3999289982595387,823.8204178980272,west,seagrass,east,mangrove,wunifrac
S96,S22,0.7223174806601625,747.3940110268358,west,mangrove,east,mangrove,wunifrac
S97,S22,0.7070857910293574,747.3940110268358,west,mangrove,east,mangrove,wunifrac
S98,S22,0.6492751720044795,747.3940110268358,west,mangrove,east,mangrove,wunifrac
S99,S22,0.6199835882861567,747.3940110268358,west,mangrove,east,mangrove,wunifrac
S100,S22,0.6373996909513534,748.3940110268358,west,mangrove,east,mangrove,wunifrac
S101,S22,0.49750248729409374,681.6366517139559,west,coral,east,mangrove,wunifrac
S102,S22,0.5394005186037388,682.8792924010752,west,coral,east,mangrove,wunifrac
S103,S22,0.5828107515728876,683.2935059634483,west,coral,east,mangrove,wunifrac
S104,S22,0.5591617674674111,684.8792924010751,west,coral,east,mangrove,wunifrac
S105,S22,0.46986886998701155,683.050865276329,west,coral,east,mangrove,wunifrac
S106,S22,0.5086935843505709,517.256926036991,west,mangrove,east,mangrove,wunifrac
S107,S22,0.5086622251474813,516.8427124746179,west,mangrove,east,mangrove,wunifrac
S108,S22,0.4219897387122419,515.8427124746179,west,mangrove,east,mangrove,wunifrac
S109,S22,0.4998428468424694,515.4284989122449,west,mangrove,east,mangrove,wunifrac
S110,S22,0.4263100102259922,515.4284989122449,west,mangrove,east,mangrove,wunifrac
S24,S23,0.2561160704547336,0,east,mangrove,east,mangrove,wunifrac
S25,S23,0.2660382659551966,0,east,mangrove,east,mangrove,wunifrac
S26,S23,0.40245975037361614,1,east,seagrass,east,mangrove,wunifrac
S27,S23,0.4668449539299575,1,east,seagrass,east,mangrove,wunifrac
S28,S23,0.5290882065950758,0,east,seagrass,east,mangrove,wunifrac
S29,S23,0.5910409594374383,1,east,seagrass,east,mangrove,wunifrac
S30,S23,0.39910587689178717,1,east,seagrass,east,mangrove,wunifrac
S31,S23,0.3352891410791406,3.8284271247461903,east,coral,east,mangrove,wunifrac
S32,S23,0.45030974380591265,3.8284271247461903,east,coral,east,mangrove,wunifrac
S33,S23,0.3820062388688388,2.8284271247461903,east,coral,east,mangrove,wunifrac
S34,S23,0.48995507320653076,2.8284271247461903,east,coral,east,mangrove,wunifrac
S35,S23,0.3869871393361709,2.8284271247461903,east,coral,east,mangrove,wunifrac
S36,S23,0.823883367672838,122.65180361560915,east,mangrove,east,mangrove,wunifrac
S37,S23,0.8320870449348159,121.65180361560915,east,mangrove,east,mangrove,wunifrac
S38,S23,0.8261805072354289,120.65180361560915,east,mangrove,east,mangrove,wunifrac
S39,S23,0.8434336184746805,120.06601717798226,east,mangrove,east,mangrove,wunifrac
S40,S23,0.8023514556848654,118.65180361560915,east,mangrove,east,mangrove,wunifrac
S41,S23,0.6303270942625433,229.72287142747467,east,coral,east,mangrove,wunifrac
S42,S23,0.5859621615309529,229.30865786510157,east,coral,east,mangrove,wunifrac
S43,S23,0.6364589636130282,229.30865786510157,east,coral,east,mangrove,wunifrac
S44,S23,0.5504447157340407,230.30865786510157,east,coral,east,mangrove,wunifrac
S45,S23,0.59211559702768,229.30865786510157,east,coral,east,mangrove,wunifrac
S46,S23,0.6237924739181353,228.72287142747467,east,mangrove,east,mangrove,wunifrac
S47,S23,0.6972612844205974,228.72287142747467,east,mangrove,east,mangrove,wunifrac
S48,S23,0.6004503412691762,228.72287142747467,east,mangrove,east,mangrove,wunifrac
S49,S23,0.638749826163634,229.72287142747467,east,mangrove,east,mangrove,wunifrac
S50,S23,0.564942094459179,229.72287142747467,east,mangrove,east,mangrove,wunifrac
S51,S23,0.5661864816816333,295.06601717798156,east,seagrass,east,mangrove,wunifrac
S52,S23,0.5775837588874168,295.06601717798156,east,seagrass,east,mangrove,wunifrac
S53,S23,0.5808895711235571,295.06601717798156,east,seagrass,east,mangrove,wunifrac
S54,S23,0.6142118797760417,294.0660171779816,east,seagrass,east,mangrove,wunifrac
S55,S23,0.6013723711725294,294.0660171779816,east,seagrass,east,mangrove,wunifrac
S56,S23,0.40547447809767684,941.6437943888895,west,coral,east,mangrove,wunifrac
S57,S23,0.42511039306884496,941.6437943888895,west,coral,east,mangrove,wunifrac
S58,S23,0.39661837744786765,942.2295808265163,west,coral,east,mangrove,wunifrac
S59,S23,0.40406248749716817,941.2295808265163,west,coral,east,mangrove,wunifrac
S60,S23,0.4159179558731864,941.6437943888895,west,coral,east,mangrove,wunifrac
S61,S23,0.4325088674957047,931.6437943888897,west,mangrove,east,mangrove,wunifrac
S62,S23,0.4508984321802632,931.6437943888897,west,mangrove,east,mangrove,wunifrac
S63,S23,0.44646992001769265,930.6437943888897,west,mangrove,east,mangrove,wunifrac
S64,S23,0.49257534642587775,931.0580079512628,west,mangrove,east,mangrove,wunifrac
S65,S23,0.4890937618916994,930.6437943888897,west,mangrove,east,mangrove,wunifrac
S66,S23,0.4156866446466901,919.2884553295625,west,seagrass,east,mangrove,wunifrac
S67,S23,0.4004036312296407,919.2884553295625,west,seagrass,east,mangrove,wunifrac
S68,S23,0.38940206507683617,919.2884553295625,west,seagrass,east,mangrove,wunifrac
S69,S23,0.3596960507358191,919.2884553295625,west,seagrass,east,mangrove,wunifrac
S70,S23,0.3994650834637967,920.2884553295625,west,seagrass,east,mangrove,wunifrac
S71,S23,0.9120047192475275,444.9482681718889,east,coral,east,mangrove,wunifrac
S73,S23,0.8870042845416026,444.9482681718889,east,coral,east,mangrove,wunifrac
S74,S23,0.7948940680746589,444.9482681718889,east,coral,east,mangrove,wunifrac
S75,S23,0.8035238151689494,444.9482681718889,east,coral,east,mangrove,wunifrac
S77,S23,0.5983475383566451,421.46298679765033,east,coral,east,mangrove,wunifrac
S78,S23,0.6362403187444499,421.46298679765033,east,coral,east,mangrove,wunifrac
S80,S23,0.737178049197964,421.46298679765033,east,coral,east,mangrove,wunifrac
S81,S23,0.5490315731696229,415.8477631085006,east,mangrove,east,mangrove,wunifrac
S82,S23,0.5504998261719286,415.8477631085006,east,mangrove,east,mangrove,wunifrac
S83,S23,0.5318313918693246,415.8477631085006,east,mangrove,east,mangrove,wunifrac
S84,S23,0.5507290940414534,415.8477631085006,east,mangrove,east,mangrove,wunifrac
S85,S23,0.545061743183292,415.8477631085006,east,mangrove,east,mangrove,wunifrac
S86,S23,0.6282944382201545,840.1635636485345,west,mangrove,east,mangrove,wunifrac
S87,S23,0.583668997191656,840.1635636485345,west,mangrove,east,mangrove,wunifrac
S88,S23,0.7142115091619039,839.7493500861614,west,mangrove,east,mangrove,wunifrac
S89,S23,0.7311775609934559,839.7493500861614,west,mangrove,east,mangrove,wunifrac
S90,S23,0.7705325982520599,839.7493500861614,west,mangrove,east,mangrove,wunifrac
S91,S23,0.5211332934393825,823.8204178980272,west,seagrass,east,mangrove,wunifrac
S92,S23,0.4908686660587278,824.8204178980272,west,seagrass,east,mangrove,wunifrac
S93,S23,0.4691590119511272,824.8204178980272,west,seagrass,east,mangrove,wunifrac
S94,S23,0.44908310246464356,823.8204178980272,west,seagrass,east,mangrove,wunifrac
S95,S23,0.5346343689620521,823.8204178980272,west,seagrass,east,mangrove,wunifrac
S96,S23,0.6674001780394586,747.3940110268358,west,mangrove,east,mangrove,wunifrac
S97,S23,0.6569443451783713,747.3940110268358,west,mangrove,east,mangrove,wunifrac
S98,S23,0.6467059879726945,747.3940110268358,west,mangrove,east,mangrove,wunifrac
S99,S23,0.6703152131059951,747.3940110268358,west,mangrove,east,mangrove,wunifrac
S100,S23,0.6799749403587525,748.3940110268358,west,mangrove,east,mangrove,wunifrac
S101,S23,0.4561664861259207,681.6366517139559,west,coral,east,mangrove,wunifrac
S102,S23,0.5134706885673451,682.8792924010752,west,coral,east,mangrove,wunifrac
S103,S23,0.5160505485663686,683.2935059634483,west,coral,east,mangrove,wunifrac
S104,S23,0.4950456350611941,684.8792924010751,west,coral,east,mangrove,wunifrac
S105,S23,0.43332931976328526,683.050865276329,west,coral,east,mangrove,wunifrac
S106,S23,0.5841704786101674,517.256926036991,west,mangrove,east,mangrove,wunifrac
S107,S23,0.5591929818857138,516.8427124746179,west,mangrove,east,mangrove,wunifrac
S108,S23,0.4807260792632164,515.8427124746179,west,mangrove,east,mangrove,wunifrac
S109,S23,0.5462915968145943,515.4284989122449,west,mangrove,east,mangrove,wunifrac
S110,S23,0.4828222187049721,515.4284989122449,west,mangrove,east,mangrove,wunifrac
S25,S24,0.1902781264895442,0,east,mangrove,east,mangrove,wunifrac
S26,S24,0.4261550191977307,1,east,seagrass,east,mangrove,wunifrac
S27,S24,0.3071920835667678,1,east,seagrass,east,mangrove,wunifrac
S28,S24,0.4837914122718089,0,east,seagrass,east,mangrove,wunifrac
S29,S24,0.5648767698988152,1,east,seagrass,east,mangrove,wunifrac
S30,S24,0.22896310974433462,1,east,seagrass,east,mangrove,wunifrac
S31,S24,0.2543767602730161,3.8284271247461903,east,coral,east,mangrove,wunifrac
S32,S24,0.40922437116380567,3.8284271247461903,east,coral,east,mangrove,wunifrac
S33,S24,0.3681536812036794,2.8284271247461903,east,coral,east,mangrove,wunifrac
S34,S24,0.4139587017018387,2.8284271247461903,east,coral,east,mangrove,wunifrac
S35,S24,0.2766594637532948,2.8284271247461903,east,coral,east,mangrove,wunifrac
S36,S24,0.8850127801232677,122.65180361560915,east,mangrove,east,mangrove,wunifrac
S37,S24,0.8899768603023336,121.65180361560915,east,mangrove,east,mangrove,wunifrac
S38,S24,0.8881344994334974,120.65180361560915,east,mangrove,east,mangrove,wunifrac
S39,S24,0.8985617846920245,120.06601717798226,east,mangrove,east,mangrove,wunifrac
S40,S24,0.8634385084089393,118.65180361560915,east,mangrove,east,mangrove,wunifrac
S41,S24,0.5296443512754082,229.72287142747467,east,coral,east,mangrove,wunifrac
S42,S24,0.4747425575508924,229.30865786510157,east,coral,east,mangrove,wunifrac
S43,S24,0.5101697638515825,229.30865786510157,east,coral,east,mangrove,wunifrac
S44,S24,0.4295259572304996,230.30865786510157,east,coral,east,mangrove,wunifrac
S45,S24,0.4763824530643894,229.30865786510157,east,coral,east,mangrove,wunifrac
S46,S24,0.6928385344874691,228.72287142747467,east,mangrove,east,mangrove,wunifrac
S47,S24,0.7488614610281592,228.72287142747467,east,mangrove,east,mangrove,wunifrac
S48,S24,0.6325487644853532,228.72287142747467,east,mangrove,east,mangrove,wunifrac
S49,S24,0.6353626832022189,229.72287142747467,east,mangrove,east,mangrove,wunifrac
S50,S24,0.6153114486988146,229.72287142747467,east,mangrove,east,mangrove,wunifrac
S51,S24,0.5064281251977603,295.06601717798156,east,seagrass,east,mangrove,wunifrac
S52,S24,0.5175481570841602,295.06601717798156,east,seagrass,east,mangrove,wunifrac
S53,S24,0.5415326735862818,295.06601717798156,east,seagrass,east,mangrove,wunifrac
S54,S24,0.5696894735562676,294.0660171779816,east,seagrass,east,mangrove,wunifrac
S55,S24,0.5659775848663076,294.0660171779816,east,seagrass,east,mangrove,wunifrac
S56,S24,0.3199746586910751,941.6437943888895,west,coral,east,mangrove,wunifrac
S57,S24,0.34277340740001816,941.6437943888895,west,coral,east,mangrove,wunifrac
S58,S24,0.3658851418992351,942.2295808265163,west,coral,east,mangrove,wunifrac
S59,S24,0.3221280018395293,941.2295808265163,west,coral,east,mangrove,wunifrac
S60,S24,0.38189556474111597,941.6437943888895,west,coral,east,mangrove,wunifrac
S61,S24,0.512665959867619,931.6437943888897,west,mangrove,east,mangrove,wunifrac
S62,S24,0.5415338751471108,931.6437943888897,west,mangrove,east,mangrove,wunifrac
S63,S24,0.5378196397493595,930.6437943888897,west,mangrove,east,mangrove,wunifrac
S64,S24,0.5805598385017704,931.0580079512628,west,mangrove,east,mangrove,wunifrac
S65,S24,0.578641575649625,930.6437943888897,west,mangrove,east,mangrove,wunifrac
S66,S24,0.3847223951277536,919.2884553295625,west,seagrass,east,mangrove,wunifrac
S67,S24,0.3570185032380465,919.2884553295625,west,seagrass,east,mangrove,wunifrac
S68,S24,0.3513478615786993,919.2884553295625,west,seagrass,east,mangrove,wunifrac
S69,S24,0.3439052916711993,919.2884553295625,west,seagrass,east,mangrove,wunifrac
S70,S24,0.3435048902572539,920.2884553295625,west,seagrass,east,mangrove,wunifrac
S71,S24,0.9193465085237471,444.9482681718889,east,coral,east,mangrove,wunifrac
S73,S24,0.8185098873160408,444.9482681718889,east,coral,east,mangrove,wunifrac
S74,S24,0.6804204466342348,444.9482681718889,east,coral,east,mangrove,wunifrac
S75,S24,0.7163377198502553,444.9482681718889,east,coral,east,mangrove,wunifrac
S77,S24,0.5363503985069802,421.46298679765033,east,coral,east,mangrove,wunifrac
S78,S24,0.6255493301949329,421.46298679765033,east,coral,east,mangrove,wunifrac
S80,S24,0.6641179374593194,421.46298679765033,east,coral,east,mangrove,wunifrac
S81,S24,0.5021851571128865,415.8477631085006,east,mangrove,east,mangrove,wunifrac
S82,S24,0.5203056142395004,415.8477631085006,east,mangrove,east,mangrove,wunifrac
S83,S24,0.49384850098740346,415.8477631085006,east,mangrove,east,mangrove,wunifrac
S84,S24,0.513047410163672,415.8477631085006,east,mangrove,east,mangrove,wunifrac
S85,S24,0.5498030485891734,415.8477631085006,east,mangrove,east,mangrove,wunifrac
S86,S24,0.6875050208000615,840.1635636485345,west,mangrove,east,mangrove,wunifrac
S87,S24,0.657236002101544,840.1635636485345,west,mangrove,east,mangrove,wunifrac
S88,S24,0.766025850715969,839.7493500861614,west,mangrove,east,mangrove,wunifrac
S89,S24,0.7939257083407334,839.7493500861614,west,mangrove,east,mangrove,wunifrac
S90,S24,0.8357337037568967,839.7493500861614,west,mangrove,east,mangrove,wunifrac
S91,S24,0.5416654237696216,823.8204178980272,west,seagrass,east,mangrove,wunifrac
S92,S24,0.5146142779060552,824.8204178980272,west,seagrass,east,mangrove,wunifrac
S93,S24,0.4806215835661324,824.8204178980272,west,seagrass,east,mangrove,wunifrac
S94,S24,0.5157746420182956,823.8204178980272,west,seagrass,east,mangrove,wunifrac
S95,S24,0.5374935509265787,823.8204178980272,west,seagrass,east,mangrove,wunifrac
S96,S24,0.7184700292694594,747.3940110268358,west,mangrove,east,mangrove,wunifrac
S97,S24,0.7206596987448545,747.3940110268358,west,mangrove,east,mangrove,wunifrac
S98,S24,0.7139392630001502,747.3940110268358,west,mangrove,east,mangrove,wunifrac
S99,S24,0.7436298143952813,747.3940110268358,west,mangrove,east,mangrove,wunifrac
S100,S24,0.7486838879368019,748.3940110268358,west,mangrove,east,mangrove,wunifrac
S101,S24,0.32493884970438663,681.6366517139559,west,coral,east,mangrove,wunifrac
S102,S24,0.3667739165245199,682.8792924010752,west,coral,east,mangrove,wunifrac
S103,S24,0.44521892791210244,683.2935059634483,west,coral,east,mangrove,wunifrac
S104,S24,0.4148519583282168,684.8792924010751,west,coral,east,mangrove,wunifrac
S105,S24,0.3244233892722667,683.050865276329,west,coral,east,mangrove,wunifrac
S106,S24,0.670550673398761,517.256926036991,west,mangrove,east,mangrove,wunifrac
S107,S24,0.6538673983630117,516.8427124746179,west,mangrove,east,mangrove,wunifrac
S108,S24,0.5619726030385376,515.8427124746179,west,mangrove,east,mangrove,wunifrac
S109,S24,0.6387843443615824,515.4284989122449,west,mangrove,east,mangrove,wunifrac
S110,S24,0.5326961680924748,515.4284989122449,west,mangrove,east,mangrove,wunifrac
S26,S25,0.4101810651447226,1,east,seagrass,east,mangrove,wunifrac
S27,S25,0.38337222210823885,1,east,seagrass,east,mangrove,wunifrac
S28,S25,0.5377401105662009,0,east,seagrass,east,mangrove,wunifrac
S29,S25,0.6253060661420984,1,east,seagrass,east,mangrove,wunifrac
S30,S25,0.30664497226159637,1,east,seagrass,east,mangrove,wunifrac
S31,S25,0.2543431520677419,3.8284271247461903,east,coral,east,mangrove,wunifrac
S32,S25,0.4218239361585951,3.8284271247461903,east,coral,east,mangrove,wunifrac
S33,S25,0.342676038379921,2.8284271247461903,east,coral,east,mangrove,wunifrac
S34,S25,0.46817013585983774,2.8284271247461903,east,coral,east,mangrove,wunifrac
S35,S25,0.3016442273020421,2.8284271247461903,east,coral,east,mangrove,wunifrac
S36,S25,0.9006088506552229,122.65180361560915,east,mangrove,east,mangrove,wunifrac
S37,S25,0.9136644281178354,121.65180361560915,east,mangrove,east,mangrove,wunifrac
S38,S25,0.9033151925660707,120.65180361560915,east,mangrove,east,mangrove,wunifrac
S39,S25,0.9154656510408081,120.06601717798226,east,mangrove,east,mangrove,wunifrac
S40,S25,0.8795625201568477,118.65180361560915,east,mangrove,east,mangrove,wunifrac
S41,S25,0.4818900720219638,229.72287142747467,east,coral,east,mangrove,wunifrac
S42,S25,0.4292430005767198,229.30865786510157,east,coral,east,mangrove,wunifrac
S43,S25,0.49499308479958753,229.30865786510157,east,coral,east,mangrove,wunifrac
S44,S25,0.3920387006598239,230.30865786510157,east,coral,east,mangrove,wunifrac
S45,S25,0.42168807015644416,229.30865786510157,east,coral,east,mangrove,wunifrac
S46,S25,0.7014745946525935,228.72287142747467,east,mangrove,east,mangrove,wunifrac
S47,S25,0.7696495233872163,228.72287142747467,east,mangrove,east,mangrove,wunifrac
S48,S25,0.6392230649158953,228.72287142747467,east,mangrove,east,mangrove,wunifrac
S49,S25,0.6866644412464228,229.72287142747467,east,mangrove,east,mangrove,wunifrac
S50,S25,0.6428132090840616,229.72287142747467,east,mangrove,east,mangrove,wunifrac
S51,S25,0.49172002909878115,295.06601717798156,east,seagrass,east,mangrove,wunifrac
S52,S25,0.48570802019483583,295.06601717798156,east,seagrass,east,mangrove,wunifrac
S53,S25,0.49618368774175986,295.06601717798156,east,seagrass,east,mangrove,wunifrac
S54,S25,0.5330091130278244,294.0660171779816,east,seagrass,east,mangrove,wunifrac
S55,S25,0.5251580149960324,294.0660171779816,east,seagrass,east,mangrove,wunifrac
S56,S25,0.3600514813392415,941.6437943888895,west,coral,east,mangrove,wunifrac
S57,S25,0.33341624141264337,941.6437943888895,west,coral,east,mangrove,wunifrac
S58,S25,0.3425335498039891,942.2295808265163,west,coral,east,mangrove,wunifrac
S59,S25,0.3569180400851458,941.2295808265163,west,coral,east,mangrove,wunifrac
S60,S25,0.38369310543945995,941.6437943888895,west,coral,east,mangrove,wunifrac
S61,S25,0.48592656876795426,931.6437943888897,west,mangrove,east,mangrove,wunifrac
S62,S25,0.5350893013496877,931.6437943888897,west,mangrove,east,mangrove,wunifrac
S63,S25,0.5288674127555936,930.6437943888897,west,mangrove,east,mangrove,wunifrac
S64,S25,0.548954441446084,931.0580079512628,west,mangrove,east,mangrove,wunifrac
S65,S25,0.5598974757979436,930.6437943888897,west,mangrove,east,mangrove,wunifrac
S66,S25,0.4572576568882291,919.2884553295625,west,seagrass,east,mangrove,wunifrac
S67,S25,0.4091842010108671,919.2884553295625,west,seagrass,east,mangrove,wunifrac
S68,S25,0.41751808961144155,919.2884553295625,west,seagrass,east,mangrove,wunifrac
S69,S25,0.4058780666910312,919.2884553295625,west,seagrass,east,mangrove,wunifrac
S70,S25,0.4035802016034952,920.2884553295625,west,seagrass,east,mangrove,wunifrac
S71,S25,0.9218713542166853,444.9482681718889,east,coral,east,mangrove,wunifrac
S73,S25,0.8180893464021979,444.9482681718889,east,coral,east,mangrove,wunifrac
S74,S25,0.6667039755568466,444.9482681718889,east,coral,east,mangrove,wunifrac
S75,S25,0.6890755051009873,444.9482681718889,east,coral,east,mangrove,wunifrac
S77,S25,0.4951164829553427,421.46298679765033,east,coral,east,mangrove,wunifrac
S78,S25,0.578456042558641,421.46298679765033,east,coral,east,mangrove,wunifrac
S80,S25,0.6553424102992375,421.46298679765033,east,coral,east,mangrove,wunifrac
S81,S25,0.45274474468080445,415.8477631085006,east,mangrove,east,mangrove,wunifrac
S82,S25,0.4569143555419683,415.8477631085006,east,mangrove,east,mangrove,wunifrac
S83,S25,0.42717729386451275,415.8477631085006,east,mangrove,east,mangrove,wunifrac
S84,S25,0.44264677458338,415.8477631085006,east,mangrove,east,mangrove,wunifrac
S85,S25,0.529997518160425,415.8477631085006,east,mangrove,east,mangrove,wunifrac
S86,S25,0.653337510260541,840.1635636485345,west,mangrove,east,mangrove,wunifrac
S87,S25,0.645370999154116,840.1635636485345,west,mangrove,east,mangrove,wunifrac
S88,S25,0.7658022316364085,839.7493500861614,west,mangrove,east,mangrove,wunifrac
S89,S25,0.8166311693020004,839.7493500861614,west,mangrove,east,mangrove,wunifrac
S90,S25,0.8535939180548575,839.7493500861614,west,mangrove,east,mangrove,wunifrac
S91,S25,0.5122869208618045,823.8204178980272,west,seagrass,east,mangrove,wunifrac
S92,S25,0.4799942370537545,824.8204178980272,west,seagrass,east,mangrove,wunifrac
S93,S25,0.4742283638812988,824.8204178980272,west,seagrass,east,mangrove,wunifrac
S94,S25,0.5379804252249492,823.8204178980272,west,seagrass,east,mangrove,wunifrac
S95,S25,0.5130172228236052,823.8204178980272,west,seagrass,east,mangrove,wunifrac
S96,S25,0.7076972539802644,747.3940110268358,west,mangrove,east,mangrove,wunifrac
S97,S25,0.7149932622489961,747.3940110268358,west,mangrove,east,mangrove,wunifrac
S98,S25,0.7005463811469499,747.3940110268358,west,mangrove,east,mangrove,wunifrac
S99,S25,0.7264641314062057,747.3940110268358,west,mangrove,east,mangrove,wunifrac
S100,S25,0.7394061506228452,748.3940110268358,west,mangrove,east,mangrove,wunifrac
S101,S25,0.37203630077644284,681.6366517139559,west,coral,east,mangrove,wunifrac
S102,S25,0.4291687529131752,682.8792924010752,west,coral,east,mangrove,wunifrac
S103,S25,0.5367609343508961,683.2935059634483,west,coral,east,mangrove,wunifrac
S104,S25,0.5021918768821866,684.8792924010751,west,coral,east,mangrove,wunifrac
S105,S25,0.40876164891455014,683.050865276329,west,coral,east,mangrove,wunifrac
S106,S25,0.6610551360875367,517.256926036991,west,mangrove,east,mangrove,wunifrac
S107,S25,0.6458038421066762,516.8427124746179,west,mangrove,east,mangrove,wunifrac
S108,S25,0.5684465924461474,515.8427124746179,west,mangrove,east,mangrove,wunifrac
S109,S25,0.641209036816251,515.4284989122449,west,mangrove,east,mangrove,wunifrac
S110,S25,0.5349874060606418,515.4284989122449,west,mangrove,east,mangrove,wunifrac
S27,S26,0.36413886779775334,0,east,seagrass,east,seagrass,wunifrac
S28,S26,0.21561718180821693,1,east,seagrass,east,seagrass,wunifrac
S29,S26,0.5068834051109466,1.4142135623730951,east,seagrass,east,seagrass,wunifrac
S30,S26,0.3263052659463168,1.4142135623730951,east,seagrass,east,seagrass,wunifrac
S31,S26,0.2500016956297485,4.82842712474619,east,coral,east,seagrass,wunifrac
S32,S26,0.22215722401063648,4.82842712474619,east,coral,east,seagrass,wunifrac
S33,S26,0.15659058318486102,3.8284271247461903,east,coral,east,seagrass,wunifrac
S34,S26,0.4018307136446773,3.8284271247461903,east,coral,east,seagrass,wunifrac
S35,S26,0.4235193969303201,3.8284271247461903,east,coral,east,seagrass,wunifrac
S36,S26,0.9433709197638046,123.65180361560915,east,mangrove,east,seagrass,wunifrac
S37,S26,0.9485944723276066,122.65180361560915,east,mangrove,east,seagrass,wunifrac
S38,S26,0.9463549712168117,121.65180361560915,east,mangrove,east,seagrass,wunifrac
S39,S26,0.9507017679534709,121.06601717798226,east,mangrove,east,seagrass,wunifrac
S40,S26,0.9294166492566364,119.65180361560915,east,mangrove,east,seagrass,wunifrac
S41,S26,0.6274636848788135,230.72287142747467,east,coral,east,seagrass,wunifrac
S42,S26,0.6075789835776682,230.30865786510157,east,coral,east,seagrass,wunifrac
S43,S26,0.5763591337665668,230.30865786510157,east,coral,east,seagrass,wunifrac
S44,S26,0.5522213589525148,231.30865786510157,east,coral,east,seagrass,wunifrac
S45,S26,0.5755896655069812,230.30865786510157,east,coral,east,seagrass,wunifrac
S46,S26,0.85823330247533125,229.72287142747467,east,mangrove,east,seagrass,wunifrac
S47,S26,0.8825141141852587,229.72287142747467,east,mangrove,east,seagrass,wunifrac
S48,S26,0.8453802217682719,229.72287142747467,east,mangrove,east,seagrass,wunifrac
S49,S26,0.8847802100635955,230.72287142747467,east,mangrove,east,seagrass,wunifrac
S50,S26,0.8519621277285777,230.72287142747467,east,mangrove,east,seagrass,wunifrac
S51,S26,0.7687600289388722,296.06601717798156,east,seagrass,east,seagrass,wunifrac
S52,S26,0.7707386693185615,296.06601717798156,east,seagrass,east,seagrass,wunifrac
S53,S26,0.7852679021378932,296.06601717798156,east,seagrass,east,seagrass,wunifrac
S54,S26,0.8088063427791286,295.06601717798156,east,seagrass,east,seagrass,wunifrac
S55,S26,0.8114291871020243,295.06601717798156,east,seagrass,east,seagrass,wunifrac
S56,S26,0.5341520138591456,942.6437943888895,west,coral,east,seagrass,wunifrac
S57,S26,0.5499498702546445,942.6437943888895,west,coral,east,seagrass,wunifrac
S58,S26,0.5505455574923802,943.2295808265163,west,coral,east,seagrass,wunifrac
S59,S26,0.5345584087407944,942.2295808265163,west,coral,east,seagrass,wunifrac
S60,S26,0.560720725426871,942.6437943888895,west,coral,east,seagrass,wunifrac
S61,S26,0.6549369237951732,932.6437943888897,west,mangrove,east,seagrass,wunifrac
S62,S26,0.6829435374604825,932.6437943888897,west,mangrove,east,seagrass,wunifrac
S63,S26,0.6764465398738928,931.6437943888897,west,mangrove,east,seagrass,wunifrac
S64,S26,0.7107056116737587,932.0580079512628,west,mangrove,east,seagrass,wunifrac
S65,S26,0.7187885628869135,931.6437943888897,west,mangrove,east,seagrass,wunifrac
S66,S26,0.567374084075829,920.2884553295625,west,seagrass,east,seagrass,wunifrac
S67,S26,0.5410599689331931,920.2884553295625,west,seagrass,east,seagrass,wunifrac
S68,S26,0.5555684521978442,920.2884553295625,west,seagrass,east,seagrass,wunifrac
S69,S26,0.5561464850608335,920.2884553295625,west,seagrass,east,seagrass,wunifrac
S70,S26,0.5459999341748444,921.2884553295625,west,seagrass,east,seagrass,wunifrac
S71,S26,0.8275593339743349,445.9482681718889,east,coral,east,seagrass,wunifrac
S73,S26,0.9273491580996104,445.9482681718889,east,coral,east,seagrass,wunifrac
S74,S26,0.8030262365350234,445.9482681718889,east,coral,east,seagrass,wunifrac
S75,S26,0.7791534790284241,445.9482681718889,east,coral,east,seagrass,wunifrac
S77,S26,0.4741635309668494,422.46298679765033,east,coral,east,seagrass,wunifrac
S78,S26,0.5652699533784304,422.46298679765033,east,coral,east,seagrass,wunifrac
S80,S26,0.6359561314004099,422.46298679765033,east,coral,east,seagrass,wunifrac
S81,S26,0.6933113582972446,416.8477631085006,east,mangrove,east,seagrass,wunifrac
S82,S26,0.7137845671316202,416.8477631085006,east,mangrove,east,seagrass,wunifrac
S83,S26,0.6826618873271605,416.8477631085006,east,mangrove,east,seagrass,wunifrac
S84,S26,0.7081035770719494,416.8477631085006,east,mangrove,east,seagrass,wunifrac
S85,S26,0.7357511608033017,416.8477631085006,east,mangrove,east,seagrass,wunifrac
S86,S26,0.7826399738045955,839.1635636485345,west,mangrove,east,seagrass,wunifrac
S87,S26,0.7703866050238333,839.1635636485345,west,mangrove,east,seagrass,wunifrac
S88,S26,0.8627724280027826,838.7493500861614,west,mangrove,east,seagrass,wunifrac
S89,S26,0.8875955825488039,838.7493500861614,west,mangrove,east,seagrass,wunifrac
S90,S26,0.9162854499396531,838.7493500861614,west,mangrove,east,seagrass,wunifrac
S91,S26,0.7087717532362925,822.8204178980272,west,seagrass,east,seagrass,wunifrac
S92,S26,0.6685650418922703,823.8204178980272,west,seagrass,east,seagrass,wunifrac
S93,S26,0.6491335104597651,823.8204178980272,west,seagrass,east,seagrass,wunifrac
S94,S26,0.6422317023810271,822.8204178980272,west,seagrass,east,seagrass,wunifrac
S95,S26,0.7252644487971099,822.8204178980272,west,seagrass,east,seagrass,wunifrac
S96,S26,0.7999301697537777,746.3940110268358,west,mangrove,east,seagrass,wunifrac
S97,S26,0.789515363687339,746.3940110268358,west,mangrove,east,seagrass,wunifrac
S98,S26,0.807005400247659,746.3940110268358,west,mangrove,east,seagrass,wunifrac
S99,S26,0.8466842065743024,746.3940110268358,west,mangrove,east,seagrass,wunifrac
S100,S26,0.831774034813883,747.3940110268358,west,mangrove,east,seagrass,wunifrac
S101,S26,0.551836881723498,680.6366517139559,west,coral,east,seagrass,wunifrac
S102,S26,0.5808631374291761,681.8792924010752,west,coral,east,seagrass,wunifrac
S103,S26,0.5745054152066271,682.2935059634483,west,coral,east,seagrass,wunifrac
S104,S26,0.5600897591780101,683.8792924010751,west,coral,east,seagrass,wunifrac
S105,S26,0.5337271675056413,682.050865276329,west,coral,east,seagrass,wunifrac
S106,S26,0.7948113874492252,516.256926036991,west,mangrove,east,seagrass,wunifrac
S107,S26,0.7733438607057506,515.8427124746179,west,mangrove,east,seagrass,wunifrac
S108,S26,0.7152337886627606,514.8427124746179,west,mangrove,east,seagrass,wunifrac
S109,S26,0.70966193390789,514.4284989122449,west,mangrove,east,seagrass,wunifrac
S110,S26,0.6779499240740926,514.4284989122449,west,mangrove,east,seagrass,wunifrac
S28,S27,0.3551863149947991,1,east,seagrass,east,seagrass,wunifrac
S29,S27,0.5242418407079974,1.4142135623730951,east,seagrass,east,seagrass,wunifrac
S30,S27,0.17355272996712443,1.4142135623730951,east,seagrass,east,seagrass,wunifrac
S31,S27,0.2732317227891894,4.82842712474619,east,coral,east,seagrass,wunifrac
S32,S27,0.3338393586480058,4.82842712474619,east,coral,east,seagrass,wunifrac
S33,S27,0.2704028424483437,3.8284271247461903,east,coral,east,seagrass,wunifrac
S34,S27,0.25148295253056374,3.8284271247461903,east,coral,east,seagrass,wunifrac
S35,S27,0.2533168862729984,3.8284271247461903,east,coral,east,seagrass,wunifrac
S36,S27,0.9239116241444721,123.65180361560915,east,mangrove,east,seagrass,wunifrac
S37,S27,0.9285639302976667,122.65180361560915,east,mangrove,east,seagrass,wunifrac
S38,S27,0.9289250147452843,121.65180361560915,east,mangrove,east,seagrass,wunifrac
S39,S27,0.9314997890462776,121.06601717798226,east,mangrove,east,seagrass,wunifrac
S40,S27,0.9090928901211459,119.65180361560915,east,mangrove,east,seagrass,wunifrac
S41,S27,0.4544658875684832,230.72287142747467,east,coral,east,seagrass,wunifrac
S42,S27,0.47137059973816786,230.30865786510157,east,coral,east,seagrass,wunifrac
S43,S27,0.3938234337885496,230.30865786510157,east,coral,east,seagrass,wunifrac
S44,S27,0.4287041502407406,231.30865786510157,east,coral,east,seagrass,wunifrac
S45,S27,0.4050705105105824,230.30865786510157,east,coral,east,seagrass,wunifrac
S46,S27,0.8147519160396942,229.72287142747467,east,mangrove,east,seagrass,wunifrac
S47,S27,0.8477163639988653,229.72287142747467,east,mangrove,east,seagrass,wunifrac
S48,S27,0.7680982966321133,229.72287142747467,east,mangrove,east,seagrass,wunifrac
S49,S27,0.781746878655501,230.72287142747467,east,mangrove,east,seagrass,wunifrac
S50,S27,0.7628553404574149,230.72287142747467,east,mangrove,east,seagrass,wunifrac
S51,S27,0.6561687793700207,296.06601717798156,east,seagrass,east,seagrass,wunifrac
S52,S27,0.6600373079034102,296.06601717798156,east,seagrass,east,seagrass,wunifrac
S53,S27,0.6823068829913824,296.06601717798156,east,seagrass,east,seagrass,wunifrac
S54,S27,0.7029063903802096,295.06601717798156,east,seagrass,east,seagrass,wunifrac
S55,S27,0.7047419156363003,295.06601717798156,east,seagrass,east,seagrass,wunifrac
S56,S27,0.3742408848263049,942.6437943888895,west,coral,east,seagrass,wunifrac
S57,S27,0.4275887122705472,942.6437943888895,west,coral,east,seagrass,wunifrac
S58,S27,0.46888576566010864,943.2295808265163,west,coral,east,seagrass,wunifrac
S59,S27,0.40874424296288636,942.2295808265163,west,coral,east,seagrass,wunifrac
S60,S27,0.4735173879763842,942.6437943888895,west,coral,east,seagrass,wunifrac
S61,S27,0.6267770847041834,932.6437943888897,west,mangrove,east,seagrass,wunifrac
S62,S27,0.6720388458004591,932.6437943888897,west,mangrove,east,seagrass,wunifrac
S63,S27,0.6667755052960258,931.6437943888897,west,mangrove,east,seagrass,wunifrac
S64,S27,0.6928911286640201,932.0580079512628,west,mangrove,east,seagrass,wunifrac
S65,S27,0.7032939860011566,931.6437943888897,west,mangrove,east,seagrass,wunifrac
S66,S27,0.45385766272889033,920.2884553295625,west,seagrass,east,seagrass,wunifrac
S67,S27,0.4391204156831788,920.2884553295625,west,seagrass,east,seagrass,wunifrac
S68,S27,0.4652618320413706,920.2884553295625,west,seagrass,east,seagrass,wunifrac
S69,S27,0.4718502182148145,920.2884553295625,west,seagrass,east,seagrass,wunifrac
S70,S27,0.4230623394417576,921.2884553295625,west,seagrass,east,seagrass,wunifrac
S71,S27,0.9528826412597642,445.9482681718889,east,coral,east,seagrass,wunifrac
S73,S27,0.8440306149064183,445.9482681718889,east,coral,east,seagrass,wunifrac
S74,S27,0.6957462672222553,445.9482681718889,east,coral,east,seagrass,wunifrac
S75,S27,0.7334214248412827,445.9482681718889,east,coral,east,seagrass,wunifrac
S77,S27,0.4498891724551881,422.46298679765033,east,coral,east,seagrass,wunifrac
S78,S27,0.6151116955617809,422.46298679765033,east,coral,east,seagrass,wunifrac
S80,S27,0.5471142028720928,422.46298679765033,east,coral,east,seagrass,wunifrac
S81,S27,0.6173248274053065,416.8477631085006,east,mangrove,east,seagrass,wunifrac
S82,S27,0.6357919327063518,416.8477631085006,east,mangrove,east,seagrass,wunifrac
S83,S27,0.6145924350019515,416.8477631085006,east,mangrove,east,seagrass,wunifrac
S84,S27,0.6367016202408515,416.8477631085006,east,mangrove,east,seagrass,wunifrac
S85,S27,0.6660806315579975,416.8477631085006,east,mangrove,east,seagrass,wunifrac
S86,S27,0.771922011928514,839.1635636485345,west,mangrove,east,seagrass,wunifrac
S87,S27,0.7579092964595285,839.1635636485345,west,mangrove,east,seagrass,wunifrac
S88,S27,0.849129387077649,838.7493500861614,west,mangrove,east,seagrass,wunifrac
S89,S27,0.8746123123769447,838.7493500861614,west,mangrove,east,seagrass,wunifrac
S90,S27,0.9047026585305213,838.7493500861614,west,mangrove,east,seagrass,wunifrac
S91,S27,0.6361162664719348,822.8204178980272,west,seagrass,east,seagrass,wunifrac
S92,S27,0.6066087133888678,823.8204178980272,west,seagrass,east,seagrass,wunifrac
S93,S27,0.5626827253529414,823.8204178980272,west,seagrass,east,seagrass,wunifrac
S94,S27,0.58910766086339,822.8204178980272,west,seagrass,east,seagrass,wunifrac
S95,S27,0.6318170281435185,822.8204178980272,west,seagrass,east,seagrass,wunifrac
S96,S27,0.828103776915605,746.3940110268358,west,mangrove,east,seagrass,wunifrac
S97,S27,0.8301862003179163,746.3940110268358,west,mangrove,east,seagrass,wunifrac
S98,S27,0.8285875121448967,746.3940110268358,west,mangrove,east,seagrass,wunifrac
S99,S27,0.84925245902899,746.3940110268358,west,mangrove,east,seagrass,wunifrac
S100,S27,0.8501387975235055,747.3940110268358,west,mangrove,east,seagrass,wunifrac
S101,S27,0.45477762388565807,680.6366517139559,west,coral,east,seagrass,wunifrac
S102,S27,0.3306280495308157,681.8792924010752,west,coral,east,seagrass,wunifrac
S103,S27,0.4279960587529261,682.2935059634483,west,coral,east,seagrass,wunifrac
S104,S27,0.40345309956586045,683.8792924010751,west,coral,east,seagrass,wunifrac
S105,S27,0.3433860112665595,682.050865276329,west,coral,east,seagrass,wunifrac
S106,S27,0.7915085589252514,516.256926036991,west,mangrove,east,seagrass,wunifrac
S107,S27,0.7704475052409917,515.8427124746179,west,mangrove,east,seagrass,wunifrac
S108,S27,0.6815266648532309,514.8427124746179,west,mangrove,east,seagrass,wunifrac
S109,S27,0.688405298911075,514.4284989122449,west,mangrove,east,seagrass,wunifrac
S110,S27,0.6211429569544688,514.4284989122449,west,mangrove,east,seagrass,wunifrac
S29,S28,0.46362677123494883,1,east,seagrass,east,seagrass,wunifrac
S30,S28,0.326844180719311,1,east,seagrass,east,seagrass,wunifrac
S31,S28,0.359936512864395,3.8284271247461903,east,coral,east,seagrass,wunifrac
S32,S28,0.2198439350816907,3.8284271247461903,east,coral,east,seagrass,wunifrac
S33,S28,0.3096924698905988,2.8284271247461903,east,coral,east,seagrass,wunifrac
S34,S28,0.34195809705324226,2.8284271247461903,east,coral,east,seagrass,wunifrac
S35,S28,0.4543355387125881,2.8284271247461903,east,coral,east,seagrass,wunifrac
S36,S28,0.9415471404057477,122.65180361560915,east,mangrove,east,seagrass,wunifrac
S37,S28,0.9432764787948993,121.65180361560915,east,mangrove,east,seagrass,wunifrac
S38,S28,0.9408863325191242,120.65180361560915,east,mangrove,east,seagrass,wunifrac
S39,S28,0.9456379367279554,120.06601717798226,east,mangrove,east,seagrass,wunifrac
S40,S28,0.9419425094283909,118.65180361560915,east,mangrove,east,seagrass,wunifrac
S41,S28,0.7516998819549348,229.72287142747467,east,coral,east,seagrass,wunifrac
S42,S28,0.7290461363970435,229.30865786510157,east,coral,east,seagrass,wunifrac
S43,S28,0.6827471401991598,229.30865786510157,east,coral,east,seagrass,wunifrac
S44,S28,0.6806113659853036,230.30865786510157,east,coral,east,seagrass,wunifrac
S45,S28,0.6900313913269805,229.30865786510157,east,coral,east,seagrass,wunifrac
S46,S28,0.9264105465734365,228.72287142747467,east,mangrove,east,seagrass,wunifrac
S47,S28,0.9425371145399941,228.72287142747467,east,mangrove,east,seagrass,wunifrac
S48,S28,0.9272319367538474,228.72287142747467,east,mangrove,east,seagrass,wunifrac
S49,S28,0.9410726841235868,229.72287142747467,east,mangrove,east,seagrass,wunifrac
S50,S28,0.9237453204104755,229.72287142747467,east,mangrove,east,seagrass,wunifrac
S51,S28,0.8598403665506693,295.06601717798156,east,seagrass,east,seagrass,wunifrac
S52,S28,0.8621037773150158,295.06601717798156,east,seagrass,east,seagrass,wunifrac
S53,S28,0.8705622950877043,295.06601717798156,east,seagrass,east,seagrass,wunifrac
S54,S28,0.8878037529468139,294.0660171779816,east,seagrass,east,seagrass,wunifrac
S55,S28,0.8929962486780351,294.0660171779816,east,seagrass,east,seagrass,wunifrac
S56,S28,0.5087339690330985,941.6437943888895,west,coral,east,seagrass,wunifrac
S57,S28,0.6006800669277003,941.6437943888895,west,coral,east,seagrass,wunifrac
S58,S28,0.6157144085764513,942.2295808265163,west,coral,east,seagrass,wunifrac
S59,S28,0.5478300989976893,941.2295808265163,west,coral,east,seagrass,wunifrac
S60,S28,0.6085083313136704,941.6437943888895,west,coral,east,seagrass,wunifrac
S61,S28,0.7237579177804258,931.6437943888897,west,mangrove,east,seagrass,wunifrac
S62,S28,0.749243907625088,931.6437943888897,west,mangrove,east,seagrass,wunifrac
S63,S28,0.7399348107419709,930.6437943888897,west,mangrove,east,seagrass,wunifrac
S64,S28,0.777771784216848,931.0580079512628,west,mangrove,east,seagrass,wunifrac
S65,S28,0.7880781807753566,930.6437943888897,west,mangrove,east,seagrass,wunifrac
S66,S28,0.5308594711781747,919.2884553295625,west,seagrass,east,seagrass,wunifrac
S67,S28,0.5369518174215934,919.2884553295625,west,seagrass,east,seagrass,wunifrac
S68,S28,0.5606251843124758,919.2884553295625,west,seagrass,east,seagrass,wunifrac
S69,S28,0.5760940008900058,919.2884553295625,west,seagrass,east,seagrass,wunifrac
S70,S28,0.5277030045404872,920.2884553295625,west,seagrass,east,seagrass,wunifrac
S71,S28,0.79390353062722,444.9482681718889,east,coral,east,seagrass,wunifrac
S73,S28,0.9636159154686509,444.9482681718889,east,coral,east,seagrass,wunifrac
S74,S28,0.9486318721358694,444.9482681718889,east,coral,east,seagrass,wunifrac
S75,S28,0.8736191357999359,444.9482681718889,east,coral,east,seagrass,wunifrac
S77,S28,0.6217765343786844,421.46298679765033,east,coral,east,seagrass,wunifrac
S78,S28,0.6949793740682604,421.46298679765033,east,coral,east,seagrass,wunifrac
S80,S28,0.6804438359724855,421.46298679765033,east,coral,east,seagrass,wunifrac
S81,S28,0.8042583013185675,415.8477631085006,east,mangrove,east,seagrass,wunifrac
S82,S28,0.8101781862134785,415.8477631085006,east,mangrove,east,seagrass,wunifrac
S83,S28,0.7945988299844886,415.8477631085006,east,mangrove,east,seagrass,wunifrac
S84,S28,0.8084979332619145,415.8477631085006,east,mangrove,east,seagrass,wunifrac
S85,S28,0.8340242854827964,415.8477631085006,east,mangrove,east,seagrass,wunifrac
S86,S28,0.8306660137770865,840.1635636485345,west,mangrove,east,seagrass,wunifrac
S87,S28,0.8083279841958972,840.1635636485345,west,mangrove,east,seagrass,wunifrac
S88,S28,0.8987091229677676,839.7493500861614,west,mangrove,east,seagrass,wunifrac
S89,S28,0.9115019220904107,839.7493500861614,west,mangrove,east,seagrass,wunifrac
S90,S28,0.9267330089265293,839.7493500861614,west,mangrove,east,seagrass,wunifrac
S91,S28,0.7778385116799604,823.8204178980272,west,seagrass,east,seagrass,wunifrac
S92,S28,0.7357312518742479,824.8204178980272,west,seagrass,east,seagrass,wunifrac
S93,S28,0.7087378514062961,824.8204178980272,west,seagrass,east,seagrass,wunifrac
S94,S28,0.6930180899855761,823.8204178980272,west,seagrass,east,seagrass,wunifrac
S95,S28,0.79840666709554875,823.8204178980272,west,seagrass,east,seagrass,wunifrac
S96,S28,0.8412230531197219,747.3940110268358,west,mangrove,east,seagrass,wunifrac
S97,S28,0.8419231490799157,747.3940110268358,west,mangrove,east,seagrass,wunifrac
S98,S28,0.864279711677271,747.3940110268358,west,mangrove,east,seagrass,wunifrac
S99,S28,0.9018629204577282,747.3940110268358,west,mangrove,east,seagrass,wunifrac
S100,S28,0.8747106476758313,748.3940110268358,west,mangrove,east,seagrass,wunifrac
S101,S28,0.5910278032900685,681.6366517139559,west,coral,east,seagrass,wunifrac
S102,S28,0.540010216076109,682.8792924010752,west,coral,east,seagrass,wunifrac
S103,S28,0.5266185972157807,683.2935059634483,west,coral,east,seagrass,wunifrac
S104,S28,0.5227669297458774,684.8792924010751,west,coral,east,seagrass,wunifrac
S105,S28,0.5217385927466202,683.050865276329,west,coral,east,seagrass,wunifrac
S106,S28,0.8503437139144615,517.256926036991,west,mangrove,east,seagrass,wunifrac
S107,S28,0.8210591824547415,516.8427124746179,west,mangrove,east,seagrass,wunifrac
S108,S28,0.7767370612587028,515.8427124746179,west,mangrove,east,seagrass,wunifrac
S109,S28,0.770204629422181,515.4284989122449,west,mangrove,east,seagrass,wunifrac
S110,S28,0.7308830186142211,515.4284989122449,west,mangrove,east,seagrass,wunifrac
S30,S29,0.5273880878073732,0,east,seagrass,east,seagrass,wunifrac
S31,S29,0.5310396486148937,3.414213562373095,east,coral,east,seagrass,wunifrac
S32,S29,0.5542029846742926,3.414213562373095,east,coral,east,seagrass,wunifrac
S33,S29,0.5453117137428994,2.414213562373095,east,coral,east,seagrass,wunifrac
S34,S29,0.3853655069230967,2.414213562373095,east,coral,east,seagrass,wunifrac
S35,S29,0.41731326659340034,2.414213562373095,east,coral,east,seagrass,wunifrac
S36,S29,0.9365150649809217,122.23759005323605,east,mangrove,east,seagrass,wunifrac
S37,S29,0.9383498107698078,121.23759005323605,east,mangrove,east,seagrass,wunifrac
S38,S29,0.9358118540686143,120.23759005323605,east,mangrove,east,seagrass,wunifrac
S39,S29,0.9409574734514902,119.65180361560915,east,mangrove,east,seagrass,wunifrac
S40,S29,0.936931950698354,118.23759005323605,east,mangrove,east,seagrass,wunifrac
S41,S29,0.8240996511238208,229.30865786510157,east,coral,east,seagrass,wunifrac
S42,S29,0.8527932177853389,228.89444430272846,east,coral,east,seagrass,wunifrac
S43,S29,0.8100142396599188,228.89444430272846,east,coral,east,seagrass,wunifrac
S44,S29,0.7958304852471038,229.89444430272846,east,coral,east,seagrass,wunifrac
S45,S29,0.8062585563085551,228.89444430272846,east,coral,east,seagrass,wunifrac
S46,S29,0.9239506902834073,228.30865786510157,east,mangrove,east,seagrass,wunifrac
S47,S29,0.9375370069424772,228.30865786510157,east,mangrove,east,seagrass,wunifrac
S48,S29,0.9244294507306509,228.30865786510157,east,mangrove,east,seagrass,wunifrac
S49,S29,0.9359129719890862,229.30865786510157,east,mangrove,east,seagrass,wunifrac
S50,S29,0.9183316862176353,229.30865786510157,east,mangrove,east,seagrass,wunifrac
S51,S29,0.8814348943777578,294.65180361560846,east,seagrass,east,seagrass,wunifrac
S52,S29,0.888669727354503,294.65180361560846,east,seagrass,east,seagrass,wunifrac
S53,S29,0.8928009026524444,294.65180361560846,east,seagrass,east,seagrass,wunifrac
S54,S29,0.9040166728969311,293.65180361560846,east,seagrass,east,seagrass,wunifrac
S55,S29,0.9046990034435718,293.65180361560846,east,seagrass,east,seagrass,wunifrac
S56,S29,0.5308324683318527,941.2295808265164,west,coral,east,seagrass,wunifrac
S57,S29,0.6207772746548463,941.2295808265164,west,coral,east,seagrass,wunifrac
S58,S29,0.6380337636628796,941.8153672641433,west,coral,east,seagrass,wunifrac
S59,S29,0.5761866958280916,940.8153672641433,west,coral,east,seagrass,wunifrac
S60,S29,0.6223016956078057,941.2295808265164,west,coral,east,seagrass,wunifrac
S61,S29,0.7452506180567688,931.2295808265167,west,mangrove,east,seagrass,wunifrac
S62,S29,0.7614712135517883,931.2295808265167,west,mangrove,east,seagrass,wunifrac
S63,S29,0.7495299927105099,930.2295808265167,west,mangrove,east,seagrass,wunifrac
S64,S29,0.8096487616329505,930.6437943888897,west,mangrove,east,seagrass,wunifrac
S65,S29,0.803493331219964,930.2295808265167,west,mangrove,east,seagrass,wunifrac
S66,S29,0.4835492242991626,918.8742417671893,west,seagrass,east,seagrass,wunifrac
S67,S29,0.5450499886886275,918.8742417671893,west,seagrass,east,seagrass,wunifrac
S68,S29,0.5653155710103396,918.8742417671893,west,seagrass,east,seagrass,wunifrac
S69,S29,0.5811632837877982,918.8742417671893,west,seagrass,east,seagrass,wunifrac
S70,S29,0.5332938799814829,919.8742417671893,west,seagrass,east,seagrass,wunifrac
S71,S29,0.9322526515881757,444.5340546095158,east,coral,east,seagrass,wunifrac
S73,S29,0.9604491438186428,444.5340546095158,east,coral,east,seagrass,wunifrac
S74,S29,0.8808829281978212,444.5340546095158,east,coral,east,seagrass,wunifrac
S75,S29,0.8641814445897864,444.5340546095158,east,coral,east,seagrass,wunifrac
S77,S29,0.5929163108839705,421.0487732352773,east,coral,east,seagrass,wunifrac
S78,S29,0.6421201360040785,421.0487732352773,east,coral,east,seagrass,wunifrac
S80,S29,0.8029403661606445,421.0487732352773,east,coral,east,seagrass,wunifrac
S81,S29,0.8526901103462253,415.43354954612755,east,mangrove,east,seagrass,wunifrac
S82,S29,0.8724604229780026,415.43354954612755,east,mangrove,east,seagrass,wunifrac
S83,S29,0.8509221825571267,415.43354954612755,east,mangrove,east,seagrass,wunifrac
S84,S29,0.8693835091532379,415.43354954612755,east,mangrove,east,seagrass,wunifrac
S85,S29,0.8544436229466916,415.43354954612755,east,mangrove,east,seagrass,wunifrac
S86,S29,0.836757289012465,840.5777772109076,west,mangrove,east,seagrass,wunifrac
S87,S29,0.8049030907257555,840.5777772109076,west,mangrove,east,seagrass,wunifrac
S88,S29,0.8945111792808063,840.1635636485345,west,mangrove,east,seagrass,wunifrac
S89,S29,0.9072952987551811,840.1635636485345,west,mangrove,east,seagrass,wunifrac
S90,S29,0.9214185688340761,840.1635636485345,west,mangrove,east,seagrass,wunifrac
S91,S29,0.8136440207225667,824.2346314604004,west,seagrass,east,seagrass,wunifrac
S92,S29,0.7558951008305338,825.2346314604004,west,seagrass,east,seagrass,wunifrac
S93,S29,0.7117092335567435,825.2346314604004,west,seagrass,east,seagrass,wunifrac
S94,S29,0.7257162234764415,824.2346314604004,west,seagrass,east,seagrass,wunifrac
S95,S29,0.810154106376445,824.2346314604004,west,seagrass,east,seagrass,wunifrac
S96,S29,0.8995503631299153,747.8082245892089,west,mangrove,east,seagrass,wunifrac
S97,S29,0.902540115288652,747.8082245892089,west,mangrove,east,seagrass,wunifrac
S98,S29,0.9084672881131892,747.8082245892089,west,mangrove,east,seagrass,wunifrac
S99,S29,0.9090606511418038,747.8082245892089,west,mangrove,east,seagrass,wunifrac
S100,S29,0.8979109682578209,748.8082245892089,west,mangrove,east,seagrass,wunifrac
S101,S29,0.6106485741999015,682.050865276329,west,coral,east,seagrass,wunifrac
S102,S29,0.42904671544796225,683.2935059634483,west,coral,east,seagrass,wunifrac
S103,S29,0.37054854616556737,683.7077195258214,west,coral,east,seagrass,wunifrac
S104,S29,0.38340047396724836,685.2935059634482,west,coral,east,seagrass,wunifrac
S105,S29,0.41498807488779166,683.4650788387021,west,coral,east,seagrass,wunifrac
S106,S29,0.8488403345679626,517.6711395993641,west,mangrove,east,seagrass,wunifrac
S107,S29,0.8271749751381645,517.256926036991,west,mangrove,east,seagrass,wunifrac
S108,S29,0.7761806590671043,516.256926036991,west,mangrove,east,seagrass,wunifrac
S109,S29,0.772684456269447,515.8427124746179,west,mangrove,east,seagrass,wunifrac
S110,S29,0.7544820426704758,515.8427124746179,west,mangrove,east,seagrass,wunifrac
S31,S30,0.19196614913387464,3.414213562373095,east,coral,east,seagrass,wunifrac
S32,S30,0.3002112222091547,3.414213562373095,east,coral,east,seagrass,wunifrac
S33,S30,0.28395499940668856,2.414213562373095,east,coral,east,seagrass,wunifrac
S34,S30,0.3036944287762968,2.414213562373095,east,coral,east,seagrass,wunifrac
S35,S30,0.2645442612255188,2.414213562373095,east,coral,east,seagrass,wunifrac
S36,S30,0.9312727436323853,122.23759005323605,east,mangrove,east,seagrass,wunifrac
S37,S30,0.9366734916398032,121.23759005323605,east,mangrove,east,seagrass,wunifrac
S38,S30,0.9341840137833229,120.23759005323605,east,mangrove,east,seagrass,wunifrac
S39,S30,0.9392691070250968,119.65180361560915,east,mangrove,east,seagrass,wunifrac
S40,S30,0.9173550093224121,118.23759005323605,east,mangrove,east,seagrass,wunifrac
S41,S30,0.5048617002379524,229.30865786510157,east,coral,east,seagrass,wunifrac
S42,S30,0.5126470735635317,228.89444430272846,east,coral,east,seagrass,wunifrac
S43,S30,0.47343375608682914,228.89444430272846,east,coral,east,seagrass,wunifrac
S44,S30,0.45740517359868255,229.89444430272846,east,coral,east,seagrass,wunifrac
S45,S30,0.44944674003269014,228.89444430272846,east,coral,east,seagrass,wunifrac
S46,S30,0.8090083221811947,228.30865786510157,east,mangrove,east,seagrass,wunifrac
S47,S30,0.8435844498136181,228.30865786510157,east,mangrove,east,seagrass,wunifrac
S48,S30,0.7611777449732732,228.30865786510157,east,mangrove,east,seagrass,wunifrac
S49,S30,0.7685187325406188,229.30865786510157,east,mangrove,east,seagrass,wunifrac
S50,S30,0.7529575077975627,229.30865786510157,east,mangrove,east,seagrass,wunifrac
S51,S30,0.6297623372526763,294.65180361560846,east,seagrass,east,seagrass,wunifrac
S52,S30,0.6258200341721561,294.65180361560846,east,seagrass,east,seagrass,wunifrac
S53,S30,0.6580192115205258,294.65180361560846,east,seagrass,east,seagrass,wunifrac
S54,S30,0.6826309397941414,293.65180361560846,east,seagrass,east,seagrass,wunifrac
S55,S30,0.6846974374814582,293.65180361560846,east,seagrass,east,seagrass,wunifrac
S56,S30,0.3735264668719261,941.2295808265164,west,coral,east,seagrass,wunifrac
S57,S30,0.4124969358937284,941.2295808265164,west,coral,east,seagrass,wunifrac
S58,S30,0.4528502380591928,941.8153672641433,west,coral,east,seagrass,wunifrac
S59,S30,0.4005332890172241,940.8153672641433,west,coral,east,seagrass,wunifrac
S60,S30,0.460646111491981,941.2295808265164,west,coral,east,seagrass,wunifrac
S61,S30,0.6203518819147723,931.2295808265167,west,mangrove,east,seagrass,wunifrac
S62,S30,0.6644361938770502,931.2295808265167,west,mangrove,east,seagrass,wunifrac
S63,S30,0.6614231519264109,930.2295808265167,west,mangrove,east,seagrass,wunifrac
S64,S30,0.6824599564672045,930.6437943888897,west,mangrove,east,seagrass,wunifrac
S65,S30,0.6950049471867366,930.2295808265167,west,mangrove,east,seagrass,wunifrac
S66,S30,0.46158431644050946,918.8742417671893,west,seagrass,east,seagrass,wunifrac
S67,S30,0.43306260786029166,918.8742417671893,west,seagrass,east,seagrass,wunifrac
S68,S30,0.4601428449974076,918.8742417671893,west,seagrass,east,seagrass,wunifrac
S69,S30,0.4670928459551378,918.8742417671893,west,seagrass,east,seagrass,wunifrac
S70,S30,0.4202371818429336,919.8742417671893,west,seagrass,east,seagrass,wunifrac
S71,S30,0.8675187339796967,444.5340546095158,east,coral,east,seagrass,wunifrac
S73,S30,0.8409276831812686,444.5340546095158,east,coral,east,seagrass,wunifrac
S74,S30,0.7000662358988029,444.5340546095158,east,coral,east,seagrass,wunifrac
S75,S30,0.7096529102101968,444.5340546095158,east,coral,east,seagrass,wunifrac
S77,S30,0.47410590159775334,421.0487732352773,east,coral,east,seagrass,wunifrac
S78,S30,0.616260365969917,421.0487732352773,east,coral,east,seagrass,wunifrac
S80,S30,0.6306122876924114,421.0487732352773,east,coral,east,seagrass,wunifrac
S81,S30,0.5825054128948777,415.43354954612755,east,mangrove,east,seagrass,wunifrac
S82,S30,0.601202154536707,415.43354954612755,east,mangrove,east,seagrass,wunifrac
S83,S30,0.5764945577855057,415.43354954612755,east,mangrove,east,seagrass,wunifrac
S84,S30,0.5961121132101546,415.43354954612755,east,mangrove,east,seagrass,wunifrac
S85,S30,0.6440541483796532,415.43354954612755,east,mangrove,east,seagrass,wunifrac
S86,S30,0.7733403197762414,840.5777772109076,west,mangrove,east,seagrass,wunifrac
S87,S30,0.759609591006788,840.5777772109076,west,mangrove,east,seagrass,wunifrac
S88,S30,0.8522383268215685,840.1635636485345,west,mangrove,east,seagrass,wunifrac
S89,S30,0.8776614306144093,840.1635636485345,west,mangrove,east,seagrass,wunifrac
S90,S30,0.9075905854086581,840.1635636485345,west,mangrove,east,seagrass,wunifrac
S91,S30,0.6276722227110059,824.2346314604004,west,seagrass,east,seagrass,wunifrac
S92,S30,0.6041618339880448,825.2346314604004,west,seagrass,east,seagrass,wunifrac
S93,S30,0.5717072723752245,825.2346314604004,west,seagrass,east,seagrass,wunifrac
S94,S30,0.5963851483667779,824.2346314604004,west,seagrass,east,seagrass,wunifrac
S95,S30,0.6318391959237029,824.2346314604004,west,seagrass,east,seagrass,wunifrac
S96,S30,0.7939905287492831,747.8082245892089,west,mangrove,east,seagrass,wunifrac
S97,S30,0.7918467448094125,747.8082245892089,west,mangrove,east,seagrass,wunifrac
S98,S30,0.7983111659352595,747.8082245892089,west,mangrove,east,seagrass,wunifrac
S99,S30,0.8385390381007615,747.8082245892089,west,mangrove,east,seagrass,wunifrac
S100,S30,0.8338406217662241,748.8082245892089,west,mangrove,east,seagrass,wunifrac
S101,S30,0.42788991837208323,682.050865276329,west,coral,east,seagrass,wunifrac
S102,S30,0.3447444692719209,683.2935059634483,west,coral,east,seagrass,wunifrac
S103,S30,0.45381452849229276,683.7077195258214,west,coral,east,seagrass,wunifrac
S104,S30,0.41584090045951666,685.2935059634482,west,coral,east,seagrass,wunifrac
S105,S30,0.3522572044599219,683.4650788387021,west,coral,east,seagrass,wunifrac
S106,S30,0.7886505717687993,517.6711395993641,west,mangrove,east,seagrass,wunifrac
S107,S30,0.7727110252000924,517.256926036991,west,mangrove,east,seagrass,wunifrac
S108,S30,0.6817599351601578,516.256926036991,west,mangrove,east,seagrass,wunifrac
S109,S30,0.6907274996462364,515.8427124746179,west,mangrove,east,seagrass,wunifrac
S110,S30,0.6302165072596672,515.8427124746179,west,mangrove,east,seagrass,wunifrac
S32,S31,0.2609931665529322,0,east,coral,east,coral,wunifrac
S33,S31,0.1724244455759937,1,east,coral,east,coral,wunifrac
S34,S31,0.37715235545602,1,east,coral,east,coral,wunifrac
S35,S31,0.2652002209595935,1,east,coral,east,coral,wunifrac
S36,S31,0.9264429666765623,118.82337649086296,east,mangrove,east,coral,wunifrac
S37,S31,0.9376106613731786,117.82337649086296,east,mangrove,east,coral,wunifrac
S38,S31,0.9293193603461811,116.82337649086296,east,mangrove,east,coral,wunifrac
S39,S31,0.9358362697533417,116.23759005323605,east,mangrove,east,coral,wunifrac
S40,S31,0.910821644413673,114.82337649086296,east,mangrove,east,coral,wunifrac
S41,S31,0.5031315563911339,225.89444430272846,east,coral,east,coral,wunifrac
S42,S31,0.4928268475193185,225.48023074035535,east,coral,east,coral,wunifrac
S43,S31,0.5003345461841512,225.48023074035535,east,coral,east,coral,wunifrac
S44,S31,0.4489860093485257,226.48023074035535,east,coral,east,coral,wunifrac
S45,S31,0.46239631307456625,225.48023074035535,east,coral,east,coral,wunifrac
S46,S31,0.7754918407852612,224.89444430272846,east,mangrove,east,coral,wunifrac
S47,S31,0.8281964472790343,224.89444430272846,east,mangrove,east,coral,wunifrac
S48,S31,0.7299155814110093,224.89444430272846,east,mangrove,east,coral,wunifrac
S49,S31,0.7890055643210233,225.89444430272846,east,mangrove,east,coral,wunifrac
S50,S31,0.7398841852022722,225.89444430272846,east,mangrove,east,coral,wunifrac
S51,S31,0.6275838143011094,291.23759005323546,east,seagrass,east,coral,wunifrac
S52,S31,0.6213747964920139,291.23759005323546,east,seagrass,east,coral,wunifrac
S53,S31,0.6429356113423689,291.23759005323546,east,seagrass,east,coral,wunifrac
S54,S31,0.6654315734663894,290.23759005323546,east,seagrass,east,coral,wunifrac
S55,S31,0.6729922235561363,290.23759005323546,east,seagrass,east,coral,wunifrac
S56,S31,0.3824881105185487,937.8153672641434,west,coral,east,coral,wunifrac
S57,S31,0.37361801288303625,937.8153672641434,west,coral,east,coral,wunifrac
S58,S31,0.3986525744657855,938.4011537017702,west,coral,east,coral,wunifrac
S59,S31,0.37639572788682607,937.4011537017702,west,coral,east,coral,wunifrac
S60,S31,0.4115436864413767,937.8153672641434,west,coral,east,coral,wunifrac
S61,S31,0.5675843754223517,927.8153672641436,west,mangrove,east,coral,wunifrac
S62,S31,0.6080037551087198,927.8153672641436,west,mangrove,east,coral,wunifrac
S63,S31,0.6063656943735591,926.8153672641436,west,mangrove,east,coral,wunifrac
S64,S31,0.6301439854820963,927.2295808265167,west,mangrove,east,coral,wunifrac
S65,S31,0.6398444626714114,926.8153672641436,west,mangrove,east,coral,wunifrac
S66,S31,0.483281688974265,915.4600282048162,west,seagrass,east,coral,wunifrac
S67,S31,0.44709741494907695,915.4600282048162,west,seagrass,east,coral,wunifrac
S68,S31,0.4510251441993057,915.4600282048162,west,seagrass,east,coral,wunifrac
S69,S31,0.446337605485767,915.4600282048162,west,seagrass,east,coral,wunifrac
S70,S31,0.4346230994910601,916.4600282048162,west,seagrass,east,coral,wunifrac
S71,S31,0.8836628705512254,441.11984104714276,east,coral,east,coral,wunifrac
S73,S31,0.865179587381669,441.11984104714276,east,coral,east,coral,wunifrac
S74,S31,0.702835104578277,441.11984104714276,east,coral,east,coral,wunifrac
S75,S31,0.7127662710245137,441.11984104714276,east,coral,east,coral,wunifrac
S77,S31,0.4263386220746326,417.6345596729042,east,coral,east,coral,wunifrac
S78,S31,0.5453490960170132,417.6345596729042,east,coral,east,coral,wunifrac
S80,S31,0.642032215875202,417.6345596729042,east,coral,east,coral,wunifrac
S81,S31,0.5592252933130201,412.0193359837545,east,mangrove,east,coral,wunifrac
S82,S31,0.5772775406422034,412.0193359837545,east,mangrove,east,coral,wunifrac
S83,S31,0.5449121157092474,412.0193359837545,east,mangrove,east,coral,wunifrac
S84,S31,0.5694926522150757,412.0193359837545,east,mangrove,east,coral,wunifrac
S85,S31,0.6238414783237594,412.0193359837545,east,mangrove,east,coral,wunifrac
S86,S31,0.7306402763908512,843.9919907732806,west,mangrove,east,coral,wunifrac
S87,S31,0.7211130455818056,843.9919907732806,west,mangrove,east,coral,wunifrac
S88,S31,0.8225094663496785,843.5777772109076,west,mangrove,east,coral,wunifrac
S89,S31,0.8605608724877509,843.5777772109076,west,mangrove,east,coral,wunifrac
S90,S31,0.8965485745101212,843.5777772109076,west,mangrove,east,coral,wunifrac
S91,S31,0.5866194011395937,827.6488450227733,west,seagrass,east,coral,wunifrac
S92,S31,0.5628744851995344,828.6488450227733,west,seagrass,east,coral,wunifrac
S93,S31,0.545220607724338,828.6488450227733,west,seagrass,east,coral,wunifrac
S94,S31,0.6005230034967204,827.6488450227733,west,seagrass,east,coral,wunifrac
S95,S31,0.6001189560173574,827.6488450227733,west,seagrass,east,coral,wunifrac
S96,S31,0.7566961927935817,751.2224381515819,west,mangrove,east,coral,wunifrac
S97,S31,0.7588786777646916,751.2224381515819,west,mangrove,east,coral,wunifrac
S98,S31,0.762061727443309,751.2224381515819,west,mangrove,east,coral,wunifrac
S99,S31,0.797577504853236,751.2224381515819,west,mangrove,east,coral,wunifrac
S100,S31,0.8066662885540927,752.2224381515819,west,mangrove,east,coral,wunifrac
S101,S31,0.4323192420804884,685.4650788387021,west,coral,east,coral,wunifrac
S102,S31,0.43897411197855357,686.7077195258214,west,coral,east,coral,wunifrac
S103,S31,0.5187041896311902,687.1219330881945,west,coral,east,coral,wunifrac
S104,S31,0.47879186449048977,688.7077195258213,west,coral,east,coral,wunifrac
S105,S31,0.40641042500330826,686.8792924010751,west,coral,east,coral,wunifrac
S106,S31,0.740784721907935,521.0853531617372,west,mangrove,east,coral,wunifrac
S107,S31,0.7130709658531897,520.6711395993641,west,mangrove,east,coral,wunifrac
S108,S31,0.6252980144737035,519.6711395993641,west,mangrove,east,coral,wunifrac
S109,S31,0.6714252023705793,519.256926036991,west,mangrove,east,coral,wunifrac
S110,S31,0.6062508612575179,519.256926036991,west,mangrove,east,coral,wunifrac
S33,S32,0.28253764139550597,1,east,coral,east,coral,wunifrac
S34,S32,0.34410056947890677,1,east,coral,east,coral,wunifrac
S35,S32,0.415035050429685,1,east,coral,east,coral,wunifrac
S36,S32,0.9443608846024425,118.82337649086296,east,mangrove,east,coral,wunifrac
S37,S32,0.9495890899216042,117.82337649086296,east,mangrove,east,coral,wunifrac
S38,S32,0.9473621190483292,116.82337649086296,east,mangrove,east,coral,wunifrac
S39,S32,0.9516629227383981,116.23759005323605,east,mangrove,east,coral,wunifrac
S40,S32,0.9303516806481791,114.82337649086296,east,mangrove,east,coral,wunifrac
S41,S32,0.6511726120135072,225.89444430272846,east,coral,east,coral,wunifrac
S42,S32,0.6456938441849983,225.48023074035535,east,coral,east,coral,wunifrac
S43,S32,0.6296438857105191,225.48023074035535,east,coral,east,coral,wunifrac
S44,S32,0.6121962606269032,226.48023074035535,east,coral,east,coral,wunifrac
S45,S32,0.6016166953326442,225.48023074035535,east,coral,east,coral,wunifrac
S46,S32,0.8478490734771366,224.89444430272846,east,mangrove,east,coral,wunifrac
S47,S32,0.8708095891882669,224.89444430272846,east,mangrove,east,coral,wunifrac
S48,S32,0.8329908307054904,224.89444430272846,east,mangrove,east,coral,wunifrac
S49,S32,0.871627811073023,225.89444430272846,east,mangrove,east,coral,wunifrac
S50,S32,0.8422701735841291,225.89444430272846,east,mangrove,east,coral,wunifrac
S51,S32,0.7435375658279509,291.23759005323546,east,seagrass,east,coral,wunifrac
S52,S32,0.7496834797084604,291.23759005323546,east,seagrass,east,coral,wunifrac
S53,S32,0.7638804124777715,291.23759005323546,east,seagrass,east,coral,wunifrac
S54,S32,0.7860928106767113,290.23759005323546,east,seagrass,east,coral,wunifrac
S55,S32,0.7893194829558606,290.23759005323546,east,seagrass,east,coral,wunifrac
S56,S32,0.473779336163864,937.8153672641434,west,coral,east,coral,wunifrac
S57,S32,0.4937421601149747,937.8153672641434,west,coral,east,coral,wunifrac
S58,S32,0.5052319429222332,938.4011537017702,west,coral,east,coral,wunifrac
S59,S32,0.46719007560954545,937.4011537017702,west,coral,east,coral,wunifrac
S60,S32,0.5059992754952344,937.8153672641434,west,coral,east,coral,wunifrac
S61,S32,0.633257332797034,927.8153672641436,west,mangrove,east,coral,wunifrac
S62,S32,0.6698364424455494,927.8153672641436,west,mangrove,east,coral,wunifrac
S63,S32,0.6674644474284777,926.8153672641436,west,mangrove,east,coral,wunifrac
S64,S32,0.6927094207339933,927.2295808265167,west,mangrove,east,coral,wunifrac
S65,S32,0.7039164309501067,926.8153672641436,west,mangrove,east,coral,wunifrac
S66,S32,0.5401914735807256,915.4600282048162,west,seagrass,east,coral,wunifrac
S67,S32,0.5071941946687438,915.4600282048162,west,seagrass,east,coral,wunifrac
S68,S32,0.5115818169162388,915.4600282048162,west,seagrass,east,coral,wunifrac
S69,S32,0.509036691175376,915.4600282048162,west,seagrass,east,coral,wunifrac
S70,S32,0.503383023943523,916.4600282048162,west,seagrass,east,coral,wunifrac
S71,S32,0.8523077915299635,441.11984104714276,east,coral,east,coral,wunifrac
S73,S32,0.913275857955055,441.11984104714276,east,coral,east,coral,wunifrac
S74,S32,0.8491652978027999,441.11984104714276,east,coral,east,coral,wunifrac
S75,S32,0.8039411150746048,441.11984104714276,east,coral,east,coral,wunifrac
S77,S32,0.5690356241836254,417.6345596729042,east,coral,east,coral,wunifrac
S78,S32,0.6412162851922557,417.6345596729042,east,coral,east,coral,wunifrac
S80,S32,0.6790025477810867,417.6345596729042,east,coral,east,coral,wunifrac
S81,S32,0.7044886359409736,412.0193359837545,east,mangrove,east,coral,wunifrac
S82,S32,0.7148797820824632,412.0193359837545,east,mangrove,east,coral,wunifrac
S83,S32,0.6969147692340484,412.0193359837545,east,mangrove,east,coral,wunifrac
S84,S32,0.7138130796029163,412.0193359837545,east,mangrove,east,coral,wunifrac
S85,S32,0.7474371825041322,412.0193359837545,east,mangrove,east,coral,wunifrac
S86,S32,0.7809136406128236,843.9919907732806,west,mangrove,east,coral,wunifrac
S87,S32,0.7709862503427476,843.9919907732806,west,mangrove,east,coral,wunifrac
S88,S32,0.8608128166254465,843.5777772109076,west,mangrove,east,coral,wunifrac
S89,S32,0.8852881783758436,843.5777772109076,west,mangrove,east,coral,wunifrac
S90,S32,0.9172788086218123,843.5777772109076,west,mangrove,east,coral,wunifrac
S91,S32,0.691599762580094,827.6488450227733,west,seagrass,east,coral,wunifrac
S92,S32,0.650709715771941,828.6488450227733,west,seagrass,east,coral,wunifrac
S93,S32,0.6298994866031735,828.6488450227733,west,seagrass,east,coral,wunifrac
S94,S32,0.6193596296085979,827.6488450227733,west,seagrass,east,coral,wunifrac
S95,S32,0.7043280194803995,827.6488450227733,west,seagrass,east,coral,wunifrac
S96,S32,0.8157417691455408,751.2224381515819,west,mangrove,east,coral,wunifrac
S97,S32,0.8184335093943775,751.2224381515819,west,mangrove,east,coral,wunifrac
S98,S32,0.8199302201450059,751.2224381515819,west,mangrove,east,coral,wunifrac
S99,S32,0.8512508216566336,751.2224381515819,west,mangrove,east,coral,wunifrac
S100,S32,0.852361798229965,752.2224381515819,west,mangrove,east,coral,wunifrac
S101,S32,0.5016482766435661,685.4650788387021,west,coral,east,coral,wunifrac
S102,S32,0.524438961390729,686.7077195258214,west,coral,east,coral,wunifrac
S103,S32,0.5294905431443974,687.1219330881945,west,coral,east,coral,wunifrac
S104,S32,0.5190656025560904,688.7077195258213,west,coral,east,coral,wunifrac
S105,S32,0.49352101300121887,686.8792924010751,west,coral,east,coral,wunifrac
S106,S32,0.7962633284618458,521.0853531617372,west,mangrove,east,coral,wunifrac
S107,S32,0.7647635086353045,520.6711395993641,west,mangrove,east,coral,wunifrac
S108,S32,0.6921605036028277,519.6711395993641,west,mangrove,east,coral,wunifrac
S109,S32,0.711086049411843,519.256926036991,west,mangrove,east,coral,wunifrac
S110,S32,0.6589076448958591,519.256926036991,west,mangrove,east,coral,wunifrac
S34,S33,0.3901470757919089,0,east,coral,east,coral,wunifrac
S35,S33,0.3486994597221302,0,east,coral,east,coral,wunifrac
S36,S33,0.9380949864946891,119.82337649086296,east,mangrove,east,coral,wunifrac
S37,S33,0.9433716926695932,118.82337649086296,east,mangrove,east,coral,wunifrac
S38,S33,0.9410335776786568,117.82337649086296,east,mangrove,east,coral,wunifrac
S39,S33,0.9456828128954201,117.23759005323605,east,mangrove,east,coral,wunifrac
S40,S33,0.9235081103482485,115.82337649086296,east,mangrove,east,coral,wunifrac
S41,S33,0.5266738430242964,226.89444430272846,east,coral,east,coral,wunifrac
S42,S33,0.4992876347087226,226.48023074035535,east,coral,east,coral,wunifrac
S43,S33,0.46431138192547006,226.48023074035535,east,coral,east,coral,wunifrac
S44,S33,0.45323223678830493,227.48023074035535,east,coral,east,coral,wunifrac
S45,S33,0.4700994603196594,226.48023074035535,east,coral,east,coral,wunifrac
S46,S33,0.8292117660070087,225.89444430272846,east,mangrove,east,coral,wunifrac
S47,S33,0.8654343582541505,225.89444430272846,east,mangrove,east,coral,wunifrac
S48,S33,0.7979689837717245,225.89444430272846,east,mangrove,east,coral,wunifrac
S49,S33,0.83980971635048,226.89444430272846,east,mangrove,east,coral,wunifrac
S50,S33,0.8079768507644371,226.89444430272846,east,mangrove,east,coral,wunifrac
S51,S33,0.7064774118039227,292.2375900532354,east,seagrass,east,coral,wunifrac
S52,S33,0.7025586483794493,292.2375900532354,east,seagrass,east,coral,wunifrac
S53,S33,0.7289968975331991,292.2375900532354,east,seagrass,east,coral,wunifrac
S54,S33,0.7553371724575861,291.23759005323546,east,seagrass,east,coral,wunifrac
S55,S33,0.7533559458280698,291.23759005323546,east,seagrass,east,coral,wunifrac
S56,S33,0.4819164174100735,938.8153672641434,west,coral,east,coral,wunifrac
S57,S33,0.5022567150715598,938.8153672641434,west,coral,east,coral,wunifrac
S58,S33,0.4904096437316408,939.4011537017702,west,coral,east,coral,wunifrac
S59,S33,0.47852859624957556,938.4011537017702,west,coral,east,coral,wunifrac
S60,S33,0.5120041767622602,938.8153672641434,west,coral,east,coral,wunifrac
S61,S33,0.6302532052644725,928.8153672641436,west,mangrove,east,coral,wunifrac
S62,S33,0.6641672311998705,928.8153672641436,west,mangrove,east,coral,wunifrac
S63,S33,0.6608340400761876,927.8153672641436,west,mangrove,east,coral,wunifrac
S64,S33,0.6866316179066628,928.2295808265167,west,mangrove,east,coral,wunifrac
S65,S33,0.6961758446236008,927.8153672641436,west,mangrove,east,coral,wunifrac
S66,S33,0.5722028884827985,916.4600282048162,west,seagrass,east,coral,wunifrac
S67,S33,0.5320253186622506,916.4600282048162,west,seagrass,east,coral,wunifrac
S68,S33,0.5451998897337975,916.4600282048162,west,seagrass,east,coral,wunifrac
S69,S33,0.5385263931038344,916.4600282048162,west,seagrass,east,coral,wunifrac
S70,S33,0.5262896580335479,917.4600282048162,west,seagrass,east,coral,wunifrac
S71,S33,0.8838852255240257,442.11984104714276,east,coral,east,coral,wunifrac
S73,S33,0.8865504392287828,442.11984104714276,east,coral,east,coral,wunifrac
S74,S33,0.7271240572798202,442.11984104714276,east,coral,east,coral,wunifrac
S75,S33,0.7512264972167232,442.11984104714276,east,coral,east,coral,wunifrac
S77,S33,0.4020264670682213,418.6345596729042,east,coral,east,coral,wunifrac
S78,S33,0.5589852422291762,418.6345596729042,east,coral,east,coral,wunifrac
S80,S33,0.5860433029362054,418.6345596729042,east,coral,east,coral,wunifrac
S81,S33,0.6351669844204946,413.0193359837545,east,mangrove,east,coral,wunifrac
S82,S33,0.6626572828113799,413.0193359837545,east,mangrove,east,coral,wunifrac
S83,S33,0.6276129899830668,413.0193359837545,east,mangrove,east,coral,wunifrac
S84,S33,0.6531740971969447,413.0193359837545,east,mangrove,east,coral,wunifrac
S85,S33,0.6833192559291236,413.0193359837545,east,mangrove,east,coral,wunifrac
S86,S33,0.7754432922730844,842.9919907732806,west,mangrove,east,coral,wunifrac
S87,S33,0.7663689281764376,842.9919907732806,west,mangrove,east,coral,wunifrac
S88,S33,0.8587076023974516,842.5777772109076,west,mangrove,east,coral,wunifrac
S89,S33,0.8828227412653856,842.5777772109076,west,mangrove,east,coral,wunifrac
S90,S33,0.9112063973366709,842.5777772109076,west,mangrove,east,coral,wunifrac
S91,S33,0.6551265011191937,826.6488450227733,west,seagrass,east,coral,wunifrac
S92,S33,0.6223173906170775,827.6488450227733,west,seagrass,east,coral,wunifrac
S93,S33,0.5871746464565508,827.6488450227733,west,seagrass,east,coral,wunifrac
S94,S33,0.622688297259622,826.6488450227733,west,seagrass,east,coral,wunifrac
S95,S33,0.6680922313150677,826.6488450227733,west,seagrass,east,coral,wunifrac
S96,S33,0.8002395128269968,750.2224381515819,west,mangrove,east,coral,wunifrac
S97,S33,0.8031424613119112,750.2224381515819,west,mangrove,east,coral,wunifrac
S98,S33,0.8048446711213612,750.2224381515819,west,mangrove,east,coral,wunifrac
S99,S33,0.83972840557501,750.2224381515819,west,mangrove,east,coral,wunifrac
S100,S33,0.8303519927200473,751.2224381515819,west,mangrove,east,coral,wunifrac
S101,S33,0.506141162730869,684.4650788387021,west,coral,east,coral,wunifrac
S102,S33,0.5140102583894965,685.7077195258214,west,coral,east,coral,wunifrac
S103,S33,0.5464482648649559,686.1219330881945,west,coral,east,coral,wunifrac
S104,S33,0.5361082775512971,687.7077195258213,west,coral,east,coral,wunifrac
S105,S33,0.4963663139964515,685.8792924010751,west,coral,east,coral,wunifrac
S106,S33,0.7886214605208152,520.0853531617372,west,mangrove,east,coral,wunifrac
S107,S33,0.7558931036539324,519.6711395993641,west,mangrove,east,coral,wunifrac
S108,S33,0.669786949659926,518.6711395993641,west,mangrove,east,coral,wunifrac
S109,S33,0.7008472878612917,518.256926036991,west,mangrove,east,coral,wunifrac
S110,S33,0.6390135467436681,518.256926036991,west,mangrove,east,coral,wunifrac
S35,S34,0.25994722993205477,0,east,coral,east,coral,wunifrac
S36,S34,0.9169591122258479,119.82337649086296,east,mangrove,east,coral,wunifrac
S37,S34,0.9216278353419495,118.82337649086296,east,mangrove,east,coral,wunifrac
S38,S34,0.9220836066067402,117.82337649086296,east,mangrove,east,coral,wunifrac
S39,S34,0.9249415389009159,117.23759005323605,east,mangrove,east,coral,wunifrac
S40,S34,0.8980900662644594,115.82337649086296,east,mangrove,east,coral,wunifrac
S41,S34,0.6049921622522165,226.89444430272846,east,coral,east,coral,wunifrac
S42,S34,0.6122982941662671,226.48023074035535,east,coral,east,coral,wunifrac
S43,S34,0.5825759174594501,226.48023074035535,east,coral,east,coral,wunifrac
S44,S34,0.5634629951448938,227.48023074035535,east,coral,east,coral,wunifrac
S45,S34,0.5422714204613099,226.48023074035535,east,coral,east,coral,wunifrac
S46,S34,0.8122018014580935,225.89444430272846,east,mangrove,east,coral,wunifrac
S47,S34,0.8387934676130234,225.89444430272846,east,mangrove,east,coral,wunifrac
S48,S34,0.8093018291137528,225.89444430272846,east,mangrove,east,coral,wunifrac
S49,S34,0.8407528420781682,226.89444430272846,east,mangrove,east,coral,wunifrac
S50,S34,0.8121649255290662,226.89444430272846,east,mangrove,east,coral,wunifrac
S51,S34,0.738663844034055,292.2375900532354,east,seagrass,east,coral,wunifrac
S52,S34,0.7400125930556504,292.2375900532354,east,seagrass,east,coral,wunifrac
S53,S34,0.751355796897481,292.2375900532354,east,seagrass,east,coral,wunifrac
S54,S34,0.7706763347703507,291.23759005323546,east,seagrass,east,coral,wunifrac
S55,S34,0.77423135480035,291.23759005323546,east,seagrass,east,coral,wunifrac
S56,S34,0.3693774402586464,938.8153672641434,west,coral,east,coral,wunifrac
S57,S34,0.45762727046852547,938.8153672641434,west,coral,east,coral,wunifrac
S58,S34,0.4787715490813239,939.4011537017702,west,coral,east,coral,wunifrac
S59,S34,0.40827236992531474,938.4011537017702,west,coral,east,coral,wunifrac
S60,S34,0.4755364616998781,938.8153672641434,west,coral,east,coral,wunifrac
S61,S34,0.6088286540027955,928.8153672641436,west,mangrove,east,coral,wunifrac
S62,S34,0.6482978748949173,928.8153672641436,west,mangrove,east,coral,wunifrac
S63,S34,0.6408629372991564,927.8153672641436,west,mangrove,east,coral,wunifrac
S64,S34,0.6738363477079176,928.2295808265167,west,mangrove,east,coral,wunifrac
S65,S34,0.6826747974813085,927.8153672641436,west,mangrove,east,coral,wunifrac
S66,S34,0.36311453218566775,916.4600282048162,west,seagrass,east,coral,wunifrac
S67,S34,0.4061125796177759,916.4600282048162,west,seagrass,east,coral,wunifrac
S68,S34,0.43107438906765333,916.4600282048162,west,seagrass,east,coral,wunifrac
S69,S34,0.43877728976759395,916.4600282048162,west,seagrass,east,coral,wunifrac
S70,S34,0.39385551977076455,917.4600282048162,west,seagrass,east,coral,wunifrac
S71,S34,0.9653112173099313,442.11984104714276,east,coral,east,coral,wunifrac
S73,S34,0.8931763269012205,442.11984104714276,east,coral,east,coral,wunifrac
S74,S34,0.8490822029775074,442.11984104714276,east,coral,east,coral,wunifrac
S75,S34,0.7955234315850663,442.11984104714276,east,coral,east,coral,wunifrac
S77,S34,0.5701861868766384,418.6345596729042,east,coral,east,coral,wunifrac
S78,S34,0.6780634207681621,418.6345596729042,east,coral,east,coral,wunifrac
S80,S34,0.6189832287264847,418.6345596729042,east,coral,east,coral,wunifrac
S81,S34,0.6914679762353911,413.0193359837545,east,mangrove,east,coral,wunifrac
S82,S34,0.6932471481348849,413.0193359837545,east,mangrove,east,coral,wunifrac
S83,S34,0.6840395244548039,413.0193359837545,east,mangrove,east,coral,wunifrac
S84,S34,0.7007490049254586,413.0193359837545,east,mangrove,east,coral,wunifrac
S85,S34,0.7280766407964371,413.0193359837545,east,mangrove,east,coral,wunifrac
S86,S34,0.7531291496878466,842.9919907732806,west,mangrove,east,coral,wunifrac
S87,S34,0.7361166144964961,842.9919907732806,west,mangrove,east,coral,wunifrac
S88,S34,0.8372526852650203,842.5777772109076,west,mangrove,east,coral,wunifrac
S89,S34,0.8692533065830694,842.5777772109076,west,mangrove,east,coral,wunifrac
S90,S34,0.8962701201828055,842.5777772109076,west,mangrove,east,coral,wunifrac
S91,S34,0.6551518690869721,826.6488450227733,west,seagrass,east,coral,wunifrac
S92,S34,0.603972296449842,827.6488450227733,west,seagrass,east,coral,wunifrac
S93,S34,0.5824557345261104,827.6488450227733,west,seagrass,east,coral,wunifrac
S94,S34,0.5952840078035343,826.6488450227733,west,seagrass,east,coral,wunifrac
S95,S34,0.6690060671935315,826.6488450227733,west,seagrass,east,coral,wunifrac
S96,S34,0.8224505577212953,750.2224381515819,west,mangrove,east,coral,wunifrac
S97,S34,0.8282292042280388,750.2224381515819,west,mangrove,east,coral,wunifrac
S98,S34,0.8164752722820958,750.2224381515819,west,mangrove,east,coral,wunifrac
S99,S34,0.8335571612705951,750.2224381515819,west,mangrove,east,coral,wunifrac
S100,S34,0.8342469602357738,751.2224381515819,west,mangrove,east,coral,wunifrac
S101,S34,0.5127845223391297,684.4650788387021,west,coral,east,coral,wunifrac
S102,S34,0.30431760525137075,685.7077195258214,west,coral,east,coral,wunifrac
S103,S34,0.26376176866814127,686.1219330881945,west,coral,east,coral,wunifrac
S104,S34,0.2520429865408962,687.7077195258213,west,coral,east,coral,wunifrac
S105,S34,0.2714453316300203,685.8792924010751,west,coral,east,coral,wunifrac
S106,S34,0.7692580152971319,520.0853531617372,west,mangrove,east,coral,wunifrac
S107,S34,0.7542061153689007,519.6711395993641,west,mangrove,east,coral,wunifrac
S108,S34,0.6770749754993104,518.6711395993641,west,mangrove,east,coral,wunifrac
S109,S34,0.6796983713076421,518.256926036991,west,mangrove,east,coral,wunifrac
S110,S34,0.620717571873577,518.256926036991,west,mangrove,east,coral,wunifrac
S36,S35,0.9061682925825939,119.82337649086296,east,mangrove,east,coral,wunifrac
S37,S35,0.9153717091675102,118.82337649086296,east,mangrove,east,coral,wunifrac
S38,S35,0.9111433785177133,117.82337649086296,east,mangrove,east,coral,wunifrac
S39,S35,0.9141783717441864,117.23759005323605,east,mangrove,east,coral,wunifrac
S40,S35,0.8844252441946081,115.82337649086296,east,mangrove,east,coral,wunifrac
S41,S35,0.5339310594354252,226.89444430272846,east,coral,east,coral,wunifrac
S42,S35,0.5273518288093605,226.48023074035535,east,coral,east,coral,wunifrac
S43,S35,0.5355401395325159,226.48023074035535,east,coral,east,coral,wunifrac
S44,S35,0.4654299314600872,227.48023074035535,east,coral,east,coral,wunifrac
S45,S35,0.5005889942199627,226.48023074035535,east,coral,east,coral,wunifrac
S46,S35,0.7565906993757634,225.89444430272846,east,mangrove,east,coral,wunifrac
S47,S35,0.8014556232118333,225.89444430272846,east,mangrove,east,coral,wunifrac
S48,S35,0.7015447492028287,225.89444430272846,east,mangrove,east,coral,wunifrac
S49,S35,0.765437577127413,226.89444430272846,east,mangrove,east,coral,wunifrac
S50,S35,0.7112870615743311,226.89444430272846,east,mangrove,east,coral,wunifrac
S51,S35,0.6177145802233429,292.2375900532354,east,seagrass,east,coral,wunifrac
S52,S35,0.6168355565630312,292.2375900532354,east,seagrass,east,coral,wunifrac
S53,S35,0.6290032411663369,292.2375900532354,east,seagrass,east,coral,wunifrac
S54,S35,0.6643316936002555,291.23759005323546,east,seagrass,east,coral,wunifrac
S55,S35,0.6525236623298714,291.23759005323546,east,seagrass,east,coral,wunifrac
S56,S35,0.3006972919085698,938.8153672641434,west,coral,east,coral,wunifrac
S57,S35,0.37222962451375147,938.8153672641434,west,coral,east,coral,wunifrac
S58,S35,0.40143690573008733,939.4011537017702,west,coral,east,coral,wunifrac
S59,S35,0.3414234048518104,938.4011537017702,west,coral,east,coral,wunifrac
S60,S35,0.41026016664468845,938.8153672641434,west,coral,east,coral,wunifrac
S61,S35,0.5562325977934042,928.8153672641436,west,mangrove,east,coral,wunifrac
S62,S35,0.6020412152825353,928.8153672641436,west,mangrove,east,coral,wunifrac
S63,S35,0.5979643873871405,927.8153672641436,west,mangrove,east,coral,wunifrac
S64,S35,0.6256418639794664,928.2295808265167,west,mangrove,east,coral,wunifrac
S65,S35,0.6332486579878437,927.8153672641436,west,mangrove,east,coral,wunifrac
S66,S35,0.3366729460905943,916.4600282048162,west,seagrass,east,coral,wunifrac
S67,S35,0.3673533719244665,916.4600282048162,west,seagrass,east,coral,wunifrac
S68,S35,0.3961434210670484,916.4600282048162,west,seagrass,east,coral,wunifrac
S69,S35,0.3991261365047468,916.4600282048162,west,seagrass,east,coral,wunifrac
S70,S35,0.34886975714351753,917.4600282048162,west,seagrass,east,coral,wunifrac
S71,S35,0.9746059008973339,442.11984104714276,east,coral,east,coral,wunifrac
S73,S35,0.8439528630140709,442.11984104714276,east,coral,east,coral,wunifrac
S74,S35,0.7123033955711648,442.11984104714276,east,coral,east,coral,wunifrac
S75,S35,0.7349086261610123,442.11984104714276,east,coral,east,coral,wunifrac
S77,S35,0.4947290613834703,418.6345596729042,east,coral,east,coral,wunifrac
S78,S35,0.6168866962764321,418.6345596729042,east,coral,east,coral,wunifrac
S80,S35,0.6446113978212977,418.6345596729042,east,coral,east,coral,wunifrac
S81,S35,0.5601869727462385,413.0193359837545,east,mangrove,east,coral,wunifrac
S82,S35,0.5818113623741237,413.0193359837545,east,mangrove,east,coral,wunifrac
S83,S35,0.5555235445286248,413.0193359837545,east,mangrove,east,coral,wunifrac
S84,S35,0.5811137508874076,413.0193359837545,east,mangrove,east,coral,wunifrac
S85,S35,0.6120097139700674,413.0193359837545,east,mangrove,east,coral,wunifrac
S86,S35,0.7094810307497433,842.9919907732806,west,mangrove,east,coral,wunifrac
S87,S35,0.7007504591819719,842.9919907732806,west,mangrove,east,coral,wunifrac
S88,S35,0.7961358214193578,842.5777772109076,west,mangrove,east,coral,wunifrac
S89,S35,0.83682773250945,842.5777772109076,west,mangrove,east,coral,wunifrac
S90,S35,0.873356330746316,842.5777772109076,west,mangrove,east,coral,wunifrac
S91,S35,0.5632910516473211,826.6488450227733,west,seagrass,east,coral,wunifrac
S92,S35,0.5320024763949037,827.6488450227733,west,seagrass,east,coral,wunifrac
S93,S35,0.4895690823539737,827.6488450227733,west,seagrass,east,coral,wunifrac
S94,S35,0.5601341857905986,826.6488450227733,west,seagrass,east,coral,wunifrac
S95,S35,0.5588160758106897,826.6488450227733,west,seagrass,east,coral,wunifrac
S96,S35,0.8019494817887458,750.2224381515819,west,mangrove,east,coral,wunifrac
S97,S35,0.8057161330906453,750.2224381515819,west,mangrove,east,coral,wunifrac
S98,S35,0.7927547452164704,750.2224381515819,west,mangrove,east,coral,wunifrac
S99,S35,0.7935291456134497,750.2224381515819,west,mangrove,east,coral,wunifrac
S100,S35,0.8046470026110557,751.2224381515819,west,mangrove,east,coral,wunifrac
S101,S35,0.45199220843589516,684.4650788387021,west,coral,east,coral,wunifrac
S102,S35,0.27106965555129436,685.7077195258214,west,coral,east,coral,wunifrac
S103,S35,0.33042565552405606,686.1219330881945,west,coral,east,coral,wunifrac
S104,S35,0.31615274331866994,687.7077195258213,west,coral,east,coral,wunifrac
S105,S35,0.24965720417641601,685.8792924010751,west,coral,east,coral,wunifrac
S106,S35,0.7308328592549025,520.0853531617372,west,mangrove,east,coral,wunifrac
S107,S35,0.7051865860960284,519.6711395993641,west,mangrove,east,coral,wunifrac
S108,S35,0.6132652921690391,518.6711395993641,west,mangrove,east,coral,wunifrac
S109,S35,0.6664037774292151,518.256926036991,west,mangrove,east,coral,wunifrac
S110,S35,0.5751453217971694,518.256926036991,west,mangrove,east,coral,wunifrac
S37,S36,0.20979528054342042,1,east,mangrove,east,mangrove,wunifrac
S38,S36,0.087600879641778,2,east,mangrove,east,mangrove,wunifrac
S39,S36,0.2684026531370019,3.414213562373095,east,mangrove,east,mangrove,wunifrac
S40,S36,0.09299304295134823,4,east,mangrove,east,mangrove,wunifrac
S41,S36,0.9075023056285263,107.07106781186548,east,coral,east,mangrove,wunifrac
S42,S36,0.883874051105935,106.65685424949237,east,coral,east,mangrove,wunifrac
S43,S36,0.9189302576729965,106.65685424949237,east,coral,east,mangrove,wunifrac
S44,S36,0.8891366473100953,107.65685424949237,east,coral,east,mangrove,wunifrac
S45,S36,0.9155787603742436,106.65685424949237,east,coral,east,mangrove,wunifrac
S46,S36,0.5879816278334687,106.07106781186548,east,mangrove,east,mangrove,wunifrac
S47,S36,0.5876327224193841,106.07106781186548,east,mangrove,east,mangrove,wunifrac
S48,S36,0.6508826082845438,106.07106781186548,east,mangrove,east,mangrove,wunifrac
S49,S36,0.7125107172836644,107.07106781186548,east,mangrove,east,mangrove,wunifrac
S50,S36,0.6819446048955814,107.07106781186548,east,mangrove,east,mangrove,wunifrac
S51,S36,0.8145543354058091,172.4142135623731,east,seagrass,east,mangrove,wunifrac
S52,S36,0.8333861700171648,172.4142135623731,east,seagrass,east,mangrove,wunifrac
S53,S36,0.7962022669812518,172.4142135623731,east,seagrass,east,mangrove,wunifrac
S54,S36,0.8002525826067337,171.4142135623731,east,seagrass,east,mangrove,wunifrac
S55,S36,0.769459593562978,171.4142135623731,east,seagrass,east,mangrove,wunifrac
S56,S36,0.8656000039620954,818.9919907732823,west,coral,east,mangrove,wunifrac
S57,S36,0.8643729876168493,818.9919907732823,west,coral,east,mangrove,wunifrac
S58,S36,0.8511606560510532,819.5777772109091,west,coral,east,mangrove,wunifrac
S59,S36,0.8612983270186805,818.5777772109091,west,coral,east,mangrove,wunifrac
S60,S36,0.8524615177462999,818.9919907732823,west,coral,east,mangrove,wunifrac
S61,S36,0.7826886067126969,808.9919907732824,west,mangrove,east,mangrove,wunifrac
S62,S36,0.7631733032290843,808.9919907732824,west,mangrove,east,mangrove,wunifrac
S63,S36,0.7389107758488693,807.9919907732824,west,mangrove,east,mangrove,wunifrac
S64,S36,0.7498944179919593,808.4062043356554,west,mangrove,east,mangrove,wunifrac
S65,S36,0.7452772858514531,807.9919907732824,west,mangrove,east,mangrove,wunifrac
S66,S36,0.8268035257745994,796.6366517139551,west,seagrass,east,mangrove,wunifrac
S67,S36,0.8243306300702276,796.6366517139551,west,seagrass,east,mangrove,wunifrac
S68,S36,0.8200829698208856,796.6366517139551,west,seagrass,east,mangrove,wunifrac
S69,S36,0.8106020497996123,796.6366517139551,west,seagrass,east,mangrove,wunifrac
S70,S36,0.8467255611474264,797.6366517139551,west,seagrass,east,mangrove,wunifrac
S71,S36,0.9991986733359898,322.2964645562816,east,coral,east,mangrove,wunifrac
S73,S36,0.9460075442046758,322.2964645562816,east,coral,east,mangrove,wunifrac
S74,S36,0.9471329874177353,322.2964645562816,east,coral,east,mangrove,wunifrac
S75,S36,0.9462328450552464,322.2964645562816,east,coral,east,mangrove,wunifrac
S77,S36,0.936335479045573,298.811183182043,east,coral,east,mangrove,wunifrac
S78,S36,0.9024551523754814,298.811183182043,east,coral,east,mangrove,wunifrac
S80,S36,0.9308708129818659,298.811183182043,east,coral,east,mangrove,wunifrac
S81,S36,0.8043822047504643,293.1959594928933,east,mangrove,east,mangrove,wunifrac
S82,S36,0.777313908071491,293.1959594928933,east,mangrove,east,mangrove,wunifrac
S83,S36,0.7911630902764024,293.1959594928933,east,mangrove,east,mangrove,wunifrac
S84,S36,0.8044879979262263,293.1959594928933,east,mangrove,east,mangrove,wunifrac
S85,S36,0.730846959290438,293.1959594928933,east,mangrove,east,mangrove,wunifrac
S86,S36,0.7800327438072323,882.0214280248045,west,mangrove,east,mangrove,wunifrac
S87,S36,0.759391541673873,882.0214280248045,west,mangrove,east,mangrove,wunifrac
S88,S36,0.7206591520893397,882.4356415871778,west,mangrove,east,mangrove,wunifrac
S89,S36,0.700009704507413,882.4356415871778,west,mangrove,east,mangrove,wunifrac
S90,S36,0.6305821171355709,882.4356415871778,west,mangrove,east,mangrove,wunifrac
S91,S36,0.7941036181176752,898.364573775312,west,seagrass,east,mangrove,wunifrac
S92,S36,0.8062711632635071,897.364573775312,west,seagrass,east,mangrove,wunifrac
S93,S36,0.8195883717678846,897.364573775312,west,seagrass,east,mangrove,wunifrac
S94,S36,0.7959885568119642,898.364573775312,west,seagrass,east,mangrove,wunifrac
S95,S36,0.797769444155108,898.364573775312,west,seagrass,east,mangrove,wunifrac
S96,S36,0.8167733759930361,870.0458146424431,west,mangrove,east,mangrove,wunifrac
S97,S36,0.7903471490466656,870.0458146424431,west,mangrove,east,mangrove,wunifrac
S98,S36,0.773450516136332,870.0458146424431,west,mangrove,east,mangrove,wunifrac
S99,S36,0.7480618628543394,870.0458146424431,west,mangrove,east,mangrove,wunifrac
S100,S36,0.7263279581384614,871.0458146424431,west,mangrove,east,mangrove,wunifrac
S101,S36,0.8913285700202811,804.2884553295632,west,coral,east,mangrove,wunifrac
S102,S36,0.912844712529201,805.5310960166826,west,coral,east,mangrove,wunifrac
S103,S36,0.8824189782501068,805.9453095790557,west,coral,east,mangrove,wunifrac
S104,S36,0.9045852846902939,807.5310960166825,west,coral,east,mangrove,wunifrac
S105,S36,0.8880279846512843,805.7026688919364,west,coral,east,mangrove,wunifrac
S106,S36,0.6792532169264414,639.9087296525983,west,mangrove,east,mangrove,wunifrac
S107,S36,0.702491194149096,639.4945160902251,west,mangrove,east,mangrove,wunifrac
S108,S36,0.7522329111320373,638.4945160902251,west,mangrove,east,mangrove,wunifrac
S109,S36,0.7180915831131259,638.0803025278522,west,mangrove,east,mangrove,wunifrac
S110,S36,0.7837776741070439,638.0803025278522,west,mangrove,east,mangrove,wunifrac
S38,S37,0.23671626128218362,1,east,mangrove,east,mangrove,wunifrac
S39,S37,0.14746635796897492,2.414213562373095,east,mangrove,east,mangrove,wunifrac
S40,S37,0.19791008022273135,3,east,mangrove,east,mangrove,wunifrac
S41,S37,0.9243959172559412,108.07106781186548,east,coral,east,mangrove,wunifrac
S42,S37,0.8951034141852415,107.65685424949237,east,coral,east,mangrove,wunifrac
S43,S37,0.9261066353941196,107.65685424949237,east,coral,east,mangrove,wunifrac
S44,S37,0.9006114881445374,108.65685424949237,east,coral,east,mangrove,wunifrac
S45,S37,0.9193585074889322,107.65685424949237,east,coral,east,mangrove,wunifrac
S46,S37,0.6088293415394803,107.07106781186548,east,mangrove,east,mangrove,wunifrac
S47,S37,0.6130812228222919,107.07106781186548,east,mangrove,east,mangrove,wunifrac
S48,S37,0.6679244414446848,107.07106781186548,east,mangrove,east,mangrove,wunifrac
S49,S37,0.7237205212822976,108.07106781186548,east,mangrove,east,mangrove,wunifrac
S50,S37,0.6981328267527458,108.07106781186548,east,mangrove,east,mangrove,wunifrac
S51,S37,0.8413393850943501,173.4142135623731,east,seagrass,east,mangrove,wunifrac
S52,S37,0.8623945780909458,173.4142135623731,east,seagrass,east,mangrove,wunifrac
S53,S37,0.8200992458457721,173.4142135623731,east,seagrass,east,mangrove,wunifrac
S54,S37,0.8264053035861944,172.4142135623731,east,seagrass,east,mangrove,wunifrac
S55,S37,0.8000963341426292,172.4142135623731,east,seagrass,east,mangrove,wunifrac
S56,S37,0.8810623886897775,819.9919907732823,west,coral,east,mangrove,wunifrac
S57,S37,0.8866810659516839,819.9919907732823,west,coral,east,mangrove,wunifrac
S58,S37,0.8785456841799444,820.5777772109091,west,coral,east,mangrove,wunifrac
S59,S37,0.8804475556185254,819.5777772109091,west,coral,east,mangrove,wunifrac
S60,S37,0.881913754497767,819.9919907732823,west,coral,east,mangrove,wunifrac
S61,S37,0.8086998538711824,809.9919907732824,west,mangrove,east,mangrove,wunifrac
S62,S37,0.7827789308767468,809.9919907732824,west,mangrove,east,mangrove,wunifrac
S63,S37,0.7631559158144343,808.9919907732824,west,mangrove,east,mangrove,wunifrac
S64,S37,0.7726937704345507,809.4062043356554,west,mangrove,east,mangrove,wunifrac
S65,S37,0.7695805232450624,808.9919907732824,west,mangrove,east,mangrove,wunifrac
S66,S37,0.842002465673224,797.6366517139551,west,seagrass,east,mangrove,wunifrac
S67,S37,0.8495637607012041,797.6366517139551,west,seagrass,east,mangrove,wunifrac
S68,S37,0.8419567781990016,797.6366517139551,west,seagrass,east,mangrove,wunifrac
S69,S37,0.831612768727233,797.6366517139551,west,seagrass,east,mangrove,wunifrac
S70,S37,0.8691514358228375,798.6366517139551,west,seagrass,east,mangrove,wunifrac
S71,S37,1.0000000000000002,323.2964645562816,east,coral,east,mangrove,wunifrac
S73,S37,0.9452240512760733,323.2964645562816,east,coral,east,mangrove,wunifrac
S74,S37,0.9509287292205991,323.2964645562816,east,coral,east,mangrove,wunifrac
S75,S37,0.9512315601482354,323.2964645562816,east,coral,east,mangrove,wunifrac
S77,S37,0.9440098008409151,299.811183182043,east,coral,east,mangrove,wunifrac
S78,S37,0.9080992565651836,299.811183182043,east,coral,east,mangrove,wunifrac
S80,S37,0.9303036726169192,299.811183182043,east,coral,east,mangrove,wunifrac
S81,S37,0.8300209486306284,294.1959594928933,east,mangrove,east,mangrove,wunifrac
S82,S37,0.8058314489829213,294.1959594928933,east,mangrove,east,mangrove,wunifrac
S83,S37,0.8187658216944846,294.1959594928933,east,mangrove,east,mangrove,wunifrac
S84,S37,0.8342292532136479,294.1959594928933,east,mangrove,east,mangrove,wunifrac
S85,S37,0.7601509285685293,294.1959594928933,east,mangrove,east,mangrove,wunifrac
S86,S37,0.8134907992910726,883.0214280248045,west,mangrove,east,mangrove,wunifrac
S87,S37,0.7953250971618098,883.0214280248045,west,mangrove,east,mangrove,wunifrac
S88,S37,0.760999524779288,883.4356415871778,west,mangrove,east,mangrove,wunifrac
S89,S37,0.7395384012375481,883.4356415871778,west,mangrove,east,mangrove,wunifrac
S90,S37,0.6714224989621664,883.4356415871778,west,mangrove,east,mangrove,wunifrac
S91,S37,0.8150138502527978,899.364573775312,west,seagrass,east,mangrove,wunifrac
S92,S37,0.8290163279186052,898.364573775312,west,seagrass,east,mangrove,wunifrac
S93,S37,0.8369992160399595,898.364573775312,west,seagrass,east,mangrove,wunifrac
S94,S37,0.8131399447831749,899.364573775312,west,seagrass,east,mangrove,wunifrac
S95,S37,0.8158227014129883,899.364573775312,west,seagrass,east,mangrove,wunifrac
S96,S37,0.8590345916803469,869.0458146424431,west,mangrove,east,mangrove,wunifrac
S97,S37,0.8291419593083849,869.0458146424431,west,mangrove,east,mangrove,wunifrac
S98,S37,0.8147373254935896,869.0458146424431,west,mangrove,east,mangrove,wunifrac
S99,S37,0.7878656849452463,869.0458146424431,west,mangrove,east,mangrove,wunifrac
S100,S37,0.7696992969882828,870.0458146424431,west,mangrove,east,mangrove,wunifrac
S101,S37,0.8968611040822956,803.2884553295632,west,coral,east,mangrove,wunifrac
S102,S37,0.9169470462225926,804.5310960166826,west,coral,east,mangrove,wunifrac
S103,S37,0.878138164809375,804.9453095790557,west,coral,east,mangrove,wunifrac
S104,S37,0.9109157174490933,806.5310960166825,west,coral,east,mangrove,wunifrac
S105,S37,0.8861361142617571,804.7026688919364,west,coral,east,mangrove,wunifrac
S106,S37,0.7077746606763147,638.9087296525983,west,mangrove,east,mangrove,wunifrac
S107,S37,0.7293035770786399,638.4945160902251,west,mangrove,east,mangrove,wunifrac
S108,S37,0.7785538422317994,637.4945160902251,west,mangrove,east,mangrove,wunifrac
S109,S37,0.7244780662575888,637.0803025278522,west,mangrove,east,mangrove,wunifrac
S110,S37,0.7963784164485375,637.0803025278522,west,mangrove,east,mangrove,wunifrac
S39,S38,0.2806398527392583,1.4142135623730951,east,mangrove,east,mangrove,wunifrac
S40,S38,0.12029567009435516,2,east,mangrove,east,mangrove,wunifrac
S41,S38,0.9122314434083973,109.07106781186548,east,coral,east,mangrove,wunifrac
S42,S38,0.888482855365077,108.65685424949237,east,coral,east,mangrove,wunifrac
S43,S38,0.9237447774391813,108.65685424949237,east,coral,east,mangrove,wunifrac
S44,S38,0.8937886759740387,109.65685424949237,east,coral,east,mangrove,wunifrac
S45,S38,0.9203597763692587,108.65685424949237,east,coral,east,mangrove,wunifrac
S46,S38,0.5874661000619069,108.07106781186548,east,mangrove,east,mangrove,wunifrac
S47,S38,0.5869949058767303,108.07106781186548,east,mangrove,east,mangrove,wunifrac
S48,S38,0.6505404508457564,108.07106781186548,east,mangrove,east,mangrove,wunifrac
S49,S38,0.7121603172481348,109.07106781186548,east,mangrove,east,mangrove,wunifrac
S50,S38,0.681497708635839,109.07106781186548,east,mangrove,east,mangrove,wunifrac
S51,S38,0.8148161130257867,174.4142135623731,east,seagrass,east,mangrove,wunifrac
S52,S38,0.8337550272973953,174.4142135623731,east,seagrass,east,mangrove,wunifrac
S53,S38,0.7963579655427085,174.4142135623731,east,seagrass,east,mangrove,wunifrac
S54,S38,0.8004358511724426,173.4142135623731,east,seagrass,east,mangrove,wunifrac
S55,S38,0.7694432638821899,173.4142135623731,east,seagrass,east,mangrove,wunifrac
S56,S38,0.8684442292745241,820.9919907732823,west,coral,east,mangrove,wunifrac
S57,S38,0.8639957911064811,820.9919907732823,west,coral,east,mangrove,wunifrac
S58,S38,0.8512967551342117,821.5777772109091,west,coral,east,mangrove,wunifrac
S59,S38,0.8638410808751035,820.5777772109091,west,coral,east,mangrove,wunifrac
S60,S38,0.8496016751668486,820.9919907732823,west,coral,east,mangrove,wunifrac
S61,S38,0.7792107451480464,810.9919907732824,west,mangrove,east,mangrove,wunifrac
S62,S38,0.7618749565778855,810.9919907732824,west,mangrove,east,mangrove,wunifrac
S63,S38,0.7383560815814607,809.9919907732824,west,mangrove,east,mangrove,wunifrac
S64,S38,0.7485298271245451,810.4062043356554,west,mangrove,east,mangrove,wunifrac
S65,S38,0.743874017405081,809.9919907732824,west,mangrove,east,mangrove,wunifrac
S66,S38,0.8294253263620378,798.6366517139551,west,seagrass,east,mangrove,wunifrac
S67,S38,0.8266317405313957,798.6366517139551,west,seagrass,east,mangrove,wunifrac
S68,S38,0.8201363254179093,798.6366517139551,west,seagrass,east,mangrove,wunifrac
S69,S38,0.8113501335372559,798.6366517139551,west,seagrass,east,mangrove,wunifrac
S70,S38,0.8491223801066144,799.6366517139551,west,seagrass,east,mangrove,wunifrac
S71,S38,0.9989124483855991,324.2964645562816,east,coral,east,mangrove,wunifrac
S73,S38,0.9511074057839112,324.2964645562816,east,coral,east,mangrove,wunifrac
S74,S38,0.9520703435181296,324.2964645562816,east,coral,east,mangrove,wunifrac
S75,S38,0.9493806827140239,324.2964645562816,east,coral,east,mangrove,wunifrac
S77,S38,0.9392237605611957,300.811183182043,east,coral,east,mangrove,wunifrac
S78,S38,0.9051543046140951,300.811183182043,east,coral,east,mangrove,wunifrac
S80,S38,0.9359259317967044,300.811183182043,east,coral,east,mangrove,wunifrac
S81,S38,0.8026765309278544,295.1959594928933,east,mangrove,east,mangrove,wunifrac
S82,S38,0.7754995263755816,295.1959594928933,east,mangrove,east,mangrove,wunifrac
S83,S38,0.7894940393862998,295.1959594928933,east,mangrove,east,mangrove,wunifrac
S84,S38,0.8022326172938236,295.1959594928933,east,mangrove,east,mangrove,wunifrac
S85,S38,0.7287573234904947,295.1959594928933,east,mangrove,east,mangrove,wunifrac
S86,S38,0.7766519476691552,884.0214280248045,west,mangrove,east,mangrove,wunifrac
S87,S38,0.7569325805394359,884.0214280248045,west,mangrove,east,mangrove,wunifrac
S88,S38,0.7128721492711928,884.4356415871778,west,mangrove,east,mangrove,wunifrac
S89,S38,0.6920171732547475,884.4356415871778,west,mangrove,east,mangrove,wunifrac
S90,S38,0.6223716272098707,884.4356415871778,west,mangrove,east,mangrove,wunifrac
S91,S38,0.7942470888185578,900.364573775312,west,seagrass,east,mangrove,wunifrac
S92,S38,0.8064888338352382,899.364573775312,west,seagrass,east,mangrove,wunifrac
S93,S38,0.8201624338299942,899.364573775312,west,seagrass,east,mangrove,wunifrac
S94,S38,0.7961456999414631,900.364573775312,west,seagrass,east,mangrove,wunifrac
S95,S38,0.79793502614992,900.364573775312,west,seagrass,east,mangrove,wunifrac
S96,S38,0.8080240779936454,868.0458146424431,west,mangrove,east,mangrove,wunifrac
S97,S38,0.7861412227869106,868.0458146424431,west,mangrove,east,mangrove,wunifrac
S98,S38,0.7666758334442321,868.0458146424431,west,mangrove,east,mangrove,wunifrac
S99,S38,0.7403752321508251,868.0458146424431,west,mangrove,east,mangrove,wunifrac
S100,S38,0.7185443645007263,869.0458146424431,west,mangrove,east,mangrove,wunifrac
S101,S38,0.8965788287967031,802.2884553295632,west,coral,east,mangrove,wunifrac
S102,S38,0.9179297571632751,803.5310960166826,west,coral,east,mangrove,wunifrac
S103,S38,0.8874011952801882,803.9453095790557,west,coral,east,mangrove,wunifrac
S104,S38,0.9096721807990908,805.5310960166825,west,coral,east,mangrove,wunifrac
S105,S38,0.8929377180269363,803.7026688919364,west,coral,east,mangrove,wunifrac
S106,S38,0.6774562793414183,637.9087296525983,west,mangrove,east,mangrove,wunifrac
S107,S38,0.7002534016537368,637.4945160902251,west,mangrove,east,mangrove,wunifrac
S108,S38,0.7499686161898392,636.4945160902251,west,mangrove,east,mangrove,wunifrac
S109,S38,0.7174225351452699,636.0803025278522,west,mangrove,east,mangrove,wunifrac
S110,S38,0.7838598846192348,636.0803025278522,west,mangrove,east,mangrove,wunifrac
S40,S39,0.24831037502386052,1.4142135623730951,east,mangrove,east,mangrove,wunifrac
S41,S39,0.9231347668390129,109.65685424949237,east,coral,east,mangrove,wunifrac
S42,S39,0.9012952181130163,109.24264068711928,east,coral,east,mangrove,wunifrac
S43,S39,0.9234528138904209,109.24264068711928,east,coral,east,mangrove,wunifrac
S44,S39,0.9057364724370731,110.24264068711928,east,coral,east,mangrove,wunifrac
S45,S39,0.9207470218782978,109.24264068711928,east,coral,east,mangrove,wunifrac
S46,S39,0.6254872401629945,108.65685424949237,east,mangrove,east,mangrove,wunifrac
S47,S39,0.6026695311341169,108.65685424949237,east,mangrove,east,mangrove,wunifrac
S48,S39,0.6864555645531263,108.65685424949237,east,mangrove,east,mangrove,wunifrac
S49,S39,0.739700171688001,109.65685424949237,east,mangrove,east,mangrove,wunifrac
S50,S39,0.7148964916709316,109.65685424949237,east,mangrove,east,mangrove,wunifrac
S51,S39,0.844030712770601,175,east,seagrass,east,mangrove,wunifrac
S52,S39,0.8564828833469026,175,east,seagrass,east,mangrove,wunifrac
S53,S39,0.8257189825686717,175,east,seagrass,east,mangrove,wunifrac
S54,S39,0.8331620162997716,174,east,seagrass,east,mangrove,wunifrac
S55,S39,0.8085497786194703,174,east,seagrass,east,mangrove,wunifrac
S56,S39,0.8877123870085674,821.5777772109092,west,coral,east,mangrove,wunifrac
S57,S39,0.8927442365367348,821.5777772109092,west,coral,east,mangrove,wunifrac
S58,S39,0.884973417611616,822.163563648536,west,coral,east,mangrove,wunifrac
S59,S39,0.8873298770168441,821.163563648536,west,coral,east,mangrove,wunifrac
S60,S39,0.8857921210055822,821.5777772109092,west,coral,east,mangrove,wunifrac
S61,S39,0.8254300977216197,811.5777772109093,west,mangrove,east,mangrove,wunifrac
S62,S39,0.8004299178576397,811.5777772109093,west,mangrove,east,mangrove,wunifrac
S63,S39,0.7784171379169947,810.5777772109093,west,mangrove,east,mangrove,wunifrac
S64,S39,0.786732484234668,810.9919907732824,west,mangrove,east,mangrove,wunifrac
S65,S39,0.7874250901275427,810.5777772109093,west,mangrove,east,mangrove,wunifrac
S66,S39,0.851359449903478,799.2224381515821,west,seagrass,east,mangrove,wunifrac
S67,S39,0.8627159936935231,799.2224381515821,west,seagrass,east,mangrove,wunifrac
S68,S39,0.8551377103856359,799.2224381515821,west,seagrass,east,mangrove,wunifrac
S69,S39,0.8456464948968122,799.2224381515821,west,seagrass,east,mangrove,wunifrac
S70,S39,0.8817753796379635,800.2224381515821,west,seagrass,east,mangrove,wunifrac
S71,S39,1.0000000000000002,324.8822509939085,east,coral,east,mangrove,wunifrac
S73,S39,0.9474563001391306,324.8822509939085,east,coral,east,mangrove,wunifrac
S74,S39,0.952866116038493,324.8822509939085,east,coral,east,mangrove,wunifrac
S75,S39,0.9531630391831255,324.8822509939085,east,coral,east,mangrove,wunifrac
S77,S39,0.9418126179673277,301.39696961966996,east,coral,east,mangrove,wunifrac
S78,S39,0.9160031758970396,301.39696961966996,east,coral,east,mangrove,wunifrac
S80,S39,0.9331680317980936,301.39696961966996,east,coral,east,mangrove,wunifrac
S81,S39,0.83450488328167,295.78174593052023,east,mangrove,east,mangrove,wunifrac
S82,S39,0.8107061273645244,295.78174593052023,east,mangrove,east,mangrove,wunifrac
S83,S39,0.8251129422839798,295.78174593052023,east,mangrove,east,mangrove,wunifrac
S84,S39,0.8384851111771919,295.78174593052023,east,mangrove,east,mangrove,wunifrac
S85,S39,0.7674381817586853,295.78174593052023,east,mangrove,east,mangrove,wunifrac
S86,S39,0.8226177642656941,884.6072144624314,west,mangrove,east,mangrove,wunifrac
S87,S39,0.8056463741086914,884.6072144624314,west,mangrove,east,mangrove,wunifrac
S88,S39,0.7577741691472027,885.0214280248047,west,mangrove,east,mangrove,wunifrac
S89,S39,0.7371662816723249,885.0214280248047,west,mangrove,east,mangrove,wunifrac
S90,S39,0.6547645928925534,885.0214280248047,west,mangrove,east,mangrove,wunifrac
S91,S39,0.824526940222205,900.950360212939,west,seagrass,east,mangrove,wunifrac
S92,S39,0.8366242373702286,899.950360212939,west,seagrass,east,mangrove,wunifrac
S93,S39,0.8429167377999199,899.950360212939,west,seagrass,east,mangrove,wunifrac
S94,S39,0.8209667567865379,900.950360212939,west,seagrass,east,mangrove,wunifrac
S95,S39,0.8250609064405243,900.950360212939,west,seagrass,east,mangrove,wunifrac
S96,S39,0.8596516796079644,867.4600282048161,west,mangrove,east,mangrove,wunifrac
S97,S39,0.8359371592615701,867.4600282048161,west,mangrove,east,mangrove,wunifrac
S98,S39,0.8229056126425544,867.4600282048161,west,mangrove,east,mangrove,wunifrac
S99,S39,0.7990535223665262,867.4600282048161,west,mangrove,east,mangrove,wunifrac
S100,S39,0.7746316805163882,868.4600282048161,west,mangrove,east,mangrove,wunifrac
S101,S39,0.9035763040356681,801.7026688919364,west,coral,east,mangrove,wunifrac
S102,S39,0.9147672483292977,802.9453095790557,west,coral,east,mangrove,wunifrac
S103,S39,0.8876055390943323,803.3595231414287,west,coral,east,mangrove,wunifrac
S104,S39,0.9089713707224559,804.9453095790556,west,coral,east,mangrove,wunifrac
S105,S39,0.8950771315514511,803.1168824543093,west,coral,east,mangrove,wunifrac
S106,S39,0.7277549088593387,637.3229432149714,west,mangrove,east,mangrove,wunifrac
S107,S39,0.7492059153792487,636.9087296525983,west,mangrove,east,mangrove,wunifrac
S108,S39,0.796473933259223,635.9087296525983,west,mangrove,east,mangrove,wunifrac
S109,S39,0.7481923906052561,635.4945160902251,west,mangrove,east,mangrove,wunifrac
S110,S39,0.8131754485139447,635.4945160902251,west,mangrove,east,mangrove,wunifrac
S41,S40,0.8827973844109671,111.07106781186548,east,coral,east,mangrove,wunifrac
S42,S40,0.8590337031083539,110.65685424949237,east,coral,east,mangrove,wunifrac
S43,S40,0.8956808556133579,110.65685424949237,east,coral,east,mangrove,wunifrac
S44,S40,0.8649865418713674,111.65685424949237,east,coral,east,mangrove,wunifrac
S45,S40,0.8918072638979148,110.65685424949237,east,coral,east,mangrove,wunifrac
S46,S40,0.559387199778099,110.07106781186548,east,mangrove,east,mangrove,wunifrac
S47,S40,0.5675369174859539,110.07106781186548,east,mangrove,east,mangrove,wunifrac
S48,S40,0.6237529297569973,110.07106781186548,east,mangrove,east,mangrove,wunifrac
S49,S40,0.6926453455136741,111.07106781186548,east,mangrove,east,mangrove,wunifrac
S50,S40,0.6574611823086401,111.07106781186548,east,mangrove,east,mangrove,wunifrac
S51,S40,0.7885164492249077,176.4142135623731,east,seagrass,east,mangrove,wunifrac
S52,S40,0.8080312635589176,176.4142135623731,east,seagrass,east,mangrove,wunifrac
S53,S40,0.7686886709926537,176.4142135623731,east,seagrass,east,mangrove,wunifrac
S54,S40,0.77468592842833806,175.4142135623731,east,seagrass,east,mangrove,wunifrac
S55,S40,0.7455327991400386,175.4142135623731,east,seagrass,east,mangrove,wunifrac
S56,S40,0.8470434799204617,822.9919907732823,west,coral,east,mangrove,wunifrac
S57,S40,0.8468925874495837,822.9919907732823,west,coral,east,mangrove,wunifrac
S58,S40,0.8316986621213261,823.5777772109091,west,coral,east,mangrove,wunifrac
S59,S40,0.8435740729308078,822.5777772109091,west,coral,east,mangrove,wunifrac
S60,S40,0.8336188635497455,822.9919907732823,west,coral,east,mangrove,wunifrac
S61,S40,0.7612875726128772,812.9919907732824,west,mangrove,east,mangrove,wunifrac
S62,S40,0.739328128777216,812.9919907732824,west,mangrove,east,mangrove,wunifrac
S63,S40,0.7152892281045904,811.9919907732824,west,mangrove,east,mangrove,wunifrac
S64,S40,0.7263320941198147,812.4062043356554,west,mangrove,east,mangrove,wunifrac
S65,S40,0.7238281880517163,811.9919907732824,west,mangrove,east,mangrove,wunifrac
S66,S40,0.8012105544413141,800.6366517139551,west,seagrass,east,mangrove,wunifrac
S67,S40,0.8022583517218874,800.6366517139551,west,seagrass,east,mangrove,wunifrac
S68,S40,0.7955529761265225,800.6366517139551,west,seagrass,east,mangrove,wunifrac
S69,S40,0.7861126808537159,800.6366517139551,west,seagrass,east,mangrove,wunifrac
S70,S40,0.8262249730781281,801.6366517139551,west,seagrass,east,mangrove,wunifrac
S71,S40,0.9994094456712599,326.2964645562816,east,coral,east,mangrove,wunifrac
S73,S40,0.9384160590337762,326.2964645562816,east,coral,east,mangrove,wunifrac
S74,S40,0.9325231005368554,326.2964645562816,east,coral,east,mangrove,wunifrac
S75,S40,0.9376171424561879,326.2964645562816,east,coral,east,mangrove,wunifrac
S77,S40,0.9204299846094106,302.811183182043,east,coral,east,mangrove,wunifrac
S78,S40,0.8871944893145124,302.811183182043,east,coral,east,mangrove,wunifrac
S80,S40,0.9232546807811115,302.811183182043,east,coral,east,mangrove,wunifrac
S81,S40,0.7791824243367227,297.1959594928933,east,mangrove,east,mangrove,wunifrac
S82,S40,0.7503757529098677,297.1959594928933,east,mangrove,east,mangrove,wunifrac
S83,S40,0.7655914813676121,297.1959594928933,east,mangrove,east,mangrove,wunifrac
S84,S40,0.7786960553300156,297.1959594928933,east,mangrove,east,mangrove,wunifrac
S85,S40,0.7046871420556683,297.1959594928933,east,mangrove,east,mangrove,wunifrac
S86,S40,0.7597121708047929,886.0214280248045,west,mangrove,east,mangrove,wunifrac
S87,S40,0.7390051231635865,886.0214280248045,west,mangrove,east,mangrove,wunifrac
S88,S40,0.6990422217559153,886.4356415871778,west,mangrove,east,mangrove,wunifrac
S89,S40,0.6766051939959459,886.4356415871778,west,mangrove,east,mangrove,wunifrac
S90,S40,0.6171912787149413,886.4356415871778,west,mangrove,east,mangrove,wunifrac
S91,S40,0.767451238858086,902.364573775312,west,seagrass,east,mangrove,wunifrac
S92,S40,0.7797053690170052,901.364573775312,west,seagrass,east,mangrove,wunifrac
S93,S40,0.7933507913698177,901.364573775312,west,seagrass,east,mangrove,wunifrac
S94,S40,0.7722252430875043,902.364573775312,west,seagrass,east,mangrove,wunifrac
S95,S40,0.7710711551748254,902.364573775312,west,seagrass,east,mangrove,wunifrac
S96,S40,0.8046420636998993,866.0458146424431,west,mangrove,east,mangrove,wunifrac
S97,S40,0.7750601125836327,866.0458146424431,west,mangrove,east,mangrove,wunifrac
S98,S40,0.7564478295175022,866.0458146424431,west,mangrove,east,mangrove,wunifrac
S99,S40,0.7265824540367337,866.0458146424431,west,mangrove,east,mangrove,wunifrac
S100,S40,0.7031816625046289,867.0458146424431,west,mangrove,east,mangrove,wunifrac
S101,S40,0.8766725118812763,800.2884553295632,west,coral,east,mangrove,wunifrac
S102,S40,0.8895332109117644,801.5310960166826,west,coral,east,mangrove,wunifrac
S103,S40,0.8617369660396649,801.9453095790557,west,coral,east,mangrove,wunifrac
S104,S40,0.8803203282836408,803.5310960166825,west,coral,east,mangrove,wunifrac
S105,S40,0.867769330764389,801.7026688919364,west,coral,east,mangrove,wunifrac
S106,S40,0.6558661552225877,635.9087296525983,west,mangrove,east,mangrove,wunifrac
S107,S40,0.6787486545758062,635.4945160902251,west,mangrove,east,mangrove,wunifrac
S108,S40,0.7292497450064414,634.4945160902251,west,mangrove,east,mangrove,wunifrac
S109,S40,0.7035424332888538,634.0803025278522,west,mangrove,east,mangrove,wunifrac
S110,S40,0.7587826756223955,634.0803025278522,west,mangrove,east,mangrove,wunifrac
S42,S41,0.17419222330576625,1,east,coral,east,coral,wunifrac
S43,S41,0.1701933709404399,1,east,coral,east,coral,wunifrac
S44,S41,0.20459859384733903,1.4142135623730951,east,coral,east,coral,wunifrac
S45,S41,0.13929289561364125,1,east,coral,east,coral,wunifrac
S46,S41,0.7588598392802994,1,east,mangrove,east,coral,wunifrac
S47,S41,0.804006220145651,1,east,mangrove,east,coral,wunifrac
S48,S41,0.7032841878548136,1,east,mangrove,east,coral,wunifrac
S49,S41,0.7038758115879739,0,east,mangrove,east,coral,wunifrac
S50,S41,0.69244202414686,0,east,mangrove,east,coral,wunifrac
S51,S41,0.5100168512845294,68.65685424949237,east,seagrass,east,coral,wunifrac
S52,S41,0.477726008884185,68.65685424949237,east,seagrass,east,coral,wunifrac
S53,S41,0.5551063996256738,68.65685424949237,east,seagrass,east,coral,wunifrac
S54,S41,0.5882745267246638,67.65685424949237,east,seagrass,east,coral,wunifrac
S55,S41,0.6037705581508265,67.65685424949237,east,seagrass,east,coral,wunifrac
S56,S41,0.6548662473406975,715.2346314604015,west,coral,east,coral,wunifrac
S57,S41,0.6106716513975802,715.2346314604015,west,coral,east,coral,wunifrac
S58,S41,0.6355158446696612,715.8204178980283,west,coral,east,coral,wunifrac
S59,S41,0.6468127947239525,714.8204178980283,west,coral,east,coral,wunifrac
S60,S41,0.6637926366777155,715.2346314604015,west,coral,east,coral,wunifrac
S61,S41,0.6766900344432295,705.2346314604016,west,mangrove,east,coral,wunifrac
S62,S41,0.7194131240026498,705.2346314604016,west,mangrove,east,coral,wunifrac
S63,S41,0.711261711280308,704.2346314604016,west,mangrove,east,coral,wunifrac
S64,S41,0.6951355390246771,704.6488450227746,west,mangrove,east,coral,wunifrac
S65,S41,0.7044199640121164,704.2346314604016,west,mangrove,east,coral,wunifrac
S66,S41,0.7225361287835341,692.8792924010743,west,seagrass,east,coral,wunifrac
S67,S41,0.6840809014088853,692.8792924010743,west,seagrass,east,coral,wunifrac
S68,S41,0.6987966241933687,692.8792924010743,west,seagrass,east,coral,wunifrac
S69,S41,0.6883228286889569,692.8792924010743,west,seagrass,east,coral,wunifrac
S70,S41,0.6866024969353113,693.8792924010743,west,seagrass,east,coral,wunifrac
S71,S41,0.9904582221071777,218.53910524340094,east,coral,east,coral,wunifrac
S73,S41,0.7200033524004081,218.53910524340094,east,coral,east,coral,wunifrac
S74,S41,0.47863219669351736,218.53910524340094,east,coral,east,coral,wunifrac
S75,S41,0.5262438075546373,218.53910524340094,east,coral,east,coral,wunifrac
S77,S41,0.43084389753978375,195.05382386916236,east,coral,east,coral,wunifrac
S78,S41,0.5589881536449763,195.05382386916236,east,coral,east,coral,wunifrac
S80,S41,0.5462855302854729,195.05382386916236,east,coral,east,coral,wunifrac
S81,S41,0.4709370231636988,189.43860018001263,east,mangrove,east,coral,wunifrac
S82,S41,0.5266683368661407,189.43860018001263,east,mangrove,east,coral,wunifrac
S83,S41,0.4880839905698304,189.43860018001263,east,mangrove,east,coral,wunifrac
S84,S41,0.5033344202524938,189.43860018001263,east,mangrove,east,coral,wunifrac
S85,S41,0.60260874741733506,189.43860018001263,east,mangrove,east,coral,wunifrac
S86,S41,0.7354490024191864,778.2640687119238,west,mangrove,east,coral,wunifrac
S87,S41,0.7538180362206127,778.2640687119238,west,mangrove,east,coral,wunifrac
S88,S41,0.8184312101197896,778.678282274297,west,mangrove,east,coral,wunifrac
S89,S41,0.8488590764968094,778.678282274297,west,mangrove,east,coral,wunifrac
S90,S41,0.8771511329841425,778.678282274297,west,mangrove,east,coral,wunifrac
S91,S41,0.6272227316238774,794.6072144624312,west,seagrass,east,coral,wunifrac
S92,S41,0.6266875807173367,793.6072144624312,west,seagrass,east,coral,wunifrac
S93,S41,0.6478732882636699,793.6072144624312,west,seagrass,east,coral,wunifrac
S94,S41,0.7075634269288755,794.6072144624312,west,seagrass,east,coral,wunifrac
S95,S41,0.6148213431982195,794.6072144624312,west,seagrass,east,coral,wunifrac
S96,S41,0.8270735496905105,871.033621333623,west,mangrove,east,coral,wunifrac
S97,S41,0.8255547945554609,871.033621333623,west,mangrove,east,coral,wunifrac
S98,S41,0.8138216844956301,871.033621333623,west,mangrove,east,coral,wunifrac
S99,S41,0.8158777997714489,871.033621333623,west,mangrove,east,coral,wunifrac
S100,S41,0.827927449161694,870.033621333623,west,mangrove,east,coral,wunifrac
S101,S41,0.5666810541802126,911.3595231414286,west,coral,east,coral,wunifrac
S102,S41,0.5712494988113042,912.6021638285479,west,coral,east,coral,wunifrac
S103,S41,0.7022395374016778,913.016377390921,west,coral,east,coral,wunifrac
S104,S41,0.6858241680758909,914.6021638285478,west,coral,east,coral,wunifrac
S105,S41,0.5884021617425259,912.7737367038017,west,coral,east,coral,wunifrac
S106,S41,0.7502756837404251,746.9797974644637,west,mangrove,east,coral,wunifrac
S107,S41,0.7428023791565421,746.5655839020906,west,mangrove,east,coral,wunifrac
S108,S41,0.6983323107043149,745.5655839020906,west,mangrove,east,coral,wunifrac
S109,S41,0.7454350776440123,745.1513703397175,west,mangrove,east,coral,wunifrac
S110,S41,0.7009562014968398,745.1513703397175,west,mangrove,east,coral,wunifrac
S43,S42,0.22142189342705648,0,east,coral,east,coral,wunifrac
S44,S42,0.1357234532963708,1,east,coral,east,coral,wunifrac
S45,S42,0.15436234527878182,0,east,coral,east,coral,wunifrac
S46,S42,0.7085920054302692,1.4142135623730951,east,mangrove,east,coral,wunifrac
S47,S42,0.7731689633723066,1.4142135623730951,east,mangrove,east,coral,wunifrac
S48,S42,0.6519357562558779,1.4142135623730951,east,mangrove,east,coral,wunifrac
S49,S42,0.6717128421257776,1,east,mangrove,east,coral,wunifrac
S50,S42,0.6543730163935593,1,east,mangrove,east,coral,wunifrac
S51,S42,0.4540122105511983,68.24264068711928,east,seagrass,east,coral,wunifrac
S52,S42,0.42021565874034367,68.24264068711928,east,seagrass,east,coral,wunifrac
S53,S42,0.48464416193997484,68.24264068711928,east,seagrass,east,coral,wunifrac
S54,S42,0.5239476198427514,67.24264068711928,east,seagrass,east,coral,wunifrac
S55,S42,0.5408621025878712,67.24264068711928,east,seagrass,east,coral,wunifrac
S56,S42,0.6083277930924554,714.8204178980284,west,coral,east,coral,wunifrac
S57,S42,0.567009822004876,714.8204178980284,west,coral,east,coral,wunifrac
S58,S42,0.5826484526996706,715.4062043356552,west,coral,east,coral,wunifrac
S59,S42,0.5925025507575007,714.4062043356552,west,coral,east,coral,wunifrac
S60,S42,0.6292890216051714,714.8204178980284,west,coral,east,coral,wunifrac
S61,S42,0.6334713235279403,704.8204178980285,west,mangrove,east,coral,wunifrac
S62,S42,0.6737376660155829,704.8204178980285,west,mangrove,east,coral,wunifrac
S63,S42,0.6692875248953384,703.8204178980285,west,mangrove,east,coral,wunifrac
S64,S42,0.6515834855562874,704.2346314604016,west,mangrove,east,coral,wunifrac
S65,S42,0.660326965222434,703.8204178980285,west,mangrove,east,coral,wunifrac
S66,S42,0.6929186848336231,692.4650788387013,west,seagrass,east,coral,wunifrac
S67,S42,0.6498647172142293,692.4650788387013,west,seagrass,east,coral,wunifrac
S68,S42,0.6573074003193025,692.4650788387013,west,seagrass,east,coral,wunifrac
S69,S42,0.6481075726311908,692.4650788387013,west,seagrass,east,coral,wunifrac
S70,S42,0.6497855418443537,693.4650788387013,west,seagrass,east,coral,wunifrac
S71,S42,0.9838912530834668,218.12489168102783,east,coral,east,coral,wunifrac
S73,S42,0.7327614099625142,218.12489168102783,east,coral,east,coral,wunifrac
S74,S42,0.5201200223982423,218.12489168102783,east,coral,east,coral,wunifrac
S75,S42,0.5572250241362122,218.12489168102783,east,coral,east,coral,wunifrac
S77,S42,0.4258663835325922,194.63961030678925,east,coral,east,coral,wunifrac
S78,S42,0.5216067623368438,194.63961030678925,east,coral,east,coral,wunifrac
S80,S42,0.5261679993150645,194.63961030678925,east,coral,east,coral,wunifrac
S81,S42,0.40027170300111076,189.02438661763955,east,mangrove,east,coral,wunifrac
S82,S42,0.448303098921751,189.02438661763955,east,mangrove,east,coral,wunifrac
S83,S42,0.4123521964568964,189.02438661763955,east,mangrove,east,coral,wunifrac
S84,S42,0.4300818248816228,189.02438661763955,east,mangrove,east,coral,wunifrac
S85,S42,0.5433634482081271,189.02438661763955,east,mangrove,east,coral,wunifrac
S86,S42,0.7012322069511142,777.8498551495508,west,mangrove,east,coral,wunifrac
S87,S42,0.719696675894625,777.8498551495508,west,mangrove,east,coral,wunifrac
S88,S42,0.7784358726740562,778.2640687119239,west,mangrove,east,coral,wunifrac
S89,S42,0.8112568338385783,778.2640687119239,west,mangrove,east,coral,wunifrac
S90,S42,0.8460507531566989,778.2640687119239,west,mangrove,east,coral,wunifrac
S91,S42,0.5811237967274504,794.1930009000582,west,seagrass,east,coral,wunifrac
S92,S42,0.5921690936967823,793.1930009000582,west,seagrass,east,coral,wunifrac
S93,S42,0.6109018504298088,793.1930009000582,west,seagrass,east,coral,wunifrac
S94,S42,0.6827168394812749,794.1930009000582,west,seagrass,east,coral,wunifrac
S95,S42,0.5828551528917862,794.1930009000582,west,seagrass,east,coral,wunifrac
S96,S42,0.7790843232287279,870.61940777125,west,mangrove,east,coral,wunifrac
S97,S42,0.7754997790679622,870.61940777125,west,mangrove,east,coral,wunifrac
S98,S42,0.7582032419115662,870.61940777125,west,mangrove,east,coral,wunifrac
S99,S42,0.7643831088050979,870.61940777125,west,mangrove,east,coral,wunifrac
S100,S42,0.7848869660797917,869.61940777125,west,mangrove,east,coral,wunifrac
S101,S42,0.5615689141382659,910.9453095790556,west,coral,east,coral,wunifrac
S102,S42,0.6022370801748469,912.1879502661749,west,coral,east,coral,wunifrac
S103,S42,0.7214857676312885,912.6021638285479,west,coral,east,coral,wunifrac
S104,S42,0.7032207324761685,914.1879502661748,west,coral,east,coral,wunifrac
S105,S42,0.5986079321746559,912.3595231414286,west,coral,east,coral,wunifrac
S106,S42,0.7116567250279227,746.5655839020906,west,mangrove,east,coral,wunifrac
S107,S42,0.697795041611833,746.1513703397175,west,mangrove,east,coral,wunifrac
S108,S42,0.6625684158942373,745.1513703397175,west,mangrove,east,coral,wunifrac
S109,S42,0.7175284199821238,744.7371567773445,west,mangrove,east,coral,wunifrac
S110,S42,0.670757017386216,744.7371567773445,west,mangrove,east,coral,wunifrac
S44,S43,0.2340453799449571,1,east,coral,east,coral,wunifrac
S45,S43,0.15220214394375772,0,east,coral,east,coral,wunifrac
S46,S43,0.776079949031891,1.4142135623730951,east,mangrove,east,coral,wunifrac
S47,S43,0.8090804960781804,1.4142135623730951,east,mangrove,east,coral,wunifrac
S48,S43,0.722097537456212,1.4142135623730951,east,mangrove,east,coral,wunifrac
S49,S43,0.7131994070709062,1,east,mangrove,east,coral,wunifrac
S50,S43,0.7101068815902011,1,east,mangrove,east,coral,wunifrac
S51,S43,0.5432230527856635,68.24264068711928,east,seagrass,east,coral,wunifrac
S52,S43,0.5147790490819896,68.24264068711928,east,seagrass,east,coral,wunifrac
S53,S43,0.5857368537809616,68.24264068711928,east,seagrass,east,coral,wunifrac
S54,S43,0.6140025905067948,67.24264068711928,east,seagrass,east,coral,wunifrac
S55,S43,0.6349857615180159,67.24264068711928,east,seagrass,east,coral,wunifrac
S56,S43,0.6376699854252252,714.8204178980284,west,coral,east,coral,wunifrac
S57,S43,0.6005821601565448,714.8204178980284,west,coral,east,coral,wunifrac
S58,S43,0.627365136544769,715.4062043356552,west,coral,east,coral,wunifrac
S59,S43,0.6372561665295114,714.4062043356552,west,coral,east,coral,wunifrac
S60,S43,0.6495311179402822,714.8204178980284,west,coral,east,coral,wunifrac
S61,S43,0.6617796828223442,704.8204178980285,west,mangrove,east,coral,wunifrac
S62,S43,0.6998348462594267,704.8204178980285,west,mangrove,east,coral,wunifrac
S63,S43,0.7036130153557492,703.8204178980285,west,mangrove,east,coral,wunifrac
S64,S43,0.6996504435126802,704.2346314604016,west,mangrove,east,coral,wunifrac
S65,S43,0.6988647601750085,703.8204178980285,west,mangrove,east,coral,wunifrac
S66,S43,0.6964051996057017,692.4650788387013,west,seagrass,east,coral,wunifrac
S67,S43,0.6605258917425684,692.4650788387013,west,seagrass,east,coral,wunifrac
S68,S43,0.676142689964145,692.4650788387013,west,seagrass,east,coral,wunifrac
S69,S43,0.6678488234034241,692.4650788387013,west,seagrass,east,coral,wunifrac
S70,S43,0.6619989071780984,693.4650788387013,west,seagrass,east,coral,wunifrac
S71,S43,0.9946061871031119,218.12489168102783,east,coral,east,coral,wunifrac
S73,S43,0.7362580166398669,218.12489168102783,east,coral,east,coral,wunifrac
S74,S43,0.5393259020622254,218.12489168102783,east,coral,east,coral,wunifrac
S75,S43,0.5823003632744712,218.12489168102783,east,coral,east,coral,wunifrac
S77,S43,0.41303274873700774,194.63961030678925,east,coral,east,coral,wunifrac
S78,S43,0.6068205690505395,194.63961030678925,east,coral,east,coral,wunifrac
S80,S43,0.42528331764544464,194.63961030678925,east,coral,east,coral,wunifrac
S81,S43,0.524644482779219,189.02438661763955,east,mangrove,east,coral,wunifrac
S82,S43,0.5748559408873873,189.02438661763955,east,mangrove,east,coral,wunifrac
S83,S43,0.545060625204224,189.02438661763955,east,mangrove,east,coral,wunifrac
S84,S43,0.5601185555828313,189.02438661763955,east,mangrove,east,coral,wunifrac
S85,S43,0.6523780013136495,189.02438661763955,east,mangrove,east,coral,wunifrac
S86,S43,0.7576432232310253,777.8498551495508,west,mangrove,east,coral,wunifrac
S87,S43,0.7459541898982233,777.8498551495508,west,mangrove,east,coral,wunifrac
S88,S43,0.8364943586777819,778.2640687119239,west,mangrove,east,coral,wunifrac
S89,S43,0.8637348519843792,778.2640687119239,west,mangrove,east,coral,wunifrac
S90,S43,0.89046017366607,778.2640687119239,west,mangrove,east,coral,wunifrac
S91,S43,0.6254887146164693,794.1930009000582,west,seagrass,east,coral,wunifrac
S92,S43,0.6109162295405567,793.1930009000582,west,seagrass,east,coral,wunifrac
S93,S43,0.6235574783279996,793.1930009000582,west,seagrass,east,coral,wunifrac
S94,S43,0.6934487516908321,794.1930009000582,west,seagrass,east,coral,wunifrac
S95,S43,0.6059759534548252,794.1930009000582,west,seagrass,east,coral,wunifrac
S96,S43,0.8487396891512435,870.61940777125,west,mangrove,east,coral,wunifrac
S97,S43,0.8493788348581088,870.61940777125,west,mangrove,east,coral,wunifrac
S98,S43,0.8382999035790814,870.61940777125,west,mangrove,east,coral,wunifrac
S99,S43,0.8393959832959398,870.61940777125,west,mangrove,east,coral,wunifrac
S100,S43,0.8559236382397748,869.61940777125,west,mangrove,east,coral,wunifrac
S101,S43,0.5473469123735628,910.9453095790556,west,coral,east,coral,wunifrac
S102,S43,0.5356330492604391,912.1879502661749,west,coral,east,coral,wunifrac
S103,S43,0.681854437631761,912.6021638285479,west,coral,east,coral,wunifrac
S104,S43,0.6394810053557756,914.1879502661748,west,coral,east,coral,wunifrac
S105,S43,0.5919247894282308,912.3595231414286,west,coral,east,coral,wunifrac
S106,S43,0.7738606687830776,746.5655839020906,west,mangrove,east,coral,wunifrac
S107,S43,0.7646033404259314,746.1513703397175,west,mangrove,east,coral,wunifrac
S108,S43,0.6862951893343591,745.1513703397175,west,mangrove,east,coral,wunifrac
S109,S43,0.7226172967707878,744.7371567773445,west,mangrove,east,coral,wunifrac
S110,S43,0.6786037722548508,744.7371567773445,west,mangrove,east,coral,wunifrac
S45,S44,0.15359046737657464,1,east,coral,east,coral,wunifrac
S46,S44,0.7160969866112159,2.414213562373095,east,mangrove,east,coral,wunifrac
S47,S44,0.7777161769891728,2.414213562373095,east,mangrove,east,coral,wunifrac
S48,S44,0.6603203803967932,2.414213562373095,east,mangrove,east,coral,wunifrac
S49,S44,0.6824777822466928,1.4142135623730951,east,mangrove,east,coral,wunifrac
S50,S44,0.6658053043820203,1.4142135623730951,east,mangrove,east,coral,wunifrac
S51,S44,0.4693735329043205,67.24264068711928,east,seagrass,east,coral,wunifrac
S52,S44,0.46265570093604735,67.24264068711928,east,seagrass,east,coral,wunifrac
S53,S44,0.4970321195087679,67.24264068711928,east,seagrass,east,coral,wunifrac
S54,S44,0.5409961313068365,66.24264068711928,east,seagrass,east,coral,wunifrac
S55,S44,0.5555912018108049,66.24264068711928,east,seagrass,east,coral,wunifrac
S56,S44,0.5683313669685919,713.8204178980284,west,coral,east,coral,wunifrac
S57,S44,0.5263078414310092,713.8204178980284,west,coral,east,coral,wunifrac
S58,S44,0.540002189932577,714.4062043356552,west,coral,east,coral,wunifrac
S59,S44,0.5535017005459052,713.4062043356552,west,coral,east,coral,wunifrac
S60,S44,0.5844008697004064,713.8204178980284,west,coral,east,coral,wunifrac
S61,S44,0.5957422286592027,703.8204178980285,west,mangrove,east,coral,wunifrac
S62,S44,0.6382430401438005,703.8204178980285,west,mangrove,east,coral,wunifrac
S63,S44,0.6271711744375843,702.8204178980285,west,mangrove,east,coral,wunifrac
S64,S44,0.6091186661342596,703.2346314604016,west,mangrove,east,coral,wunifrac
S65,S44,0.6205953789861476,702.8204178980285,west,mangrove,east,coral,wunifrac
S66,S44,0.6551873919435253,691.4650788387013,west,seagrass,east,coral,wunifrac
S67,S44,0.6044433258734268,691.4650788387013,west,seagrass,east,coral,wunifrac
S68,S44,0.61937936551739,691.4650788387013,west,seagrass,east,coral,wunifrac
S69,S44,0.6069117167127586,691.4650788387013,west,seagrass,east,coral,wunifrac
S70,S44,0.6011179077696469,692.4650788387013,west,seagrass,east,coral,wunifrac
S71,S44,0.9727394390281289,217.12489168102783,east,coral,east,coral,wunifrac
S73,S44,0.7396418487740472,217.12489168102783,east,coral,east,coral,wunifrac
S74,S44,0.537126436359712,217.12489168102783,east,coral,east,coral,wunifrac
S75,S44,0.5583913723216027,217.12489168102783,east,coral,east,coral,wunifrac
S77,S44,0.35839688910964285,193.63961030678925,east,coral,east,coral,wunifrac
S78,S44,0.4908960997539462,193.63961030678925,east,coral,east,coral,wunifrac
S80,S44,0.4842878045017116,193.63961030678925,east,coral,east,coral,wunifrac
S81,S44,0.3980120340602892,188.02438661763955,east,mangrove,east,coral,wunifrac
S82,S44,0.4480724420770934,188.02438661763955,east,mangrove,east,coral,wunifrac
S83,S44,0.40670691799344316,188.02438661763955,east,mangrove,east,coral,wunifrac
S84,S44,0.43137424927006734,188.02438661763955,east,mangrove,east,coral,wunifrac
S85,S44,0.5435626768506652,188.02438661763955,east,mangrove,east,coral,wunifrac
S86,S44,0.6748739883856839,776.8498551495508,west,mangrove,east,coral,wunifrac
S87,S44,0.6832835087070668,776.8498551495508,west,mangrove,east,coral,wunifrac
S88,S44,0.7785687571280074,777.2640687119239,west,mangrove,east,coral,wunifrac
S89,S44,0.8157024963845989,777.2640687119239,west,mangrove,east,coral,wunifrac
S90,S44,0.8499967859592112,777.2640687119239,west,mangrove,east,coral,wunifrac
S91,S44,0.5422385553534201,793.1930009000582,west,seagrass,east,coral,wunifrac
S92,S44,0.5580846104952464,792.1930009000582,west,seagrass,east,coral,wunifrac
S93,S44,0.5774346862026957,792.1930009000582,west,seagrass,east,coral,wunifrac
S94,S44,0.6373902022380521,793.1930009000582,west,seagrass,east,coral,wunifrac
S95,S44,0.5404651467264994,793.1930009000582,west,seagrass,east,coral,wunifrac
S96,S44,0.773833252913002,869.61940777125,west,mangrove,east,coral,wunifrac
S97,S44,0.7702041538943519,869.61940777125,west,mangrove,east,coral,wunifrac
S98,S44,0.7529101249727441,869.61940777125,west,mangrove,east,coral,wunifrac
S99,S44,0.7606081653148523,869.61940777125,west,mangrove,east,coral,wunifrac
S100,S44,0.7752176243065568,868.61940777125,west,mangrove,east,coral,wunifrac
S101,S44,0.5260765066226215,911.9453095790556,west,coral,east,coral,wunifrac
S102,S44,0.5551760278956356,913.1879502661749,west,coral,east,coral,wunifrac
S103,S44,0.6759682919948883,913.6021638285479,west,coral,east,coral,wunifrac
S104,S44,0.6523043409541933,915.1879502661748,west,coral,east,coral,wunifrac
S105,S44,0.5549470363406608,913.3595231414286,west,coral,east,coral,wunifrac
S106,S44,0.7020399794893705,747.5655839020906,west,mangrove,east,coral,wunifrac
S107,S44,0.6777122066974473,747.1513703397175,west,mangrove,east,coral,wunifrac
S108,S44,0.6350190015044553,746.1513703397175,west,mangrove,east,coral,wunifrac
S109,S44,0.6777484481176989,745.7371567773445,west,mangrove,east,coral,wunifrac
S110,S44,0.6348016855408467,745.7371567773445,west,mangrove,east,coral,wunifrac
S46,S45,0.7642778608255887,1.4142135623730951,east,mangrove,east,coral,wunifrac
S47,S45,0.8132537280872267,1.4142135623730951,east,mangrove,east,coral,wunifrac
S48,S45,0.7065633679972413,1.4142135623730951,east,mangrove,east,coral,wunifrac
S49,S45,0.7067200218282902,1,east,mangrove,east,coral,wunifrac
S50,S45,0.7006994087723023,1,east,mangrove,east,coral,wunifrac
S51,S45,0.49696964167033464,68.24264068711928,east,seagrass,east,coral,wunifrac
S52,S45,0.46467308194348034,68.24264068711928,east,seagrass,east,coral,wunifrac
S53,S45,0.5364007511702005,68.24264068711928,east,seagrass,east,coral,wunifrac
S54,S45,0.5745354419666536,67.24264068711928,east,seagrass,east,coral,wunifrac
S55,S45,0.5888952744603769,67.24264068711928,east,seagrass,east,coral,wunifrac
S56,S45,0.6059487516938945,714.8204178980284,west,coral,east,coral,wunifrac
S57,S45,0.5586422075148193,714.8204178980284,west,coral,east,coral,wunifrac
S58,S45,0.584451602384516,715.4062043356552,west,coral,east,coral,wunifrac
S59,S45,0.5933843244011155,714.4062043356552,west,coral,east,coral,wunifrac
S60,S45,0.6154926480694222,714.8204178980284,west,coral,east,coral,wunifrac
S61,S45,0.6490201033163527,704.8204178980285,west,mangrove,east,coral,wunifrac
S62,S45,0.6827660111590861,704.8204178980285,west,mangrove,east,coral,wunifrac
S63,S45,0.6804426952536924,703.8204178980285,west,mangrove,east,coral,wunifrac
S64,S45,0.663438744912491,704.2346314604016,west,mangrove,east,coral,wunifrac
S65,S45,0.6704996254499066,703.8204178980285,west,mangrove,east,coral,wunifrac
S66,S45,0.6859707470149048,692.4650788387013,west,seagrass,east,coral,wunifrac
S67,S45,0.6520743221033233,692.4650788387013,west,seagrass,east,coral,wunifrac
S68,S45,0.6628989180638301,692.4650788387013,west,seagrass,east,coral,wunifrac
S69,S45,0.65039289761251,692.4650788387013,west,seagrass,east,coral,wunifrac
S70,S45,0.6471537004514026,693.4650788387013,west,seagrass,east,coral,wunifrac
S71,S45,0.981206442166137,218.12489168102783,east,coral,east,coral,wunifrac
S73,S45,0.735510453352475,218.12489168102783,east,coral,east,coral,wunifrac
S74,S45,0.5092042752902639,218.12489168102783,east,coral,east,coral,wunifrac
S75,S45,0.5536135936611548,218.12489168102783,east,coral,east,coral,wunifrac
S77,S45,0.39930357752260526,194.63961030678925,east,coral,east,coral,wunifrac
S78,S45,0.5642819713914485,194.63961030678925,east,coral,east,coral,wunifrac
S80,S45,0.49485168165969295,194.63961030678925,east,coral,east,coral,wunifrac
S81,S45,0.4617748657152035,189.02438661763955,east,mangrove,east,coral,wunifrac
S82,S45,0.508181366809653,189.02438661763955,east,mangrove,east,coral,wunifrac
S83,S45,0.47537935026035216,189.02438661763955,east,mangrove,east,coral,wunifrac
S84,S45,0.4891913579094056,189.02438661763955,east,mangrove,east,coral,wunifrac
S85,S45,0.5968422247945793,189.02438661763955,east,mangrove,east,coral,wunifrac
S86,S45,0.730089167925999,777.8498551495508,west,mangrove,east,coral,wunifrac
S87,S45,0.7313215551047405,777.8498551495508,west,mangrove,east,coral,wunifrac
S88,S45,0.8240061020520759,778.2640687119239,west,mangrove,east,coral,wunifrac
S89,S45,0.858562818386798,778.2640687119239,west,mangrove,east,coral,wunifrac
S90,S45,0.8870538422413294,778.2640687119239,west,mangrove,east,coral,wunifrac
S91,S45,0.5965566603543119,794.1930009000582,west,seagrass,east,coral,wunifrac
S92,S45,0.5980810837581412,793.1930009000582,west,seagrass,east,coral,wunifrac
S93,S45,0.610462753959774,793.1930009000582,west,seagrass,east,coral,wunifrac
S94,S45,0.6782221123599467,794.1930009000582,west,seagrass,east,coral,wunifrac
S95,S45,0.5890376165049165,794.1930009000582,west,seagrass,east,coral,wunifrac
S96,S45,0.8241844553571449,870.61940777125,west,mangrove,east,coral,wunifrac
S97,S45,0.8228854202970757,870.61940777125,west,mangrove,east,coral,wunifrac
S98,S45,0.8085117909630966,870.61940777125,west,mangrove,east,coral,wunifrac
S99,S45,0.8098579610405352,870.61940777125,west,mangrove,east,coral,wunifrac
S100,S45,0.8256402908585831,869.61940777125,west,mangrove,east,coral,wunifrac
S101,S45,0.5348805934440458,910.9453095790556,west,coral,east,coral,wunifrac
S102,S45,0.5457904531290466,912.1879502661749,west,coral,east,coral,wunifrac
S103,S45,0.6832416601147367,912.6021638285479,west,coral,east,coral,wunifrac
S104,S45,0.6469279187388343,914.1879502661748,west,coral,east,coral,wunifrac
S105,S45,0.5481239552372144,912.3595231414286,west,coral,east,coral,wunifrac
S106,S45,0.7526334486737667,746.5655839020906,west,mangrove,east,coral,wunifrac
S107,S45,0.7350612330394095,746.1513703397175,west,mangrove,east,coral,wunifrac
S108,S45,0.6817084000136425,745.1513703397175,west,mangrove,east,coral,wunifrac
S109,S45,0.7021413997503939,744.7371567773445,west,mangrove,east,coral,wunifrac
S110,S45,0.6722385798170933,744.7371567773445,west,mangrove,east,coral,wunifrac
S47,S46,0.25954509626737376,0,east,mangrove,east,mangrove,wunifrac
S48,S46,0.14138545581125572,0,east,mangrove,east,mangrove,wunifrac
S49,S46,0.37179084123732525,1,east,mangrove,east,mangrove,wunifrac
S50,S46,0.23602728354895924,1,east,mangrove,east,mangrove,wunifrac
S51,S46,0.5022120012599192,69.65685424949237,east,seagrass,east,mangrove,wunifrac
S52,S46,0.5247672375481671,69.65685424949237,east,seagrass,east,mangrove,wunifrac
S53,S46,0.44282175757783204,69.65685424949237,east,seagrass,east,mangrove,wunifrac
S54,S46,0.457604329006721,68.65685424949237,east,seagrass,east,mangrove,wunifrac
S55,S46,0.41576695679340997,68.65685424949237,east,seagrass,east,mangrove,wunifrac
S56,S46,0.6787591696300539,716.2346314604015,west,coral,east,mangrove,wunifrac
S57,S46,0.6742041176291806,716.2346314604015,west,coral,east,mangrove,wunifrac
S58,S46,0.6559349130631086,716.8204178980283,west,coral,east,mangrove,wunifrac
S59,S46,0.6732834175716645,715.8204178980283,west,coral,east,mangrove,wunifrac
S60,S46,0.6658113575095372,716.2346314604015,west,coral,east,mangrove,wunifrac
S61,S46,0.5295471783457687,706.2346314604016,west,mangrove,east,mangrove,wunifrac
S62,S46,0.510750839491878,706.2346314604016,west,mangrove,east,mangrove,wunifrac
S63,S46,0.5045500742310551,705.2346314604016,west,mangrove,east,mangrove,wunifrac
S64,S46,0.5016408477504032,705.6488450227746,west,mangrove,east,mangrove,wunifrac
S65,S46,0.4837048871771042,705.2346314604016,west,mangrove,east,mangrove,wunifrac
S66,S46,0.625858463696298,693.8792924010743,west,seagrass,east,mangrove,wunifrac
S67,S46,0.6086983667844893,693.8792924010743,west,seagrass,east,mangrove,wunifrac
S68,S46,0.5980023756155555,693.8792924010743,west,seagrass,east,mangrove,wunifrac
S69,S46,0.5688656962625546,693.8792924010743,west,seagrass,east,mangrove,wunifrac
S70,S46,0.6503265312204808,694.8792924010743,west,seagrass,east,mangrove,wunifrac
S71,S46,0.999432971904911,219.53910524340094,east,coral,east,mangrove,wunifrac
S73,S46,0.8849389149907576,219.53910524340094,east,coral,east,mangrove,wunifrac
S74,S46,0.8420064143871323,219.53910524340094,east,coral,east,mangrove,wunifrac
S75,S46,0.847702732231591,219.53910524340094,east,coral,east,mangrove,wunifrac
S77,S46,0.8303601955044189,196.05382386916236,east,coral,east,mangrove,wunifrac
S78,S46,0.7704382046536975,196.05382386916236,east,coral,east,mangrove,wunifrac
S80,S46,0.854251205970264,196.05382386916236,east,coral,east,mangrove,wunifrac
S81,S46,0.48201559560542234,190.43860018001263,east,mangrove,east,mangrove,wunifrac
S82,S46,0.4196262545658472,190.43860018001263,east,mangrove,east,mangrove,wunifrac
S83,S46,0.4573786714484526,190.43860018001263,east,mangrove,east,mangrove,wunifrac
S84,S46,0.4808316448906096,190.43860018001263,east,mangrove,east,mangrove,wunifrac
S85,S46,0.3865897146752181,190.43860018001263,east,mangrove,east,mangrove,wunifrac
S86,S46,0.5837119190314078,779.2640687119238,west,mangrove,east,mangrove,wunifrac
S87,S46,0.5351154419317752,779.2640687119238,west,mangrove,east,mangrove,wunifrac
S88,S46,0.5043332380709882,779.678282274297,west,mangrove,east,mangrove,wunifrac
S89,S46,0.5396221738749325,779.678282274297,west,mangrove,east,mangrove,wunifrac
S90,S46,0.5396852091133902,779.678282274297,west,mangrove,east,mangrove,wunifrac
S91,S46,0.4676457059126977,795.6072144624312,west,seagrass,east,mangrove,wunifrac
S92,S46,0.5025976269970365,794.6072144624312,west,seagrass,east,mangrove,wunifrac
S93,S46,0.5646017719938505,794.6072144624312,west,seagrass,east,mangrove,wunifrac
S94,S46,0.555192069116592,795.6072144624312,west,seagrass,east,mangrove,wunifrac
S95,S46,0.4904479914739894,795.6072144624312,west,seagrass,east,mangrove,wunifrac
S96,S46,0.6275034224659083,872.033621333623,west,mangrove,east,mangrove,wunifrac
S97,S46,0.6114159874989089,872.033621333623,west,mangrove,east,mangrove,wunifrac
S98,S46,0.5229008718858884,872.033621333623,west,mangrove,east,mangrove,wunifrac
S99,S46,0.4759008342340482,872.033621333623,west,mangrove,east,mangrove,wunifrac
S100,S46,0.5006100126574683,871.033621333623,west,mangrove,east,mangrove,wunifrac
S101,S46,0.761656272088414,910.3595231414286,west,coral,east,mangrove,wunifrac
S102,S46,0.7923445433700573,911.6021638285479,west,coral,east,mangrove,wunifrac
S103,S46,0.7861855180553686,912.016377390921,west,coral,east,mangrove,wunifrac
S104,S46,0.7701937098864662,913.6021638285478,west,coral,east,mangrove,wunifrac
S105,S46,0.7513405148604549,911.7737367038017,west,coral,east,mangrove,wunifrac
S106,S46,0.43987306245891883,745.9797974644637,west,mangrove,east,mangrove,wunifrac
S107,S46,0.48703716161449206,745.5655839020906,west,mangrove,east,mangrove,wunifrac
S108,S46,0.5471591104157248,744.5655839020906,west,mangrove,east,mangrove,wunifrac
S109,S46,0.5761190673588503,744.1513703397175,west,mangrove,east,mangrove,wunifrac
S110,S46,0.5580251064704073,744.1513703397175,west,mangrove,east,mangrove,wunifrac
S48,S47,0.2826434689573989,0,east,mangrove,east,mangrove,wunifrac
S49,S47,0.28690503879485535,1,east,mangrove,east,mangrove,wunifrac
S50,S47,0.28805747171071644,1,east,mangrove,east,mangrove,wunifrac
S51,S47,0.535429503027433,69.65685424949237,east,seagrass,east,mangrove,wunifrac
S52,S47,0.5652334258257512,69.65685424949237,east,seagrass,east,mangrove,wunifrac
S53,S47,0.5108590142538396,69.65685424949237,east,seagrass,east,mangrove,wunifrac
S54,S47,0.47911234519293133,68.65685424949237,east,seagrass,east,mangrove,wunifrac
S55,S47,0.46598810584386663,68.65685424949237,east,seagrass,east,mangrove,wunifrac
S56,S47,0.7650943498052742,716.2346314604015,west,coral,east,mangrove,wunifrac
S57,S47,0.7630855271490788,716.2346314604015,west,coral,east,mangrove,wunifrac
S58,S47,0.7500252674901218,716.8204178980283,west,coral,east,mangrove,wunifrac
S59,S47,0.7668019372800817,715.8204178980283,west,coral,east,mangrove,wunifrac
S60,S47,0.7486356428705988,716.2346314604015,west,coral,east,mangrove,wunifrac
S61,S47,0.62662619178382994,706.2346314604016,west,mangrove,east,mangrove,wunifrac
S62,S47,0.5983571606097274,706.2346314604016,west,mangrove,east,mangrove,wunifrac
S63,S47,0.5958035615125145,705.2346314604016,west,mangrove,east,mangrove,wunifrac
S64,S47,0.5963936002252652,705.6488450227746,west,mangrove,east,mangrove,wunifrac
S65,S47,0.5806661578757808,705.2346314604016,west,mangrove,east,mangrove,wunifrac
S66,S47,0.6796697133960276,693.8792924010743,west,seagrass,east,mangrove,wunifrac
S67,S47,0.690308539396442,693.8792924010743,west,seagrass,east,mangrove,wunifrac
S68,S47,0.6798936511621732,693.8792924010743,west,seagrass,east,mangrove,wunifrac
S69,S47,0.6552680460640524,693.8792924010743,west,seagrass,east,mangrove,wunifrac
S70,S47,0.71797775851353,694.8792924010743,west,seagrass,east,mangrove,wunifrac
S71,S47,0.9999542227574534,219.53910524340094,east,coral,east,mangrove,wunifrac
S73,S47,0.8920498214253719,219.53910524340094,east,coral,east,mangrove,wunifrac
S74,S47,0.8524019138358374,219.53910524340094,east,coral,east,mangrove,wunifrac
S75,S47,0.8566293089387932,219.53910524340094,east,coral,east,mangrove,wunifrac
S77,S47,0.8663580974789772,196.05382386916236,east,coral,east,mangrove,wunifrac
S78,S47,0.8453156851374192,196.05382386916236,east,coral,east,mangrove,wunifrac
S80,S47,0.8764748917288956,196.05382386916236,east,coral,east,mangrove,wunifrac
S81,S47,0.5803874216943327,190.43860018001263,east,mangrove,east,mangrove,wunifrac
S82,S47,0.549669095582865,190.43860018001263,east,mangrove,east,mangrove,wunifrac
S83,S47,0.5764159299670389,190.43860018001263,east,mangrove,east,mangrove,wunifrac
S84,S47,0.5843780320379158,190.43860018001263,east,mangrove,east,mangrove,wunifrac
S85,S47,0.4803962930717364,190.43860018001263,east,mangrove,east,mangrove,wunifrac
S86,S47,0.6814935286656728,779.2640687119238,west,mangrove,east,mangrove,wunifrac
S87,S47,0.6255668103218408,779.2640687119238,west,mangrove,east,mangrove,wunifrac
S88,S47,0.5502038317412401,779.678282274297,west,mangrove,east,mangrove,wunifrac
S89,S47,0.5614326933142467,779.678282274297,west,mangrove,east,mangrove,wunifrac
S90,S47,0.5729011969875611,779.678282274297,west,mangrove,east,mangrove,wunifrac
S91,S47,0.5559519048413148,795.6072144624312,west,seagrass,east,mangrove,wunifrac
S92,S47,0.5996196185694963,794.6072144624312,west,seagrass,east,mangrove,wunifrac
S93,S47,0.6508674245808405,794.6072144624312,west,seagrass,east,mangrove,wunifrac
S94,S47,0.5733019785954161,795.6072144624312,west,seagrass,east,mangrove,wunifrac
S95,S47,0.55316036506764,795.6072144624312,west,seagrass,east,mangrove,wunifrac
S96,S47,0.6971536628774256,872.033621333623,west,mangrove,east,mangrove,wunifrac
S97,S47,0.6887639255053709,872.033621333623,west,mangrove,east,mangrove,wunifrac
S98,S47,0.6126720282284401,872.033621333623,west,mangrove,east,mangrove,wunifrac
S99,S47,0.5745371184836425,872.033621333623,west,mangrove,east,mangrove,wunifrac
S100,S47,0.5531651489994227,871.033621333623,west,mangrove,east,mangrove,wunifrac
S101,S47,0.791269674869485,910.3595231414286,west,coral,east,mangrove,wunifrac
S102,S47,0.8243240657817341,911.6021638285479,west,coral,east,mangrove,wunifrac
S103,S47,0.8105638948794035,912.016377390921,west,coral,east,mangrove,wunifrac
S104,S47,0.8017855496485806,913.6021638285478,west,coral,east,mangrove,wunifrac
S105,S47,0.788190059333598,911.7737367038017,west,coral,east,mangrove,wunifrac
S106,S47,0.5289721649331189,745.9797974644637,west,mangrove,east,mangrove,wunifrac
S107,S47,0.5776002066698904,745.5655839020906,west,mangrove,east,mangrove,wunifrac
S108,S47,0.6153406246363274,744.5655839020906,west,mangrove,east,mangrove,wunifrac
S109,S47,0.660041287005763,744.1513703397175,west,mangrove,east,mangrove,wunifrac
S110,S47,0.6104501994507372,744.1513703397175,west,mangrove,east,mangrove,wunifrac
S49,S48,0.2866995627394789,1,east,mangrove,east,mangrove,wunifrac
S50,S48,0.18334555792804624,1,east,mangrove,east,mangrove,wunifrac
S51,S48,0.4397298434740425,69.65685424949237,east,seagrass,east,mangrove,wunifrac
S52,S48,0.4619431943019607,69.65685424949237,east,seagrass,east,mangrove,wunifrac
S53,S48,0.37066019214958545,69.65685424949237,east,seagrass,east,mangrove,wunifrac
S54,S48,0.3926209964475124,68.65685424949237,east,seagrass,east,mangrove,wunifrac
S55,S48,0.3337376031856207,68.65685424949237,east,seagrass,east,mangrove,wunifrac
S56,S48,0.641873252975172,716.2346314604015,west,coral,east,mangrove,wunifrac
S57,S48,0.6144001873906185,716.2346314604015,west,coral,east,mangrove,wunifrac
S58,S48,0.5978834870142343,716.8204178980283,west,coral,east,mangrove,wunifrac
S59,S48,0.6291774352139756,715.8204178980283,west,coral,east,mangrove,wunifrac
S60,S48,0.6214294224586836,716.2346314604015,west,coral,east,mangrove,wunifrac
S61,S48,0.5094608164703459,706.2346314604016,west,mangrove,east,mangrove,wunifrac
S62,S48,0.4940085127033028,706.2346314604016,west,mangrove,east,mangrove,wunifrac
S63,S48,0.504377570859006,705.2346314604016,west,mangrove,east,mangrove,wunifrac
S64,S48,0.48604929215655707,705.6488450227746,west,mangrove,east,mangrove,wunifrac
S65,S48,0.46135851873898165,705.2346314604016,west,mangrove,east,mangrove,wunifrac
S66,S48,0.6291207775674794,693.8792924010743,west,seagrass,east,mangrove,wunifrac
S67,S48,0.593649493684196,693.8792924010743,west,seagrass,east,mangrove,wunifrac
S68,S48,0.5797081896084719,693.8792924010743,west,seagrass,east,mangrove,wunifrac
S69,S48,0.5594179293501584,693.8792924010743,west,seagrass,east,mangrove,wunifrac
S70,S48,0.641742281432586,694.8792924010743,west,seagrass,east,mangrove,wunifrac
S71,S48,0.9996426165535607,219.53910524340094,east,coral,east,mangrove,wunifrac
S73,S48,0.8584899217635815,219.53910524340094,east,coral,east,mangrove,wunifrac
S74,S48,0.7874251965227128,219.53910524340094,east,coral,east,mangrove,wunifrac
S75,S48,0.8063088650601424,219.53910524340094,east,coral,east,mangrove,wunifrac
S77,S48,0.7882600990966384,196.05382386916236,east,coral,east,mangrove,wunifrac
S78,S48,0.7481100816904275,196.05382386916236,east,coral,east,mangrove,wunifrac
S80,S48,0.8282356272725647,196.05382386916236,east,coral,east,mangrove,wunifrac
S81,S48,0.43156457200379544,190.43860018001263,east,mangrove,east,mangrove,wunifrac
S82,S48,0.36999472479640544,190.43860018001263,east,mangrove,east,mangrove,wunifrac
S83,S48,0.40667193465890256,190.43860018001263,east,mangrove,east,mangrove,wunifrac
S84,S48,0.4252098628641974,190.43860018001263,east,mangrove,east,mangrove,wunifrac
S85,S48,0.34050807919412185,190.43860018001263,east,mangrove,east,mangrove,wunifrac
S86,S48,0.5722118446272058,779.2640687119238,west,mangrove,east,mangrove,wunifrac
S87,S48,0.5273998121172357,779.2640687119238,west,mangrove,east,mangrove,wunifrac
S88,S48,0.5245714486893399,779.678282274297,west,mangrove,east,mangrove,wunifrac
S89,S48,0.5636083667007029,779.678282274297,west,mangrove,east,mangrove,wunifrac
S90,S48,0.5856066396116643,779.678282274297,west,mangrove,east,mangrove,wunifrac
S91,S48,0.4276289934041257,795.6072144624312,west,seagrass,east,mangrove,wunifrac
S92,S48,0.4696622079576001,794.6072144624312,west,seagrass,east,mangrove,wunifrac
S93,S48,0.5226041616871652,794.6072144624312,west,seagrass,east,mangrove,wunifrac
S94,S48,0.5575175179593905,795.6072144624312,west,seagrass,east,mangrove,wunifrac
S95,S48,0.4381842079931971,795.6072144624312,west,seagrass,east,mangrove,wunifrac
S96,S48,0.6323521181614861,872.033621333623,west,mangrove,east,mangrove,wunifrac
S97,S48,0.6168778094136604,872.033621333623,west,mangrove,east,mangrove,wunifrac
S98,S48,0.5234165653744932,872.033621333623,west,mangrove,east,mangrove,wunifrac
S99,S48,0.4673948001374308,872.033621333623,west,mangrove,east,mangrove,wunifrac
S100,S48,0.5050675494169559,871.033621333623,west,mangrove,east,mangrove,wunifrac
S101,S48,0.7192692022773925,910.3595231414286,west,coral,east,mangrove,wunifrac
S102,S48,0.7532283750405485,911.6021638285479,west,coral,east,mangrove,wunifrac
S103,S48,0.7798123343236958,912.016377390921,west,coral,east,mangrove,wunifrac
S104,S48,0.7659550107266423,913.6021638285478,west,coral,east,mangrove,wunifrac
S105,S48,0.7084503558692858,911.7737367038017,west,coral,east,mangrove,wunifrac
S106,S48,0.4454856396871367,745.9797974644637,west,mangrove,east,mangrove,wunifrac
S107,S48,0.4916761549149679,745.5655839020906,west,mangrove,east,mangrove,wunifrac
S108,S48,0.5478679157685518,744.5655839020906,west,mangrove,east,mangrove,wunifrac
S109,S48,0.5928254473902873,744.1513703397175,west,mangrove,east,mangrove,wunifrac
S110,S48,0.5410000883200718,744.1513703397175,west,mangrove,east,mangrove,wunifrac
S50,S49,0.24124299535401916,0,east,mangrove,east,mangrove,wunifrac
S51,S49,0.46966214285032076,68.65685424949237,east,seagrass,east,mangrove,wunifrac
S52,S49,0.5012835296937598,68.65685424949237,east,seagrass,east,mangrove,wunifrac
S53,S49,0.4496019278161677,68.65685424949237,east,seagrass,east,mangrove,wunifrac
S54,S49,0.42714706085238724,67.65685424949237,east,seagrass,east,mangrove,wunifrac
S55,S49,0.40868882395219364,67.65685424949237,east,seagrass,east,mangrove,wunifrac
S56,S49,0.735742503446216,715.2346314604015,west,coral,east,mangrove,wunifrac
S57,S49,0.7065355511539326,715.2346314604015,west,coral,east,mangrove,wunifrac
S58,S49,0.7140224105192715,715.8204178980283,west,coral,east,mangrove,wunifrac
S59,S49,0.7376890410151282,714.8204178980283,west,coral,east,mangrove,wunifrac
S60,S49,0.7265912246736271,715.2346314604015,west,coral,east,mangrove,wunifrac
S61,S49,0.6300126098498715,705.2346314604016,west,mangrove,east,mangrove,wunifrac
S62,S49,0.6107272107381334,705.2346314604016,west,mangrove,east,mangrove,wunifrac
S63,S49,0.6076474844955887,704.2346314604016,west,mangrove,east,mangrove,wunifrac
S64,S49,0.6185992418966042,704.6488450227746,west,mangrove,east,mangrove,wunifrac
S65,S49,0.5971370102983283,704.2346314604016,west,mangrove,east,mangrove,wunifrac
S66,S49,0.7055073738790246,692.8792924010743,west,seagrass,east,mangrove,wunifrac
S67,S49,0.7093595093511802,692.8792924010743,west,seagrass,east,mangrove,wunifrac
S68,S49,0.6955452953359789,692.8792924010743,west,seagrass,east,mangrove,wunifrac
S69,S49,0.6623553492389093,692.8792924010743,west,seagrass,east,mangrove,wunifrac
S70,S49,0.7232469697702846,693.8792924010743,west,seagrass,east,mangrove,wunifrac
S71,S49,0.9999999999999999,218.53910524340094,east,coral,east,mangrove,wunifrac
S73,S49,0.8266950659085112,218.53910524340094,east,coral,east,mangrove,wunifrac
S74,S49,0.7330318955605626,218.53910524340094,east,coral,east,mangrove,wunifrac
S75,S49,0.7326069383239153,218.53910524340094,east,coral,east,mangrove,wunifrac
S77,S49,0.8017344825671334,195.05382386916236,east,coral,east,mangrove,wunifrac
S78,S49,0.7762251673027338,195.05382386916236,east,coral,east,mangrove,wunifrac
S80,S49,0.8101154029425527,195.05382386916236,east,coral,east,mangrove,wunifrac
S81,S49,0.5094229271914981,189.43860018001263,east,mangrove,east,mangrove,wunifrac
S82,S49,0.4943998164702811,189.43860018001263,east,mangrove,east,mangrove,wunifrac
S83,S49,0.5128669398039769,189.43860018001263,east,mangrove,east,mangrove,wunifrac
S84,S49,0.5131320731325639,189.43860018001263,east,mangrove,east,mangrove,wunifrac
S85,S49,0.4608508112958657,189.43860018001263,east,mangrove,east,mangrove,wunifrac
S86,S49,0.6914655980618205,778.2640687119238,west,mangrove,east,mangrove,wunifrac
S87,S49,0.6357226211454456,778.2640687119238,west,mangrove,east,mangrove,wunifrac
S88,S49,0.6291657185412673,778.678282274297,west,mangrove,east,mangrove,wunifrac
S89,S49,0.6363840574047142,778.678282274297,west,mangrove,east,mangrove,wunifrac
S90,S49,0.6652797721435771,778.678282274297,west,mangrove,east,mangrove,wunifrac
S91,S49,0.5384595581523535,794.6072144624312,west,seagrass,east,mangrove,wunifrac
S92,S49,0.5861576857077717,793.6072144624312,west,seagrass,east,mangrove,wunifrac
S93,S49,0.6240858700297017,793.6072144624312,west,seagrass,east,mangrove,wunifrac
S94,S49,0.5698262372450174,794.6072144624312,west,seagrass,east,mangrove,wunifrac
S95,S49,0.5181733851811962,794.6072144624312,west,seagrass,east,mangrove,wunifrac
S96,S49,0.7011262679482855,871.033621333623,west,mangrove,east,mangrove,wunifrac
S97,S49,0.7077984168718592,871.033621333623,west,mangrove,east,mangrove,wunifrac
S98,S49,0.6384553907840615,871.033621333623,west,mangrove,east,mangrove,wunifrac
S99,S49,0.5809526216710835,871.033621333623,west,mangrove,east,mangrove,wunifrac
S100,S49,0.6046136262191233,870.033621333623,west,mangrove,east,mangrove,wunifrac
S101,S49,0.6638045886815919,911.3595231414286,west,coral,east,mangrove,wunifrac
S102,S49,0.7430325516354048,912.6021638285479,west,coral,east,mangrove,wunifrac
S103,S49,0.8081396641106802,913.016377390921,west,coral,east,mangrove,wunifrac
S104,S49,0.7823952035392121,914.6021638285478,west,coral,east,mangrove,wunifrac
S105,S49,0.7025895922625609,912.7737367038017,west,coral,east,mangrove,wunifrac
S106,S49,0.5610135422632666,746.9797974644637,west,mangrove,east,mangrove,wunifrac
S107,S49,0.5865431221566633,746.5655839020906,west,mangrove,east,mangrove,wunifrac
S108,S49,0.628714611055976,745.5655839020906,west,mangrove,east,mangrove,wunifrac
S109,S49,0.6580884303796111,745.1513703397175,west,mangrove,east,mangrove,wunifrac
S110,S49,0.6269086714440935,745.1513703397175,west,mangrove,east,mangrove,wunifrac
S51,S50,0.43419812536637425,68.65685424949237,east,seagrass,east,mangrove,wunifrac
S52,S50,0.460941074660618,68.65685424949237,east,seagrass,east,mangrove,wunifrac
S53,S50,0.3990048425450678,68.65685424949237,east,seagrass,east,mangrove,wunifrac
S54,S50,0.4053611537188108,67.65685424949237,east,seagrass,east,mangrove,wunifrac
S55,S50,0.3733676614105926,67.65685424949237,east,seagrass,east,mangrove,wunifrac
S56,S50,0.6714075143465844,715.2346314604015,west,coral,east,mangrove,wunifrac
S57,S50,0.6461812809834622,715.2346314604015,west,coral,east,mangrove,wunifrac
S58,S50,0.6492877600282234,715.8204178980283,west,coral,east,mangrove,wunifrac
S59,S50,0.674224390902189,714.8204178980283,west,coral,east,mangrove,wunifrac
S60,S50,0.6633137945153998,715.2346314604015,west,coral,east,mangrove,wunifrac
S61,S50,0.5436198044763235,705.2346314604016,west,mangrove,east,mangrove,wunifrac
S62,S50,0.5175065281555942,705.2346314604016,west,mangrove,east,mangrove,wunifrac
S63,S50,0.5212138755545114,704.2346314604016,west,mangrove,east,mangrove,wunifrac
S64,S50,0.5249554044740636,704.6488450227746,west,mangrove,east,mangrove,wunifrac
S65,S50,0.5038589701326671,704.2346314604016,west,mangrove,east,mangrove,wunifrac
S66,S50,0.6410417697139179,692.8792924010743,west,seagrass,east,mangrove,wunifrac
S67,S50,0.635701617632373,692.8792924010743,west,seagrass,east,mangrove,wunifrac
S68,S50,0.623822616216993,692.8792924010743,west,seagrass,east,mangrove,wunifrac
S69,S50,0.5918496693478079,692.8792924010743,west,seagrass,east,mangrove,wunifrac
S70,S50,0.6622961280650828,693.8792924010743,west,seagrass,east,mangrove,wunifrac
S71,S50,0.9998163311819357,218.53910524340094,east,coral,east,mangrove,wunifrac
S73,S50,0.8489370418773173,218.53910524340094,east,coral,east,mangrove,wunifrac
S74,S50,0.7652617845615638,218.53910524340094,east,coral,east,mangrove,wunifrac
S75,S50,0.7745231576679941,218.53910524340094,east,coral,east,mangrove,wunifrac
S77,S50,0.7885960995186229,195.05382386916236,east,coral,east,mangrove,wunifrac
S78,S50,0.7607966428954581,195.05382386916236,east,coral,east,mangrove,wunifrac
S80,S50,0.8150503755436688,195.05382386916236,east,coral,east,mangrove,wunifrac
S81,S50,0.4464724016649555,189.43860018001263,east,mangrove,east,mangrove,wunifrac
S82,S50,0.40855077469751305,189.43860018001263,east,mangrove,east,mangrove,wunifrac
S83,S50,0.43340426725663117,189.43860018001263,east,mangrove,east,mangrove,wunifrac
S84,S50,0.45073684105837414,189.43860018001263,east,mangrove,east,mangrove,wunifrac
S85,S50,0.3935432394877161,189.43860018001263,east,mangrove,east,mangrove,wunifrac
S86,S50,0.6230990217840507,778.2640687119238,west,mangrove,east,mangrove,wunifrac
S87,S50,0.5683868359573576,778.2640687119238,west,mangrove,east,mangrove,wunifrac
S88,S50,0.5585148303572698,778.678282274297,west,mangrove,east,mangrove,wunifrac
S89,S50,0.5945393733146681,778.678282274297,west,mangrove,east,mangrove,wunifrac
S90,S50,0.6281062926147587,778.678282274297,west,mangrove,east,mangrove,wunifrac
S91,S50,0.4906990352546611,794.6072144624312,west,seagrass,east,mangrove,wunifrac
S92,S50,0.5259247704576381,793.6072144624312,west,seagrass,east,mangrove,wunifrac
S93,S50,0.5727599230583451,793.6072144624312,west,seagrass,east,mangrove,wunifrac
S94,S50,0.5733913237142897,794.6072144624312,west,seagrass,east,mangrove,wunifrac
S95,S50,0.4842102835746511,794.6072144624312,west,seagrass,east,mangrove,wunifrac
S96,S50,0.651172804570543,871.033621333623,west,mangrove,east,mangrove,wunifrac
S97,S50,0.6476936894706695,871.033621333623,west,mangrove,east,mangrove,wunifrac
S98,S50,0.5603548562324163,871.033621333623,west,mangrove,east,mangrove,wunifrac
S99,S50,0.5216754050227826,871.033621333623,west,mangrove,east,mangrove,wunifrac
S100,S50,0.5490775995530495,870.033621333623,west,mangrove,east,mangrove,wunifrac
S101,S50,0.6798691932621858,911.3595231414286,west,coral,east,mangrove,wunifrac
S102,S50,0.7398425004571202,912.6021638285479,west,coral,east,mangrove,wunifrac
S103,S50,0.7835130943829931,913.016377390921,west,coral,east,mangrove,wunifrac
S104,S50,0.7567192117045672,914.6021638285478,west,coral,east,mangrove,wunifrac
S105,S50,0.6829772874914044,912.7737367038017,west,coral,east,mangrove,wunifrac
S106,S50,0.45264167927494453,746.9797974644637,west,mangrove,east,mangrove,wunifrac
S107,S50,0.5052543326798895,746.5655839020906,west,mangrove,east,mangrove,wunifrac
S108,S50,0.5503912332620834,745.5655839020906,west,mangrove,east,mangrove,wunifrac
S109,S50,0.5983696490695805,745.1513703397175,west,mangrove,east,mangrove,wunifrac
S110,S50,0.5605255318747684,745.1513703397175,west,mangrove,east,mangrove,wunifrac
S52,S51,0.09904697712313888,0,east,seagrass,east,seagrass,wunifrac
S53,S51,0.13733196070418807,0,east,seagrass,east,seagrass,wunifrac
S54,S51,0.1720125778678712,1,east,seagrass,east,seagrass,wunifrac
S55,S51,0.22415480869837645,1,east,seagrass,east,seagrass,wunifrac
S56,S51,0.619825309219892,646.5777772109092,west,coral,east,seagrass,wunifrac
S57,S51,0.5879248620191142,646.5777772109092,west,coral,east,seagrass,wunifrac
S58,S51,0.5834885048184505,647.163563648536,west,coral,east,seagrass,wunifrac
S59,S51,0.615843217746965,646.163563648536,west,coral,east,seagrass,wunifrac
S60,S51,0.6036741505107558,646.5777772109092,west,coral,east,seagrass,wunifrac
S61,S51,0.552293949433092,636.5777772109093,west,mangrove,east,seagrass,wunifrac
S62,S51,0.555440477921555,636.5777772109093,west,mangrove,east,seagrass,wunifrac
S63,S51,0.5581614060853508,635.5777772109093,west,mangrove,east,seagrass,wunifrac
S64,S51,0.5482643963468055,635.9919907732824,west,mangrove,east,seagrass,wunifrac
S65,S51,0.5413939748742093,635.5777772109093,west,mangrove,east,seagrass,wunifrac
S66,S51,0.6184522789341419,624.2224381515821,west,seagrass,east,seagrass,wunifrac
S67,S51,0.5958624630654944,624.2224381515821,west,seagrass,east,seagrass,wunifrac
S68,S51,0.5866166623948884,624.2224381515821,west,seagrass,east,seagrass,wunifrac
S69,S51,0.5571935894150517,624.2224381515821,west,seagrass,east,seagrass,wunifrac
S70,S51,0.6113017635390989,625.2224381515821,west,seagrass,east,seagrass,wunifrac
S71,S51,0.9725975366033951,149.88225099390854,east,coral,east,seagrass,wunifrac
S73,S51,0.7643945552422345,149.88225099390854,east,coral,east,seagrass,wunifrac
S74,S51,0.6163722192068062,149.88225099390854,east,coral,east,seagrass,wunifrac
S75,S51,0.6486844918450998,149.88225099390854,east,coral,east,seagrass,wunifrac
S77,S51,0.6492400063617708,126.39696961966995,east,coral,east,seagrass,wunifrac
S78,S51,0.6594834962467974,126.39696961966995,east,coral,east,seagrass,wunifrac
S80,S51,0.6937298712312259,126.39696961966995,east,coral,east,seagrass,wunifrac
S81,S51,0.30177553747258407,120.78174593052023,east,mangrove,east,seagrass,wunifrac
S82,S51,0.34111235777282545,120.78174593052023,east,mangrove,east,seagrass,wunifrac
S83,S51,0.33857379288968364,120.78174593052023,east,mangrove,east,seagrass,wunifrac
S84,S51,0.3181666818021272,120.78174593052023,east,mangrove,east,seagrass,wunifrac
S85,S51,0.36413166269479075,120.78174593052023,east,mangrove,east,seagrass,wunifrac
S86,S51,0.6412207601195151,709.6072144624314,west,mangrove,east,seagrass,wunifrac
S87,S51,0.6066116044988806,709.6072144624314,west,mangrove,east,seagrass,wunifrac
S88,S51,0.6267870228815082,710.0214280248047,west,mangrove,east,seagrass,wunifrac
S89,S51,0.6672289577158582,710.0214280248047,west,mangrove,east,seagrass,wunifrac
S90,S51,0.7346370684279326,710.0214280248047,west,mangrove,east,seagrass,wunifrac
S91,S51,0.47275131463641434,725.950360212939,west,seagrass,east,seagrass,wunifrac
S92,S51,0.5221330316267617,724.950360212939,west,seagrass,east,seagrass,wunifrac
S93,S51,0.5559593655247548,724.950360212939,west,seagrass,east,seagrass,wunifrac
S94,S51,0.5426262085355968,725.950360212939,west,seagrass,east,seagrass,wunifrac
S95,S51,0.4771067488166687,725.950360212939,west,seagrass,east,seagrass,wunifrac
S96,S51,0.6474071301325235,802.3767670841307,west,mangrove,east,seagrass,wunifrac
S97,S51,0.6522043713209472,802.3767670841307,west,mangrove,east,seagrass,wunifrac
S98,S51,0.583118295545639,802.3767670841307,west,mangrove,east,seagrass,wunifrac
S99,S51,0.5844891203832517,802.3767670841307,west,mangrove,east,seagrass,wunifrac
S100,S51,0.5862513107990776,801.3767670841307,west,mangrove,east,seagrass,wunifrac
S101,S51,0.5844149981753083,868.1341263970108,west,coral,east,seagrass,wunifrac
S102,S51,0.6433604635723098,866.8914857098916,west,coral,east,seagrass,wunifrac
S103,S51,0.750286299773031,866.4772721475185,west,coral,east,seagrass,wunifrac
S104,S51,0.7198138383536731,864.8914857098916,west,coral,east,seagrass,wunifrac
S105,S51,0.6448737350349698,866.7199128346379,west,coral,east,seagrass,wunifrac
S106,S51,0.5756599754408553,812.3229432149714,west,mangrove,east,seagrass,wunifrac
S107,S51,0.5909139443116471,811.9087296525983,west,mangrove,east,seagrass,wunifrac
S108,S51,0.5656206745904818,810.9087296525983,west,mangrove,east,seagrass,wunifrac
S109,S51,0.663263338255667,810.4945160902251,west,mangrove,east,seagrass,wunifrac
S110,S51,0.5470072711869315,810.4945160902251,west,mangrove,east,seagrass,wunifrac
S53,S52,0.15332809877822423,0,east,seagrass,east,seagrass,wunifrac
S54,S52,0.1966741447523656,1,east,seagrass,east,seagrass,wunifrac
S55,S52,0.24852730349307572,1,east,seagrass,east,seagrass,wunifrac
S56,S52,0.6225417653059144,646.5777772109092,west,coral,east,seagrass,wunifrac
S57,S52,0.5894190755474467,646.5777772109092,west,coral,east,seagrass,wunifrac
S58,S52,0.5909530724794336,647.163563648536,west,coral,east,seagrass,wunifrac
S59,S52,0.6173621715771538,646.163563648536,west,coral,east,seagrass,wunifrac
S60,S52,0.6115972629711782,646.5777772109092,west,coral,east,seagrass,wunifrac
S61,S52,0.5722943874539053,636.5777772109093,west,mangrove,east,seagrass,wunifrac
S62,S52,0.5881034221256387,636.5777772109093,west,mangrove,east,seagrass,wunifrac
S63,S52,0.5866701856042195,635.5777772109093,west,mangrove,east,seagrass,wunifrac
S64,S52,0.567056843817816,635.9919907732824,west,mangrove,east,seagrass,wunifrac
S65,S52,0.5681069931299888,635.5777772109093,west,mangrove,east,seagrass,wunifrac
S66,S52,0.6261223296974683,624.2224381515821,west,seagrass,east,seagrass,wunifrac
S67,S52,0.6016756672894222,624.2224381515821,west,seagrass,east,seagrass,wunifrac
S68,S52,0.6009683029201431,624.2224381515821,west,seagrass,east,seagrass,wunifrac
S69,S52,0.575934199385491,624.2224381515821,west,seagrass,east,seagrass,wunifrac
S70,S52,0.6262596000675978,625.2224381515821,west,seagrass,east,seagrass,wunifrac
S71,S52,0.9738680725860616,149.88225099390854,east,coral,east,seagrass,wunifrac
S73,S52,0.7489250464220045,149.88225099390854,east,coral,east,seagrass,wunifrac
S74,S52,0.5950804594584163,149.88225099390854,east,coral,east,seagrass,wunifrac
S75,S52,0.6214287426405086,149.88225099390854,east,coral,east,seagrass,wunifrac
S77,S52,0.6410940719815348,126.39696961966995,east,coral,east,seagrass,wunifrac
S78,S52,0.6587041436733436,126.39696961966995,east,coral,east,seagrass,wunifrac
S80,S52,0.6757492207991255,126.39696961966995,east,coral,east,seagrass,wunifrac
S81,S52,0.3032425584763036,120.78174593052023,east,mangrove,east,seagrass,wunifrac
S82,S52,0.34115495674143387,120.78174593052023,east,mangrove,east,seagrass,wunifrac
S83,S52,0.33762410758024597,120.78174593052023,east,mangrove,east,seagrass,wunifrac
S84,S52,0.3203140833837112,120.78174593052023,east,mangrove,east,seagrass,wunifrac
S85,S52,0.3849948762499208,120.78174593052023,east,mangrove,east,seagrass,wunifrac
S86,S52,0.6564310395921671,709.6072144624314,west,mangrove,east,seagrass,wunifrac
S87,S52,0.630927525794043,709.6072144624314,west,mangrove,east,seagrass,wunifrac
S88,S52,0.6384235237811208,710.0214280248047,west,mangrove,east,seagrass,wunifrac
S89,S52,0.6849386943457735,710.0214280248047,west,mangrove,east,seagrass,wunifrac
S90,S52,0.7522829976938845,710.0214280248047,west,mangrove,east,seagrass,wunifrac
S91,S52,0.49818453240795507,725.950360212939,west,seagrass,east,seagrass,wunifrac
S92,S52,0.5395566995781207,724.950360212939,west,seagrass,east,seagrass,wunifrac
S93,S52,0.5763968320283949,724.950360212939,west,seagrass,east,seagrass,wunifrac
S94,S52,0.5850619254683495,725.950360212939,west,seagrass,east,seagrass,wunifrac
S95,S52,0.5105554930189756,725.950360212939,west,seagrass,east,seagrass,wunifrac
S96,S52,0.6457588275857314,802.3767670841307,west,mangrove,east,seagrass,wunifrac
S97,S52,0.651429878808615,802.3767670841307,west,mangrove,east,seagrass,wunifrac
S98,S52,0.5940643069752947,802.3767670841307,west,mangrove,east,seagrass,wunifrac
S99,S52,0.60393315328719,802.3767670841307,west,mangrove,east,seagrass,wunifrac
S100,S52,0.611546432435421,801.3767670841307,west,mangrove,east,seagrass,wunifrac
S101,S52,0.5948456055719973,868.1341263970108,west,coral,east,seagrass,wunifrac
S102,S52,0.6470834627741655,866.8914857098916,west,coral,east,seagrass,wunifrac
S103,S52,0.7554735565394345,866.4772721475185,west,coral,east,seagrass,wunifrac
S104,S52,0.7249348260796661,864.8914857098916,west,coral,east,seagrass,wunifrac
S105,S52,0.6574827952193776,866.7199128346379,west,coral,east,seagrass,wunifrac
S106,S52,0.6102389716713237,812.3229432149714,west,mangrove,east,seagrass,wunifrac
S107,S52,0.6284136738265842,811.9087296525983,west,mangrove,east,seagrass,wunifrac
S108,S52,0.5937840824340311,810.9087296525983,west,mangrove,east,seagrass,wunifrac
S109,S52,0.6850400411905517,810.4945160902251,west,mangrove,east,seagrass,wunifrac
S110,S52,0.5973692027713992,810.4945160902251,west,mangrove,east,seagrass,wunifrac
S54,S53,0.11831818912833528,1,east,seagrass,east,seagrass,wunifrac
S55,S53,0.1357891747220094,1,east,seagrass,east,seagrass,wunifrac
S56,S53,0.5936109044888307,646.5777772109092,west,coral,east,seagrass,wunifrac
S57,S53,0.5635930047297287,646.5777772109092,west,coral,east,seagrass,wunifrac
S58,S53,0.559674601317493,647.163563648536,west,coral,east,seagrass,wunifrac
S59,S53,0.5872852676214143,646.163563648536,west,coral,east,seagrass,wunifrac
S60,S53,0.5818120635435942,646.5777772109092,west,coral,east,seagrass,wunifrac
S61,S53,0.5019437145973411,636.5777772109093,west,mangrove,east,seagrass,wunifrac
S62,S53,0.5231711082913838,636.5777772109093,west,mangrove,east,seagrass,wunifrac
S63,S53,0.5214649870819859,635.5777772109093,west,mangrove,east,seagrass,wunifrac
S64,S53,0.5052386800535369,635.9919907732824,west,mangrove,east,seagrass,wunifrac
S65,S53,0.49739899019114925,635.5777772109093,west,mangrove,east,seagrass,wunifrac
S66,S53,0.601600105699913,624.2224381515821,west,seagrass,east,seagrass,wunifrac
S67,S53,0.5671231193016179,624.2224381515821,west,seagrass,east,seagrass,wunifrac
S68,S53,0.5569592998654433,624.2224381515821,west,seagrass,east,seagrass,wunifrac
S69,S53,0.5307984571725944,624.2224381515821,west,seagrass,east,seagrass,wunifrac
S70,S53,0.5956606709692295,625.2224381515821,west,seagrass,east,seagrass,wunifrac
S71,S53,0.9784266261865616,149.88225099390854,east,coral,east,seagrass,wunifrac
S73,S53,0.7869986121788793,149.88225099390854,east,coral,east,seagrass,wunifrac
S74,S53,0.6558560274530938,149.88225099390854,east,coral,east,seagrass,wunifrac
S75,S53,0.6707992939850433,149.88225099390854,east,coral,east,seagrass,wunifrac
S77,S53,0.6679201208193081,126.39696961966995,east,coral,east,seagrass,wunifrac
S78,S53,0.660052365776618,126.39696961966995,east,coral,east,seagrass,wunifrac
S80,S53,0.7200806409966002,126.39696961966995,east,coral,east,seagrass,wunifrac
S81,S53,0.26482515429749837,120.78174593052023,east,mangrove,east,seagrass,wunifrac
S82,S53,0.2665412453021769,120.78174593052023,east,mangrove,east,seagrass,wunifrac
S83,S53,0.28390510204635966,120.78174593052023,east,mangrove,east,seagrass,wunifrac
S84,S53,0.2604956727063035,120.78174593052023,east,mangrove,east,seagrass,wunifrac
S85,S53,0.3250456492092997,120.78174593052023,east,mangrove,east,seagrass,wunifrac
S86,S53,0.5972004643638006,709.6072144624314,west,mangrove,east,seagrass,wunifrac
S87,S53,0.5634706175298069,709.6072144624314,west,mangrove,east,seagrass,wunifrac
S88,S53,0.5596674581242861,710.0214280248047,west,mangrove,east,seagrass,wunifrac
S89,S53,0.6250147712856275,710.0214280248047,west,mangrove,east,seagrass,wunifrac
S90,S53,0.6917188353254724,710.0214280248047,west,mangrove,east,seagrass,wunifrac
S91,S53,0.442475939149365,725.950360212939,west,seagrass,east,seagrass,wunifrac
S92,S53,0.4885942179030355,724.950360212939,west,seagrass,east,seagrass,wunifrac
S93,S53,0.5350962211100834,724.950360212939,west,seagrass,east,seagrass,wunifrac
S94,S53,0.5526614032662459,725.950360212939,west,seagrass,east,seagrass,wunifrac
S95,S53,0.45919041453699977,725.950360212939,west,seagrass,east,seagrass,wunifrac
S96,S53,0.6111266764074469,802.3767670841307,west,mangrove,east,seagrass,wunifrac
S97,S53,0.6098305783934723,802.3767670841307,west,mangrove,east,seagrass,wunifrac
S98,S53,0.5384469421892161,802.3767670841307,west,mangrove,east,seagrass,wunifrac
S99,S53,0.5192027878690373,802.3767670841307,west,mangrove,east,seagrass,wunifrac
S100,S53,0.5348901036685583,801.3767670841307,west,mangrove,east,seagrass,wunifrac
S101,S53,0.5918473100586694,868.1341263970108,west,coral,east,seagrass,wunifrac
S102,S53,0.6592991028491554,866.8914857098916,west,coral,east,seagrass,wunifrac
S103,S53,0.7664305176666186,866.4772721475185,west,coral,east,seagrass,wunifrac
S104,S53,0.7321707670281812,864.8914857098916,west,coral,east,seagrass,wunifrac
S105,S53,0.6623786044665213,866.7199128346379,west,coral,east,seagrass,wunifrac
S106,S53,0.5508859584701744,812.3229432149714,west,mangrove,east,seagrass,wunifrac
S107,S53,0.5730621540067726,811.9087296525983,west,mangrove,east,seagrass,wunifrac
S108,S53,0.5483913765058221,810.9087296525983,west,mangrove,east,seagrass,wunifrac
S109,S53,0.6452337559624793,810.4945160902251,west,mangrove,east,seagrass,wunifrac
S110,S53,0.5468201994059191,810.4945160902251,west,mangrove,east,seagrass,wunifrac
S55,S54,0.12426800283218109,0,east,seagrass,east,seagrass,wunifrac
S56,S54,0.6100794259766629,647.5777772109092,west,coral,east,seagrass,wunifrac
S57,S54,0.5836503376876035,647.5777772109092,west,coral,east,seagrass,wunifrac
S58,S54,0.5781317835422238,648.163563648536,west,coral,east,seagrass,wunifrac
S59,S54,0.6107847315637814,647.163563648536,west,coral,east,seagrass,wunifrac
S60,S54,0.5976685205076716,647.5777772109092,west,coral,east,seagrass,wunifrac
S61,S54,0.5354724691115307,637.5777772109093,west,mangrove,east,seagrass,wunifrac
S62,S54,0.5478686369440516,637.5777772109093,west,mangrove,east,seagrass,wunifrac
S63,S54,0.5436554156934127,636.5777772109093,west,mangrove,east,seagrass,wunifrac
S64,S54,0.536769140620955,636.9919907732824,west,mangrove,east,seagrass,wunifrac
S65,S54,0.5272804933287739,636.5777772109093,west,mangrove,east,seagrass,wunifrac
S66,S54,0.6149601304972779,625.2224381515821,west,seagrass,east,seagrass,wunifrac
S67,S54,0.5847080824955463,625.2224381515821,west,seagrass,east,seagrass,wunifrac
S68,S54,0.5753106872338061,625.2224381515821,west,seagrass,east,seagrass,wunifrac
S69,S54,0.5558814007982349,625.2224381515821,west,seagrass,east,seagrass,wunifrac
S70,S54,0.6132785535558262,626.2224381515821,west,seagrass,east,seagrass,wunifrac
S71,S54,0.983546024865793,150.88225099390854,east,coral,east,seagrass,wunifrac
S73,S54,0.7929126470040123,150.88225099390854,east,coral,east,seagrass,wunifrac
S74,S54,0.6746528789224737,150.88225099390854,east,coral,east,seagrass,wunifrac
S75,S54,0.6853146045757893,150.88225099390854,east,coral,east,seagrass,wunifrac
S77,S54,0.6961283015727759,127.39696961966995,east,coral,east,seagrass,wunifrac
S78,S54,0.6747757849220642,127.39696961966995,east,coral,east,seagrass,wunifrac
S80,S54,0.7381225572958041,127.39696961966995,east,coral,east,seagrass,wunifrac
S81,S54,0.3166178824115453,121.78174593052023,east,mangrove,east,seagrass,wunifrac
S82,S54,0.3162717824149075,121.78174593052023,east,mangrove,east,seagrass,wunifrac
S83,S54,0.33563137508810276,121.78174593052023,east,mangrove,east,seagrass,wunifrac
S84,S54,0.30762498014920736,121.78174593052023,east,mangrove,east,seagrass,wunifrac
S85,S54,0.36016834726360336,121.78174593052023,east,mangrove,east,seagrass,wunifrac
S86,S54,0.6035054427431169,710.6072144624314,west,mangrove,east,seagrass,wunifrac
S87,S54,0.5709268100924082,710.6072144624314,west,mangrove,east,seagrass,wunifrac
S88,S54,0.5571851496080633,711.0214280248047,west,mangrove,east,seagrass,wunifrac
S89,S54,0.6187700379528913,711.0214280248047,west,mangrove,east,seagrass,wunifrac
S90,S54,0.6828945074479854,711.0214280248047,west,mangrove,east,seagrass,wunifrac
S91,S54,0.44285824790813394,726.950360212939,west,seagrass,east,seagrass,wunifrac
S92,S54,0.5023142633074011,725.950360212939,west,seagrass,east,seagrass,wunifrac
S93,S54,0.5484442312949986,725.950360212939,west,seagrass,east,seagrass,wunifrac
S94,S54,0.5377407528320907,726.950360212939,west,seagrass,east,seagrass,wunifrac
S95,S54,0.4489535142324792,726.950360212939,west,seagrass,east,seagrass,wunifrac
S96,S54,0.6180629086035324,803.3767670841307,west,mangrove,east,seagrass,wunifrac
S97,S54,0.6261451571327775,803.3767670841307,west,mangrove,east,seagrass,wunifrac
S98,S54,0.5571171359201333,803.3767670841307,west,mangrove,east,seagrass,wunifrac
S99,S54,0.5233240570294043,803.3767670841307,west,mangrove,east,seagrass,wunifrac
S100,S54,0.5453984188125177,802.3767670841307,west,mangrove,east,seagrass,wunifrac
S101,S54,0.6049115286059652,869.1341263970108,west,coral,east,seagrass,wunifrac
S102,S54,0.6720541892895637,867.8914857098916,west,coral,east,seagrass,wunifrac
S103,S54,0.7846432984945,867.4772721475185,west,coral,east,seagrass,wunifrac
S104,S54,0.7399195454597556,865.8914857098916,west,coral,east,seagrass,wunifrac
S105,S54,0.6719374783449672,867.7199128346379,west,coral,east,seagrass,wunifrac
S106,S54,0.5675548638852018,811.3229432149714,west,mangrove,east,seagrass,wunifrac
S107,S54,0.589492600681876,810.9087296525983,west,mangrove,east,seagrass,wunifrac
S108,S54,0.5752946194590802,809.9087296525983,west,mangrove,east,seagrass,wunifrac
S109,S54,0.6627053512408219,809.4945160902251,west,mangrove,east,seagrass,wunifrac
S110,S54,0.5643085918732728,809.4945160902251,west,mangrove,east,seagrass,wunifrac
S56,S55,0.6017248528794769,647.5777772109092,west,coral,east,seagrass,wunifrac
S57,S55,0.5710683073816731,647.5777772109092,west,coral,east,seagrass,wunifrac
S58,S55,0.568701239145483,648.163563648536,west,coral,east,seagrass,wunifrac
S59,S55,0.5998770561540195,647.163563648536,west,coral,east,seagrass,wunifrac
S60,S55,0.586813064919736,647.5777772109092,west,coral,east,seagrass,wunifrac
S61,S55,0.5081100975162132,637.5777772109093,west,mangrove,east,seagrass,wunifrac
S62,S55,0.5194922879544963,637.5777772109093,west,mangrove,east,seagrass,wunifrac
S63,S55,0.5125835868757722,636.5777772109093,west,mangrove,east,seagrass,wunifrac
S64,S55,0.5036612087143859,636.9919907732824,west,mangrove,east,seagrass,wunifrac
S65,S55,0.4887333327011778,636.5777772109093,west,mangrove,east,seagrass,wunifrac
S66,S55,0.6071241319962424,625.2224381515821,west,seagrass,east,seagrass,wunifrac
S67,S55,0.5655464867098199,625.2224381515821,west,seagrass,east,seagrass,wunifrac
S68,S55,0.557821105130889,625.2224381515821,west,seagrass,east,seagrass,wunifrac
S69,S55,0.5347996195744984,625.2224381515821,west,seagrass,east,seagrass,wunifrac
S70,S55,0.601355242026336,626.2224381515821,west,seagrass,east,seagrass,wunifrac
S71,S55,0.9850167605950433,150.88225099390854,east,coral,east,seagrass,wunifrac
S73,S55,0.8102879749477117,150.88225099390854,east,coral,east,seagrass,wunifrac
S74,S55,0.6999874814629471,150.88225099390854,east,coral,east,seagrass,wunifrac
S75,S55,0.7187049683287045,150.88225099390854,east,coral,east,seagrass,wunifrac
S77,S55,0.7043856070646293,127.39696961966995,east,coral,east,seagrass,wunifrac
S78,S55,0.6802434774180561,127.39696961966995,east,coral,east,seagrass,wunifrac
S80,S55,0.7580745892891877,127.39696961966995,east,coral,east,seagrass,wunifrac
S81,S55,0.29864012008202767,121.78174593052023,east,mangrove,east,seagrass,wunifrac
S82,S55,0.28204876996497935,121.78174593052023,east,mangrove,east,seagrass,wunifrac
S83,S55,0.30577864272064714,121.78174593052023,east,mangrove,east,seagrass,wunifrac
S84,S55,0.2856463886155697,121.78174593052023,east,mangrove,east,seagrass,wunifrac
S85,S55,0.3175263739594334,121.78174593052023,east,mangrove,east,seagrass,wunifrac
S86,S55,0.574203069974852,710.6072144624314,west,mangrove,east,seagrass,wunifrac
S87,S55,0.5363803979720819,710.6072144624314,west,mangrove,east,seagrass,wunifrac
S88,S55,0.5212040563744027,711.0214280248047,west,mangrove,east,seagrass,wunifrac
S89,S55,0.5780447804095082,711.0214280248047,west,mangrove,east,seagrass,wunifrac
S90,S55,0.6513293245575876,711.0214280248047,west,mangrove,east,seagrass,wunifrac
S91,S55,0.42078252816502915,726.950360212939,west,seagrass,east,seagrass,wunifrac
S92,S55,0.4765908248071673,725.950360212939,west,seagrass,east,seagrass,wunifrac
S93,S55,0.5313818556484624,725.950360212939,west,seagrass,east,seagrass,wunifrac
S94,S55,0.5410255997214395,726.950360212939,west,seagrass,east,seagrass,wunifrac
S95,S55,0.42381212172112426,726.950360212939,west,seagrass,east,seagrass,wunifrac
S96,S55,0.5936344595618972,803.3767670841307,west,mangrove,east,seagrass,wunifrac
S97,S55,0.5984771198089596,803.3767670841307,west,mangrove,east,seagrass,wunifrac
S98,S55,0.5227060931903468,803.3767670841307,west,mangrove,east,seagrass,wunifrac
S99,S55,0.47426693493821465,803.3767670841307,west,mangrove,east,seagrass,wunifrac
S100,S55,0.4974847312412337,802.3767670841307,west,mangrove,east,seagrass,wunifrac
S101,S55,0.6194314013249081,869.1341263970108,west,coral,east,seagrass,wunifrac
S102,S55,0.6710828531022446,867.8914857098916,west,coral,east,seagrass,wunifrac
S103,S55,0.7779405600900199,867.4772721475185,west,coral,east,seagrass,wunifrac
S104,S55,0.7465838052008481,865.8914857098916,west,coral,east,seagrass,wunifrac
S105,S55,0.6815850334115774,867.7199128346379,west,coral,east,seagrass,wunifrac
S106,S55,0.5273855007072241,811.3229432149714,west,mangrove,east,seagrass,wunifrac
S107,S55,0.5502700098322394,810.9087296525983,west,mangrove,east,seagrass,wunifrac
S108,S55,0.5414665039462994,809.9087296525983,west,mangrove,east,seagrass,wunifrac
S109,S55,0.6376416837717493,809.4945160902251,west,mangrove,east,seagrass,wunifrac
S110,S55,0.5311088778217512,809.4945160902251,west,mangrove,east,seagrass,wunifrac
S57,S56,0.1691906554955983,0,west,coral,west,coral,wunifrac
S58,S56,0.17478943235138164,1.4142135623730951,west,coral,west,coral,wunifrac
S59,S56,0.10739096270505624,1,west,coral,west,coral,wunifrac
S60,S56,0.1862382883686238,0,west,coral,west,coral,wunifrac
S61,S56,0.3735481854333676,12.828427124746192,west,mangrove,west,coral,wunifrac
S62,S56,0.4264905711952452,12.828427124746192,west,mangrove,west,coral,wunifrac
S63,S56,0.42857929292427466,12.414213562373096,west,mangrove,west,coral,wunifrac
S64,S56,0.46417244333516605,11.414213562373096,west,mangrove,west,coral,wunifrac
S65,S56,0.44774742391325684,11,west,mangrove,west,coral,wunifrac
S66,S56,0.26001415565164276,36.556349186104036,west,seagrass,west,coral,wunifrac
S67,S56,0.2041660653600026,36.556349186104036,west,seagrass,west,coral,wunifrac
S68,S56,0.2284523415481716,36.556349186104036,west,seagrass,west,coral,wunifrac
S69,S56,0.23096096639258912,36.556349186104036,west,seagrass,west,coral,wunifrac
S70,S56,0.16838612272864717,35.556349186104036,west,seagrass,west,coral,wunifrac
S71,S56,0.9796282236056111,520.1269837220786,east,coral,west,coral,wunifrac
S73,S56,0.8693051527305129,520.1269837220786,east,coral,west,coral,wunifrac
S74,S56,0.8154948830772053,520.1269837220786,east,coral,west,coral,wunifrac
S75,S56,0.8144982617518546,520.1269837220786,east,coral,west,coral,wunifrac
S77,S56,0.6411598851521638,534.8254685319135,east,coral,west,coral,wunifrac
S78,S56,0.6543112274176298,534.8254685319135,east,coral,west,coral,wunifrac
S80,S56,0.7043983473838122,534.8254685319135,east,coral,west,coral,wunifrac
S81,S56,0.5965832738255722,526.3818177180178,east,mangrove,west,coral,wunifrac
S82,S56,0.5652472647923765,526.3818177180178,east,mangrove,west,coral,wunifrac
S83,S56,0.5676456292697564,526.3818177180178,east,mangrove,west,coral,wunifrac
S84,S56,0.5942190932614252,526.3818177180178,east,mangrove,west,coral,wunifrac
S85,S56,0.6192799480837737,526.3818177180178,east,mangrove,west,coral,wunifrac
S86,S56,0.5600228731663343,109.82337649086296,west,mangrove,west,coral,wunifrac
S87,S56,0.5568927878292906,109.82337649086296,west,mangrove,west,coral,wunifrac
S88,S56,0.7385832077742756,110.23759005323605,west,mangrove,west,coral,wunifrac
S89,S56,0.7929049248088764,110.23759005323605,west,mangrove,west,coral,wunifrac
S90,S56,0.8317292190894806,110.23759005323605,west,mangrove,west,coral,wunifrac
S91,S56,0.464976657357863,126.16652224137056,west,seagrass,west,coral,wunifrac
S92,S56,0.4181183252371177,125.16652224137054,west,seagrass,west,coral,wunifrac
S93,S56,0.4131710012489905,125.16652224137054,west,seagrass,west,coral,wunifrac
S94,S56,0.5006118559910394,126.16652224137056,west,seagrass,west,coral,wunifrac
S95,S56,0.48030490600008435,126.16652224137056,west,seagrass,west,coral,wunifrac
S96,S56,0.7074367414154856,202.59292911256358,west,mangrove,west,coral,wunifrac
S97,S56,0.7181498784142692,202.59292911256358,west,mangrove,west,coral,wunifrac
S98,S56,0.7061745744683211,202.59292911256358,west,mangrove,west,coral,wunifrac
S99,S56,0.6904343808389751,202.59292911256358,west,mangrove,west,coral,wunifrac
S100,S56,0.7350941327274275,201.59292911256358,west,mangrove,west,coral,wunifrac
S101,S56,0.3869502861386974,268.35028842544415,west,coral,west,coral,wunifrac
S102,S56,0.36379799374712557,267.1076477383249,west,coral,west,coral,wunifrac
S103,S56,0.3801910964292869,266.6934341759518,west,coral,west,coral,wunifrac
S104,S56,0.3459909344925511,265.1076477383249,west,coral,west,coral,wunifrac
S105,S56,0.3005442289644847,266.9360748630711,west,coral,west,coral,wunifrac
S106,S56,0.5811205510448519,432.73001410240914,west,mangrove,west,coral,wunifrac
S107,S56,0.5584132504175535,433.1442276647822,west,mangrove,west,coral,wunifrac
S108,S56,0.475929793878233,434.1442276647822,west,mangrove,west,coral,wunifrac
S109,S56,0.5392273854972454,434.5584412271553,west,mangrove,west,coral,wunifrac
S110,S56,0.49591763175860804,434.5584412271553,west,mangrove,west,coral,wunifrac
S58,S57,0.12531439117164958,1.4142135623730951,west,coral,west,coral,wunifrac
S59,S57,0.12795339248453352,1,west,coral,west,coral,wunifrac
S60,S57,0.13766609803236307,0,west,coral,west,coral,wunifrac
S61,S57,0.33409640989715517,12.828427124746192,west,mangrove,west,coral,wunifrac
S62,S57,0.4238499873029419,12.828427124746192,west,mangrove,west,coral,wunifrac
S63,S57,0.43218841613475684,12.414213562373096,west,mangrove,west,coral,wunifrac
S64,S57,0.44813195505567227,11.414213562373096,west,mangrove,west,coral,wunifrac
S65,S57,0.42843072680977434,11,west,mangrove,west,coral,wunifrac
S66,S57,0.3447758785935843,36.556349186104036,west,seagrass,west,coral,wunifrac
S67,S57,0.26137870259396867,36.556349186104036,west,seagrass,west,coral,wunifrac
S68,S57,0.2663075040119956,36.556349186104036,west,seagrass,west,coral,wunifrac
S69,S57,0.2660415267355557,36.556349186104036,west,seagrass,west,coral,wunifrac
S70,S57,0.2266686453394117,35.556349186104036,west,seagrass,west,coral,wunifrac
S71,S57,0.9888545619008553,520.1269837220786,east,coral,west,coral,wunifrac
S73,S57,0.8522298407939711,520.1269837220786,east,coral,west,coral,wunifrac
S74,S57,0.7886370847094846,520.1269837220786,east,coral,west,coral,wunifrac
S75,S57,0.7857311777228009,520.1269837220786,east,coral,west,coral,wunifrac
S77,S57,0.6158615612110234,534.8254685319135,east,coral,west,coral,wunifrac
S78,S57,0.6428237842769355,534.8254685319135,east,coral,west,coral,wunifrac
S80,S57,0.6848233538987887,534.8254685319135,east,coral,west,coral,wunifrac
S81,S57,0.5547720143835446,526.3818177180178,east,mangrove,west,coral,wunifrac
S82,S57,0.5279737148474413,526.3818177180178,east,mangrove,west,coral,wunifrac
S83,S57,0.5283108256346377,526.3818177180178,east,mangrove,west,coral,wunifrac
S84,S57,0.5551986239097557,526.3818177180178,east,mangrove,west,coral,wunifrac
S85,S57,0.5838617435657576,526.3818177180178,east,mangrove,west,coral,wunifrac
S86,S57,0.5251849339111998,109.82337649086296,west,mangrove,west,coral,wunifrac
S87,S57,0.5297725426950721,109.82337649086296,west,mangrove,west,coral,wunifrac
S88,S57,0.7315973078647705,110.23759005323605,west,mangrove,west,coral,wunifrac
S89,S57,0.7867103022956831,110.23759005323605,west,mangrove,west,coral,wunifrac
S90,S57,0.8249854046511149,110.23759005323605,west,mangrove,west,coral,wunifrac
S91,S57,0.4404984953462464,126.16652224137056,west,seagrass,west,coral,wunifrac
S92,S57,0.39048052847844483,125.16652224137054,west,seagrass,west,coral,wunifrac
S93,S57,0.39772639962081296,125.16652224137054,west,seagrass,west,coral,wunifrac
S94,S57,0.5206114144368736,126.16652224137056,west,seagrass,west,coral,wunifrac
S95,S57,0.44166574466872455,126.16652224137056,west,seagrass,west,coral,wunifrac
S96,S57,0.7072616745848557,202.59292911256358,west,mangrove,west,coral,wunifrac
S97,S57,0.7139527440740568,202.59292911256358,west,mangrove,west,coral,wunifrac
S98,S57,0.6926058214145718,202.59292911256358,west,mangrove,west,coral,wunifrac
S99,S57,0.6704337011905618,202.59292911256358,west,mangrove,west,coral,wunifrac
S100,S57,0.7302700507543763,201.59292911256358,west,mangrove,west,coral,wunifrac
S101,S57,0.3861699727467298,268.35028842544415,west,coral,west,coral,wunifrac
S102,S57,0.4217351960953209,267.1076477383249,west,coral,west,coral,wunifrac
S103,S57,0.4770189897039639,266.6934341759518,west,coral,west,coral,wunifrac
S104,S57,0.44079450514631857,265.1076477383249,west,coral,west,coral,wunifrac
S105,S57,0.3769402200185466,266.9360748630711,west,coral,west,coral,wunifrac
S106,S57,0.5822315625864678,432.73001410240914,west,mangrove,west,coral,wunifrac
S107,S57,0.5570022954924908,433.1442276647822,west,mangrove,west,coral,wunifrac
S108,S57,0.4786305258157602,434.1442276647822,west,mangrove,west,coral,wunifrac
S109,S57,0.49415406060621947,434.5584412271553,west,mangrove,west,coral,wunifrac
S110,S57,0.4846668471395625,434.5584412271553,west,mangrove,west,coral,wunifrac
S59,S58,0.11682135421229956,1,west,coral,west,coral,wunifrac
S60,S58,0.09774395258343192,1.4142135623730951,west,coral,west,coral,wunifrac
S61,S58,0.3166231575491564,14.242640687119286,west,mangrove,west,coral,wunifrac
S62,S58,0.3803299025636258,14.242640687119286,west,mangrove,west,coral,wunifrac
S63,S58,0.39680553034849914,13.828427124746192,west,mangrove,west,coral,wunifrac
S64,S58,0.3914459061274122,12.828427124746192,west,mangrove,west,coral,wunifrac
S65,S58,0.3737326958675639,12.414213562373096,west,mangrove,west,coral,wunifrac
S66,S58,0.3551110845475672,35.142135623730944,west,seagrass,west,coral,wunifrac
S67,S58,0.27628453498130856,35.142135623730944,west,seagrass,west,coral,wunifrac
S68,S58,0.2453186312565282,35.142135623730944,west,seagrass,west,coral,wunifrac
S69,S58,0.2652029447794125,35.142135623730944,west,seagrass,west,coral,wunifrac
S70,S58,0.2344408673349407,34.14213562373095,west,seagrass,west,coral,wunifrac
S71,S58,0.9772787534599775,520.7127701597057,east,coral,west,coral,wunifrac
S73,S58,0.8668982888608855,520.7127701597057,east,coral,west,coral,wunifrac
S74,S58,0.8061249129931833,520.7127701597057,east,coral,west,coral,wunifrac
S75,S58,0.8142015014660908,520.7127701597057,east,coral,west,coral,wunifrac
S77,S58,0.6303072788822854,535.4112549695406,east,coral,west,coral,wunifrac
S78,S58,0.6532335669419893,535.4112549695406,east,coral,west,coral,wunifrac
S80,S58,0.7139308472887882,535.4112549695406,east,coral,west,coral,wunifrac
S81,S58,0.5592095553240373,526.9676041556447,east,mangrove,west,coral,wunifrac
S82,S58,0.521538269455635,526.9676041556447,east,mangrove,west,coral,wunifrac
S83,S58,0.5282362488142889,526.9676041556447,east,mangrove,west,coral,wunifrac
S84,S58,0.5517460311432978,526.9676041556447,east,mangrove,west,coral,wunifrac
S85,S58,0.5860814573602127,526.9676041556447,east,mangrove,west,coral,wunifrac
S86,S58,0.4805607534527497,111.23759005323605,west,mangrove,west,coral,wunifrac
S87,S58,0.47935544996662277,111.23759005323605,west,mangrove,west,coral,wunifrac
S88,S58,0.7097274090117103,111.65180361560915,west,mangrove,west,coral,wunifrac
S89,S58,0.7694892886597611,111.65180361560915,west,mangrove,west,coral,wunifrac
S90,S58,0.8078807046957359,111.65180361560915,west,mangrove,west,coral,wunifrac
S91,S58,0.38930330880193187,127.58073580374366,west,seagrass,west,coral,wunifrac
S92,S58,0.3548982802333192,126.58073580374365,west,seagrass,west,coral,wunifrac
S93,S58,0.3447033213313911,126.58073580374365,west,seagrass,west,coral,wunifrac
S94,S58,0.4861623739349935,127.58073580374366,west,seagrass,west,coral,wunifrac
S95,S58,0.41172107417324333,127.58073580374366,west,seagrass,west,coral,wunifrac
S96,S58,0.6761553791530447,204.0071426749367,west,mangrove,west,coral,wunifrac
S97,S58,0.6872962249998377,204.0071426749367,west,mangrove,west,coral,wunifrac
S98,S58,0.6640404358536595,204.0071426749367,west,mangrove,west,coral,wunifrac
S99,S58,0.6387031475904109,204.0071426749367,west,mangrove,west,coral,wunifrac
S100,S58,0.7021173436845656,203.0071426749367,west,mangrove,west,coral,wunifrac
S101,S58,0.418877470305131,269.76450198781725,west,coral,west,coral,wunifrac
S102,S58,0.46533008800148423,268.52186130069794,west,coral,west,coral,wunifrac
S103,S58,0.4979968935775628,268.10764773832483,west,coral,west,coral,wunifrac
S104,S58,0.46453896854816595,266.52186130069794,west,coral,west,coral,wunifrac
S105,S58,0.41168173290730575,268.35028842544415,west,coral,west,coral,wunifrac
S106,S58,0.5576761102670257,434.1442276647822,west,mangrove,west,coral,wunifrac
S107,S58,0.5253912631539789,434.5584412271553,west,mangrove,west,coral,wunifrac
S108,S58,0.44524584981778065,435.5584412271553,west,mangrove,west,coral,wunifrac
S109,S58,0.5083719457808238,435.97265478952835,west,mangrove,west,coral,wunifrac
S110,S58,0.43321677235729295,435.97265478952835,west,mangrove,west,coral,wunifrac
S60,S59,0.14049708899652258,1,west,coral,west,coral,wunifrac
S61,S59,0.33862569975148676,13.242640687119286,west,mangrove,west,coral,wunifrac
S62,S59,0.40517869017981484,13.242640687119286,west,mangrove,west,coral,wunifrac
S63,S59,0.4149023464399205,12.828427124746192,west,mangrove,west,coral,wunifrac
S64,S59,0.4384493404234308,11.828427124746192,west,mangrove,west,coral,wunifrac
S65,S59,0.41638833444395174,11.414213562373096,west,mangrove,west,coral,wunifrac
S66,S59,0.3044716246397808,35.556349186104036,west,seagrass,west,coral,wunifrac
S67,S59,0.22867427603208584,35.556349186104036,west,seagrass,west,coral,wunifrac
S68,S59,0.2251452862571834,35.556349186104036,west,seagrass,west,coral,wunifrac
S69,S59,0.2236858244961811,35.556349186104036,west,seagrass,west,coral,wunifrac
S70,S59,0.17942636634941125,34.556349186104036,west,seagrass,west,coral,wunifrac
S71,S59,0.9775775607365925,519.7127701597057,east,coral,west,coral,wunifrac
S73,S59,0.8725393889722133,519.7127701597057,east,coral,west,coral,wunifrac
S74,S59,0.8167712363097932,519.7127701597057,east,coral,west,coral,wunifrac
S75,S59,0.8182875441841392,519.7127701597057,east,coral,west,coral,wunifrac
S77,S59,0.6310141461586936,534.4112549695406,east,coral,west,coral,wunifrac
S78,S59,0.6517880472213675,534.4112549695406,east,coral,west,coral,wunifrac
S80,S59,0.706806055802321,534.4112549695406,east,coral,west,coral,wunifrac
S81,S59,0.5848458701220449,525.9676041556447,east,mangrove,west,coral,wunifrac
S82,S59,0.553502285185039,525.9676041556447,east,mangrove,west,coral,wunifrac
S83,S59,0.5549608012153154,525.9676041556447,east,mangrove,west,coral,wunifrac
S84,S59,0.5778099749537935,525.9676041556447,east,mangrove,west,coral,wunifrac
S85,S59,0.6088826347530858,525.9676041556447,east,mangrove,west,coral,wunifrac
S86,S59,0.5299341202625939,110.82337649086296,west,mangrove,west,coral,wunifrac
S87,S59,0.5337048925437785,110.82337649086296,west,mangrove,west,coral,wunifrac
S88,S59,0.728399834605877,111.23759005323605,west,mangrove,west,coral,wunifrac
S89,S59,0.7856156306673241,111.23759005323605,west,mangrove,west,coral,wunifrac
S90,S59,0.8232945871211064,111.23759005323605,west,mangrove,west,coral,wunifrac
S91,S59,0.43284962329752386,127.16652224137056,west,seagrass,west,coral,wunifrac
S92,S59,0.39052586116612503,126.16652224137054,west,seagrass,west,coral,wunifrac
S93,S59,0.3885900274362463,126.16652224137054,west,seagrass,west,coral,wunifrac
S94,S59,0.49746282337771136,127.16652224137056,west,seagrass,west,coral,wunifrac
S95,S59,0.4539613394370344,127.16652224137056,west,seagrass,west,coral,wunifrac
S96,S59,0.6983048353159267,203.59292911256358,west,mangrove,west,coral,wunifrac
S97,S59,0.7081932236000918,203.59292911256358,west,mangrove,west,coral,wunifrac
S98,S59,0.6901649654187935,203.59292911256358,west,mangrove,west,coral,wunifrac
S99,S59,0.6737662420152453,203.59292911256358,west,mangrove,west,coral,wunifrac
S100,S59,0.7257757985022597,202.59292911256358,west,mangrove,west,coral,wunifrac
S101,S59,0.4060326032152862,269.3502884254441,west,coral,west,coral,wunifrac
S102,S59,0.41425252714388666,268.10764773832483,west,coral,west,coral,wunifrac
S103,S59,0.42478093791648047,267.6934341759518,west,coral,west,coral,wunifrac
S104,S59,0.40490324051079435,266.1076477383249,west,coral,west,coral,wunifrac
S105,S59,0.36003708654243166,267.93607486307104,west,coral,west,coral,wunifrac
S106,S59,0.5759394699620766,433.73001410240914,west,mangrove,west,coral,wunifrac
S107,S59,0.5381162651228537,434.1442276647822,west,mangrove,west,coral,wunifrac
S108,S59,0.4487430181963038,435.1442276647822,west,mangrove,west,coral,wunifrac
S109,S59,0.5081679415489382,435.5584412271553,west,mangrove,west,coral,wunifrac
S110,S59,0.47471733335131394,435.5584412271553,west,mangrove,west,coral,wunifrac
S61,S60,0.33056037232214974,12.828427124746192,west,mangrove,west,coral,wunifrac
S62,S60,0.39378603038681015,12.828427124746192,west,mangrove,west,coral,wunifrac
S63,S60,0.4174976349637098,12.414213562373096,west,mangrove,west,coral,wunifrac
S64,S60,0.40807258539446173,11.414213562373096,west,mangrove,west,coral,wunifrac
S65,S60,0.38619168296246376,11,west,mangrove,west,coral,wunifrac
S66,S60,0.3443125811204775,36.556349186104036,west,seagrass,west,coral,wunifrac
S67,S60,0.26522058408625676,36.556349186104036,west,seagrass,west,coral,wunifrac
S68,S60,0.23229455353537107,36.556349186104036,west,seagrass,west,coral,wunifrac
S69,S60,0.2516300935668697,36.556349186104036,west,seagrass,west,coral,wunifrac
S70,S60,0.22404485435316632,35.556349186104036,west,seagrass,west,coral,wunifrac
S71,S60,0.9812365596950224,520.1269837220786,east,coral,west,coral,wunifrac
S73,S60,0.8735788767982202,520.1269837220786,east,coral,west,coral,wunifrac
S74,S60,0.8232459229979239,520.1269837220786,east,coral,west,coral,wunifrac
S75,S60,0.8299641635133981,520.1269837220786,east,coral,west,coral,wunifrac
S77,S60,0.6524775313454872,534.8254685319135,east,coral,west,coral,wunifrac
S78,S60,0.6846119157868726,534.8254685319135,east,coral,west,coral,wunifrac
S80,S60,0.7218456168309794,534.8254685319135,east,coral,west,coral,wunifrac
S81,S60,0.5880159828427487,526.3818177180178,east,mangrove,west,coral,wunifrac
S82,S60,0.5565386068461955,526.3818177180178,east,mangrove,west,coral,wunifrac
S83,S60,0.5624881339025584,526.3818177180178,east,mangrove,west,coral,wunifrac
S84,S60,0.5848729160190578,526.3818177180178,east,mangrove,west,coral,wunifrac
S85,S60,0.6123619002961556,526.3818177180178,east,mangrove,west,coral,wunifrac
S86,S60,0.47850091692199537,109.82337649086296,west,mangrove,west,coral,wunifrac
S87,S60,0.47114963553125294,109.82337649086296,west,mangrove,west,coral,wunifrac
S88,S60,0.7133796860911715,110.23759005323605,west,mangrove,west,coral,wunifrac
S89,S60,0.7686109679598446,110.23759005323605,west,mangrove,west,coral,wunifrac
S90,S60,0.8070284343063164,110.23759005323605,west,mangrove,west,coral,wunifrac
S91,S60,0.4034219994184306,126.16652224137056,west,seagrass,west,coral,wunifrac
S92,S60,0.3727831662699154,125.16652224137054,west,seagrass,west,coral,wunifrac
S93,S60,0.35554266456189343,125.16652224137054,west,seagrass,west,coral,wunifrac
S94,S60,0.5079184435509375,126.16652224137056,west,seagrass,west,coral,wunifrac
S95,S60,0.441376338629537,126.16652224137056,west,seagrass,west,coral,wunifrac
S96,S60,0.6859591825856485,202.59292911256358,west,mangrove,west,coral,wunifrac
S97,S60,0.7030174315070324,202.59292911256358,west,mangrove,west,coral,wunifrac
S98,S60,0.6813423378493891,202.59292911256358,west,mangrove,west,coral,wunifrac
S99,S60,0.6491696993951993,202.59292911256358,west,mangrove,west,coral,wunifrac
S100,S60,0.7144582321055515,201.59292911256358,west,mangrove,west,coral,wunifrac
S101,S60,0.4316084064956804,268.35028842544415,west,coral,west,coral,wunifrac
S102,S60,0.4585688388544013,267.1076477383249,west,coral,west,coral,wunifrac
S103,S60,0.48938360845499496,266.6934341759518,west,coral,west,coral,wunifrac
S104,S60,0.44888167239827015,265.1076477383249,west,coral,west,coral,wunifrac
S105,S60,0.41586056520625286,266.9360748630711,west,coral,west,coral,wunifrac
S106,S60,0.5723360936063929,432.73001410240914,west,mangrove,west,coral,wunifrac
S107,S60,0.5507154980957435,433.1442276647822,west,mangrove,west,coral,wunifrac
S108,S60,0.4636822837790818,434.1442276647822,west,mangrove,west,coral,wunifrac
S109,S60,0.5119735350223413,434.5584412271553,west,mangrove,west,coral,wunifrac
S110,S60,0.42282205804646794,434.5584412271553,west,mangrove,west,coral,wunifrac
S62,S61,0.15124714348820353,0,west,mangrove,west,mangrove,wunifrac
S63,S61,0.16023495263543824,1,west,mangrove,west,mangrove,wunifrac
S64,S61,0.17702860681302293,1.4142135623730951,west,mangrove,west,mangrove,wunifrac
S65,S61,0.15602381751040542,2.414213562373095,west,mangrove,west,mangrove,wunifrac
S66,S61,0.3672243222304644,31.970562748477132,west,seagrass,west,mangrove,wunifrac
S67,S61,0.2763210245508297,31.970562748477132,west,seagrass,west,mangrove,wunifrac
S68,S61,0.2791019308356387,31.970562748477132,west,seagrass,west,mangrove,wunifrac
S69,S61,0.2641969686265058,31.970562748477132,west,seagrass,west,mangrove,wunifrac
S70,S61,0.30386475364255133,32.38477631085023,west,seagrass,west,mangrove,wunifrac
S71,S61,0.9864704462894827,510.12698372207865,east,coral,west,mangrove,wunifrac
S73,S61,0.8980677222412404,510.12698372207865,east,coral,west,mangrove,wunifrac
S74,S61,0.8492083527709126,510.12698372207865,east,coral,west,mangrove,wunifrac
S75,S61,0.8407265177284496,510.12698372207865,east,coral,west,mangrove,wunifrac
S77,S61,0.6710788882920452,524.8254685319135,east,coral,west,mangrove,wunifrac
S78,S61,0.6740712242283734,524.8254685319135,east,coral,west,mangrove,wunifrac
S80,S61,0.7406642679379867,524.8254685319135,east,coral,west,mangrove,wunifrac
S81,S61,0.4939469255801932,516.3818177180178,east,mangrove,west,mangrove,wunifrac
S82,S61,0.45247617437522447,516.3818177180178,east,mangrove,west,mangrove,wunifrac
S83,S61,0.4579640587080004,516.3818177180178,east,mangrove,west,mangrove,wunifrac
S84,S61,0.4998465957773933,516.3818177180178,east,mangrove,west,mangrove,wunifrac
S85,S61,0.4957040378846641,516.3818177180178,east,mangrove,west,mangrove,wunifrac
S86,S61,0.3759861830043526,102.85281374238573,west,mangrove,west,mangrove,wunifrac
S87,S61,0.3702814479337222,102.85281374238573,west,mangrove,west,mangrove,wunifrac
S88,S61,0.6102765449549545,103.26702730475884,west,mangrove,west,mangrove,wunifrac
S89,S61,0.6697274767146414,103.26702730475884,west,mangrove,west,mangrove,wunifrac
S90,S61,0.7090331760043852,103.26702730475884,west,mangrove,west,mangrove,wunifrac
S91,S61,0.3593748898747106,119.19595949289335,west,seagrass,west,mangrove,wunifrac
S92,S61,0.3029068426873843,118.19595949289334,west,seagrass,west,mangrove,wunifrac
S93,S61,0.3667699128264899,118.19595949289334,west,seagrass,west,mangrove,wunifrac
S94,S61,0.44103388223346934,119.19595949289335,west,seagrass,west,mangrove,wunifrac
S95,S61,0.36768224370293634,119.19595949289335,west,seagrass,west,mangrove,wunifrac
S96,S61,0.566396622770618,195.62236636408636,west,mangrove,west,mangrove,wunifrac
S97,S61,0.5599210098989523,195.62236636408636,west,mangrove,west,mangrove,wunifrac
S98,S61,0.5145307213510685,195.62236636408636,west,mangrove,west,mangrove,wunifrac
S99,S61,0.4802734628179842,195.62236636408636,west,mangrove,west,mangrove,wunifrac
S100,S61,0.5561178971852003,194.62236636408636,west,mangrove,west,mangrove,wunifrac
S101,S61,0.5799861868133299,261.37972567696704,west,coral,west,mangrove,wunifrac
S102,S61,0.6303508191127569,260.1370849898478,west,coral,west,mangrove,wunifrac
S103,S61,0.6072164193779324,259.7228714274747,west,coral,west,mangrove,wunifrac
S104,S61,0.5975363442430829,258.1370849898478,west,coral,west,mangrove,wunifrac
S105,S61,0.573890557485522,259.96551211459393,west,coral,west,mangrove,wunifrac
S106,S61,0.31812098613988204,425.75945135393226,west,mangrove,west,mangrove,wunifrac
S107,S61,0.33589971983309047,426.1736649163053,west,mangrove,west,mangrove,wunifrac
S108,S61,0.26271853694298314,427.1736649163053,west,mangrove,west,mangrove,wunifrac
S109,S61,0.3590684040693501,427.5878784786784,west,mangrove,west,mangrove,wunifrac
S110,S61,0.320399492560194,427.5878784786784,west,mangrove,west,mangrove,wunifrac
S63,S62,0.12377409237086912,1,west,mangrove,west,mangrove,wunifrac
S64,S62,0.1430502539769235,1.4142135623730951,west,mangrove,west,mangrove,wunifrac
S65,S62,0.11763795075442553,2.414213562373095,west,mangrove,west,mangrove,wunifrac
S66,S62,0.37929295137496577,31.970562748477132,west,seagrass,west,mangrove,wunifrac
S67,S62,0.324785188739721,31.970562748477132,west,seagrass,west,mangrove,wunifrac
S68,S62,0.3084874206639185,31.970562748477132,west,seagrass,west,mangrove,wunifrac
S69,S62,0.30572197714488236,31.970562748477132,west,seagrass,west,mangrove,wunifrac
S70,S62,0.369978121631136,32.38477631085023,west,seagrass,west,mangrove,wunifrac
S71,S62,0.9786540903303673,510.12698372207865,east,coral,west,mangrove,wunifrac
S73,S62,0.9077290367930726,510.12698372207865,east,coral,west,mangrove,wunifrac
S74,S62,0.8668037866381187,510.12698372207865,east,coral,west,mangrove,wunifrac
S75,S62,0.8695606973865628,510.12698372207865,east,coral,west,mangrove,wunifrac
S77,S62,0.7022369960557737,524.8254685319135,east,coral,west,mangrove,wunifrac
S78,S62,0.6957097146223723,524.8254685319135,east,coral,west,mangrove,wunifrac
S80,S62,0.769278823550926,524.8254685319135,east,coral,west,mangrove,wunifrac
S81,S62,0.53140904662461,516.3818177180178,east,mangrove,west,mangrove,wunifrac
S82,S62,0.4928374241819088,516.3818177180178,east,mangrove,west,mangrove,wunifrac
S83,S62,0.5021932853180012,516.3818177180178,east,mangrove,west,mangrove,wunifrac
S84,S62,0.5417432845407613,516.3818177180178,east,mangrove,west,mangrove,wunifrac
S85,S62,0.4985605758469444,516.3818177180178,east,mangrove,west,mangrove,wunifrac
S86,S62,0.4115341805865188,102.85281374238573,west,mangrove,west,mangrove,wunifrac
S87,S62,0.38321000853600745,102.85281374238573,west,mangrove,west,mangrove,wunifrac
S88,S62,0.6107256916848888,103.26702730475884,west,mangrove,west,mangrove,wunifrac
S89,S62,0.6653761253037952,103.26702730475884,west,mangrove,west,mangrove,wunifrac
S90,S62,0.6923936764857543,103.26702730475884,west,mangrove,west,mangrove,wunifrac
S91,S62,0.3810777789987648,119.19595949289335,west,seagrass,west,mangrove,wunifrac
S92,S62,0.3611691737922608,118.19595949289334,west,seagrass,west,mangrove,wunifrac
S93,S62,0.40724128118826436,118.19595949289334,west,seagrass,west,mangrove,wunifrac
S94,S62,0.456069858188729,119.19595949289335,west,seagrass,west,mangrove,wunifrac
S95,S62,0.4012870570735786,119.19595949289335,west,seagrass,west,mangrove,wunifrac
S96,S62,0.5646864876390328,195.62236636408636,west,mangrove,west,mangrove,wunifrac
S97,S62,0.5587459427004154,195.62236636408636,west,mangrove,west,mangrove,wunifrac
S98,S62,0.5026264896285114,195.62236636408636,west,mangrove,west,mangrove,wunifrac
S99,S62,0.460738537828737,195.62236636408636,west,mangrove,west,mangrove,wunifrac
S100,S62,0.5405082944609377,194.62236636408636,west,mangrove,west,mangrove,wunifrac
S101,S62,0.6092483519101146,261.37972567696704,west,coral,west,mangrove,wunifrac
S102,S62,0.666566994809977,260.1370849898478,west,coral,west,mangrove,wunifrac
S103,S62,0.6437574111671438,259.7228714274747,west,coral,west,mangrove,wunifrac
S104,S62,0.6354372481166439,258.1370849898478,west,coral,west,mangrove,wunifrac
S105,S62,0.6163318425044255,259.96551211459393,west,coral,west,mangrove,wunifrac
S106,S62,0.2432069426292256,425.75945135393226,west,mangrove,west,mangrove,wunifrac
S107,S62,0.27363638965469583,426.1736649163053,west,mangrove,west,mangrove,wunifrac
S108,S62,0.22937467517003055,427.1736649163053,west,mangrove,west,mangrove,wunifrac
S109,S62,0.32660562434758583,427.5878784786784,west,mangrove,west,mangrove,wunifrac
S110,S62,0.31975992113144586,427.5878784786784,west,mangrove,west,mangrove,wunifrac
S64,S63,0.1599749795999711,1,west,mangrove,west,mangrove,wunifrac
S65,S63,0.13765598223092737,1.4142135623730951,west,mangrove,west,mangrove,wunifrac
S66,S63,0.3729617307214439,30.970562748477132,west,seagrass,west,mangrove,wunifrac
S67,S63,0.3188184579404176,30.970562748477132,west,seagrass,west,mangrove,wunifrac
S68,S63,0.3219868446324152,30.970562748477132,west,seagrass,west,mangrove,wunifrac
S69,S63,0.2852058737643237,30.970562748477132,west,seagrass,west,mangrove,wunifrac
S70,S63,0.3624766688903296,31.384776310850228,west,seagrass,west,mangrove,wunifrac
S71,S63,0.9783975866886289,509.12698372207865,east,coral,west,mangrove,wunifrac
S73,S63,0.9082882177821866,509.12698372207865,east,coral,west,mangrove,wunifrac
S74,S63,0.8710449296798648,509.12698372207865,east,coral,west,mangrove,wunifrac
S75,S63,0.8757671166991847,509.12698372207865,east,coral,west,mangrove,wunifrac
S77,S63,0.7013032819785741,523.8254685319135,east,coral,west,mangrove,wunifrac
S78,S63,0.696471232471341,523.8254685319135,east,coral,west,mangrove,wunifrac
S80,S63,0.767658919986474,523.8254685319135,east,coral,west,mangrove,wunifrac
S81,S63,0.5243106415016747,515.3818177180178,east,mangrove,west,mangrove,wunifrac
S82,S63,0.484664024819189,515.3818177180178,east,mangrove,west,mangrove,wunifrac
S83,S63,0.49113367746118247,515.3818177180178,east,mangrove,west,mangrove,wunifrac
S84,S63,0.5287034964579802,515.3818177180178,east,mangrove,west,mangrove,wunifrac
S85,S63,0.483132839870832,515.3818177180178,east,mangrove,west,mangrove,wunifrac
S86,S63,0.42186849228544376,103.85281374238573,west,mangrove,west,mangrove,wunifrac
S87,S63,0.3830525113436929,103.85281374238573,west,mangrove,west,mangrove,wunifrac
S88,S63,0.5953928639097196,104.26702730475884,west,mangrove,west,mangrove,wunifrac
S89,S63,0.652334260654877,104.26702730475884,west,mangrove,west,mangrove,wunifrac
S90,S63,0.6753153844648015,104.26702730475884,west,mangrove,west,mangrove,wunifrac
S91,S63,0.4039075290237908,120.19595949289335,west,seagrass,west,mangrove,wunifrac
S92,S63,0.36388457987918105,119.19595949289334,west,seagrass,west,mangrove,wunifrac
S93,S63,0.41203234469366307,119.19595949289334,west,seagrass,west,mangrove,wunifrac
S94,S63,0.4458240844714328,120.19595949289335,west,seagrass,west,mangrove,wunifrac
S95,S63,0.41865787953950656,120.19595949289335,west,seagrass,west,mangrove,wunifrac
S96,S63,0.5515278999632742,196.62236636408636,west,mangrove,west,mangrove,wunifrac
S97,S63,0.5298431914810753,196.62236636408636,west,mangrove,west,mangrove,wunifrac
S98,S63,0.5023991761161939,196.62236636408636,west,mangrove,west,mangrove,wunifrac
S99,S63,0.46648629420623167,196.62236636408636,west,mangrove,west,mangrove,wunifrac
S100,S63,0.5229469652578289,195.62236636408636,west,mangrove,west,mangrove,wunifrac
S101,S63,0.6083784512175606,262.37972567696704,west,coral,west,mangrove,wunifrac
S102,S63,0.6588700725138915,261.1370849898478,west,coral,west,mangrove,wunifrac
S103,S63,0.6247183438909121,260.7228714274747,west,coral,west,mangrove,wunifrac
S104,S63,0.6257338998597909,259.1370849898478,west,coral,west,mangrove,wunifrac
S105,S63,0.6049981546156388,260.96551211459393,west,coral,west,mangrove,wunifrac
S106,S63,0.2509775165599203,426.75945135393226,west,mangrove,west,mangrove,wunifrac
S107,S63,0.2525064864444041,427.1736649163053,west,mangrove,west,mangrove,wunifrac
S108,S63,0.22188056533633563,428.1736649163053,west,mangrove,west,mangrove,wunifrac
S109,S63,0.29566582618074105,428.5878784786784,west,mangrove,west,mangrove,wunifrac
S110,S63,0.34459553125882203,428.5878784786784,west,mangrove,west,mangrove,wunifrac
S65,S64,0.09513641699016753,1,west,mangrove,west,mangrove,wunifrac
S66,S64,0.43967847714851577,31.384776310850224,west,seagrass,west,mangrove,wunifrac
S67,S64,0.35749270555315726,31.384776310850224,west,seagrass,west,mangrove,wunifrac
S68,S64,0.3331621626096708,31.384776310850224,west,seagrass,west,mangrove,wunifrac
S69,S64,0.35208827268352355,31.384776310850224,west,seagrass,west,mangrove,wunifrac
S70,S64,0.40874410734009636,31.798989873223324,west,seagrass,west,mangrove,wunifrac
S71,S64,0.9708855152947394,509.54119728445175,east,coral,west,mangrove,wunifrac
S73,S64,0.903723895256287,509.54119728445175,east,coral,west,mangrove,wunifrac
S74,S64,0.8580663559723385,509.54119728445175,east,coral,west,mangrove,wunifrac
S75,S64,0.8497383894835732,509.54119728445175,east,coral,west,mangrove,wunifrac
S77,S64,0.7184741971929836,524.2396820942866,east,coral,west,mangrove,wunifrac
S78,S64,0.6730898946541635,524.2396820942866,east,coral,west,mangrove,wunifrac
S80,S64,0.7648442105994748,524.2396820942866,east,coral,west,mangrove,wunifrac
S81,S64,0.4973052199130843,515.7960312803908,east,mangrove,west,mangrove,wunifrac
S82,S64,0.4544857471916315,515.7960312803908,east,mangrove,west,mangrove,wunifrac
S83,S64,0.46284351363875725,515.7960312803908,east,mangrove,west,mangrove,wunifrac
S84,S64,0.503645235576481,515.7960312803908,east,mangrove,west,mangrove,wunifrac
S85,S64,0.47529270971560444,515.7960312803908,east,mangrove,west,mangrove,wunifrac
S86,S64,0.35723033257963094,104.26702730475884,west,mangrove,west,mangrove,wunifrac
S87,S64,0.3553962960009346,104.26702730475884,west,mangrove,west,mangrove,wunifrac
S88,S64,0.6040404010839601,104.68124086713195,west,mangrove,west,mangrove,wunifrac
S89,S64,0.6579198323539565,104.68124086713195,west,mangrove,west,mangrove,wunifrac
S90,S64,0.6785212862854291,104.68124086713195,west,mangrove,west,mangrove,wunifrac
S91,S64,0.33079628469208666,120.61017305526646,west,seagrass,west,mangrove,wunifrac
S92,S64,0.3571781790454096,119.61017305526644,west,seagrass,west,mangrove,wunifrac
S93,S64,0.4112813046454037,119.61017305526644,west,seagrass,west,mangrove,wunifrac
S94,S64,0.5003597422909388,120.61017305526646,west,seagrass,west,mangrove,wunifrac
S95,S64,0.3697728471396401,120.61017305526646,west,seagrass,west,mangrove,wunifrac
S96,S64,0.5551775453274742,197.03657992645947,west,mangrove,west,mangrove,wunifrac
S97,S64,0.5470477073972255,197.03657992645947,west,mangrove,west,mangrove,wunifrac
S98,S64,0.49507411921242117,197.03657992645947,west,mangrove,west,mangrove,wunifrac
S99,S64,0.4550204697558856,197.03657992645947,west,mangrove,west,mangrove,wunifrac
S100,S64,0.5197303056568364,196.03657992645947,west,mangrove,west,mangrove,wunifrac
S101,S64,0.6558855315583391,262.79393923934015,west,coral,west,mangrove,wunifrac
S102,S64,0.7074802385721431,261.5512985522209,west,coral,west,mangrove,wunifrac
S103,S64,0.6836078049996072,261.1370849898478,west,coral,west,mangrove,wunifrac
S104,S64,0.680950549074276,259.5512985522209,west,coral,west,mangrove,wunifrac
S105,S64,0.6588401572139236,261.37972567696704,west,coral,west,mangrove,wunifrac
S106,S64,0.24461748623791135,427.1736649163053,west,mangrove,west,mangrove,wunifrac
S107,S64,0.26376111540502517,427.5878784786784,west,mangrove,west,mangrove,wunifrac
S108,S64,0.2723518032737082,428.5878784786784,west,mangrove,west,mangrove,wunifrac
S109,S64,0.3538993074536428,429.00209204105147,west,mangrove,west,mangrove,wunifrac
S110,S64,0.33150266392084554,429.00209204105147,west,mangrove,west,mangrove,wunifrac
S66,S65,0.43208459333654903,30.384776310850224,west,seagrass,west,mangrove,wunifrac
S67,S65,0.34849934141436967,30.384776310850224,west,seagrass,west,mangrove,wunifrac
S68,S65,0.33065887196786614,30.384776310850224,west,seagrass,west,mangrove,wunifrac
S69,S65,0.3236373609311806,30.384776310850224,west,seagrass,west,mangrove,wunifrac
S70,S65,0.38419102780728565,30.798989873223324,west,seagrass,west,mangrove,wunifrac
S71,S65,0.9766059759997874,509.12698372207865,east,coral,west,mangrove,wunifrac
S73,S65,0.9034243592071758,509.12698372207865,east,coral,west,mangrove,wunifrac
S74,S65,0.8574570887676204,509.12698372207865,east,coral,west,mangrove,wunifrac
S75,S65,0.860707469149038,509.12698372207865,east,coral,west,mangrove,wunifrac
S77,S65,0.7201210154947878,523.8254685319135,east,coral,west,mangrove,wunifrac
S78,S65,0.6922656261899949,523.8254685319135,east,coral,west,mangrove,wunifrac
S80,S65,0.7680801394081467,523.8254685319135,east,coral,west,mangrove,wunifrac
S81,S65,0.49661176672624124,515.3818177180178,east,mangrove,west,mangrove,wunifrac
S82,S65,0.45545404426532865,515.3818177180178,east,mangrove,west,mangrove,wunifrac
S83,S65,0.4707606495883178,515.3818177180178,east,mangrove,west,mangrove,wunifrac
S84,S65,0.5032682714582244,515.3818177180178,east,mangrove,west,mangrove,wunifrac
S85,S65,0.4717634463566281,515.3818177180178,east,mangrove,west,mangrove,wunifrac
S86,S65,0.36712601955601376,105.26702730475884,west,mangrove,west,mangrove,wunifrac
S87,S65,0.3469800653673831,105.26702730475884,west,mangrove,west,mangrove,wunifrac
S88,S65,0.5852419492633327,105.68124086713195,west,mangrove,west,mangrove,wunifrac
S89,S65,0.644344546855754,105.68124086713195,west,mangrove,west,mangrove,wunifrac
S90,S65,0.6697675745398077,105.68124086713195,west,mangrove,west,mangrove,wunifrac
S91,S65,0.33689016760488416,121.61017305526646,west,seagrass,west,mangrove,wunifrac
S92,S65,0.3514597797478446,120.61017305526644,west,seagrass,west,mangrove,wunifrac
S93,S65,0.40788092327692366,120.61017305526644,west,seagrass,west,mangrove,wunifrac
S94,S65,0.48670476891614467,121.61017305526646,west,seagrass,west,mangrove,wunifrac
S95,S65,0.3621463726370879,121.61017305526646,west,seagrass,west,mangrove,wunifrac
S96,S65,0.5589071371731994,198.03657992645947,west,mangrove,west,mangrove,wunifrac
S97,S65,0.550124573636222,198.03657992645947,west,mangrove,west,mangrove,wunifrac
S98,S65,0.49302819482643956,198.03657992645947,west,mangrove,west,mangrove,wunifrac
S99,S65,0.44289255725088944,198.03657992645947,west,mangrove,west,mangrove,wunifrac
S100,S65,0.5156506539794974,197.03657992645947,west,mangrove,west,mangrove,wunifrac
S101,S65,0.65051372053751,263.79393923934015,west,coral,west,mangrove,wunifrac
S102,S65,0.7047657237042516,262.5512985522209,west,coral,west,mangrove,wunifrac
S103,S65,0.6714028600400737,262.1370849898478,west,coral,west,mangrove,wunifrac
S104,S65,0.67281036390787,260.5512985522209,west,coral,west,mangrove,wunifrac
S105,S65,0.6488131324291341,262.37972567696704,west,coral,west,mangrove,wunifrac
S106,S65,0.23330180775190226,428.1736649163053,west,mangrove,west,mangrove,wunifrac
S107,S65,0.25123871920393714,428.5878784786784,west,mangrove,west,mangrove,wunifrac
S108,S65,0.23121507601166916,429.5878784786784,west,mangrove,west,mangrove,wunifrac
S109,S65,0.3196026211018729,430.00209204105147,west,mangrove,west,mangrove,wunifrac
S110,S65,0.3288000389877766,430.00209204105147,west,mangrove,west,mangrove,wunifrac
S67,S66,0.1532667888200423,0,west,seagrass,west,seagrass,wunifrac
S68,S66,0.17072903473159387,0,west,seagrass,west,seagrass,wunifrac
S69,S66,0.17087945429604198,0,west,seagrass,west,seagrass,wunifrac
S70,S66,0.16932477878351565,1,west,seagrass,west,seagrass,wunifrac
S71,S66,0.9929835312433454,497.7716446627519,east,coral,west,seagrass,wunifrac
S73,S66,0.9047048419463641,497.7716446627519,east,coral,west,seagrass,wunifrac
S74,S66,0.8758733937866976,497.7716446627519,east,coral,west,seagrass,wunifrac
S75,S66,0.8778533461985241,497.7716446627519,east,coral,west,seagrass,wunifrac
S77,S66,0.7134296807285432,512.4701294725867,east,coral,west,seagrass,wunifrac
S78,S66,0.7367416921470563,512.4701294725867,east,coral,west,seagrass,wunifrac
S80,S66,0.7471165929087396,512.4701294725867,east,coral,west,seagrass,wunifrac
S81,S66,0.6061810965724593,504.02647865869096,east,mangrove,west,seagrass,wunifrac
S82,S66,0.5889646811988577,504.02647865869096,east,mangrove,west,seagrass,wunifrac
S83,S66,0.5868049414951155,504.02647865869096,east,mangrove,west,seagrass,wunifrac
S84,S66,0.6079992264688495,504.02647865869096,east,mangrove,west,seagrass,wunifrac
S85,S66,0.6142159208691732,504.02647865869096,east,mangrove,west,seagrass,wunifrac
S86,S66,0.5702102073028956,129.85281374238573,west,mangrove,west,seagrass,wunifrac
S87,S66,0.5283079826825428,129.85281374238573,west,mangrove,west,seagrass,wunifrac
S88,S66,0.666612162283906,130.26702730475884,west,mangrove,west,seagrass,wunifrac
S89,S66,0.7181454450528145,130.26702730475884,west,mangrove,west,seagrass,wunifrac
S90,S66,0.770021156338954,130.26702730475884,west,mangrove,west,seagrass,wunifrac
S91,S66,0.4985225387266722,146.19595949289334,west,seagrass,west,seagrass,wunifrac
S92,S66,0.428858137937969,145.19595949289334,west,seagrass,west,seagrass,wunifrac
S93,S66,0.4443420371819839,145.19595949289334,west,seagrass,west,seagrass,wunifrac
S94,S66,0.47769080148314663,146.19595949289334,west,seagrass,west,seagrass,wunifrac
S95,S66,0.5013239903432157,146.19595949289334,west,seagrass,west,seagrass,wunifrac
S96,S66,0.6265868248485721,222.62236636408636,west,mangrove,west,seagrass,wunifrac
S97,S66,0.6406007186383268,222.62236636408636,west,mangrove,west,seagrass,wunifrac
S98,S66,0.6099294795308977,222.62236636408636,west,mangrove,west,seagrass,wunifrac
S99,S66,0.5926724014090945,222.62236636408636,west,mangrove,west,seagrass,wunifrac
S100,S66,0.6446409390532063,221.62236636408636,west,mangrove,west,seagrass,wunifrac
S101,S66,0.4767117303305667,288.37972567696653,west,coral,west,seagrass,wunifrac
S102,S66,0.37841644240644295,287.13708498984727,west,coral,west,seagrass,wunifrac
S103,S66,0.34767996338083845,286.72287142747416,west,coral,west,seagrass,wunifrac
S104,S66,0.3326390245866242,285.13708498984727,west,coral,west,seagrass,wunifrac
S105,S66,0.3248325817676754,286.9655121145935,west,coral,west,seagrass,wunifrac
S106,S66,0.48028594971779354,452.75945135393226,west,mangrove,west,seagrass,wunifrac
S107,S66,0.523976873223224,453.1736649163053,west,mangrove,west,seagrass,wunifrac
S108,S66,0.45317363971449565,454.1736649163053,west,mangrove,west,seagrass,wunifrac
S109,S66,0.5445988069965326,454.5878784786784,west,mangrove,west,seagrass,wunifrac
S110,S66,0.4535525593896649,454.5878784786784,west,mangrove,west,seagrass,wunifrac
S68,S67,0.1092572321561043,0,west,seagrass,west,seagrass,wunifrac
S69,S67,0.11994803207801663,0,west,seagrass,west,seagrass,wunifrac
S70,S67,0.11064574234214755,1,west,seagrass,west,seagrass,wunifrac
S71,S67,0.9883492425122025,497.7716446627519,east,coral,west,seagrass,wunifrac
S73,S67,0.8965813371020658,497.7716446627519,east,coral,west,seagrass,wunifrac
S74,S67,0.8507846489781516,497.7716446627519,east,coral,west,seagrass,wunifrac
S75,S67,0.8539072501087245,497.7716446627519,east,coral,west,seagrass,wunifrac
S77,S67,0.6716861413587498,512.4701294725867,east,coral,west,seagrass,wunifrac
S78,S67,0.6936411271062451,512.4701294725867,east,coral,west,seagrass,wunifrac
S80,S67,0.7306306844166115,512.4701294725867,east,coral,west,seagrass,wunifrac
S81,S67,0.5629197703715549,504.02647865869096,east,mangrove,west,seagrass,wunifrac
S82,S67,0.5311632575916816,504.02647865869096,east,mangrove,west,seagrass,wunifrac
S83,S67,0.5353050745655972,504.02647865869096,east,mangrove,west,seagrass,wunifrac
S84,S67,0.559761570132254,504.02647865869096,east,mangrove,west,seagrass,wunifrac
S85,S67,0.5765581979406361,504.02647865869096,east,mangrove,west,seagrass,wunifrac
S86,S67,0.5042872580315655,129.85281374238573,west,mangrove,west,seagrass,wunifrac
S87,S67,0.48631123597909287,129.85281374238573,west,mangrove,west,seagrass,wunifrac
S88,S67,0.6746704273636424,130.26702730475884,west,mangrove,west,seagrass,wunifrac
S89,S67,0.7309034996281797,130.26702730475884,west,mangrove,west,seagrass,wunifrac
S90,S67,0.7696390268416986,130.26702730475884,west,mangrove,west,seagrass,wunifrac
S91,S67,0.4546991544069495,146.19595949289334,west,seagrass,west,seagrass,wunifrac
S92,S67,0.3861079675406981,145.19595949289334,west,seagrass,west,seagrass,wunifrac
S93,S67,0.4082588817246837,145.19595949289334,west,seagrass,west,seagrass,wunifrac
S94,S67,0.4817144395520033,146.19595949289334,west,seagrass,west,seagrass,wunifrac
S95,S67,0.45939856149596875,146.19595949289334,west,seagrass,west,seagrass,wunifrac
S96,S67,0.5931090591304258,222.62236636408636,west,mangrove,west,seagrass,wunifrac
S97,S67,0.6067311491530692,222.62236636408636,west,mangrove,west,seagrass,wunifrac
S98,S67,0.5860870576032272,222.62236636408636,west,mangrove,west,seagrass,wunifrac
S99,S67,0.5578178175078905,222.62236636408636,west,mangrove,west,seagrass,wunifrac
S100,S67,0.6294571825482804,221.62236636408636,west,mangrove,west,seagrass,wunifrac
S101,S67,0.4626011137126576,288.37972567696653,west,coral,west,seagrass,wunifrac
S102,S67,0.4287930836030044,287.13708498984727,west,coral,west,seagrass,wunifrac
S103,S67,0.4012366013494487,286.72287142747416,west,coral,west,seagrass,wunifrac
S104,S67,0.391287245436363,285.13708498984727,west,coral,west,seagrass,wunifrac
S105,S67,0.3831067592255298,286.9655121145935,west,coral,west,seagrass,wunifrac
S106,S67,0.4512319560390954,452.75945135393226,west,mangrove,west,seagrass,wunifrac
S107,S67,0.48046598716253447,453.1736649163053,west,mangrove,west,seagrass,wunifrac
S108,S67,0.4128801222098051,454.1736649163053,west,mangrove,west,seagrass,wunifrac
S109,S67,0.49983977430166054,454.5878784786784,west,mangrove,west,seagrass,wunifrac
S110,S67,0.42520643565720284,454.5878784786784,west,mangrove,west,seagrass,wunifrac
S69,S68,0.09693717636794671,0,west,seagrass,west,seagrass,wunifrac
S70,S68,0.14646965450082589,1,west,seagrass,west,seagrass,wunifrac
S71,S68,0.9861728728696016,497.7716446627519,east,coral,west,seagrass,wunifrac
S73,S68,0.8992793380567992,497.7716446627519,east,coral,west,seagrass,wunifrac
S74,S68,0.8565730157319252,497.7716446627519,east,coral,west,seagrass,wunifrac
S75,S68,0.8626927438950098,497.7716446627519,east,coral,west,seagrass,wunifrac
S77,S68,0.6893729110521682,512.4701294725867,east,coral,west,seagrass,wunifrac
S78,S68,0.7054294803266938,512.4701294725867,east,coral,west,seagrass,wunifrac
S80,S68,0.7422933121761105,512.4701294725867,east,coral,west,seagrass,wunifrac
S81,S68,0.5661517258880036,504.02647865869096,east,mangrove,west,seagrass,wunifrac
S82,S68,0.5353305205791993,504.02647865869096,east,mangrove,west,seagrass,wunifrac
S83,S68,0.5434806674248008,504.02647865869096,east,mangrove,west,seagrass,wunifrac
S84,S68,0.5627109363880417,504.02647865869096,east,mangrove,west,seagrass,wunifrac
S85,S68,0.5761204770351835,504.02647865869096,east,mangrove,west,seagrass,wunifrac
S86,S68,0.4871300566899916,129.85281374238573,west,mangrove,west,seagrass,wunifrac
S87,S68,0.4554491808449006,129.85281374238573,west,mangrove,west,seagrass,wunifrac
S88,S68,0.6585481021650561,130.26702730475884,west,mangrove,west,seagrass,wunifrac
S89,S68,0.7180958021385471,130.26702730475884,west,mangrove,west,seagrass,wunifrac
S90,S68,0.757700025319741,130.26702730475884,west,mangrove,west,seagrass,wunifrac
S91,S68,0.41764049162046546,146.19595949289334,west,seagrass,west,seagrass,wunifrac
S92,S68,0.3575293372182412,145.19595949289334,west,seagrass,west,seagrass,wunifrac
S93,S68,0.37298853746381844,145.19595949289334,west,seagrass,west,seagrass,wunifrac
S94,S68,0.4644974100017644,146.19595949289334,west,seagrass,west,seagrass,wunifrac
S95,S68,0.4292349939565899,146.19595949289334,west,seagrass,west,seagrass,wunifrac
S96,S68,0.5998069411872295,222.62236636408636,west,mangrove,west,seagrass,wunifrac
S97,S68,0.6164978352173354,222.62236636408636,west,mangrove,west,seagrass,wunifrac
S98,S68,0.581026910557339,222.62236636408636,west,mangrove,west,seagrass,wunifrac
S99,S68,0.5388872166852844,222.62236636408636,west,mangrove,west,seagrass,wunifrac
S100,S68,0.6260497554317926,221.62236636408636,west,mangrove,west,seagrass,wunifrac
S101,S68,0.4514907568501915,288.37972567696653,west,coral,west,seagrass,wunifrac
S102,S68,0.448980906919517,287.13708498984727,west,coral,west,seagrass,wunifrac
S103,S68,0.42534775350800547,286.72287142747416,west,coral,west,seagrass,wunifrac
S104,S68,0.40478842688469735,285.13708498984727,west,coral,west,seagrass,wunifrac
S105,S68,0.39480839498862236,286.9655121145935,west,coral,west,seagrass,wunifrac
S106,S68,0.4520864604071318,452.75945135393226,west,mangrove,west,seagrass,wunifrac
S107,S68,0.4842407443953189,453.1736649163053,west,mangrove,west,seagrass,wunifrac
S108,S68,0.41891463543205415,454.1736649163053,west,mangrove,west,seagrass,wunifrac
S109,S68,0.5154232443725353,454.5878784786784,west,mangrove,west,seagrass,wunifrac
S110,S68,0.3965804096225594,454.5878784786784,west,mangrove,west,seagrass,wunifrac
S70,S69,0.14394471687641364,1,west,seagrass,west,seagrass,wunifrac
S71,S69,0.9848333493268568,497.7716446627519,east,coral,west,seagrass,wunifrac
S73,S69,0.8923066036864626,497.7716446627519,east,coral,west,seagrass,wunifrac
S74,S69,0.8469277787997826,497.7716446627519,east,coral,west,seagrass,wunifrac
S75,S69,0.8551126914014123,497.7716446627519,east,coral,west,seagrass,wunifrac
S77,S69,0.6780517429565549,512.4701294725867,east,coral,west,seagrass,wunifrac
S78,S69,0.6951014373986535,512.4701294725867,east,coral,west,seagrass,wunifrac
S80,S69,0.7362853003345219,512.4701294725867,east,coral,west,seagrass,wunifrac
S81,S69,0.5354889754642227,504.02647865869096,east,mangrove,west,seagrass,wunifrac
S82,S69,0.5070800066750512,504.02647865869096,east,mangrove,west,seagrass,wunifrac
S83,S69,0.5108811086785804,504.02647865869096,east,mangrove,west,seagrass,wunifrac
S84,S69,0.5335420754133143,504.02647865869096,east,mangrove,west,seagrass,wunifrac
S85,S69,0.5450860277827023,504.02647865869096,east,mangrove,west,seagrass,wunifrac
S86,S69,0.5096306960572489,129.85281374238573,west,mangrove,west,seagrass,wunifrac
S87,S69,0.4669144003251968,129.85281374238573,west,mangrove,west,seagrass,wunifrac
S88,S69,0.6419454095809356,130.26702730475884,west,mangrove,west,seagrass,wunifrac
S89,S69,0.6996217927959889,130.26702730475884,west,mangrove,west,seagrass,wunifrac
S90,S69,0.7482953495647576,130.26702730475884,west,mangrove,west,seagrass,wunifrac
S91,S69,0.42706135835345893,146.19595949289334,west,seagrass,west,seagrass,wunifrac
S92,S69,0.3684858586004526,145.19595949289334,west,seagrass,west,seagrass,wunifrac
S93,S69,0.3872038660591654,145.19595949289334,west,seagrass,west,seagrass,wunifrac
S94,S69,0.4316954725139118,146.19595949289334,west,seagrass,west,seagrass,wunifrac
S95,S69,0.4284788704433539,146.19595949289334,west,seagrass,west,seagrass,wunifrac
S96,S69,0.5898441370270555,222.62236636408636,west,mangrove,west,seagrass,wunifrac
S97,S69,0.6045395068214744,222.62236636408636,west,mangrove,west,seagrass,wunifrac
S98,S69,0.5645106146090582,222.62236636408636,west,mangrove,west,seagrass,wunifrac
S99,S69,0.5452863978686078,222.62236636408636,west,mangrove,west,seagrass,wunifrac
S100,S69,0.6131164245583793,221.62236636408636,west,mangrove,west,seagrass,wunifrac
S101,S69,0.4495444465919688,288.37972567696653,west,coral,west,seagrass,wunifrac
S102,S69,0.45418567609215477,287.13708498984727,west,coral,west,seagrass,wunifrac
S103,S69,0.4316271392662703,286.72287142747416,west,coral,west,seagrass,wunifrac
S104,S69,0.4127963624553301,285.13708498984727,west,coral,west,seagrass,wunifrac
S105,S69,0.40060297743641715,286.9655121145935,west,coral,west,seagrass,wunifrac
S106,S69,0.4419718822638251,452.75945135393226,west,mangrove,west,seagrass,wunifrac
S107,S69,0.4606769276399043,453.1736649163053,west,mangrove,west,seagrass,wunifrac
S108,S69,0.3829127744200138,454.1736649163053,west,mangrove,west,seagrass,wunifrac
S109,S69,0.48935208377912165,454.5878784786784,west,mangrove,west,seagrass,wunifrac
S110,S69,0.39723086539512126,454.5878784786784,west,mangrove,west,seagrass,wunifrac
S71,S70,0.983287307794193,498.7716446627519,east,coral,west,seagrass,wunifrac
S73,S70,0.8893882726541261,498.7716446627519,east,coral,west,seagrass,wunifrac
S74,S70,0.8434031191107942,498.7716446627519,east,coral,west,seagrass,wunifrac
S75,S70,0.8503462017650033,498.7716446627519,east,coral,west,seagrass,wunifrac
S77,S70,0.6716466959081558,513.4701294725867,east,coral,west,seagrass,wunifrac
S78,S70,0.6982519443957644,513.4701294725867,east,coral,west,seagrass,wunifrac
S80,S70,0.7308165738060293,513.4701294725867,east,coral,west,seagrass,wunifrac
S81,S70,0.5936916259761099,505.02647865869096,east,mangrove,west,seagrass,wunifrac
S82,S70,0.5704812511404236,505.02647865869096,east,mangrove,west,seagrass,wunifrac
S83,S70,0.5654342779757632,505.02647865869096,east,mangrove,west,seagrass,wunifrac
S84,S70,0.5912385226457749,505.02647865869096,east,mangrove,west,seagrass,wunifrac
S85,S70,0.6080620760963823,505.02647865869096,east,mangrove,west,seagrass,wunifrac
S86,S70,0.548424146822392,130.26702730475884,west,mangrove,west,seagrass,wunifrac
S87,S70,0.5301633429754559,130.26702730475884,west,mangrove,west,seagrass,wunifrac
S88,S70,0.7078872361398219,130.68124086713195,west,mangrove,west,seagrass,wunifrac
S89,S70,0.7573327237510982,130.68124086713195,west,mangrove,west,seagrass,wunifrac
S90,S70,0.8002472503292112,130.68124086713195,west,mangrove,west,seagrass,wunifrac
S91,S70,0.48815398080046574,146.61017305526644,west,seagrass,west,seagrass,wunifrac
S92,S70,0.4226468435986603,145.61017305526644,west,seagrass,west,seagrass,wunifrac
S93,S70,0.43588396779127064,145.61017305526644,west,seagrass,west,seagrass,wunifrac
S94,S70,0.49552240925785834,146.61017305526644,west,seagrass,west,seagrass,wunifrac
S95,S70,0.48746111571922834,146.61017305526644,west,seagrass,west,seagrass,wunifrac
S96,S70,0.6357516359430854,223.03657992645947,west,mangrove,west,seagrass,wunifrac
S97,S70,0.654114162617716,223.03657992645947,west,mangrove,west,seagrass,wunifrac
S98,S70,0.6322528098025533,223.03657992645947,west,mangrove,west,seagrass,wunifrac
S99,S70,0.6128581249575773,223.03657992645947,west,mangrove,west,seagrass,wunifrac
S100,S70,0.6741456741900225,222.03657992645947,west,mangrove,west,seagrass,wunifrac
S101,S70,0.4439941074089404,288.79393923933964,west,coral,west,seagrass,wunifrac
S102,S70,0.40297981868183963,287.5512985522203,west,coral,west,seagrass,wunifrac
S103,S70,0.39141259100203535,287.13708498984727,west,coral,west,seagrass,wunifrac
S104,S70,0.36191873843309824,285.5512985522204,west,coral,west,seagrass,wunifrac
S105,S70,0.35406501418764086,287.37972567696653,west,coral,west,seagrass,wunifrac
S106,S70,0.5215685122709276,453.1736649163053,west,mangrove,west,seagrass,wunifrac
S107,S70,0.5053858243027312,453.5878784786784,west,mangrove,west,seagrass,wunifrac
S108,S70,0.4178910901918657,454.5878784786784,west,mangrove,west,seagrass,wunifrac
S109,S70,0.49049697562583294,455.00209204105147,west,mangrove,west,seagrass,wunifrac
S110,S70,0.4556302641504295,455.00209204105147,west,mangrove,west,seagrass,wunifrac
S73,S71,1,0,east,coral,east,coral,wunifrac
S74,S71,0.9850043793629263,0,east,coral,east,coral,wunifrac
S75,S71,0.9753019306948956,0,east,coral,east,coral,wunifrac
S77,S71,0.9543085484371195,23.48528137423856,east,coral,east,coral,wunifrac
S78,S71,0.9282039184135059,23.48528137423856,east,coral,east,coral,wunifrac
S80,S71,1.0000000000000002,23.48528137423856,east,coral,east,coral,wunifrac
S81,S71,0.972579929931837,34.89949493661165,east,mangrove,east,coral,wunifrac
S82,S71,0.9705156853110152,34.89949493661165,east,mangrove,east,coral,wunifrac
S83,S71,0.9680284523403855,34.89949493661165,east,mangrove,east,coral,wunifrac
S84,S71,0.9570398977258464,34.89949493661165,east,mangrove,east,coral,wunifrac
S85,S71,0.9662472989304631,34.89949493661165,east,mangrove,east,coral,wunifrac
S86,S71,0.9915279252274192,583.1564209736011,west,mangrove,east,coral,wunifrac
S87,S71,0.9900634737334003,583.1564209736011,west,mangrove,east,coral,wunifrac
S88,S71,0.9945972624206092,583.5706345359744,west,mangrove,east,coral,wunifrac
S89,S71,0.9947907065402538,583.5706345359744,west,mangrove,east,coral,wunifrac
S90,S71,0.997480835639109,583.5706345359744,west,mangrove,east,coral,wunifrac
S91,S71,0.9816063221267237,599.4995667241086,west,seagrass,east,coral,wunifrac
S92,S71,0.9922219864746683,598.4995667241086,west,seagrass,east,coral,wunifrac
S93,S71,0.9887784867376261,598.4995667241086,west,seagrass,east,coral,wunifrac
S94,S71,0.9729990444584312,599.4995667241086,west,seagrass,east,coral,wunifrac
S95,S71,0.9968745284602557,599.4995667241086,west,seagrass,east,coral,wunifrac
S96,S71,0.916304140130887,675.9259735953004,west,mangrove,east,coral,wunifrac
S97,S71,0.914917442452739,675.9259735953004,west,mangrove,east,coral,wunifrac
S98,S71,0.9366565880245935,675.9259735953004,west,mangrove,east,coral,wunifrac
S99,S71,0.9760907518351761,675.9259735953004,west,mangrove,east,coral,wunifrac
S100,S71,0.9546197434573376,674.9259735953004,west,mangrove,east,coral,wunifrac
S101,S71,0.9739781889640302,741.6833329081805,west,coral,east,coral,wunifrac
S102,S71,0.9999999999999994,740.4406922210613,west,coral,east,coral,wunifrac
S103,S71,0.9999999999999999,740.0264786586882,west,coral,east,coral,wunifrac
S104,S71,0.9898342147580728,738.4406922210613,west,coral,east,coral,wunifrac
S105,S71,0.9865503994519047,740.2691193458074,west,coral,east,coral,wunifrac
S106,S71,0.9919707874845576,906.0630585851469,west,mangrove,east,coral,wunifrac
S107,S71,0.9849027926930458,906.47727214752,west,mangrove,east,coral,wunifrac
S108,S71,0.9891372138476819,907.47727214752,west,mangrove,east,coral,wunifrac
S109,S71,0.9856230457334583,907.891485709893,west,mangrove,east,coral,wunifrac
S110,S71,0.9674343240228457,907.891485709893,west,mangrove,east,coral,wunifrac
S74,S73,0.37852241901049744,0,east,coral,east,coral,wunifrac
S75,S73,0.45386358892564127,0,east,coral,east,coral,wunifrac
S77,S73,0.6624525515646036,23.48528137423856,east,coral,east,coral,wunifrac
S78,S73,0.6571502383575744,23.48528137423856,east,coral,east,coral,wunifrac
S80,S73,0.4257406916171895,23.48528137423856,east,coral,east,coral,wunifrac
S81,S73,0.8041613821879107,34.89949493661165,east,mangrove,east,coral,wunifrac
S82,S73,0.8233316137727915,34.89949493661165,east,mangrove,east,coral,wunifrac
S83,S73,0.8179843829036911,34.89949493661165,east,mangrove,east,coral,wunifrac
S84,S73,0.8068395516315343,34.89949493661165,east,mangrove,east,coral,wunifrac
S85,S73,0.8438943701477142,34.89949493661165,east,mangrove,east,coral,wunifrac
S86,S73,0.924046283944823,583.1564209736011,west,mangrove,east,coral,wunifrac
S87,S73,0.9288544000980121,583.1564209736011,west,mangrove,east,coral,wunifrac
S88,S73,0.9156272154131085,583.5706345359744,west,mangrove,east,coral,wunifrac
S89,S73,0.9276124121229025,583.5706345359744,west,mangrove,east,coral,wunifrac
S90,S73,0.9359357837729935,583.5706345359744,west,mangrove,east,coral,wunifrac
S91,S73,0.8685765754744713,599.4995667241086,west,seagrass,east,coral,wunifrac
S92,S73,0.8745934127852187,598.4995667241086,west,seagrass,east,coral,wunifrac
S93,S73,0.8640729387496026,598.4995667241086,west,seagrass,east,coral,wunifrac
S94,S73,0.8825611108645872,599.4995667241086,west,seagrass,east,coral,wunifrac
S95,S73,0.8566050951198305,599.4995667241086,west,seagrass,east,coral,wunifrac
S96,S73,0.9217853435676758,675.9259735953004,west,mangrove,east,coral,wunifrac
S97,S73,0.9324485241526367,675.9259735953004,west,mangrove,east,coral,wunifrac
S98,S73,0.9150810635403679,675.9259735953004,west,mangrove,east,coral,wunifrac
S99,S73,0.91320045839648,675.9259735953004,west,mangrove,east,coral,wunifrac
S100,S73,0.9261833852449566,674.9259735953004,west,mangrove,east,coral,wunifrac
S101,S73,0.8125260011723842,741.6833329081805,west,coral,east,coral,wunifrac
S102,S73,0.805024938170402,740.4406922210613,west,coral,east,coral,wunifrac
S103,S73,0.8891453135523769,740.0264786586882,west,coral,east,coral,wunifrac
S104,S73,0.8756825850182757,738.4406922210613,west,coral,east,coral,wunifrac
S105,S73,0.8479079547643458,740.2691193458074,west,coral,east,coral,wunifrac
S106,S73,0.9206500944873541,906.0630585851469,west,mangrove,east,coral,wunifrac
S107,S73,0.9229827074993433,906.47727214752,west,mangrove,east,coral,wunifrac
S108,S73,0.8999626238048162,907.47727214752,west,mangrove,east,coral,wunifrac
S109,S73,0.9103620011939353,907.891485709893,west,mangrove,east,coral,wunifrac
S110,S73,0.8944916009904553,907.891485709893,west,mangrove,east,coral,wunifrac
S75,S74,0.20063574797476422,0,east,coral,east,coral,wunifrac
S77,S74,0.5054802091500583,23.48528137423856,east,coral,east,coral,wunifrac
S78,S74,0.5707047963134209,23.48528137423856,east,coral,east,coral,wunifrac
S80,S74,0.5139333543442329,23.48528137423856,east,coral,east,coral,wunifrac
S81,S74,0.6553113334533001,34.89949493661165,east,mangrove,east,coral,wunifrac
S82,S74,0.7069295272196193,34.89949493661165,east,mangrove,east,coral,wunifrac
S83,S74,0.6779859191618377,34.89949493661165,east,mangrove,east,coral,wunifrac
S84,S74,0.6717285581670337,34.89949493661165,east,mangrove,east,coral,wunifrac
S85,S74,0.7443737608832109,34.89949493661165,east,mangrove,east,coral,wunifrac
S86,S74,0.8989761821999281,583.1564209736011,west,mangrove,east,coral,wunifrac
S87,S74,0.9061516184840794,583.1564209736011,west,mangrove,east,coral,wunifrac
S88,S74,0.9086762951992551,583.5706345359744,west,mangrove,east,coral,wunifrac
S89,S74,0.9225600446480944,583.5706345359744,west,mangrove,east,coral,wunifrac
S90,S74,0.9361145011863043,583.5706345359744,west,mangrove,east,coral,wunifrac
S91,S74,0.8087643012611362,599.4995667241086,west,seagrass,east,coral,wunifrac
S92,S74,0.8180435953275056,598.4995667241086,west,seagrass,east,coral,wunifrac
S93,S74,0.8176518322881786,598.4995667241086,west,seagrass,east,coral,wunifrac
S94,S74,0.8551494891867802,599.4995667241086,west,seagrass,east,coral,wunifrac
S95,S74,0.7948751408590512,599.4995667241086,west,seagrass,east,coral,wunifrac
S96,S74,0.9026803873861776,675.9259735953004,west,mangrove,east,coral,wunifrac
S97,S74,0.9008521829482117,675.9259735953004,west,mangrove,east,coral,wunifrac
S98,S74,0.8852615546861452,675.9259735953004,west,mangrove,east,coral,wunifrac
S99,S74,0.8897256200332758,675.9259735953004,west,mangrove,east,coral,wunifrac
S100,S74,0.9039199376513665,674.9259735953004,west,mangrove,east,coral,wunifrac
S101,S74,0.6826773185647073,741.6833329081805,west,coral,east,coral,wunifrac
S102,S74,0.7370681044520354,740.4406922210613,west,coral,east,coral,wunifrac
S103,S74,0.8574205150053513,740.0264786586882,west,coral,east,coral,wunifrac
S104,S74,0.8281186546890809,738.4406922210613,west,coral,east,coral,wunifrac
S105,S74,0.7467476407318334,740.2691193458074,west,coral,east,coral,wunifrac
S106,S74,0.8857408739814757,906.0630585851469,west,mangrove,east,coral,wunifrac
S107,S74,0.8903335947285723,906.47727214752,west,mangrove,east,coral,wunifrac
S108,S74,0.855509433771508,907.47727214752,west,mangrove,east,coral,wunifrac
S109,S74,0.8756076963233735,907.891485709893,west,mangrove,east,coral,wunifrac
S110,S74,0.8444405189258051,907.891485709893,west,mangrove,east,coral,wunifrac
S77,S75,0.45977025030310803,23.48528137423856,east,coral,east,coral,wunifrac
S78,S75,0.47332969139205006,23.48528137423856,east,coral,east,coral,wunifrac
S80,S75,0.48493722767659103,23.48528137423856,east,coral,east,coral,wunifrac
S81,S75,0.6314733458031399,34.89949493661165,east,mangrove,east,coral,wunifrac
S82,S75,0.6735285198477797,34.89949493661165,east,mangrove,east,coral,wunifrac
S83,S75,0.6513679402434395,34.89949493661165,east,mangrove,east,coral,wunifrac
S84,S75,0.646739725178088,34.89949493661165,east,mangrove,east,coral,wunifrac
S85,S75,0.7437556203195996,34.89949493661165,east,mangrove,east,coral,wunifrac
S86,S75,0.8930136491574329,583.1564209736011,west,mangrove,east,coral,wunifrac
S87,S75,0.9119679012184665,583.1564209736011,west,mangrove,east,coral,wunifrac
S88,S75,0.903343173315083,583.5706345359744,west,mangrove,east,coral,wunifrac
S89,S75,0.9189843846913761,583.5706345359744,west,mangrove,east,coral,wunifrac
S90,S75,0.9325046437688654,583.5706345359744,west,mangrove,east,coral,wunifrac
S91,S75,0.8106197274306435,599.4995667241086,west,seagrass,east,coral,wunifrac
S92,S75,0.8147772152862353,598.4995667241086,west,seagrass,east,coral,wunifrac
S93,S75,0.8358068536424312,598.4995667241086,west,seagrass,east,coral,wunifrac
S94,S75,0.8622185845440384,599.4995667241086,west,seagrass,east,coral,wunifrac
S95,S75,0.803809948055943,599.4995667241086,west,seagrass,east,coral,wunifrac
S96,S75,0.8947027958270851,675.9259735953004,west,mangrove,east,coral,wunifrac
S97,S75,0.8987853957941467,675.9259735953004,west,mangrove,east,coral,wunifrac
S98,S75,0.8852211699006524,675.9259735953004,west,mangrove,east,coral,wunifrac
S99,S75,0.8873549600512234,675.9259735953004,west,mangrove,east,coral,wunifrac
S100,S75,0.9013244971082959,674.9259735953004,west,mangrove,east,coral,wunifrac
S101,S75,0.6686094656803173,741.6833329081805,west,coral,east,coral,wunifrac
S102,S75,0.7651685708897612,740.4406922210613,west,coral,east,coral,wunifrac
S103,S75,0.8792344240514581,740.0264786586882,west,coral,east,coral,wunifrac
S104,S75,0.8318268548036553,738.4406922210613,west,coral,east,coral,wunifrac
S105,S75,0.7602274426754427,740.2691193458074,west,coral,east,coral,wunifrac
S106,S75,0.887429049410941,906.0630585851469,west,mangrove,east,coral,wunifrac
S107,S75,0.8977999547071384,906.47727214752,west,mangrove,east,coral,wunifrac
S108,S75,0.8736899802552673,907.47727214752,west,mangrove,east,coral,wunifrac
S109,S75,0.8861355930830973,907.891485709893,west,mangrove,east,coral,wunifrac
S110,S75,0.866974603833708,907.891485709893,west,mangrove,east,coral,wunifrac
S78,S77,0.25076383085468734,0,east,coral,east,coral,wunifrac
S80,S77,0.3931229806278836,0,east,coral,east,coral,wunifrac
S81,S77,0.5832751968623869,17.55634918610405,east,mangrove,east,coral,wunifrac
S82,S77,0.6330756056966155,17.55634918610405,east,mangrove,east,coral,wunifrac
S83,S77,0.5956753654231662,17.55634918610405,east,mangrove,east,coral,wunifrac
S84,S77,0.6118155741557618,17.55634918610405,east,mangrove,east,coral,wunifrac
S85,S77,0.6803727888137306,17.55634918610405,east,mangrove,east,coral,wunifrac
S86,S77,0.7643907127262879,597.8549057834357,west,mangrove,east,coral,wunifrac
S87,S77,0.7594678029212649,597.8549057834357,west,mangrove,east,coral,wunifrac
S88,S77,0.8485574364750987,598.2691193458089,west,mangrove,east,coral,wunifrac
S89,S77,0.8778920186721266,598.2691193458089,west,mangrove,east,coral,wunifrac
S90,S77,0.9015779647285456,598.2691193458089,west,mangrove,east,coral,wunifrac
S91,S77,0.6685198542178069,614.1980515339432,west,seagrass,east,coral,wunifrac
S92,S77,0.6462957206461482,613.1980515339432,west,seagrass,east,coral,wunifrac
S93,S77,0.6451638033990886,613.1980515339432,west,seagrass,east,coral,wunifrac
S94,S77,0.6935452717689266,614.1980515339432,west,seagrass,east,coral,wunifrac
S95,S77,0.6500291408170598,614.1980515339432,west,seagrass,east,coral,wunifrac
S96,S77,0.84263195046341,690.624458405135,west,mangrove,east,coral,wunifrac
S97,S77,0.850333515295746,690.624458405135,west,mangrove,east,coral,wunifrac
S98,S77,0.8439627965853729,690.624458405135,west,mangrove,east,coral,wunifrac
S99,S77,0.855222439811346,690.624458405135,west,mangrove,east,coral,wunifrac
S100,S77,0.8608785884722876,689.624458405135,west,mangrove,east,coral,wunifrac
S101,S77,0.6056783537054986,756.3818177180151,west,coral,east,coral,wunifrac
S102,S77,0.5892205021168361,755.1391770308958,west,coral,east,coral,wunifrac
S103,S77,0.6782235082417086,754.7249634685228,west,coral,east,coral,wunifrac
S104,S77,0.6805306022058438,753.1391770308958,west,coral,east,coral,wunifrac
S105,S77,0.6328658095784274,754.967604155642,west,coral,east,coral,wunifrac
S106,S77,0.8031857455025103,920.7615433949815,west,mangrove,east,coral,wunifrac
S107,S77,0.7683972213272541,921.1757569573545,west,mangrove,east,coral,wunifrac
S108,S77,0.6797003328792797,922.1757569573545,west,mangrove,east,coral,wunifrac
S109,S77,0.7131026490158936,922.5899705197276,west,mangrove,east,coral,wunifrac
S110,S77,0.6824451705064084,922.5899705197276,west,mangrove,east,coral,wunifrac
S80,S78,0.47811389187334496,0,east,coral,east,coral,wunifrac
S81,S78,0.560152592797786,17.55634918610405,east,mangrove,east,coral,wunifrac
S82,S78,0.582472354969884,17.55634918610405,east,mangrove,east,coral,wunifrac
S83,S78,0.546706596016096,17.55634918610405,east,mangrove,east,coral,wunifrac
S84,S78,0.5784270226718803,17.55634918610405,east,mangrove,east,coral,wunifrac
S85,S78,0.6487990530398732,17.55634918610405,east,mangrove,east,coral,wunifrac
S86,S78,0.7036353857769972,597.8549057834357,west,mangrove,east,coral,wunifrac
S87,S78,0.7213602985269031,597.8549057834357,west,mangrove,east,coral,wunifrac
S88,S78,0.8142921056353066,598.2691193458089,west,mangrove,east,coral,wunifrac
S89,S78,0.8402932880730196,598.2691193458089,west,mangrove,east,coral,wunifrac
S90,S78,0.8694286503523742,598.2691193458089,west,mangrove,east,coral,wunifrac
S91,S78,0.6477665584201168,614.1980515339432,west,seagrass,east,coral,wunifrac
S92,S78,0.6724556759355655,613.1980515339432,west,seagrass,east,coral,wunifrac
S93,S78,0.7034819822580013,613.1980515339432,west,seagrass,east,coral,wunifrac
S94,S78,0.6895668407999366,614.1980515339432,west,seagrass,east,coral,wunifrac
S95,S78,0.6744141454107313,614.1980515339432,west,seagrass,east,coral,wunifrac
S96,S78,0.7615645107486917,690.624458405135,west,mangrove,east,coral,wunifrac
S97,S78,0.7566574206193268,690.624458405135,west,mangrove,east,coral,wunifrac
S98,S78,0.7608862885352815,690.624458405135,west,mangrove,east,coral,wunifrac
S99,S78,0.7725264828761961,690.624458405135,west,mangrove,east,coral,wunifrac
S100,S78,0.7928841575039789,689.624458405135,west,mangrove,east,coral,wunifrac
S101,S78,0.6770097452401584,756.3818177180151,west,coral,east,coral,wunifrac
S102,S78,0.7157929894346935,755.1391770308958,west,coral,east,coral,wunifrac
S103,S78,0.7685719543812107,754.7249634685228,west,coral,east,coral,wunifrac
S104,S78,0.7758449993800003,753.1391770308958,west,coral,east,coral,wunifrac
S105,S78,0.6880652542816886,754.967604155642,west,coral,east,coral,wunifrac
S106,S78,0.7368022592990072,920.7615433949815,west,mangrove,east,coral,wunifrac
S107,S78,0.7142698091191084,921.1757569573545,west,mangrove,east,coral,wunifrac
S108,S78,0.7110550547636013,922.1757569573545,west,mangrove,east,coral,wunifrac
S109,S78,0.7041133280348683,922.5899705197276,west,mangrove,east,coral,wunifrac
S110,S78,0.7175687157697427,922.5899705197276,west,mangrove,east,coral,wunifrac
S81,S80,0.676488214258807,17.55634918610405,east,mangrove,east,coral,wunifrac
S82,S80,0.707659743474778,17.55634918610405,east,mangrove,east,coral,wunifrac
S83,S80,0.6873508959994219,17.55634918610405,east,mangrove,east,coral,wunifrac
S84,S80,0.6997850019816668,17.55634918610405,east,mangrove,east,coral,wunifrac
S85,S80,0.7554257627041406,17.55634918610405,east,mangrove,east,coral,wunifrac
S86,S80,0.8077555974647215,597.8549057834357,west,mangrove,east,coral,wunifrac
S87,S80,0.7966100035058654,597.8549057834357,west,mangrove,east,coral,wunifrac
S88,S80,0.8640979937310663,598.2691193458089,west,mangrove,east,coral,wunifrac
S89,S80,0.8887324227258687,598.2691193458089,west,mangrove,east,coral,wunifrac
S90,S80,0.9081736952816859,598.2691193458089,west,mangrove,east,coral,wunifrac
S91,S80,0.7226492446188194,614.1980515339432,west,seagrass,east,coral,wunifrac
S92,S80,0.7148519697367175,613.1980515339432,west,seagrass,east,coral,wunifrac
S93,S80,0.7176341651939078,613.1980515339432,west,seagrass,east,coral,wunifrac
S94,S80,0.7402688434457649,614.1980515339432,west,seagrass,east,coral,wunifrac
S95,S80,0.7058304401749395,614.1980515339432,west,seagrass,east,coral,wunifrac
S96,S80,0.8809589258934168,690.624458405135,west,mangrove,east,coral,wunifrac
S97,S80,0.8952896710258915,690.624458405135,west,mangrove,east,coral,wunifrac
S98,S80,0.8827431308450664,690.624458405135,west,mangrove,east,coral,wunifrac
S99,S80,0.8818549653489353,690.624458405135,west,mangrove,east,coral,wunifrac
S100,S80,0.8923744562873208,689.624458405135,west,mangrove,east,coral,wunifrac
S101,S80,0.6604709631286809,756.3818177180151,west,coral,east,coral,wunifrac
S102,S80,0.6465732765924884,755.1391770308958,west,coral,east,coral,wunifrac
S103,S80,0.727597693983079,754.7249634685228,west,coral,east,coral,wunifrac
S104,S80,0.7157395421328457,753.1391770308958,west,coral,east,coral,wunifrac
S105,S80,0.6910159944705745,754.967604155642,west,coral,east,coral,wunifrac
S106,S80,0.8277144903343476,920.7615433949815,west,mangrove,east,coral,wunifrac
S107,S80,0.8156639770650554,921.1757569573545,west,mangrove,east,coral,wunifrac
S108,S80,0.7639798572857456,922.1757569573545,west,mangrove,east,coral,wunifrac
S109,S80,0.77061239222154,922.5899705197276,west,mangrove,east,coral,wunifrac
S110,S80,0.7614363514042258,922.5899705197276,west,mangrove,east,coral,wunifrac
S82,S81,0.1336753594762905,0,east,mangrove,east,mangrove,wunifrac
S83,S81,0.10605553954296139,0,east,mangrove,east,mangrove,wunifrac
S84,S81,0.11540194750979413,0,east,mangrove,east,mangrove,wunifrac
S85,S81,0.22876829774509777,0,east,mangrove,east,mangrove,wunifrac
S86,S81,0.5820194287988715,589.4112549695394,west,mangrove,east,mangrove,wunifrac
S87,S81,0.5744927101541905,589.4112549695394,west,mangrove,east,mangrove,wunifrac
S88,S81,0.5889619316448167,589.8254685319126,west,mangrove,east,mangrove,wunifrac
S89,S81,0.6395504146618356,589.8254685319126,west,mangrove,east,mangrove,wunifrac
S90,S81,0.6981160369447945,589.8254685319126,west,mangrove,east,mangrove,wunifrac
S91,S81,0.4585020945306669,605.754400720047,west,seagrass,east,mangrove,wunifrac
S92,S81,0.48069017673698416,604.754400720047,west,seagrass,east,mangrove,wunifrac
S93,S81,0.5269857227680049,604.754400720047,west,seagrass,east,mangrove,wunifrac
S94,S81,0.5639669546048292,605.754400720047,west,seagrass,east,mangrove,wunifrac
S95,S81,0.4646212508629908,605.754400720047,west,seagrass,east,mangrove,wunifrac
S96,S81,0.6085970989375322,682.1808075912387,west,mangrove,east,mangrove,wunifrac
S97,S81,0.5973330686548881,682.1808075912387,west,mangrove,east,mangrove,wunifrac
S98,S81,0.5366555319586164,682.1808075912387,west,mangrove,east,mangrove,wunifrac
S99,S81,0.5375204919482149,682.1808075912387,west,mangrove,east,mangrove,wunifrac
S100,S81,0.5597814418619476,681.1808075912387,west,mangrove,east,mangrove,wunifrac
S101,S81,0.5730181656681785,747.9381669041188,west,coral,east,mangrove,wunifrac
S102,S81,0.6468730914417357,746.6955262169996,west,coral,east,mangrove,wunifrac
S103,S81,0.7475018605366878,746.2813126546265,west,coral,east,mangrove,wunifrac
S104,S81,0.7146101912349643,744.6955262169996,west,coral,east,mangrove,wunifrac
S105,S81,0.6273012635953592,746.5239533417458,west,coral,east,mangrove,wunifrac
S106,S81,0.558811442683858,912.3178925810852,west,mangrove,east,mangrove,wunifrac
S107,S81,0.566647308892365,912.7321061434583,west,mangrove,east,mangrove,wunifrac
S108,S81,0.5482356214486149,913.7321061434583,west,mangrove,east,mangrove,wunifrac
S109,S81,0.6292076993511015,914.1463197058314,west,mangrove,east,mangrove,wunifrac
S110,S81,0.5545755985362851,914.1463197058314,west,mangrove,east,mangrove,wunifrac
S83,S82,0.09269799545225603,0,east,mangrove,east,mangrove,wunifrac
S84,S82,0.11845787727458566,0,east,mangrove,east,mangrove,wunifrac
S85,S82,0.21461344164663887,0,east,mangrove,east,mangrove,wunifrac
S86,S82,0.5463525210749122,589.4112549695394,west,mangrove,east,mangrove,wunifrac
S87,S82,0.5353702826786814,589.4112549695394,west,mangrove,east,mangrove,wunifrac
S88,S82,0.5446397170643817,589.8254685319126,west,mangrove,east,mangrove,wunifrac
S89,S82,0.6063715775788666,589.8254685319126,west,mangrove,east,mangrove,wunifrac
S90,S82,0.6681349497291273,589.8254685319126,west,mangrove,east,mangrove,wunifrac
S91,S82,0.41926916720977914,605.754400720047,west,seagrass,east,mangrove,wunifrac
S92,S82,0.4451310547425808,604.754400720047,west,seagrass,east,mangrove,wunifrac
S93,S82,0.5104063809555617,604.754400720047,west,seagrass,east,mangrove,wunifrac
S94,S82,0.5471720011495195,605.754400720047,west,seagrass,east,mangrove,wunifrac
S95,S82,0.43665155604113226,605.754400720047,west,seagrass,east,mangrove,wunifrac
S96,S82,0.5713863482800804,682.1808075912387,west,mangrove,east,mangrove,wunifrac
S97,S82,0.562533866722747,682.1808075912387,west,mangrove,east,mangrove,wunifrac
S98,S82,0.48850531633195854,682.1808075912387,west,mangrove,east,mangrove,wunifrac
S99,S82,0.47561269455757266,682.1808075912387,west,mangrove,east,mangrove,wunifrac
S100,S82,0.5053622860243805,681.1808075912387,west,mangrove,east,mangrove,wunifrac
S101,S82,0.6043119029382145,747.9381669041188,west,coral,east,mangrove,wunifrac
S102,S82,0.6754294583814089,746.6955262169996,west,coral,east,mangrove,wunifrac
S103,S82,0.7592708152608877,746.2813126546265,west,coral,east,mangrove,wunifrac
S104,S82,0.7241190832459675,744.6955262169996,west,coral,east,mangrove,wunifrac
S105,S82,0.6376105364801993,746.5239533417458,west,coral,east,mangrove,wunifrac
S106,S82,0.5163273163119955,912.3178925810852,west,mangrove,east,mangrove,wunifrac
S107,S82,0.530421952987609,912.7321061434583,west,mangrove,east,mangrove,wunifrac
S108,S82,0.522689848133987,913.7321061434583,west,mangrove,east,mangrove,wunifrac
S109,S82,0.6150374354838989,914.1463197058314,west,mangrove,east,mangrove,wunifrac
S110,S82,0.5244907688181536,914.1463197058314,west,mangrove,east,mangrove,wunifrac
S84,S83,0.12765205716349187,0,east,mangrove,east,mangrove,wunifrac
S85,S83,0.22220948133363747,0,east,mangrove,east,mangrove,wunifrac
S86,S83,0.5490834760962618,589.4112549695394,west,mangrove,east,mangrove,wunifrac
S87,S83,0.5453440140826568,589.4112549695394,west,mangrove,east,mangrove,wunifrac
S88,S83,0.5721845043940165,589.8254685319126,west,mangrove,east,mangrove,wunifrac
S89,S83,0.6303731416734731,589.8254685319126,west,mangrove,east,mangrove,wunifrac
S90,S83,0.6891861941007287,589.8254685319126,west,mangrove,east,mangrove,wunifrac
S91,S83,0.4436565144653521,605.754400720047,west,seagrass,east,mangrove,wunifrac
S92,S83,0.46961082039278307,604.754400720047,west,seagrass,east,mangrove,wunifrac
S93,S83,0.5228354035170049,604.754400720047,west,seagrass,east,mangrove,wunifrac
S94,S83,0.5606988880232756,605.754400720047,west,seagrass,east,mangrove,wunifrac
S95,S83,0.4567007895437737,605.754400720047,west,seagrass,east,mangrove,wunifrac
S96,S83,0.5831813138245088,682.1808075912387,west,mangrove,east,mangrove,wunifrac
S97,S83,0.5680964617851123,682.1808075912387,west,mangrove,east,mangrove,wunifrac
S98,S83,0.5101063169923126,682.1808075912387,west,mangrove,east,mangrove,wunifrac
S99,S83,0.50646447327756,682.1808075912387,west,mangrove,east,mangrove,wunifrac
S100,S83,0.5345185202709568,681.1808075912387,west,mangrove,east,mangrove,wunifrac
S101,S83,0.5857532993309281,747.9381669041188,west,coral,east,mangrove,wunifrac
S102,S83,0.6585587632119381,746.6955262169996,west,coral,east,mangrove,wunifrac
S103,S83,0.7492409946682907,746.2813126546265,west,coral,east,mangrove,wunifrac
S104,S83,0.7178285353001143,744.6955262169996,west,coral,east,mangrove,wunifrac
S105,S83,0.6230128184353132,746.5239533417458,west,coral,east,mangrove,wunifrac
S106,S83,0.530734732527572,912.3178925810852,west,mangrove,east,mangrove,wunifrac
S107,S83,0.5414449660231784,912.7321061434583,west,mangrove,east,mangrove,wunifrac
S108,S83,0.5244153944888887,913.7321061434583,west,mangrove,east,mangrove,wunifrac
S109,S83,0.61199059599727,914.1463197058314,west,mangrove,east,mangrove,wunifrac
S110,S83,0.5418712384346265,914.1463197058314,west,mangrove,east,mangrove,wunifrac
S85,S84,0.21306838348999144,0,east,mangrove,east,mangrove,wunifrac
S86,S84,0.5828133839022488,589.4112549695394,west,mangrove,east,mangrove,wunifrac
S87,S84,0.5717598696036572,589.4112549695394,west,mangrove,east,mangrove,wunifrac
S88,S84,0.5697733028322853,589.8254685319126,west,mangrove,east,mangrove,wunifrac
S89,S84,0.6339963561817825,589.8254685319126,west,mangrove,east,mangrove,wunifrac
S90,S84,0.6941166007485003,589.8254685319126,west,mangrove,east,mangrove,wunifrac
S91,S84,0.4495948174325954,605.754400720047,west,seagrass,east,mangrove,wunifrac
S92,S84,0.4661104529541733,604.754400720047,west,seagrass,east,mangrove,wunifrac
S93,S84,0.5311469147523568,604.754400720047,west,seagrass,east,mangrove,wunifrac
S94,S84,0.5614984248432094,605.754400720047,west,seagrass,east,mangrove,wunifrac
S95,S84,0.4625948333298541,605.754400720047,west,seagrass,east,mangrove,wunifrac
S96,S84,0.5805804903318723,682.1808075912387,west,mangrove,east,mangrove,wunifrac
S97,S84,0.5749303774611418,682.1808075912387,west,mangrove,east,mangrove,wunifrac
S98,S84,0.5216412065530343,682.1808075912387,west,mangrove,east,mangrove,wunifrac
S99,S84,0.5200773455177735,682.1808075912387,west,mangrove,east,mangrove,wunifrac
S100,S84,0.5338554792489907,681.1808075912387,west,mangrove,east,mangrove,wunifrac
S101,S84,0.5888498297434753,747.9381669041188,west,coral,east,mangrove,wunifrac
S102,S84,0.6665474353506066,746.6955262169996,west,coral,east,mangrove,wunifrac
S103,S84,0.7630223237752548,746.2813126546265,west,coral,east,mangrove,wunifrac
S104,S84,0.7298171179201305,744.6955262169996,west,coral,east,mangrove,wunifrac
S105,S84,0.6435505010331108,746.5239533417458,west,coral,east,mangrove,wunifrac
S106,S84,0.5676945620309779,912.3178925810852,west,mangrove,east,mangrove,wunifrac
S107,S84,0.5732560221138039,912.7321061434583,west,mangrove,east,mangrove,wunifrac
S108,S84,0.5458298288791934,913.7321061434583,west,mangrove,east,mangrove,wunifrac
S109,S84,0.6501919188908996,914.1463197058314,west,mangrove,east,mangrove,wunifrac
S110,S84,0.5538331168713031,914.1463197058314,west,mangrove,east,mangrove,wunifrac
S86,S85,0.5807236545818935,589.4112549695394,west,mangrove,east,mangrove,wunifrac
S87,S85,0.5511491070479452,589.4112549695394,west,mangrove,east,mangrove,wunifrac
S88,S85,0.5140107396435915,589.8254685319126,west,mangrove,east,mangrove,wunifrac
S89,S85,0.5604649263257631,589.8254685319126,west,mangrove,east,mangrove,wunifrac
S90,S85,0.6123651898996294,589.8254685319126,west,mangrove,east,mangrove,wunifrac
S91,S85,0.4526052650191708,605.754400720047,west,seagrass,east,mangrove,wunifrac
S92,S85,0.48164232341742924,604.754400720047,west,seagrass,east,mangrove,wunifrac
S93,S85,0.5361873662192922,604.754400720047,west,seagrass,east,mangrove,wunifrac
S94,S85,0.5372409957020298,605.754400720047,west,seagrass,east,mangrove,wunifrac
S95,S85,0.4497410791712471,605.754400720047,west,seagrass,east,mangrove,wunifrac
S96,S85,0.584351367390288,682.1808075912387,west,mangrove,east,mangrove,wunifrac
S97,S85,0.561234573186026,682.1808075912387,west,mangrove,east,mangrove,wunifrac
S98,S85,0.4897218699935417,682.1808075912387,west,mangrove,east,mangrove,wunifrac
S99,S85,0.46874214702847683,682.1808075912387,west,mangrove,east,mangrove,wunifrac
S100,S85,0.4654274577461619,681.1808075912387,west,mangrove,east,mangrove,wunifrac
S101,S85,0.6445457522726376,747.9381669041188,west,coral,east,mangrove,wunifrac
S102,S85,0.694713450044729,746.6955262169996,west,coral,east,mangrove,wunifrac
S103,S85,0.7590929701134421,746.2813126546265,west,coral,east,mangrove,wunifrac
S104,S85,0.7253503662906067,744.6955262169996,west,coral,east,mangrove,wunifrac
S105,S85,0.6492592387909528,746.5239533417458,west,coral,east,mangrove,wunifrac
S106,S85,0.5174507839366768,912.3178925810852,west,mangrove,east,mangrove,wunifrac
S107,S85,0.5181099859385823,912.7321061434583,west,mangrove,east,mangrove,wunifrac
S108,S85,0.5133953339932227,913.7321061434583,west,mangrove,east,mangrove,wunifrac
S109,S85,0.5918376389816639,914.1463197058314,west,mangrove,east,mangrove,wunifrac
S110,S85,0.5392059169497813,914.1463197058314,west,mangrove,east,mangrove,wunifrac
S87,S86,0.17636019829528893,0,west,mangrove,west,mangrove,wunifrac
S88,S86,0.5779696946381807,1,west,mangrove,west,mangrove,wunifrac
S89,S86,0.6412242473527945,1,west,mangrove,west,mangrove,wunifrac
S90,S86,0.68234694026083,1,west,mangrove,west,mangrove,wunifrac
S91,S86,0.3633566675973004,19.65685424949238,west,seagrass,west,mangrove,wunifrac
S92,S86,0.39474225350737036,18.65685424949238,west,seagrass,west,mangrove,wunifrac
S93,S86,0.4222709115865146,18.65685424949238,west,seagrass,west,mangrove,wunifrac
S94,S86,0.5421964713147577,19.65685424949238,west,seagrass,west,mangrove,wunifrac
S95,S86,0.39595766851386494,19.65685424949238,west,seagrass,west,mangrove,wunifrac
S96,S86,0.6050387969310937,92.76955262170046,west,mangrove,west,mangrove,wunifrac
S97,S86,0.601708212148625,92.76955262170046,west,mangrove,west,mangrove,wunifrac
S98,S86,0.5627399626129518,92.76955262170046,west,mangrove,west,mangrove,wunifrac
S99,S86,0.5124682776802023,92.76955262170046,west,mangrove,west,mangrove,wunifrac
S100,S86,0.5632290488173524,91.76955262170046,west,mangrove,west,mangrove,wunifrac
S101,S86,0.7449410342498634,158.52691193458114,west,coral,west,mangrove,wunifrac
S102,S86,0.7671405780934988,157.28427124746187,west,coral,west,mangrove,wunifrac
S103,S86,0.717885468001592,156.87005768508877,west,coral,west,mangrove,wunifrac
S104,S86,0.7564230265286275,155.28427124746187,west,coral,west,mangrove,wunifrac
S105,S86,0.7180762461605621,157.11269837220806,west,coral,west,mangrove,wunifrac
S106,S86,0.4457423726863956,322.906637611548,west,mangrove,west,mangrove,wunifrac
S107,S86,0.4204381293463105,323.320851173921,west,mangrove,west,mangrove,wunifrac
S108,S86,0.43400060622677133,324.320851173921,west,mangrove,west,mangrove,wunifrac
S109,S86,0.5227378074806718,324.7350647362941,west,mangrove,west,mangrove,wunifrac
S110,S86,0.3850626133634376,324.7350647362941,west,mangrove,west,mangrove,wunifrac
S88,S87,0.529582118936157,1,west,mangrove,west,mangrove,wunifrac
S89,S87,0.5827577231909221,1,west,mangrove,west,mangrove,wunifrac
S90,S87,0.6442019892606975,1,west,mangrove,west,mangrove,wunifrac
S91,S87,0.3271396235886897,19.65685424949238,west,seagrass,west,mangrove,wunifrac
S92,S87,0.36125165978100954,18.65685424949238,west,seagrass,west,mangrove,wunifrac
S93,S87,0.3938038887628749,18.65685424949238,west,seagrass,west,mangrove,wunifrac
S94,S87,0.4594712982918534,19.65685424949238,west,seagrass,west,mangrove,wunifrac
S95,S87,0.34753544137532494,19.65685424949238,west,seagrass,west,mangrove,wunifrac
S96,S87,0.6244237896211056,92.76955262170046,west,mangrove,west,mangrove,wunifrac
S97,S87,0.6182460229071468,92.76955262170046,west,mangrove,west,mangrove,wunifrac
S98,S87,0.556934629243747,92.76955262170046,west,mangrove,west,mangrove,wunifrac
S99,S87,0.493501141218413,92.76955262170046,west,mangrove,west,mangrove,wunifrac
S100,S87,0.5309040523879707,91.76955262170046,west,mangrove,west,mangrove,wunifrac
S101,S87,0.7144283929573578,158.52691193458114,west,coral,west,mangrove,wunifrac
S102,S87,0.7398774301319361,157.28427124746187,west,coral,west,mangrove,wunifrac
S103,S87,0.687560079682183,156.87005768508877,west,coral,west,mangrove,wunifrac
S104,S87,0.7266482898429762,155.28427124746187,west,coral,west,mangrove,wunifrac
S105,S87,0.6882424383242888,157.11269837220806,west,coral,west,mangrove,wunifrac
S106,S87,0.4132478200287884,322.906637611548,west,mangrove,west,mangrove,wunifrac
S107,S87,0.39084734297798424,323.320851173921,west,mangrove,west,mangrove,wunifrac
S108,S87,0.38430500230038356,324.320851173921,west,mangrove,west,mangrove,wunifrac
S109,S87,0.49104896488062943,324.7350647362941,west,mangrove,west,mangrove,wunifrac
S110,S87,0.33018177418099576,324.7350647362941,west,mangrove,west,mangrove,wunifrac
S89,S88,0.1464803929483637,0,west,mangrove,west,mangrove,wunifrac
S90,S88,0.24359664504776676,0,west,mangrove,west,mangrove,wunifrac
S91,S88,0.5538643845647236,20.071067811865472,west,seagrass,west,mangrove,wunifrac
S92,S88,0.5771178892667771,19.071067811865472,west,seagrass,west,mangrove,wunifrac
S93,S88,0.6122850653332562,19.071067811865472,west,seagrass,west,mangrove,wunifrac
S94,S88,0.5992375294454886,20.071067811865472,west,seagrass,west,mangrove,wunifrac
S95,S88,0.5601754633642909,20.071067811865472,west,seagrass,west,mangrove,wunifrac
S96,S88,0.5929850204633622,92.35533905932735,west,mangrove,west,mangrove,wunifrac
S97,S88,0.5592040318754257,92.35533905932735,west,mangrove,west,mangrove,wunifrac
S98,S88,0.5192891919354418,92.35533905932735,west,mangrove,west,mangrove,wunifrac
S99,S88,0.469675520960218,92.35533905932735,west,mangrove,west,mangrove,wunifrac
S100,S88,0.4120016985203915,91.35533905932735,west,mangrove,west,mangrove,wunifrac
S101,S88,0.794128832582259,158.11269837220806,west,coral,west,mangrove,wunifrac
S102,S88,0.8260723016708732,156.87005768508877,west,coral,west,mangrove,wunifrac
S103,S88,0.8154375003295294,156.4558441227157,west,coral,west,mangrove,wunifrac
S104,S88,0.8103108677779558,154.87005768508877,west,coral,west,mangrove,wunifrac
S105,S88,0.8022307744609434,156.69848480983498,west,coral,west,mangrove,wunifrac
S106,S88,0.5800450553234522,322.4924240491749,west,mangrove,west,mangrove,wunifrac
S107,S88,0.5993642653151232,322.906637611548,west,mangrove,west,mangrove,wunifrac
S108,S88,0.5898623776670325,323.906637611548,west,mangrove,west,mangrove,wunifrac
S109,S88,0.6835814306338578,324.320851173921,west,mangrove,west,mangrove,wunifrac
S110,S88,0.59469484520862,324.320851173921,west,mangrove,west,mangrove,wunifrac
S90,S89,0.20453114651438428,0,west,mangrove,west,mangrove,wunifrac
S91,S89,0.6249606991821638,20.071067811865472,west,seagrass,west,mangrove,wunifrac
S92,S89,0.6481662424364139,19.071067811865472,west,seagrass,west,mangrove,wunifrac
S93,S89,0.6797774637420689,19.071067811865472,west,seagrass,west,mangrove,wunifrac
S94,S89,0.6419541319768715,20.071067811865472,west,seagrass,west,mangrove,wunifrac
S95,S89,0.6295226329203479,20.071067811865472,west,seagrass,west,mangrove,wunifrac
S96,S89,0.6398941566435821,92.35533905932735,west,mangrove,west,mangrove,wunifrac
S97,S89,0.5948570716401358,92.35533905932735,west,mangrove,west,mangrove,wunifrac
S98,S89,0.5594182157776983,92.35533905932735,west,mangrove,west,mangrove,wunifrac
S99,S89,0.5152956135705097,92.35533905932735,west,mangrove,west,mangrove,wunifrac
S100,S89,0.4515873248913179,91.35533905932735,west,mangrove,west,mangrove,wunifrac
S101,S89,0.8193869366178664,158.11269837220806,west,coral,west,mangrove,wunifrac
S102,S89,0.8516038090016863,156.87005768508877,west,coral,west,mangrove,wunifrac
S103,S89,0.8413103591346028,156.4558441227157,west,coral,west,mangrove,wunifrac
S104,S89,0.839478810122964,154.87005768508877,west,coral,west,mangrove,wunifrac
S105,S89,0.8323834244897488,156.69848480983498,west,coral,west,mangrove,wunifrac
S106,S89,0.6207467445773601,322.4924240491749,west,mangrove,west,mangrove,wunifrac
S107,S89,0.6393767769895756,322.906637611548,west,mangrove,west,mangrove,wunifrac
S108,S89,0.6356793422624846,323.906637611548,west,mangrove,west,mangrove,wunifrac
S109,S89,0.7102140458299049,324.320851173921,west,mangrove,west,mangrove,wunifrac
S110,S89,0.6444689485109039,324.320851173921,west,mangrove,west,mangrove,wunifrac
S91,S90,0.6855630054592515,20.071067811865472,west,seagrass,west,mangrove,wunifrac
S92,S90,0.7066677264498914,19.071067811865472,west,seagrass,west,mangrove,wunifrac
S93,S90,0.7251904186413736,19.071067811865472,west,seagrass,west,mangrove,wunifrac
S94,S90,0.6993526179389417,20.071067811865472,west,seagrass,west,mangrove,wunifrac
S95,S90,0.6898465191489735,20.071067811865472,west,seagrass,west,mangrove,wunifrac
S96,S90,0.6832904136976148,92.35533905932735,west,mangrove,west,mangrove,wunifrac
S97,S90,0.6348503903073145,92.35533905932735,west,mangrove,west,mangrove,wunifrac
S98,S90,0.6069274297233206,92.35533905932735,west,mangrove,west,mangrove,wunifrac
S99,S90,0.5698711447850974,92.35533905932735,west,mangrove,west,mangrove,wunifrac
S100,S90,0.5060673551156966,91.35533905932735,west,mangrove,west,mangrove,wunifrac
S101,S90,0.8499352329414385,158.11269837220806,west,coral,west,mangrove,wunifrac
S102,S90,0.8799986821385813,156.87005768508877,west,coral,west,mangrove,wunifrac
S103,S90,0.8657025442428269,156.4558441227157,west,coral,west,mangrove,wunifrac
S104,S90,0.8698444191496365,154.87005768508877,west,coral,west,mangrove,wunifrac
S105,S90,0.8660281060125951,156.69848480983498,west,coral,west,mangrove,wunifrac
S106,S90,0.6430056029664869,322.4924240491749,west,mangrove,west,mangrove,wunifrac
S107,S90,0.6567950937547093,322.906637611548,west,mangrove,west,mangrove,wunifrac
S108,S90,0.6671407219457878,323.906637611548,west,mangrove,west,mangrove,wunifrac
S109,S90,0.7148669289002161,324.320851173921,west,mangrove,west,mangrove,wunifrac
S110,S90,0.6944668294835608,324.320851173921,west,mangrove,west,mangrove,wunifrac
S92,S91,0.16407403257295508,1,west,seagrass,west,seagrass,wunifrac
S93,S91,0.23123992065990365,1,west,seagrass,west,seagrass,wunifrac
S94,S91,0.3130565040428067,0,west,seagrass,west,seagrass,wunifrac
S95,S91,0.11959550840457238,0,west,seagrass,west,seagrass,wunifrac
S96,S91,0.6481201015845999,76.42640687119282,west,mangrove,west,seagrass,wunifrac
S97,S91,0.6463079795618507,76.42640687119282,west,mangrove,west,seagrass,wunifrac
S98,S91,0.5714076516127462,76.42640687119282,west,mangrove,west,seagrass,wunifrac
S99,S91,0.5095187468960319,76.42640687119282,west,mangrove,west,seagrass,wunifrac
S100,S91,0.5567277609411307,75.42640687119282,west,mangrove,west,seagrass,wunifrac
S101,S91,0.6307784937370868,142.18376618407353,west,coral,west,seagrass,wunifrac
S102,S91,0.6451125350154246,140.94112549695424,west,coral,west,seagrass,wunifrac
S103,S91,0.647538513013213,140.52691193458114,west,coral,west,seagrass,wunifrac
S104,S91,0.6362651179598242,138.94112549695424,west,coral,west,seagrass,wunifrac
S105,S91,0.5798435852082742,140.76955262170046,west,coral,west,seagrass,wunifrac
S106,S91,0.4682583545871455,306.56349186104023,west,mangrove,west,seagrass,wunifrac
S107,S91,0.46502789336825323,306.9777054234133,west,mangrove,west,seagrass,wunifrac
S108,S91,0.4048278679226835,307.9777054234133,west,mangrove,west,seagrass,wunifrac
S109,S91,0.5259263535960842,308.3919189857864,west,mangrove,west,seagrass,wunifrac
S110,S91,0.3188959280561503,308.3919189857864,west,mangrove,west,seagrass,wunifrac
S93,S92,0.1716029042158508,0,west,seagrass,west,seagrass,wunifrac
S94,S92,0.2799590652799013,1,west,seagrass,west,seagrass,wunifrac
S95,S92,0.15411481817977574,1,west,seagrass,west,seagrass,wunifrac
S96,S92,0.6421816542684835,77.42640687119282,west,mangrove,west,seagrass,wunifrac
S97,S92,0.6418300086051202,77.42640687119282,west,mangrove,west,seagrass,wunifrac
S98,S92,0.5781171033156973,77.42640687119282,west,mangrove,west,seagrass,wunifrac
S99,S92,0.5181836124501118,77.42640687119282,west,mangrove,west,seagrass,wunifrac
S100,S92,0.5843589718428244,76.42640687119282,west,mangrove,west,seagrass,wunifrac
S101,S92,0.5784731609264108,143.18376618407353,west,coral,west,seagrass,wunifrac
S102,S92,0.6011661722295942,141.94112549695424,west,coral,west,seagrass,wunifrac
S103,S92,0.5797758950496462,141.52691193458114,west,coral,west,seagrass,wunifrac
S104,S92,0.5687361687134306,139.94112549695424,west,coral,west,seagrass,wunifrac
S105,S92,0.5179712648209692,141.76955262170046,west,coral,west,seagrass,wunifrac
S106,S92,0.4692247815544922,307.56349186104023,west,mangrove,west,seagrass,wunifrac
S107,S92,0.4670642011382734,307.9777054234133,west,mangrove,west,seagrass,wunifrac
S108,S92,0.35068236326032803,308.9777054234133,west,mangrove,west,seagrass,wunifrac
S109,S92,0.4856177223248995,309.3919189857864,west,mangrove,west,seagrass,wunifrac
S110,S92,0.30156611342193723,309.3919189857864,west,mangrove,west,seagrass,wunifrac
S94,S93,0.27422655380549055,1,west,seagrass,west,seagrass,wunifrac
S95,S93,0.2298452307069611,1,west,seagrass,west,seagrass,wunifrac
S96,S93,0.6769043588581646,77.42640687119282,west,mangrove,west,seagrass,wunifrac
S97,S93,0.6833511221556687,77.42640687119282,west,mangrove,west,seagrass,wunifrac
S98,S93,0.6225419741640132,77.42640687119282,west,mangrove,west,seagrass,wunifrac
S99,S93,0.5793806625504703,77.42640687119282,west,mangrove,west,seagrass,wunifrac
S100,S93,0.6297007158509552,76.42640687119282,west,mangrove,west,seagrass,wunifrac
S101,S93,0.5411685842734126,143.18376618407353,west,coral,west,seagrass,wunifrac
S102,S93,0.5388032763095143,141.94112549695424,west,coral,west,seagrass,wunifrac
S103,S93,0.5166051295129833,141.52691193458114,west,coral,west,seagrass,wunifrac
S104,S93,0.5288421569589178,139.94112549695424,west,coral,west,seagrass,wunifrac
S105,S93,0.4636334942119107,141.76955262170046,west,coral,west,seagrass,wunifrac
S106,S93,0.5435865632930011,307.56349186104023,west,mangrove,west,seagrass,wunifrac
S107,S93,0.527284366673703,307.9777054234133,west,mangrove,west,seagrass,wunifrac
S108,S93,0.4019440852674543,308.9777054234133,west,mangrove,west,seagrass,wunifrac
S109,S93,0.5186196573733696,309.3919189857864,west,mangrove,west,seagrass,wunifrac
S110,S93,0.29488852104650176,309.3919189857864,west,mangrove,west,seagrass,wunifrac
S95,S94,0.28593952622067603,0,west,seagrass,west,seagrass,wunifrac
S96,S94,0.677247550749644,76.42640687119282,west,mangrove,west,seagrass,wunifrac
S97,S94,0.6734143267366445,76.42640687119282,west,mangrove,west,seagrass,wunifrac
S98,S94,0.6155457256919812,76.42640687119282,west,mangrove,west,seagrass,wunifrac
S99,S94,0.6032560164887049,76.42640687119282,west,mangrove,west,seagrass,wunifrac
S100,S94,0.5891118664949323,75.42640687119282,west,mangrove,west,seagrass,wunifrac
S101,S94,0.5788685386286045,142.18376618407353,west,coral,west,seagrass,wunifrac
S102,S94,0.6035284180321445,140.94112549695424,west,coral,west,seagrass,wunifrac
S103,S94,0.5567396144597507,140.52691193458114,west,coral,west,seagrass,wunifrac
S104,S94,0.5615251828086779,138.94112549695424,west,coral,west,seagrass,wunifrac
S105,S94,0.5017971229788148,140.76955262170046,west,coral,west,seagrass,wunifrac
S106,S94,0.5621548319288635,306.56349186104023,west,mangrove,west,seagrass,wunifrac
S107,S94,0.5407663869630033,306.9777054234133,west,mangrove,west,seagrass,wunifrac
S108,S94,0.42874049157003014,307.9777054234133,west,mangrove,west,seagrass,wunifrac
S109,S94,0.5048728711301038,308.3919189857864,west,mangrove,west,seagrass,wunifrac
S110,S94,0.39849066453334464,308.3919189857864,west,mangrove,west,seagrass,wunifrac
S96,S95,0.6649170950369108,76.42640687119282,west,mangrove,west,seagrass,wunifrac
S97,S95,0.6682610212980221,76.42640687119282,west,mangrove,west,seagrass,wunifrac
S98,S95,0.5828725264495044,76.42640687119282,west,mangrove,west,seagrass,wunifrac
S99,S95,0.5282071595303385,76.42640687119282,west,mangrove,west,seagrass,wunifrac
S100,S95,0.5676849322588592,75.42640687119282,west,mangrove,west,seagrass,wunifrac
S101,S95,0.6094488905866429,142.18376618407353,west,coral,west,seagrass,wunifrac
S102,S95,0.6207078560074836,140.94112549695424,west,coral,west,seagrass,wunifrac
S103,S95,0.6329249480181457,140.52691193458114,west,coral,west,seagrass,wunifrac
S104,S95,0.628883139072035,138.94112549695424,west,coral,west,seagrass,wunifrac
S105,S95,0.5585917657182395,140.76955262170046,west,coral,west,seagrass,wunifrac
S106,S95,0.47647574940619974,306.56349186104023,west,mangrove,west,seagrass,wunifrac
S107,S95,0.4546616479091866,306.9777054234133,west,mangrove,west,seagrass,wunifrac
S108,S95,0.3704969710414742,307.9777054234133,west,mangrove,west,seagrass,wunifrac
S109,S95,0.527161513672038,308.3919189857864,west,mangrove,west,seagrass,wunifrac
S110,S95,0.34990804726877556,308.3919189857864,west,mangrove,west,seagrass,wunifrac
S97,S96,0.18753101994973986,0,west,mangrove,west,mangrove,wunifrac
S98,S96,0.22981815133300515,0,west,mangrove,west,mangrove,wunifrac
S99,S96,0.3073369661978132,0,west,mangrove,west,mangrove,wunifrac
S100,S96,0.35982315090014566,1,west,mangrove,west,mangrove,wunifrac
S101,S96,0.7942344871318822,68.24264068711928,west,coral,west,mangrove,wunifrac
S102,S96,0.8502031428262997,69.48528137423857,west,coral,west,mangrove,wunifrac
S103,S96,0.8344266982851327,69.89949493661165,west,coral,west,mangrove,wunifrac
S104,S96,0.8275191174844114,67.48528137423857,west,coral,west,mangrove,wunifrac
S105,S96,0.810162428288852,67.65685424949237,west,coral,west,mangrove,wunifrac
S106,S96,0.5607753393207253,230.13708498984775,west,mangrove,west,mangrove,wunifrac
S107,S96,0.6009767851261144,230.55129855222086,west,mangrove,west,mangrove,wunifrac
S108,S96,0.6087159917712267,231.55129855222086,west,mangrove,west,mangrove,wunifrac
S109,S96,0.6718119958980593,231.96551211459396,west,mangrove,west,mangrove,wunifrac
S110,S96,0.6227989414976197,231.96551211459396,west,mangrove,west,mangrove,wunifrac
S98,S97,0.18363715109582313,0,west,mangrove,west,mangrove,wunifrac
S99,S97,0.26105549299918407,0,west,mangrove,west,mangrove,wunifrac
S100,S97,0.2814111013719271,1,west,mangrove,west,mangrove,wunifrac
S101,S97,0.7988794232438352,68.24264068711928,west,coral,west,mangrove,wunifrac
S102,S97,0.8563219428035477,69.48528137423857,west,coral,west,mangrove,wunifrac
S103,S97,0.8403171689874245,69.89949493661165,west,coral,west,mangrove,wunifrac
S104,S97,0.8309599360681942,67.48528137423857,west,coral,west,mangrove,wunifrac
S105,S97,0.8126444509186713,67.65685424949237,west,coral,west,mangrove,wunifrac
S106,S97,0.541704027402143,230.13708498984775,west,mangrove,west,mangrove,wunifrac
S107,S97,0.5913877991081385,230.55129855222086,west,mangrove,west,mangrove,wunifrac
S108,S97,0.5997710615422382,231.55129855222086,west,mangrove,west,mangrove,wunifrac
S109,S97,0.6291352117666918,231.96551211459396,west,mangrove,west,mangrove,wunifrac
S110,S97,0.6369539555901234,231.96551211459396,west,mangrove,west,mangrove,wunifrac
S99,S98,0.1700600490202912,0,west,mangrove,west,mangrove,wunifrac
S100,S98,0.22242738083120267,1,west,mangrove,west,mangrove,wunifrac
S101,S98,0.7899576188387364,68.24264068711928,west,coral,west,mangrove,wunifrac
S102,S98,0.8427670231868806,69.48528137423857,west,coral,west,mangrove,wunifrac
S103,S98,0.827819877618052,69.89949493661165,west,coral,west,mangrove,wunifrac
S104,S98,0.8168272995118276,67.48528137423857,west,coral,west,mangrove,wunifrac
S105,S98,0.7993334615612155,67.65685424949237,west,coral,west,mangrove,wunifrac
S106,S98,0.4797127337627837,230.13708498984775,west,mangrove,west,mangrove,wunifrac
S107,S98,0.5381035542637282,230.55129855222086,west,mangrove,west,mangrove,wunifrac
S108,S98,0.5563009779936586,231.55129855222086,west,mangrove,west,mangrove,wunifrac
S109,S98,0.6248691459136675,231.96551211459396,west,mangrove,west,mangrove,wunifrac
S110,S98,0.5646086682165304,231.96551211459396,west,mangrove,west,mangrove,wunifrac
S100,S99,0.18773737751365807,1,west,mangrove,west,mangrove,wunifrac
S101,S99,0.7909867137949488,68.24264068711928,west,coral,west,mangrove,wunifrac
S102,S99,0.8376320204218213,69.48528137423857,west,coral,west,mangrove,wunifrac
S103,S99,0.8248629246159318,69.89949493661165,west,coral,west,mangrove,wunifrac
S104,S99,0.8117802448043154,67.48528137423857,west,coral,west,mangrove,wunifrac
S105,S99,0.794159884475605,67.65685424949237,west,coral,west,mangrove,wunifrac
S106,S99,0.44697933532218986,230.13708498984775,west,mangrove,west,mangrove,wunifrac
S107,S99,0.5093289328121994,230.55129855222086,west,mangrove,west,mangrove,wunifrac
S108,S99,0.5152079865202781,231.55129855222086,west,mangrove,west,mangrove,wunifrac
S109,S99,0.5886963910192189,231.96551211459396,west,mangrove,west,mangrove,wunifrac
S110,S99,0.5259399505458239,231.96551211459396,west,mangrove,west,mangrove,wunifrac
S101,S100,0.8014584489099973,69.24264068711928,west,coral,west,mangrove,wunifrac
S102,S100,0.8518309388432647,70.48528137423857,west,coral,west,mangrove,wunifrac
S103,S100,0.835675317604454,70.89949493661165,west,coral,west,mangrove,wunifrac
S104,S100,0.8269384099025469,68.48528137423857,west,coral,west,mangrove,wunifrac
S105,S100,0.8074362909394291,68.65685424949237,west,coral,west,mangrove,wunifrac
S106,S100,0.49854766364307423,231.13708498984775,west,mangrove,west,mangrove,wunifrac
S107,S100,0.5508807442811434,231.55129855222086,west,mangrove,west,mangrove,wunifrac
S108,S100,0.5618679147866846,232.55129855222086,west,mangrove,west,mangrove,wunifrac
S109,S100,0.631311125811038,232.96551211459396,west,mangrove,west,mangrove,wunifrac
S110,S100,0.561747664815265,232.96551211459396,west,mangrove,west,mangrove,wunifrac
S102,S101,0.37470166382833087,3,west,coral,west,coral,wunifrac
S103,S101,0.5191148236979034,4,west,coral,west,coral,wunifrac
S104,S101,0.4173102142138797,3.8284271247461903,west,coral,west,coral,wunifrac
S105,S101,0.37776739915680385,1.4142135623730951,west,coral,west,coral,wunifrac
S106,S101,0.7152516297785022,164.37972567696707,west,mangrove,west,coral,wunifrac
S107,S101,0.6843276484272846,164.79393923934018,west,mangrove,west,coral,wunifrac
S108,S101,0.6195490135062092,165.79393923934018,west,mangrove,west,coral,wunifrac
S109,S101,0.6563572363176928,166.20815280171325,west,mangrove,west,coral,wunifrac
S110,S101,0.6086328557866175,166.20815280171325,west,mangrove,west,coral,wunifrac
S103,S102,0.28093833066048163,1,west,coral,west,coral,wunifrac
S104,S102,0.24462633248837268,2,west,coral,west,coral,wunifrac
S105,S102,0.25247196900362595,2.414213562373095,west,coral,west,coral,wunifrac
S106,S102,0.7771149023036655,165.62236636408636,west,mangrove,west,coral,wunifrac
S107,S102,0.7603213725990347,166.03657992645947,west,mangrove,west,coral,wunifrac
S108,S102,0.6639669601099663,167.03657992645947,west,mangrove,west,coral,wunifrac
S109,S102,0.6899447472570851,167.45079348883257,west,mangrove,west,coral,wunifrac
S110,S102,0.633444091435675,167.45079348883257,west,mangrove,west,coral,wunifrac
S104,S103,0.17324460832554897,2.414213562373095,west,coral,west,coral,wunifrac
S105,S103,0.2252356589349894,3.414213562373095,west,coral,west,coral,wunifrac
S106,S103,0.7393138909691709,166.03657992645947,west,mangrove,west,coral,wunifrac
S107,S103,0.7293517274511543,166.45079348883257,west,mangrove,west,coral,wunifrac
S108,S103,0.6091665817274334,167.45079348883257,west,mangrove,west,coral,wunifrac
S109,S103,0.6068595531632682,167.86500705120568,west,mangrove,west,coral,wunifrac
S110,S103,0.5974979435011709,167.86500705120568,west,mangrove,west,coral,wunifrac
S105,S104,0.20867509203575021,2.414213562373095,west,coral,west,coral,wunifrac
S106,S104,0.7429923384899451,167.62236636408636,west,mangrove,west,coral,wunifrac
S107,S104,0.7476794661492691,168.03657992645947,west,mangrove,west,coral,wunifrac
S108,S104,0.6549431911199962,169.03657992645947,west,mangrove,west,coral,wunifrac
S109,S104,0.6691555181125333,169.45079348883257,west,mangrove,west,coral,wunifrac
S110,S104,0.617270582239424,169.45079348883257,west,mangrove,west,coral,wunifrac
S106,S105,0.7186442113388285,165.79393923934018,west,mangrove,west,coral,wunifrac
S107,S105,0.7299620441034612,166.20815280171325,west,mangrove,west,coral,wunifrac
S108,S105,0.613599149959404,167.20815280171325,west,mangrove,west,coral,wunifrac
S109,S105,0.5976241057846274,167.62236636408636,west,mangrove,west,coral,wunifrac
S110,S105,0.5855315347704793,167.62236636408636,west,mangrove,west,coral,wunifrac
S107,S106,0.17489833797519408,1,west,mangrove,west,mangrove,wunifrac
S108,S106,0.3193102114266157,1.4142135623730951,west,mangrove,west,mangrove,wunifrac
S109,S106,0.3551471979032595,2.414213562373095,west,mangrove,west,mangrove,wunifrac
S110,S106,0.4231414118469001,2.414213562373095,west,mangrove,west,mangrove,wunifrac
S108,S107,0.24620807688096613,1,west,mangrove,west,mangrove,wunifrac
S109,S107,0.32284574861314635,1.4142135623730951,west,mangrove,west,mangrove,wunifrac
S110,S107,0.41620610768017025,1.4142135623730951,west,mangrove,west,mangrove,wunifrac
S109,S108,0.2926462963632834,1,west,mangrove,west,mangrove,wunifrac
S110,S108,0.30845486508427367,1,west,mangrove,west,mangrove,wunifrac
S110,S109,0.4501066186176279,0,west,mangrove,west,mangrove,wunifrac
