"","S1","S2","S3","S4","S5","S6","S7","S8","S9","S10","S11","S12","S13","S14","S15","S16","S17","S18","S19","S20","S21","S22","S23","S24","S25","S26","S27","S28","S29","S30","S31","S32","S33","S34","S35","S36","S37","S38","S39","S40","S41","S42","S43","S44","S45","S46","S47","S48","S49","S50","S51","S52","S53","S54","S55","S56","S57","S58","S59","S60","S61","S62","S63","S64","S65","S66","S67","S68","S69","S70","S71","S73","S74","S75","S77","S78","S80","S81","S82","S83","S84","S85","S86","S87","S88","S89","S90","S91","S92","S93","S94","S95","S96","S97","S98","S99","S100","S101","S102","S103","S104","S105","S106","S107","S108","S109","S110"
"S1",0,1.4142135623731,1.4142135623731,3.4142135623731,2.4142135623731,81.953318805774,82.3675323681471,80.953318805774,82.3675323681471,81.3675323681471,213.291413922399,214.291413922399,214.291413922399,214.705627484772,215.705627484772,222.119841047145,220.705627484772,220.705627484772,220.705627484772,222.119841047145,199.840620433566,199.840620433566,199.840620433566,199.840620433566,199.840620433566,198.840620433566,198.840620433566,199.840620433566,200.254833995939,200.254833995939,203.669047558312,203.669047558312,202.669047558312,202.669047558312,202.669047558312,322.492424049175,321.492424049175,320.492424049175,319.906637611548,318.492424049175,429.56349186104,429.149278298667,429.149278298667,430.149278298667,429.149278298667,428.56349186104,428.56349186104,428.56349186104,429.56349186104,429.56349186104,494.906637611547,494.906637611547,494.906637611547,493.906637611547,493.906637611547,752.631601080069,752.631601080069,754.045814642442,753.631601080069,752.631601080069,745.661038331591,745.661038331591,746.661038331591,747.075251893965,748.075251893965,772.661038331591,772.661038331591,772.661038331591,772.661038331591,773.075251893964,644.788888605454,644.788888605454,644.788888605454,644.788888605454,621.303607231216,621.303607231216,621.303607231216,615.688383542066,615.688383542066,615.688383542066,615.688383542066,615.688383542066,642.808224589208,642.808224589208,642.394011026835,642.394011026835,642.394011026835,626.4650788387,627.4650788387,627.4650788387,626.4650788387,626.4650788387,550.038671967509,550.038671967509,550.038671967509,550.038671967509,551.038671967509,484.281312654629,485.523953341748,485.938166904122,487.523953341748,485.695526217002,319.901586977664,319.487373415291,318.487373415291,318.073159852918,318.073159852918
"S2",1.4142135623731,0,2,4,3.82842712474619,80.5391052434009,80.953318805774,79.5391052434009,80.953318805774,79.953318805774,211.877200360026,212.877200360026,212.877200360026,213.291413922399,214.291413922399,220.705627484772,219.291413922399,219.291413922399,219.291413922399,220.705627484772,200.426406871193,200.426406871193,200.426406871193,200.426406871193,200.426406871193,199.426406871193,199.426406871193,200.426406871193,200.840620433566,200.840620433566,204.254833995939,204.254833995939,203.254833995939,203.254833995939,203.254833995939,323.078210486802,322.078210486802,321.078210486802,320.492424049175,319.078210486802,430.149278298667,429.735064736294,429.735064736294,430.735064736294,429.735064736294,429.149278298667,429.149278298667,429.149278298667,430.149278298667,430.149278298667,495.492424049174,495.492424049174,495.492424049174,494.492424049174,494.492424049174,751.217387517696,751.217387517696,752.631601080069,752.217387517696,751.217387517696,744.246824769219,744.246824769219,745.246824769219,745.661038331591,746.661038331591,771.246824769218,771.246824769218,771.246824769218,771.246824769218,771.661038331591,645.374675043081,645.374675043081,645.374675043081,645.374675043081,621.889393668843,621.889393668843,621.889393668843,616.274169979693,616.274169979693,616.274169979693,616.274169979693,616.274169979693,641.394011026835,641.394011026835,640.979797464462,640.979797464462,640.979797464462,625.050865276327,626.050865276327,626.050865276327,625.050865276327,625.050865276327,548.624458405136,548.624458405136,548.624458405136,548.624458405136,549.624458405136,482.867099092256,484.109739779375,484.523953341748,486.109739779375,484.281312654629,318.487373415291,318.073159852918,317.073159852918,316.658946290545,316.658946290545
"S3",1.4142135623731,2,0,2,2.4142135623731,81.3675323681471,81.7817459305202,80.3675323681471,81.7817459305202,80.7817459305202,212.705627484772,213.705627484772,213.705627484772,214.119841047145,215.119841047145,221.534054609518,220.119841047145,220.119841047145,220.119841047145,221.534054609518,201.254833995939,201.254833995939,201.254833995939,201.254833995939,201.254833995939,200.254833995939,200.254833995939,201.254833995939,201.669047558312,201.669047558312,205.083261120685,205.083261120685,204.083261120685,204.083261120685,204.083261120685,323.906637611548,322.906637611548,321.906637611548,321.320851173921,319.906637611548,430.977705423413,430.56349186104,430.56349186104,431.56349186104,430.56349186104,429.977705423413,429.977705423413,429.977705423413,430.977705423413,430.977705423413,496.32085117392,496.32085117392,496.32085117392,495.32085117392,495.32085117392,752.045814642442,752.045814642442,753.460028204815,753.045814642442,752.045814642442,745.075251893965,745.075251893965,746.075251893965,746.489465456338,747.489465456338,772.075251893964,772.075251893964,772.075251893964,772.075251893964,772.489465456337,646.203102167827,646.203102167827,646.203102167827,646.203102167827,622.717820793589,622.717820793589,622.717820793589,617.102597104439,617.102597104439,617.102597104439,617.102597104439,617.102597104439,642.222438151581,642.222438151581,641.808224589208,641.808224589208,641.808224589208,625.879292401073,626.879292401073,626.879292401073,625.879292401073,625.879292401073,549.452885529882,549.452885529882,549.452885529882,549.452885529882,550.452885529882,483.695526217002,484.938166904122,485.352380466495,486.938166904121,485.109739779375,319.315800540037,318.901586977664,317.901586977664,317.487373415291,317.487373415291
"S4",3.4142135623731,4,2,0,2.4142135623731,82.1959594928933,82.6101730552664,81.1959594928933,82.6101730552664,81.6101730552664,213.534054609518,214.534054609518,214.534054609518,214.948268171891,215.948268171891,222.362481734264,220.948268171891,220.948268171891,220.948268171891,222.362481734264,201.254833995939,201.254833995939,201.254833995939,201.254833995939,201.254833995939,200.254833995939,200.254833995939,201.254833995939,201.669047558312,201.669047558312,205.083261120685,205.083261120685,204.083261120685,204.083261120685,204.083261120685,323.906637611548,322.906637611548,321.906637611548,321.320851173921,319.906637611548,430.977705423413,430.56349186104,430.56349186104,431.56349186104,430.56349186104,429.977705423413,429.977705423413,429.977705423413,430.977705423413,430.977705423413,496.32085117392,496.32085117392,496.32085117392,495.32085117392,495.32085117392,752.874241767188,752.874241767188,754.288455329561,753.874241767188,752.874241767188,745.903679018711,745.903679018711,746.903679018711,747.317892581084,748.317892581084,772.90367901871,772.90367901871,772.90367901871,772.90367901871,773.317892581083,646.203102167827,646.203102167827,646.203102167827,646.203102167827,622.717820793589,622.717820793589,622.717820793589,617.102597104439,617.102597104439,617.102597104439,617.102597104439,617.102597104439,643.050865276327,643.050865276327,642.636651713954,642.636651713954,642.636651713954,626.70771952582,627.70771952582,627.70771952582,626.70771952582,626.70771952582,550.281312654628,550.281312654628,550.281312654628,550.281312654628,551.281312654628,484.523953341748,485.766594028868,486.180807591241,487.766594028868,485.938166904121,320.144227664784,319.73001410241,318.73001410241,318.315800540037,318.315800540037
"S5",2.4142135623731,3.82842712474619,2.4142135623731,2.4142135623731,0,83.7817459305202,84.1959594928933,82.7817459305202,84.1959594928933,83.1959594928933,215.119841047145,216.119841047145,216.119841047145,216.534054609518,217.534054609518,223.948268171891,222.534054609518,222.534054609518,222.534054609518,223.948268171891,199.669047558312,199.669047558312,199.669047558312,199.669047558312,199.669047558312,198.669047558312,198.669047558312,199.669047558312,200.083261120685,200.083261120685,203.497474683058,203.497474683058,202.497474683058,202.497474683058,202.497474683058,322.320851173921,321.320851173921,320.320851173921,319.735064736294,318.320851173921,429.391918985786,428.977705423413,428.977705423413,429.977705423413,428.977705423413,428.391918985786,428.391918985786,428.391918985786,429.391918985786,429.391918985786,494.735064736293,494.735064736293,494.735064736293,493.735064736293,493.735064736293,754.460028204815,754.460028204815,755.874241767188,755.460028204815,754.460028204815,747.489465456338,747.489465456338,748.489465456338,748.903679018711,749.903679018711,774.489465456337,774.489465456337,774.489465456337,774.489465456337,774.90367901871,644.6173157302,644.6173157302,644.6173157302,644.6173157302,621.132034355962,621.132034355962,621.132034355962,615.516810666812,615.516810666812,615.516810666812,615.516810666812,615.516810666812,644.636651713954,644.636651713954,644.222438151581,644.222438151581,644.222438151581,628.293505963447,629.293505963447,629.293505963447,628.293505963447,628.293505963447,551.867099092255,551.867099092255,551.867099092255,551.867099092255,552.867099092255,486.109739779375,487.352380466495,487.766594028868,489.352380466495,487.523953341748,321.73001410241,321.315800540037,320.315800540037,319.901586977664,319.901586977664
"S6",81.953318805774,80.5391052434009,81.3675323681471,82.1959594928933,83.7817459305202,0,1,1,1,1.4142135623731,131.338095116624,132.338095116624,132.338095116624,132.752308678997,133.752308678997,140.166522241371,138.752308678997,138.752308678997,138.752308678997,140.166522241371,279.308657865101,279.308657865101,279.308657865101,279.308657865101,279.308657865101,278.308657865101,278.308657865101,279.308657865101,279.722871427475,279.722871427475,283.137084989847,283.137084989847,282.137084989847,282.137084989847,282.137084989847,401.960461480709,400.960461480709,399.960461480709,399.374675043082,397.960461480709,509.031529292574,508.617315730201,508.617315730201,509.617315730201,508.617315730201,508.031529292574,508.031529292574,508.031529292574,509.031529292574,509.031529292574,574.374675043081,574.374675043081,574.374675043081,573.374675043081,573.374675043081,670.678282274296,670.678282274296,672.092495836669,671.678282274296,670.678282274296,663.707719525819,663.707719525819,664.707719525819,665.121933088192,666.121933088192,690.707719525818,690.707719525818,690.707719525818,690.707719525818,691.121933088191,724.256926036988,724.256926036988,724.256926036988,724.256926036988,700.77164466275,700.77164466275,700.77164466275,695.1564209736,695.1564209736,695.1564209736,695.1564209736,695.1564209736,560.854905783435,560.854905783435,560.440692221062,560.440692221062,560.440692221062,544.511760032928,545.511760032928,545.511760032928,544.511760032928,544.511760032928,468.085353161736,468.085353161736,468.085353161736,468.085353161736,469.085353161736,402.327993848856,403.570634535976,403.984848098349,405.570634535976,403.742207411229,237.948268171891,237.534054609518,236.534054609518,236.119841047145,236.119841047145
"S7",82.3675323681471,80.953318805774,81.7817459305202,82.6101730552664,84.1959594928933,1,0,1.4142135623731,0,1,130.923881554251,131.923881554251,131.923881554251,132.338095116624,133.338095116624,139.752308678997,138.338095116624,138.338095116624,138.338095116624,139.752308678997,279.722871427475,279.722871427475,279.722871427475,279.722871427475,279.722871427475,278.722871427475,278.722871427475,279.722871427475,280.137084989848,280.137084989848,283.551298552221,283.551298552221,282.551298552221,282.551298552221,282.551298552221,402.374675043082,401.374675043082,400.374675043082,399.788888605455,398.374675043082,509.445742854947,509.031529292574,509.031529292574,510.031529292574,509.031529292574,508.445742854947,508.445742854947,508.445742854947,509.445742854947,509.445742854947,574.788888605454,574.788888605454,574.788888605454,573.788888605454,573.788888605454,670.264068711923,670.264068711923,671.678282274296,671.264068711923,670.264068711923,663.293505963446,663.293505963446,664.293505963446,664.707719525819,665.707719525819,690.293505963445,690.293505963445,690.293505963445,690.293505963445,690.707719525818,724.671139599362,724.671139599362,724.671139599362,724.671139599362,701.185858225123,701.185858225123,701.185858225123,695.570634535973,695.570634535973,695.570634535973,695.570634535973,695.570634535973,560.440692221062,560.440692221062,560.026478658689,560.026478658689,560.026478658689,544.097546470555,545.097546470555,545.097546470555,544.097546470555,544.097546470555,467.671139599363,467.671139599363,467.671139599363,467.671139599363,468.671139599363,401.913780286483,403.156420973603,403.570634535976,405.156420973603,403.327993848856,237.534054609518,237.119841047145,236.119841047145,235.705627484772,235.705627484772
"S8",80.953318805774,79.5391052434009,80.3675323681471,81.1959594928933,82.7817459305202,1,1.4142135623731,0,1.4142135623731,1,132.338095116624,133.338095116624,133.338095116624,133.752308678997,134.752308678997,141.166522241371,139.752308678997,139.752308678997,139.752308678997,141.166522241371,278.308657865101,278.308657865101,278.308657865101,278.308657865101,278.308657865101,277.308657865101,277.308657865101,278.308657865101,278.722871427475,278.722871427475,282.137084989847,282.137084989847,281.137084989848,281.137084989848,281.137084989848,400.960461480709,399.960461480709,398.960461480709,398.374675043082,396.960461480709,508.031529292574,507.617315730201,507.617315730201,508.617315730201,507.617315730201,507.031529292574,507.031529292574,507.031529292574,508.031529292574,508.031529292574,573.374675043081,573.374675043081,573.374675043081,572.374675043081,572.374675043081,671.678282274296,671.678282274296,673.092495836669,672.678282274296,671.678282274296,664.707719525819,664.707719525819,665.707719525819,666.121933088192,667.121933088192,691.707719525818,691.707719525818,691.707719525818,691.707719525818,692.121933088191,723.256926036988,723.256926036988,723.256926036988,723.256926036988,699.77164466275,699.77164466275,699.77164466275,694.1564209736,694.1564209736,694.1564209736,694.1564209736,694.1564209736,561.854905783435,561.854905783435,561.440692221062,561.440692221062,561.440692221062,545.511760032928,546.511760032928,546.511760032928,545.511760032928,545.511760032928,469.085353161736,469.085353161736,469.085353161736,469.085353161736,470.085353161736,403.327993848856,404.570634535976,404.984848098349,406.570634535976,404.742207411229,238.948268171891,238.534054609518,237.534054609518,237.119841047145,237.119841047145
"S9",82.3675323681471,80.953318805774,81.7817459305202,82.6101730552664,84.1959594928933,1,0,1.4142135623731,0,1,130.923881554251,131.923881554251,131.923881554251,132.338095116624,133.338095116624,139.752308678997,138.338095116624,138.338095116624,138.338095116624,139.752308678997,279.722871427475,279.722871427475,279.722871427475,279.722871427475,279.722871427475,278.722871427475,278.722871427475,279.722871427475,280.137084989848,280.137084989848,283.551298552221,283.551298552221,282.551298552221,282.551298552221,282.551298552221,402.374675043082,401.374675043082,400.374675043082,399.788888605455,398.374675043082,509.445742854947,509.031529292574,509.031529292574,510.031529292574,509.031529292574,508.445742854947,508.445742854947,508.445742854947,509.445742854947,509.445742854947,574.788888605454,574.788888605454,574.788888605454,573.788888605454,573.788888605454,670.264068711923,670.264068711923,671.678282274296,671.264068711923,670.264068711923,663.293505963446,663.293505963446,664.293505963446,664.707719525819,665.707719525819,690.293505963445,690.293505963445,690.293505963445,690.293505963445,690.707719525818,724.671139599362,724.671139599362,724.671139599362,724.671139599362,701.185858225123,701.185858225123,701.185858225123,695.570634535973,695.570634535973,695.570634535973,695.570634535973,695.570634535973,560.440692221062,560.440692221062,560.026478658689,560.026478658689,560.026478658689,544.097546470555,545.097546470555,545.097546470555,544.097546470555,544.097546470555,467.671139599363,467.671139599363,467.671139599363,467.671139599363,468.671139599363,401.913780286483,403.156420973603,403.570634535976,405.156420973603,403.327993848856,237.534054609518,237.119841047145,236.119841047145,235.705627484772,235.705627484772
"S10",81.3675323681471,79.953318805774,80.7817459305202,81.6101730552664,83.1959594928933,1.4142135623731,1,1,1,0,131.923881554251,132.923881554251,132.923881554251,133.338095116624,134.338095116624,140.752308678997,139.338095116624,139.338095116624,139.338095116624,140.752308678997,278.722871427475,278.722871427475,278.722871427475,278.722871427475,278.722871427475,277.722871427475,277.722871427475,278.722871427475,279.137084989848,279.137084989848,282.551298552221,282.551298552221,281.551298552221,281.551298552221,281.551298552221,401.374675043082,400.374675043082,399.374675043082,398.788888605455,397.374675043082,508.445742854947,508.031529292574,508.031529292574,509.031529292574,508.031529292574,507.445742854947,507.445742854947,507.445742854947,508.445742854947,508.445742854947,573.788888605454,573.788888605454,573.788888605454,572.788888605454,572.788888605454,671.264068711923,671.264068711923,672.678282274296,672.264068711923,671.264068711923,664.293505963446,664.293505963446,665.293505963446,665.707719525819,666.707719525819,691.293505963445,691.293505963445,691.293505963445,691.293505963445,691.707719525818,723.671139599362,723.671139599362,723.671139599362,723.671139599362,700.185858225123,700.185858225123,700.185858225123,694.570634535973,694.570634535973,694.570634535973,694.570634535973,694.570634535973,561.440692221062,561.440692221062,561.026478658689,561.026478658689,561.026478658689,545.097546470555,546.097546470555,546.097546470555,545.097546470555,545.097546470555,468.671139599363,468.671139599363,468.671139599363,468.671139599363,469.671139599363,402.913780286483,404.156420973603,404.570634535976,406.156420973603,404.327993848856,238.534054609518,238.119841047145,237.119841047145,236.705627484772,236.705627484772
"S11",213.291413922399,211.877200360026,212.705627484772,213.534054609518,215.119841047145,131.338095116624,130.923881554251,132.338095116624,130.923881554251,131.923881554251,0,1,1,1.4142135623731,2.4142135623731,8.82842712474619,7.4142135623731,7.4142135623731,7.4142135623731,8.82842712474619,410.646752981723,410.646752981723,410.646752981723,410.646752981723,410.646752981723,409.646752981723,409.646752981723,410.646752981723,411.060966544096,411.060966544096,414.47518010647,414.47518010647,413.47518010647,413.47518010647,413.47518010647,533.298556597332,532.298556597332,531.298556597332,530.712770159705,529.298556597332,640.369624409197,639.955410846824,639.955410846824,640.955410846824,639.955410846824,639.369624409197,639.369624409197,639.369624409197,640.369624409197,640.369624409197,705.712770159704,705.712770159704,705.712770159704,704.712770159704,704.712770159704,539.340187157673,539.340187157673,540.754400720046,540.340187157673,539.340187157673,532.369624409196,532.369624409196,533.369624409196,533.783837971569,534.783837971569,559.369624409195,559.369624409195,559.369624409195,559.369624409195,559.783837971569,855.595021153611,855.595021153611,855.595021153611,855.595021153611,832.109739779373,832.109739779373,832.109739779373,826.494516090223,826.494516090223,826.494516090223,826.494516090223,826.494516090223,429.516810666812,429.516810666812,429.102597104439,429.102597104439,429.102597104439,413.173664916305,414.173664916305,414.173664916305,413.173664916305,413.173664916305,336.747258045113,336.747258045113,336.747258045113,336.747258045113,337.747258045113,270.989898732234,272.232539419353,272.646752981726,274.232539419353,272.404112294607,106.610173055267,106.195959492893,105.195959492893,104.78174593052,104.78174593052
"S12",214.291413922399,212.877200360026,213.705627484772,214.534054609518,216.119841047145,132.338095116624,131.923881554251,133.338095116624,131.923881554251,132.923881554251,1,0,0,1,1.4142135623731,7.82842712474619,6.4142135623731,6.4142135623731,6.4142135623731,7.82842712474619,411.646752981723,411.646752981723,411.646752981723,411.646752981723,411.646752981723,410.646752981723,410.646752981723,411.646752981723,412.060966544096,412.060966544096,415.475180106469,415.475180106469,414.47518010647,414.47518010647,414.47518010647,534.298556597332,533.298556597332,532.298556597332,531.712770159705,530.298556597332,641.369624409197,640.955410846824,640.955410846824,641.955410846824,640.955410846824,640.369624409197,640.369624409197,640.369624409197,641.369624409197,641.369624409197,706.712770159704,706.712770159704,706.712770159704,705.712770159704,705.712770159704,538.340187157673,538.340187157673,539.754400720046,539.340187157673,538.340187157673,531.369624409196,531.369624409196,532.369624409196,532.783837971569,533.783837971569,558.369624409195,558.369624409195,558.369624409195,558.369624409195,558.783837971569,856.595021153611,856.595021153611,856.595021153611,856.595021153611,833.109739779373,833.109739779373,833.109739779373,827.494516090223,827.494516090223,827.494516090223,827.494516090223,827.494516090223,428.516810666812,428.516810666812,428.102597104439,428.102597104439,428.102597104439,412.173664916305,413.173664916305,413.173664916305,412.173664916305,412.173664916305,335.747258045113,335.747258045113,335.747258045113,335.747258045113,336.747258045113,269.989898732234,271.232539419353,271.646752981726,273.232539419353,271.404112294607,105.610173055267,105.195959492893,104.195959492893,103.78174593052,103.78174593052
"S13",214.291413922399,212.877200360026,213.705627484772,214.534054609518,216.119841047145,132.338095116624,131.923881554251,133.338095116624,131.923881554251,132.923881554251,1,0,0,1,1.4142135623731,7.82842712474619,6.4142135623731,6.4142135623731,6.4142135623731,7.82842712474619,411.646752981723,411.646752981723,411.646752981723,411.646752981723,411.646752981723,410.646752981723,410.646752981723,411.646752981723,412.060966544096,412.060966544096,415.475180106469,415.475180106469,414.47518010647,414.47518010647,414.47518010647,534.298556597332,533.298556597332,532.298556597332,531.712770159705,530.298556597332,641.369624409197,640.955410846824,640.955410846824,641.955410846824,640.955410846824,640.369624409197,640.369624409197,640.369624409197,641.369624409197,641.369624409197,706.712770159704,706.712770159704,706.712770159704,705.712770159704,705.712770159704,538.340187157673,538.340187157673,539.754400720046,539.340187157673,538.340187157673,531.369624409196,531.369624409196,532.369624409196,532.783837971569,533.783837971569,558.369624409195,558.369624409195,558.369624409195,558.369624409195,558.783837971569,856.595021153611,856.595021153611,856.595021153611,856.595021153611,833.109739779373,833.109739779373,833.109739779373,827.494516090223,827.494516090223,827.494516090223,827.494516090223,827.494516090223,428.516810666812,428.516810666812,428.102597104439,428.102597104439,428.102597104439,412.173664916305,413.173664916305,413.173664916305,412.173664916305,412.173664916305,335.747258045113,335.747258045113,335.747258045113,335.747258045113,336.747258045113,269.989898732234,271.232539419353,271.646752981726,273.232539419353,271.404112294607,105.610173055267,105.195959492893,104.195959492893,103.78174593052,103.78174593052
"S14",214.705627484772,213.291413922399,214.119841047145,214.948268171891,216.534054609518,132.752308678997,132.338095116624,133.752308678997,132.338095116624,133.338095116624,1.4142135623731,1,1,0,1,7.4142135623731,6,6,6,7.4142135623731,412.060966544096,412.060966544096,412.060966544096,412.060966544096,412.060966544096,411.060966544096,411.060966544096,412.060966544096,412.47518010647,412.47518010647,415.889393668843,415.889393668843,414.889393668843,414.889393668843,414.889393668843,534.712770159705,533.712770159705,532.712770159705,532.126983722078,530.712770159705,641.78383797157,641.369624409197,641.369624409197,642.369624409197,641.369624409197,640.78383797157,640.78383797157,640.78383797157,641.78383797157,641.78383797157,707.126983722077,707.126983722077,707.126983722077,706.126983722077,706.126983722077,537.9259735953,537.9259735953,539.340187157673,538.9259735953,537.9259735953,530.955410846823,530.955410846823,531.955410846823,532.369624409196,533.369624409196,557.955410846822,557.955410846822,557.955410846822,557.955410846822,558.369624409195,857.009234715984,857.009234715984,857.009234715984,857.009234715984,833.523953341746,833.523953341746,833.523953341746,827.908729652596,827.908729652596,827.908729652596,827.908729652596,827.908729652596,428.102597104439,428.102597104439,427.688383542066,427.688383542066,427.688383542066,411.759451353932,412.759451353932,412.759451353932,411.759451353932,411.759451353932,335.33304448274,335.33304448274,335.33304448274,335.33304448274,336.33304448274,269.575685169861,270.81832585698,271.232539419353,272.81832585698,270.989898732234,105.195959492893,104.78174593052,103.78174593052,103.367532368147,103.367532368147
"S15",215.705627484772,214.291413922399,215.119841047145,215.948268171891,217.534054609518,133.752308678997,133.338095116624,134.752308678997,133.338095116624,134.338095116624,2.4142135623731,1.4142135623731,1.4142135623731,1,0,6.4142135623731,5,5,5,6.4142135623731,413.060966544096,413.060966544096,413.060966544096,413.060966544096,413.060966544096,412.060966544096,412.060966544096,413.060966544096,413.47518010647,413.47518010647,416.889393668843,416.889393668843,415.889393668843,415.889393668843,415.889393668843,535.712770159705,534.712770159705,533.712770159705,533.126983722078,531.712770159705,642.78383797157,642.369624409197,642.369624409197,643.369624409197,642.369624409197,641.78383797157,641.78383797157,641.78383797157,642.78383797157,642.78383797157,708.126983722077,708.126983722077,708.126983722077,707.126983722077,707.126983722077,536.9259735953,536.9259735953,538.340187157673,537.9259735953,536.9259735953,529.955410846823,529.955410846823,530.955410846823,531.369624409196,532.369624409196,556.955410846822,556.955410846822,556.955410846822,556.955410846822,557.369624409195,858.009234715984,858.009234715984,858.009234715984,858.009234715984,834.523953341746,834.523953341746,834.523953341746,828.908729652596,828.908729652596,828.908729652596,828.908729652596,828.908729652596,427.102597104439,427.102597104439,426.688383542066,426.688383542066,426.688383542066,410.759451353932,411.759451353932,411.759451353932,410.759451353932,410.759451353932,334.33304448274,334.33304448274,334.33304448274,334.33304448274,335.33304448274,268.575685169861,269.81832585698,270.232539419353,271.81832585698,269.989898732234,104.195959492893,103.78174593052,102.78174593052,102.367532368147,102.367532368147
"S16",222.119841047145,220.705627484772,221.534054609518,222.362481734264,223.948268171891,140.166522241371,139.752308678997,141.166522241371,139.752308678997,140.752308678997,8.82842712474619,7.82842712474619,7.82842712474619,7.4142135623731,6.4142135623731,0,1.4142135623731,1.4142135623731,1.4142135623731,0,419.475180106469,419.475180106469,419.475180106469,419.475180106469,419.475180106469,418.475180106469,418.475180106469,419.475180106469,419.889393668843,419.889393668843,423.303607231215,423.303607231215,422.303607231215,422.303607231215,422.303607231215,542.126983722078,541.126983722078,540.126983722078,539.541197284451,538.126983722078,649.198051533943,648.78383797157,648.78383797157,649.78383797157,648.78383797157,648.198051533943,648.198051533943,648.198051533943,649.198051533943,649.198051533943,714.54119728445,714.54119728445,714.54119728445,713.54119728445,713.54119728445,530.511760032927,530.511760032927,531.9259735953,531.511760032927,530.511760032927,523.54119728445,523.54119728445,524.54119728445,524.955410846823,525.955410846823,550.541197284449,550.541197284449,550.541197284449,550.541197284449,550.955410846822,864.423448278357,864.423448278357,864.423448278357,864.423448278357,840.938166904119,840.938166904119,840.938166904119,835.322943214969,835.322943214969,835.322943214969,835.322943214969,835.322943214969,420.688383542066,420.688383542066,420.274169979693,420.274169979693,420.274169979693,404.345237791559,405.345237791559,405.345237791559,404.345237791559,404.345237791559,327.918830920367,327.918830920367,327.918830920367,327.918830920367,328.918830920367,262.161471607488,263.404112294607,263.81832585698,265.404112294607,263.575685169861,97.7817459305203,97.3675323681472,96.3675323681472,95.9533188057741,95.9533188057741
"S17",220.705627484772,219.291413922399,220.119841047145,220.948268171891,222.534054609518,138.752308678997,138.338095116624,139.752308678997,138.338095116624,139.338095116624,7.4142135623731,6.4142135623731,6.4142135623731,6,5,1.4142135623731,0,0,0,1.4142135623731,418.060966544096,418.060966544096,418.060966544096,418.060966544096,418.060966544096,417.060966544096,417.060966544096,418.060966544096,418.475180106469,418.475180106469,421.889393668842,421.889393668842,420.889393668842,420.889393668842,420.889393668842,540.712770159705,539.712770159705,538.712770159705,538.126983722078,536.712770159705,647.78383797157,647.369624409197,647.369624409197,648.369624409197,647.369624409197,646.78383797157,646.78383797157,646.78383797157,647.78383797157,647.78383797157,713.126983722077,713.126983722077,713.126983722077,712.126983722077,712.126983722077,531.9259735953,531.9259735953,533.340187157673,532.9259735953,531.9259735953,524.955410846823,524.955410846823,525.955410846823,526.369624409196,527.369624409196,551.955410846822,551.955410846822,551.955410846822,551.955410846822,552.369624409195,863.009234715984,863.009234715984,863.009234715984,863.009234715984,839.523953341746,839.523953341746,839.523953341746,833.908729652596,833.908729652596,833.908729652596,833.908729652596,833.908729652596,422.102597104439,422.102597104439,421.688383542066,421.688383542066,421.688383542066,405.759451353932,406.759451353932,406.759451353932,405.759451353932,405.759451353932,329.33304448274,329.33304448274,329.33304448274,329.33304448274,330.33304448274,263.575685169861,264.81832585698,265.232539419353,266.81832585698,264.989898732234,99.1959594928934,98.7817459305203,97.7817459305203,97.3675323681472,97.3675323681472
"S18",220.705627484772,219.291413922399,220.119841047145,220.948268171891,222.534054609518,138.752308678997,138.338095116624,139.752308678997,138.338095116624,139.338095116624,7.4142135623731,6.4142135623731,6.4142135623731,6,5,1.4142135623731,0,0,0,1.4142135623731,418.060966544096,418.060966544096,418.060966544096,418.060966544096,418.060966544096,417.060966544096,417.060966544096,418.060966544096,418.475180106469,418.475180106469,421.889393668842,421.889393668842,420.889393668842,420.889393668842,420.889393668842,540.712770159705,539.712770159705,538.712770159705,538.126983722078,536.712770159705,647.78383797157,647.369624409197,647.369624409197,648.369624409197,647.369624409197,646.78383797157,646.78383797157,646.78383797157,647.78383797157,647.78383797157,713.126983722077,713.126983722077,713.126983722077,712.126983722077,712.126983722077,531.9259735953,531.9259735953,533.340187157673,532.9259735953,531.9259735953,524.955410846823,524.955410846823,525.955410846823,526.369624409196,527.369624409196,551.955410846822,551.955410846822,551.955410846822,551.955410846822,552.369624409195,863.009234715984,863.009234715984,863.009234715984,863.009234715984,839.523953341746,839.523953341746,839.523953341746,833.908729652596,833.908729652596,833.908729652596,833.908729652596,833.908729652596,422.102597104439,422.102597104439,421.688383542066,421.688383542066,421.688383542066,405.759451353932,406.759451353932,406.759451353932,405.759451353932,405.759451353932,329.33304448274,329.33304448274,329.33304448274,329.33304448274,330.33304448274,263.575685169861,264.81832585698,265.232539419353,266.81832585698,264.989898732234,99.1959594928934,98.7817459305203,97.7817459305203,97.3675323681472,97.3675323681472
"S19",220.705627484772,219.291413922399,220.119841047145,220.948268171891,222.534054609518,138.752308678997,138.338095116624,139.752308678997,138.338095116624,139.338095116624,7.4142135623731,6.4142135623731,6.4142135623731,6,5,1.4142135623731,0,0,0,1.4142135623731,418.060966544096,418.060966544096,418.060966544096,418.060966544096,418.060966544096,417.060966544096,417.060966544096,418.060966544096,418.475180106469,418.475180106469,421.889393668842,421.889393668842,420.889393668842,420.889393668842,420.889393668842,540.712770159705,539.712770159705,538.712770159705,538.126983722078,536.712770159705,647.78383797157,647.369624409197,647.369624409197,648.369624409197,647.369624409197,646.78383797157,646.78383797157,646.78383797157,647.78383797157,647.78383797157,713.126983722077,713.126983722077,713.126983722077,712.126983722077,712.126983722077,531.9259735953,531.9259735953,533.340187157673,532.9259735953,531.9259735953,524.955410846823,524.955410846823,525.955410846823,526.369624409196,527.369624409196,551.955410846822,551.955410846822,551.955410846822,551.955410846822,552.369624409195,863.009234715984,863.009234715984,863.009234715984,863.009234715984,839.523953341746,839.523953341746,839.523953341746,833.908729652596,833.908729652596,833.908729652596,833.908729652596,833.908729652596,422.102597104439,422.102597104439,421.688383542066,421.688383542066,421.688383542066,405.759451353932,406.759451353932,406.759451353932,405.759451353932,405.759451353932,329.33304448274,329.33304448274,329.33304448274,329.33304448274,330.33304448274,263.575685169861,264.81832585698,265.232539419353,266.81832585698,264.989898732234,99.1959594928934,98.7817459305203,97.7817459305203,97.3675323681472,97.3675323681472
"S20",222.119841047145,220.705627484772,221.534054609518,222.362481734264,223.948268171891,140.166522241371,139.752308678997,141.166522241371,139.752308678997,140.752308678997,8.82842712474619,7.82842712474619,7.82842712474619,7.4142135623731,6.4142135623731,0,1.4142135623731,1.4142135623731,1.4142135623731,0,419.475180106469,419.475180106469,419.475180106469,419.475180106469,419.475180106469,418.475180106469,418.475180106469,419.475180106469,419.889393668843,419.889393668843,423.303607231215,423.303607231215,422.303607231215,422.303607231215,422.303607231215,542.126983722078,541.126983722078,540.126983722078,539.541197284451,538.126983722078,649.198051533943,648.78383797157,648.78383797157,649.78383797157,648.78383797157,648.198051533943,648.198051533943,648.198051533943,649.198051533943,649.198051533943,714.54119728445,714.54119728445,714.54119728445,713.54119728445,713.54119728445,530.511760032927,530.511760032927,531.9259735953,531.511760032927,530.511760032927,523.54119728445,523.54119728445,524.54119728445,524.955410846823,525.955410846823,550.541197284449,550.541197284449,550.541197284449,550.541197284449,550.955410846822,864.423448278357,864.423448278357,864.423448278357,864.423448278357,840.938166904119,840.938166904119,840.938166904119,835.322943214969,835.322943214969,835.322943214969,835.322943214969,835.322943214969,420.688383542066,420.688383542066,420.274169979693,420.274169979693,420.274169979693,404.345237791559,405.345237791559,405.345237791559,404.345237791559,404.345237791559,327.918830920367,327.918830920367,327.918830920367,327.918830920367,328.918830920367,262.161471607488,263.404112294607,263.81832585698,265.404112294607,263.575685169861,97.7817459305203,97.3675323681472,96.3675323681472,95.9533188057741,95.9533188057741
"S21",199.840620433566,200.426406871193,201.254833995939,201.254833995939,199.669047558312,279.308657865101,279.722871427475,278.308657865101,279.722871427475,278.722871427475,410.646752981723,411.646752981723,411.646752981723,412.060966544096,413.060966544096,419.475180106469,418.060966544096,418.060966544096,418.060966544096,419.475180106469,0,0,0,0,0,1,1,0,1,1,3.82842712474619,3.82842712474619,2.82842712474619,2.82842712474619,2.82842712474619,122.651803615609,121.651803615609,120.651803615609,120.066017177982,118.651803615609,229.722871427475,229.308657865102,229.308657865102,230.308657865102,229.308657865102,228.722871427475,228.722871427475,228.722871427475,229.722871427475,229.722871427475,295.066017177982,295.066017177982,295.066017177982,294.066017177982,294.066017177982,941.64379438889,941.64379438889,942.229580826516,941.229580826516,941.64379438889,931.64379438889,931.64379438889,930.64379438889,931.058007951263,930.64379438889,919.288455329562,919.288455329562,919.288455329562,919.288455329562,920.288455329562,444.948268171889,444.948268171889,444.948268171889,444.948268171889,421.46298679765,421.46298679765,421.46298679765,415.847763108501,415.847763108501,415.847763108501,415.847763108501,415.847763108501,840.163563648534,840.163563648534,839.749350086161,839.749350086161,839.749350086161,823.820417898027,824.820417898027,824.820417898027,823.820417898027,823.820417898027,747.394011026836,747.394011026836,747.394011026836,747.394011026836,748.394011026836,681.636651713956,682.879292401075,683.293505963448,684.879292401075,683.050865276329,517.256926036991,516.842712474618,515.842712474618,515.428498912245,515.428498912245
"S22",199.840620433566,200.426406871193,201.254833995939,201.254833995939,199.669047558312,279.308657865101,279.722871427475,278.308657865101,279.722871427475,278.722871427475,410.646752981723,411.646752981723,411.646752981723,412.060966544096,413.060966544096,419.475180106469,418.060966544096,418.060966544096,418.060966544096,419.475180106469,0,0,0,0,0,1,1,0,1,1,3.82842712474619,3.82842712474619,2.82842712474619,2.82842712474619,2.82842712474619,122.651803615609,121.651803615609,120.651803615609,120.066017177982,118.651803615609,229.722871427475,229.308657865102,229.308657865102,230.308657865102,229.308657865102,228.722871427475,228.722871427475,228.722871427475,229.722871427475,229.722871427475,295.066017177982,295.066017177982,295.066017177982,294.066017177982,294.066017177982,941.64379438889,941.64379438889,942.229580826516,941.229580826516,941.64379438889,931.64379438889,931.64379438889,930.64379438889,931.058007951263,930.64379438889,919.288455329562,919.288455329562,919.288455329562,919.288455329562,920.288455329562,444.948268171889,444.948268171889,444.948268171889,444.948268171889,421.46298679765,421.46298679765,421.46298679765,415.847763108501,415.847763108501,415.847763108501,415.847763108501,415.847763108501,840.163563648534,840.163563648534,839.749350086161,839.749350086161,839.749350086161,823.820417898027,824.820417898027,824.820417898027,823.820417898027,823.820417898027,747.394011026836,747.394011026836,747.394011026836,747.394011026836,748.394011026836,681.636651713956,682.879292401075,683.293505963448,684.879292401075,683.050865276329,517.256926036991,516.842712474618,515.842712474618,515.428498912245,515.428498912245
"S23",199.840620433566,200.426406871193,201.254833995939,201.254833995939,199.669047558312,279.308657865101,279.722871427475,278.308657865101,279.722871427475,278.722871427475,410.646752981723,411.646752981723,411.646752981723,412.060966544096,413.060966544096,419.475180106469,418.060966544096,418.060966544096,418.060966544096,419.475180106469,0,0,0,0,0,1,1,0,1,1,3.82842712474619,3.82842712474619,2.82842712474619,2.82842712474619,2.82842712474619,122.651803615609,121.651803615609,120.651803615609,120.066017177982,118.651803615609,229.722871427475,229.308657865102,229.308657865102,230.308657865102,229.308657865102,228.722871427475,228.722871427475,228.722871427475,229.722871427475,229.722871427475,295.066017177982,295.066017177982,295.066017177982,294.066017177982,294.066017177982,941.64379438889,941.64379438889,942.229580826516,941.229580826516,941.64379438889,931.64379438889,931.64379438889,930.64379438889,931.058007951263,930.64379438889,919.288455329562,919.288455329562,919.288455329562,919.288455329562,920.288455329562,444.948268171889,444.948268171889,444.948268171889,444.948268171889,421.46298679765,421.46298679765,421.46298679765,415.847763108501,415.847763108501,415.847763108501,415.847763108501,415.847763108501,840.163563648534,840.163563648534,839.749350086161,839.749350086161,839.749350086161,823.820417898027,824.820417898027,824.820417898027,823.820417898027,823.820417898027,747.394011026836,747.394011026836,747.394011026836,747.394011026836,748.394011026836,681.636651713956,682.879292401075,683.293505963448,684.879292401075,683.050865276329,517.256926036991,516.842712474618,515.842712474618,515.428498912245,515.428498912245
"S24",199.840620433566,200.426406871193,201.254833995939,201.254833995939,199.669047558312,279.308657865101,279.722871427475,278.308657865101,279.722871427475,278.722871427475,410.646752981723,411.646752981723,411.646752981723,412.060966544096,413.060966544096,419.475180106469,418.060966544096,418.060966544096,418.060966544096,419.475180106469,0,0,0,0,0,1,1,0,1,1,3.82842712474619,3.82842712474619,2.82842712474619,2.82842712474619,2.82842712474619,122.651803615609,121.651803615609,120.651803615609,120.066017177982,118.651803615609,229.722871427475,229.308657865102,229.308657865102,230.308657865102,229.308657865102,228.722871427475,228.722871427475,228.722871427475,229.722871427475,229.722871427475,295.066017177982,295.066017177982,295.066017177982,294.066017177982,294.066017177982,941.64379438889,941.64379438889,942.229580826516,941.229580826516,941.64379438889,931.64379438889,931.64379438889,930.64379438889,931.058007951263,930.64379438889,919.288455329562,919.288455329562,919.288455329562,919.288455329562,920.288455329562,444.948268171889,444.948268171889,444.948268171889,444.948268171889,421.46298679765,421.46298679765,421.46298679765,415.847763108501,415.847763108501,415.847763108501,415.847763108501,415.847763108501,840.163563648534,840.163563648534,839.749350086161,839.749350086161,839.749350086161,823.820417898027,824.820417898027,824.820417898027,823.820417898027,823.820417898027,747.394011026836,747.394011026836,747.394011026836,747.394011026836,748.394011026836,681.636651713956,682.879292401075,683.293505963448,684.879292401075,683.050865276329,517.256926036991,516.842712474618,515.842712474618,515.428498912245,515.428498912245
"S25",199.840620433566,200.426406871193,201.254833995939,201.254833995939,199.669047558312,279.308657865101,279.722871427475,278.308657865101,279.722871427475,278.722871427475,410.646752981723,411.646752981723,411.646752981723,412.060966544096,413.060966544096,419.475180106469,418.060966544096,418.060966544096,418.060966544096,419.475180106469,0,0,0,0,0,1,1,0,1,1,3.82842712474619,3.82842712474619,2.82842712474619,2.82842712474619,2.82842712474619,122.651803615609,121.651803615609,120.651803615609,120.066017177982,118.651803615609,229.722871427475,229.308657865102,229.308657865102,230.308657865102,229.308657865102,228.722871427475,228.722871427475,228.722871427475,229.722871427475,229.722871427475,295.066017177982,295.066017177982,295.066017177982,294.066017177982,294.066017177982,941.64379438889,941.64379438889,942.229580826516,941.229580826516,941.64379438889,931.64379438889,931.64379438889,930.64379438889,931.058007951263,930.64379438889,919.288455329562,919.288455329562,919.288455329562,919.288455329562,920.288455329562,444.948268171889,444.948268171889,444.948268171889,444.948268171889,421.46298679765,421.46298679765,421.46298679765,415.847763108501,415.847763108501,415.847763108501,415.847763108501,415.847763108501,840.163563648534,840.163563648534,839.749350086161,839.749350086161,839.749350086161,823.820417898027,824.820417898027,824.820417898027,823.820417898027,823.820417898027,747.394011026836,747.394011026836,747.394011026836,747.394011026836,748.394011026836,681.636651713956,682.879292401075,683.293505963448,684.879292401075,683.050865276329,517.256926036991,516.842712474618,515.842712474618,515.428498912245,515.428498912245
"S26",198.840620433566,199.426406871193,200.254833995939,200.254833995939,198.669047558312,278.308657865101,278.722871427475,277.308657865101,278.722871427475,277.722871427475,409.646752981723,410.646752981723,410.646752981723,411.060966544096,412.060966544096,418.475180106469,417.060966544096,417.060966544096,417.060966544096,418.475180106469,1,1,1,1,1,0,0,1,1.4142135623731,1.4142135623731,4.82842712474619,4.82842712474619,3.82842712474619,3.82842712474619,3.82842712474619,123.651803615609,122.651803615609,121.651803615609,121.066017177982,119.651803615609,230.722871427475,230.308657865102,230.308657865102,231.308657865102,230.308657865102,229.722871427475,229.722871427475,229.722871427475,230.722871427475,230.722871427475,296.066017177982,296.066017177982,296.066017177982,295.066017177982,295.066017177982,942.64379438889,942.64379438889,943.229580826516,942.229580826516,942.64379438889,932.64379438889,932.64379438889,931.64379438889,932.058007951263,931.64379438889,920.288455329562,920.288455329562,920.288455329562,920.288455329562,921.288455329562,445.948268171889,445.948268171889,445.948268171889,445.948268171889,422.46298679765,422.46298679765,422.46298679765,416.847763108501,416.847763108501,416.847763108501,416.847763108501,416.847763108501,839.163563648534,839.163563648534,838.749350086161,838.749350086161,838.749350086161,822.820417898027,823.820417898027,823.820417898027,822.820417898027,822.820417898027,746.394011026836,746.394011026836,746.394011026836,746.394011026836,747.394011026836,680.636651713956,681.879292401075,682.293505963448,683.879292401075,682.050865276329,516.256926036991,515.842712474618,514.842712474618,514.428498912245,514.428498912245
"S27",198.840620433566,199.426406871193,200.254833995939,200.254833995939,198.669047558312,278.308657865101,278.722871427475,277.308657865101,278.722871427475,277.722871427475,409.646752981723,410.646752981723,410.646752981723,411.060966544096,412.060966544096,418.475180106469,417.060966544096,417.060966544096,417.060966544096,418.475180106469,1,1,1,1,1,0,0,1,1.4142135623731,1.4142135623731,4.82842712474619,4.82842712474619,3.82842712474619,3.82842712474619,3.82842712474619,123.651803615609,122.651803615609,121.651803615609,121.066017177982,119.651803615609,230.722871427475,230.308657865102,230.308657865102,231.308657865102,230.308657865102,229.722871427475,229.722871427475,229.722871427475,230.722871427475,230.722871427475,296.066017177982,296.066017177982,296.066017177982,295.066017177982,295.066017177982,942.64379438889,942.64379438889,943.229580826516,942.229580826516,942.64379438889,932.64379438889,932.64379438889,931.64379438889,932.058007951263,931.64379438889,920.288455329562,920.288455329562,920.288455329562,920.288455329562,921.288455329562,445.948268171889,445.948268171889,445.948268171889,445.948268171889,422.46298679765,422.46298679765,422.46298679765,416.847763108501,416.847763108501,416.847763108501,416.847763108501,416.847763108501,839.163563648534,839.163563648534,838.749350086161,838.749350086161,838.749350086161,822.820417898027,823.820417898027,823.820417898027,822.820417898027,822.820417898027,746.394011026836,746.394011026836,746.394011026836,746.394011026836,747.394011026836,680.636651713956,681.879292401075,682.293505963448,683.879292401075,682.050865276329,516.256926036991,515.842712474618,514.842712474618,514.428498912245,514.428498912245
"S28",199.840620433566,200.426406871193,201.254833995939,201.254833995939,199.669047558312,279.308657865101,279.722871427475,278.308657865101,279.722871427475,278.722871427475,410.646752981723,411.646752981723,411.646752981723,412.060966544096,413.060966544096,419.475180106469,418.060966544096,418.060966544096,418.060966544096,419.475180106469,0,0,0,0,0,1,1,0,1,1,3.82842712474619,3.82842712474619,2.82842712474619,2.82842712474619,2.82842712474619,122.651803615609,121.651803615609,120.651803615609,120.066017177982,118.651803615609,229.722871427475,229.308657865102,229.308657865102,230.308657865102,229.308657865102,228.722871427475,228.722871427475,228.722871427475,229.722871427475,229.722871427475,295.066017177982,295.066017177982,295.066017177982,294.066017177982,294.066017177982,941.64379438889,941.64379438889,942.229580826516,941.229580826516,941.64379438889,931.64379438889,931.64379438889,930.64379438889,931.058007951263,930.64379438889,919.288455329562,919.288455329562,919.288455329562,919.288455329562,920.288455329562,444.948268171889,444.948268171889,444.948268171889,444.948268171889,421.46298679765,421.46298679765,421.46298679765,415.847763108501,415.847763108501,415.847763108501,415.847763108501,415.847763108501,840.163563648534,840.163563648534,839.749350086161,839.749350086161,839.749350086161,823.820417898027,824.820417898027,824.820417898027,823.820417898027,823.820417898027,747.394011026836,747.394011026836,747.394011026836,747.394011026836,748.394011026836,681.636651713956,682.879292401075,683.293505963448,684.879292401075,683.050865276329,517.256926036991,516.842712474618,515.842712474618,515.428498912245,515.428498912245
"S29",200.254833995939,200.840620433566,201.669047558312,201.669047558312,200.083261120685,279.722871427475,280.137084989848,278.722871427475,280.137084989848,279.137084989848,411.060966544096,412.060966544096,412.060966544096,412.47518010647,413.47518010647,419.889393668843,418.475180106469,418.475180106469,418.475180106469,419.889393668843,1,1,1,1,1,1.4142135623731,1.4142135623731,1,0,0,3.4142135623731,3.4142135623731,2.4142135623731,2.4142135623731,2.4142135623731,122.237590053236,121.237590053236,120.237590053236,119.651803615609,118.237590053236,229.308657865102,228.894444302728,228.894444302728,229.894444302728,228.894444302728,228.308657865102,228.308657865102,228.308657865102,229.308657865102,229.308657865102,294.651803615608,294.651803615608,294.651803615608,293.651803615608,293.651803615608,941.229580826516,941.229580826516,941.815367264143,940.815367264143,941.229580826516,931.229580826517,931.229580826517,930.229580826517,930.64379438889,930.229580826517,918.874241767189,918.874241767189,918.874241767189,918.874241767189,919.874241767189,444.534054609516,444.534054609516,444.534054609516,444.534054609516,421.048773235277,421.048773235277,421.048773235277,415.433549546128,415.433549546128,415.433549546128,415.433549546128,415.433549546128,840.577777210908,840.577777210908,840.163563648534,840.163563648534,840.163563648534,824.2346314604,825.2346314604,825.2346314604,824.2346314604,824.2346314604,747.808224589209,747.808224589209,747.808224589209,747.808224589209,748.808224589209,682.050865276329,683.293505963448,683.707719525821,685.293505963448,683.465078838702,517.671139599364,517.256926036991,516.256926036991,515.842712474618,515.842712474618
"S30",200.254833995939,200.840620433566,201.669047558312,201.669047558312,200.083261120685,279.722871427475,280.137084989848,278.722871427475,280.137084989848,279.137084989848,411.060966544096,412.060966544096,412.060966544096,412.47518010647,413.47518010647,419.889393668843,418.475180106469,418.475180106469,418.475180106469,419.889393668843,1,1,1,1,1,1.4142135623731,1.4142135623731,1,0,0,3.4142135623731,3.4142135623731,2.4142135623731,2.4142135623731,2.4142135623731,122.237590053236,121.237590053236,120.237590053236,119.651803615609,118.237590053236,229.308657865102,228.894444302728,228.894444302728,229.894444302728,228.894444302728,228.308657865102,228.308657865102,228.308657865102,229.308657865102,229.308657865102,294.651803615608,294.651803615608,294.651803615608,293.651803615608,293.651803615608,941.229580826516,941.229580826516,941.815367264143,940.815367264143,941.229580826516,931.229580826517,931.229580826517,930.229580826517,930.64379438889,930.229580826517,918.874241767189,918.874241767189,918.874241767189,918.874241767189,919.874241767189,444.534054609516,444.534054609516,444.534054609516,444.534054609516,421.048773235277,421.048773235277,421.048773235277,415.433549546128,415.433549546128,415.433549546128,415.433549546128,415.433549546128,840.577777210908,840.577777210908,840.163563648534,840.163563648534,840.163563648534,824.2346314604,825.2346314604,825.2346314604,824.2346314604,824.2346314604,747.808224589209,747.808224589209,747.808224589209,747.808224589209,748.808224589209,682.050865276329,683.293505963448,683.707719525821,685.293505963448,683.465078838702,517.671139599364,517.256926036991,516.256926036991,515.842712474618,515.842712474618
"S31",203.669047558312,204.254833995939,205.083261120685,205.083261120685,203.497474683058,283.137084989847,283.551298552221,282.137084989847,283.551298552221,282.551298552221,414.47518010647,415.475180106469,415.475180106469,415.889393668843,416.889393668843,423.303607231215,421.889393668842,421.889393668842,421.889393668842,423.303607231215,3.82842712474619,3.82842712474619,3.82842712474619,3.82842712474619,3.82842712474619,4.82842712474619,4.82842712474619,3.82842712474619,3.4142135623731,3.4142135623731,0,0,1,1,1,118.823376490863,117.823376490863,116.823376490863,116.237590053236,114.823376490863,225.894444302728,225.480230740355,225.480230740355,226.480230740355,225.480230740355,224.894444302728,224.894444302728,224.894444302728,225.894444302728,225.894444302728,291.237590053235,291.237590053235,291.237590053235,290.237590053235,290.237590053235,937.815367264143,937.815367264143,938.40115370177,937.40115370177,937.815367264143,927.815367264144,927.815367264144,926.815367264144,927.229580826517,926.815367264144,915.460028204816,915.460028204816,915.460028204816,915.460028204816,916.460028204816,441.119841047143,441.119841047143,441.119841047143,441.119841047143,417.634559672904,417.634559672904,417.634559672904,412.019335983755,412.019335983755,412.019335983755,412.019335983755,412.019335983755,843.991990773281,843.991990773281,843.577777210908,843.577777210908,843.577777210908,827.648845022773,828.648845022773,828.648845022773,827.648845022773,827.648845022773,751.222438151582,751.222438151582,751.222438151582,751.222438151582,752.222438151582,685.465078838702,686.707719525821,687.121933088195,688.707719525821,686.879292401075,521.085353161737,520.671139599364,519.671139599364,519.256926036991,519.256926036991
"S32",203.669047558312,204.254833995939,205.083261120685,205.083261120685,203.497474683058,283.137084989847,283.551298552221,282.137084989847,283.551298552221,282.551298552221,414.47518010647,415.475180106469,415.475180106469,415.889393668843,416.889393668843,423.303607231215,421.889393668842,421.889393668842,421.889393668842,423.303607231215,3.82842712474619,3.82842712474619,3.82842712474619,3.82842712474619,3.82842712474619,4.82842712474619,4.82842712474619,3.82842712474619,3.4142135623731,3.4142135623731,0,0,1,1,1,118.823376490863,117.823376490863,116.823376490863,116.237590053236,114.823376490863,225.894444302728,225.480230740355,225.480230740355,226.480230740355,225.480230740355,224.894444302728,224.894444302728,224.894444302728,225.894444302728,225.894444302728,291.237590053235,291.237590053235,291.237590053235,290.237590053235,290.237590053235,937.815367264143,937.815367264143,938.40115370177,937.40115370177,937.815367264143,927.815367264144,927.815367264144,926.815367264144,927.229580826517,926.815367264144,915.460028204816,915.460028204816,915.460028204816,915.460028204816,916.460028204816,441.119841047143,441.119841047143,441.119841047143,441.119841047143,417.634559672904,417.634559672904,417.634559672904,412.019335983755,412.019335983755,412.019335983755,412.019335983755,412.019335983755,843.991990773281,843.991990773281,843.577777210908,843.577777210908,843.577777210908,827.648845022773,828.648845022773,828.648845022773,827.648845022773,827.648845022773,751.222438151582,751.222438151582,751.222438151582,751.222438151582,752.222438151582,685.465078838702,686.707719525821,687.121933088195,688.707719525821,686.879292401075,521.085353161737,520.671139599364,519.671139599364,519.256926036991,519.256926036991
"S33",202.669047558312,203.254833995939,204.083261120685,204.083261120685,202.497474683058,282.137084989847,282.551298552221,281.137084989848,282.551298552221,281.551298552221,413.47518010647,414.47518010647,414.47518010647,414.889393668843,415.889393668843,422.303607231215,420.889393668842,420.889393668842,420.889393668842,422.303607231215,2.82842712474619,2.82842712474619,2.82842712474619,2.82842712474619,2.82842712474619,3.82842712474619,3.82842712474619,2.82842712474619,2.4142135623731,2.4142135623731,1,1,0,0,0,119.823376490863,118.823376490863,117.823376490863,117.237590053236,115.823376490863,226.894444302728,226.480230740355,226.480230740355,227.480230740355,226.480230740355,225.894444302728,225.894444302728,225.894444302728,226.894444302728,226.894444302728,292.237590053235,292.237590053235,292.237590053235,291.237590053235,291.237590053235,938.815367264143,938.815367264143,939.40115370177,938.40115370177,938.815367264143,928.815367264144,928.815367264144,927.815367264144,928.229580826517,927.815367264144,916.460028204816,916.460028204816,916.460028204816,916.460028204816,917.460028204816,442.119841047143,442.119841047143,442.119841047143,442.119841047143,418.634559672904,418.634559672904,418.634559672904,413.019335983755,413.019335983755,413.019335983755,413.019335983755,413.019335983755,842.991990773281,842.991990773281,842.577777210908,842.577777210908,842.577777210908,826.648845022773,827.648845022773,827.648845022773,826.648845022773,826.648845022773,750.222438151582,750.222438151582,750.222438151582,750.222438151582,751.222438151582,684.465078838702,685.707719525821,686.121933088195,687.707719525821,685.879292401075,520.085353161737,519.671139599364,518.671139599364,518.256926036991,518.256926036991
"S34",202.669047558312,203.254833995939,204.083261120685,204.083261120685,202.497474683058,282.137084989847,282.551298552221,281.137084989848,282.551298552221,281.551298552221,413.47518010647,414.47518010647,414.47518010647,414.889393668843,415.889393668843,422.303607231215,420.889393668842,420.889393668842,420.889393668842,422.303607231215,2.82842712474619,2.82842712474619,2.82842712474619,2.82842712474619,2.82842712474619,3.82842712474619,3.82842712474619,2.82842712474619,2.4142135623731,2.4142135623731,1,1,0,0,0,119.823376490863,118.823376490863,117.823376490863,117.237590053236,115.823376490863,226.894444302728,226.480230740355,226.480230740355,227.480230740355,226.480230740355,225.894444302728,225.894444302728,225.894444302728,226.894444302728,226.894444302728,292.237590053235,292.237590053235,292.237590053235,291.237590053235,291.237590053235,938.815367264143,938.815367264143,939.40115370177,938.40115370177,938.815367264143,928.815367264144,928.815367264144,927.815367264144,928.229580826517,927.815367264144,916.460028204816,916.460028204816,916.460028204816,916.460028204816,917.460028204816,442.119841047143,442.119841047143,442.119841047143,442.119841047143,418.634559672904,418.634559672904,418.634559672904,413.019335983755,413.019335983755,413.019335983755,413.019335983755,413.019335983755,842.991990773281,842.991990773281,842.577777210908,842.577777210908,842.577777210908,826.648845022773,827.648845022773,827.648845022773,826.648845022773,826.648845022773,750.222438151582,750.222438151582,750.222438151582,750.222438151582,751.222438151582,684.465078838702,685.707719525821,686.121933088195,687.707719525821,685.879292401075,520.085353161737,519.671139599364,518.671139599364,518.256926036991,518.256926036991
"S35",202.669047558312,203.254833995939,204.083261120685,204.083261120685,202.497474683058,282.137084989847,282.551298552221,281.137084989848,282.551298552221,281.551298552221,413.47518010647,414.47518010647,414.47518010647,414.889393668843,415.889393668843,422.303607231215,420.889393668842,420.889393668842,420.889393668842,422.303607231215,2.82842712474619,2.82842712474619,2.82842712474619,2.82842712474619,2.82842712474619,3.82842712474619,3.82842712474619,2.82842712474619,2.4142135623731,2.4142135623731,1,1,0,0,0,119.823376490863,118.823376490863,117.823376490863,117.237590053236,115.823376490863,226.894444302728,226.480230740355,226.480230740355,227.480230740355,226.480230740355,225.894444302728,225.894444302728,225.894444302728,226.894444302728,226.894444302728,292.237590053235,292.237590053235,292.237590053235,291.237590053235,291.237590053235,938.815367264143,938.815367264143,939.40115370177,938.40115370177,938.815367264143,928.815367264144,928.815367264144,927.815367264144,928.229580826517,927.815367264144,916.460028204816,916.460028204816,916.460028204816,916.460028204816,917.460028204816,442.119841047143,442.119841047143,442.119841047143,442.119841047143,418.634559672904,418.634559672904,418.634559672904,413.019335983755,413.019335983755,413.019335983755,413.019335983755,413.019335983755,842.991990773281,842.991990773281,842.577777210908,842.577777210908,842.577777210908,826.648845022773,827.648845022773,827.648845022773,826.648845022773,826.648845022773,750.222438151582,750.222438151582,750.222438151582,750.222438151582,751.222438151582,684.465078838702,685.707719525821,686.121933088195,687.707719525821,685.879292401075,520.085353161737,519.671139599364,518.671139599364,518.256926036991,518.256926036991
"S36",322.492424049175,323.078210486802,323.906637611548,323.906637611548,322.320851173921,401.960461480709,402.374675043082,400.960461480709,402.374675043082,401.374675043082,533.298556597332,534.298556597332,534.298556597332,534.712770159705,535.712770159705,542.126983722078,540.712770159705,540.712770159705,540.712770159705,542.126983722078,122.651803615609,122.651803615609,122.651803615609,122.651803615609,122.651803615609,123.651803615609,123.651803615609,122.651803615609,122.237590053236,122.237590053236,118.823376490863,118.823376490863,119.823376490863,119.823376490863,119.823376490863,0,1,2,3.4142135623731,4,107.071067811865,106.656854249492,106.656854249492,107.656854249492,106.656854249492,106.071067811865,106.071067811865,106.071067811865,107.071067811865,107.071067811865,172.414213562373,172.414213562373,172.414213562373,171.414213562373,171.414213562373,818.991990773282,818.991990773282,819.577777210909,818.577777210909,818.991990773282,808.991990773282,808.991990773282,807.991990773282,808.406204335655,807.991990773282,796.636651713955,796.636651713955,796.636651713955,796.636651713955,797.636651713955,322.296464556282,322.296464556282,322.296464556282,322.296464556282,298.811183182043,298.811183182043,298.811183182043,293.195959492893,293.195959492893,293.195959492893,293.195959492893,293.195959492893,882.021428024805,882.021428024805,882.435641587178,882.435641587178,882.435641587178,898.364573775312,897.364573775312,897.364573775312,898.364573775312,898.364573775312,870.045814642443,870.045814642443,870.045814642443,870.045814642443,871.045814642443,804.288455329563,805.531096016683,805.945309579056,807.531096016682,805.702668891936,639.908729652598,639.494516090225,638.494516090225,638.080302527852,638.080302527852
"S37",321.492424049175,322.078210486802,322.906637611548,322.906637611548,321.320851173921,400.960461480709,401.374675043082,399.960461480709,401.374675043082,400.374675043082,532.298556597332,533.298556597332,533.298556597332,533.712770159705,534.712770159705,541.126983722078,539.712770159705,539.712770159705,539.712770159705,541.126983722078,121.651803615609,121.651803615609,121.651803615609,121.651803615609,121.651803615609,122.651803615609,122.651803615609,121.651803615609,121.237590053236,121.237590053236,117.823376490863,117.823376490863,118.823376490863,118.823376490863,118.823376490863,1,0,1,2.4142135623731,3,108.071067811865,107.656854249492,107.656854249492,108.656854249492,107.656854249492,107.071067811865,107.071067811865,107.071067811865,108.071067811865,108.071067811865,173.414213562373,173.414213562373,173.414213562373,172.414213562373,172.414213562373,819.991990773282,819.991990773282,820.577777210909,819.577777210909,819.991990773282,809.991990773282,809.991990773282,808.991990773282,809.406204335655,808.991990773282,797.636651713955,797.636651713955,797.636651713955,797.636651713955,798.636651713955,323.296464556282,323.296464556282,323.296464556282,323.296464556282,299.811183182043,299.811183182043,299.811183182043,294.195959492893,294.195959492893,294.195959492893,294.195959492893,294.195959492893,883.021428024805,883.021428024805,883.435641587178,883.435641587178,883.435641587178,899.364573775312,898.364573775312,898.364573775312,899.364573775312,899.364573775312,869.045814642443,869.045814642443,869.045814642443,869.045814642443,870.045814642443,803.288455329563,804.531096016683,804.945309579056,806.531096016682,804.702668891936,638.908729652598,638.494516090225,637.494516090225,637.080302527852,637.080302527852
"S38",320.492424049175,321.078210486802,321.906637611548,321.906637611548,320.320851173921,399.960461480709,400.374675043082,398.960461480709,400.374675043082,399.374675043082,531.298556597332,532.298556597332,532.298556597332,532.712770159705,533.712770159705,540.126983722078,538.712770159705,538.712770159705,538.712770159705,540.126983722078,120.651803615609,120.651803615609,120.651803615609,120.651803615609,120.651803615609,121.651803615609,121.651803615609,120.651803615609,120.237590053236,120.237590053236,116.823376490863,116.823376490863,117.823376490863,117.823376490863,117.823376490863,2,1,0,1.4142135623731,2,109.071067811865,108.656854249492,108.656854249492,109.656854249492,108.656854249492,108.071067811865,108.071067811865,108.071067811865,109.071067811865,109.071067811865,174.414213562373,174.414213562373,174.414213562373,173.414213562373,173.414213562373,820.991990773282,820.991990773282,821.577777210909,820.577777210909,820.991990773282,810.991990773282,810.991990773282,809.991990773282,810.406204335655,809.991990773282,798.636651713955,798.636651713955,798.636651713955,798.636651713955,799.636651713955,324.296464556282,324.296464556282,324.296464556282,324.296464556282,300.811183182043,300.811183182043,300.811183182043,295.195959492893,295.195959492893,295.195959492893,295.195959492893,295.195959492893,884.021428024805,884.021428024805,884.435641587178,884.435641587178,884.435641587178,900.364573775312,899.364573775312,899.364573775312,900.364573775312,900.364573775312,868.045814642443,868.045814642443,868.045814642443,868.045814642443,869.045814642443,802.288455329563,803.531096016683,803.945309579056,805.531096016682,803.702668891936,637.908729652598,637.494516090225,636.494516090225,636.080302527852,636.080302527852
"S39",319.906637611548,320.492424049175,321.320851173921,321.320851173921,319.735064736294,399.374675043082,399.788888605455,398.374675043082,399.788888605455,398.788888605455,530.712770159705,531.712770159705,531.712770159705,532.126983722078,533.126983722078,539.541197284451,538.126983722078,538.126983722078,538.126983722078,539.541197284451,120.066017177982,120.066017177982,120.066017177982,120.066017177982,120.066017177982,121.066017177982,121.066017177982,120.066017177982,119.651803615609,119.651803615609,116.237590053236,116.237590053236,117.237590053236,117.237590053236,117.237590053236,3.4142135623731,2.4142135623731,1.4142135623731,0,1.4142135623731,109.656854249492,109.242640687119,109.242640687119,110.242640687119,109.242640687119,108.656854249492,108.656854249492,108.656854249492,109.656854249492,109.656854249492,175,175,175,174,174,821.577777210909,821.577777210909,822.163563648536,821.163563648536,821.577777210909,811.577777210909,811.577777210909,810.577777210909,810.991990773282,810.577777210909,799.222438151582,799.222438151582,799.222438151582,799.222438151582,800.222438151582,324.882250993908,324.882250993908,324.882250993908,324.882250993908,301.39696961967,301.39696961967,301.39696961967,295.78174593052,295.78174593052,295.78174593052,295.78174593052,295.78174593052,884.607214462431,884.607214462431,885.021428024805,885.021428024805,885.021428024805,900.950360212939,899.950360212939,899.950360212939,900.950360212939,900.950360212939,867.460028204816,867.460028204816,867.460028204816,867.460028204816,868.460028204816,801.702668891936,802.945309579056,803.359523141429,804.945309579056,803.116882454309,637.322943214971,636.908729652598,635.908729652598,635.494516090225,635.494516090225
"S40",318.492424049175,319.078210486802,319.906637611548,319.906637611548,318.320851173921,397.960461480709,398.374675043082,396.960461480709,398.374675043082,397.374675043082,529.298556597332,530.298556597332,530.298556597332,530.712770159705,531.712770159705,538.126983722078,536.712770159705,536.712770159705,536.712770159705,538.126983722078,118.651803615609,118.651803615609,118.651803615609,118.651803615609,118.651803615609,119.651803615609,119.651803615609,118.651803615609,118.237590053236,118.237590053236,114.823376490863,114.823376490863,115.823376490863,115.823376490863,115.823376490863,4,3,2,1.4142135623731,0,111.071067811865,110.656854249492,110.656854249492,111.656854249492,110.656854249492,110.071067811865,110.071067811865,110.071067811865,111.071067811865,111.071067811865,176.414213562373,176.414213562373,176.414213562373,175.414213562373,175.414213562373,822.991990773282,822.991990773282,823.577777210909,822.577777210909,822.991990773282,812.991990773282,812.991990773282,811.991990773282,812.406204335655,811.991990773282,800.636651713955,800.636651713955,800.636651713955,800.636651713955,801.636651713955,326.296464556282,326.296464556282,326.296464556282,326.296464556282,302.811183182043,302.811183182043,302.811183182043,297.195959492893,297.195959492893,297.195959492893,297.195959492893,297.195959492893,886.021428024805,886.021428024805,886.435641587178,886.435641587178,886.435641587178,902.364573775312,901.364573775312,901.364573775312,902.364573775312,902.364573775312,866.045814642443,866.045814642443,866.045814642443,866.045814642443,867.045814642443,800.288455329563,801.531096016683,801.945309579056,803.531096016682,801.702668891936,635.908729652598,635.494516090225,634.494516090225,634.080302527852,634.080302527852
"S41",429.56349186104,430.149278298667,430.977705423413,430.977705423413,429.391918985786,509.031529292574,509.445742854947,508.031529292574,509.445742854947,508.445742854947,640.369624409197,641.369624409197,641.369624409197,641.78383797157,642.78383797157,649.198051533943,647.78383797157,647.78383797157,647.78383797157,649.198051533943,229.722871427475,229.722871427475,229.722871427475,229.722871427475,229.722871427475,230.722871427475,230.722871427475,229.722871427475,229.308657865102,229.308657865102,225.894444302728,225.894444302728,226.894444302728,226.894444302728,226.894444302728,107.071067811865,108.071067811865,109.071067811865,109.656854249492,111.071067811865,0,1,1,1.4142135623731,1,1,1,1,0,0,68.6568542494924,68.6568542494924,68.6568542494924,67.6568542494924,67.6568542494924,715.234631460401,715.234631460401,715.820417898028,714.820417898028,715.234631460401,705.234631460402,705.234631460402,704.234631460402,704.648845022775,704.234631460402,692.879292401074,692.879292401074,692.879292401074,692.879292401074,693.879292401074,218.539105243401,218.539105243401,218.539105243401,218.539105243401,195.053823869162,195.053823869162,195.053823869162,189.438600180013,189.438600180013,189.438600180013,189.438600180013,189.438600180013,778.264068711924,778.264068711924,778.678282274297,778.678282274297,778.678282274297,794.607214462431,793.607214462431,793.607214462431,794.607214462431,794.607214462431,871.033621333623,871.033621333623,871.033621333623,871.033621333623,870.033621333623,911.359523141429,912.602163828548,913.016377390921,914.602163828548,912.773736703802,746.979797464464,746.565583902091,745.565583902091,745.151370339717,745.151370339717
"S42",429.149278298667,429.735064736294,430.56349186104,430.56349186104,428.977705423413,508.617315730201,509.031529292574,507.617315730201,509.031529292574,508.031529292574,639.955410846824,640.955410846824,640.955410846824,641.369624409197,642.369624409197,648.78383797157,647.369624409197,647.369624409197,647.369624409197,648.78383797157,229.308657865102,229.308657865102,229.308657865102,229.308657865102,229.308657865102,230.308657865102,230.308657865102,229.308657865102,228.894444302728,228.894444302728,225.480230740355,225.480230740355,226.480230740355,226.480230740355,226.480230740355,106.656854249492,107.656854249492,108.656854249492,109.242640687119,110.656854249492,1,0,0,1,0,1.4142135623731,1.4142135623731,1.4142135623731,1,1,68.2426406871193,68.2426406871193,68.2426406871193,67.2426406871193,67.2426406871193,714.820417898028,714.820417898028,715.406204335655,714.406204335655,714.820417898028,704.820417898028,704.820417898028,703.820417898028,704.234631460402,703.820417898028,692.465078838701,692.465078838701,692.465078838701,692.465078838701,693.465078838701,218.124891681028,218.124891681028,218.124891681028,218.124891681028,194.639610306789,194.639610306789,194.639610306789,189.02438661764,189.02438661764,189.02438661764,189.02438661764,189.02438661764,777.849855149551,777.849855149551,778.264068711924,778.264068711924,778.264068711924,794.193000900058,793.193000900058,793.193000900058,794.193000900058,794.193000900058,870.61940777125,870.61940777125,870.61940777125,870.61940777125,869.61940777125,910.945309579056,912.187950266175,912.602163828548,914.187950266175,912.359523141429,746.565583902091,746.151370339717,745.151370339717,744.737156777344,744.737156777344
"S43",429.149278298667,429.735064736294,430.56349186104,430.56349186104,428.977705423413,508.617315730201,509.031529292574,507.617315730201,509.031529292574,508.031529292574,639.955410846824,640.955410846824,640.955410846824,641.369624409197,642.369624409197,648.78383797157,647.369624409197,647.369624409197,647.369624409197,648.78383797157,229.308657865102,229.308657865102,229.308657865102,229.308657865102,229.308657865102,230.308657865102,230.308657865102,229.308657865102,228.894444302728,228.894444302728,225.480230740355,225.480230740355,226.480230740355,226.480230740355,226.480230740355,106.656854249492,107.656854249492,108.656854249492,109.242640687119,110.656854249492,1,0,0,1,0,1.4142135623731,1.4142135623731,1.4142135623731,1,1,68.2426406871193,68.2426406871193,68.2426406871193,67.2426406871193,67.2426406871193,714.820417898028,714.820417898028,715.406204335655,714.406204335655,714.820417898028,704.820417898028,704.820417898028,703.820417898028,704.234631460402,703.820417898028,692.465078838701,692.465078838701,692.465078838701,692.465078838701,693.465078838701,218.124891681028,218.124891681028,218.124891681028,218.124891681028,194.639610306789,194.639610306789,194.639610306789,189.02438661764,189.02438661764,189.02438661764,189.02438661764,189.02438661764,777.849855149551,777.849855149551,778.264068711924,778.264068711924,778.264068711924,794.193000900058,793.193000900058,793.193000900058,794.193000900058,794.193000900058,870.61940777125,870.61940777125,870.61940777125,870.61940777125,869.61940777125,910.945309579056,912.187950266175,912.602163828548,914.187950266175,912.359523141429,746.565583902091,746.151370339717,745.151370339717,744.737156777344,744.737156777344
"S44",430.149278298667,430.735064736294,431.56349186104,431.56349186104,429.977705423413,509.617315730201,510.031529292574,508.617315730201,510.031529292574,509.031529292574,640.955410846824,641.955410846824,641.955410846824,642.369624409197,643.369624409197,649.78383797157,648.369624409197,648.369624409197,648.369624409197,649.78383797157,230.308657865102,230.308657865102,230.308657865102,230.308657865102,230.308657865102,231.308657865102,231.308657865102,230.308657865102,229.894444302728,229.894444302728,226.480230740355,226.480230740355,227.480230740355,227.480230740355,227.480230740355,107.656854249492,108.656854249492,109.656854249492,110.242640687119,111.656854249492,1.4142135623731,1,1,0,1,2.4142135623731,2.4142135623731,2.4142135623731,1.4142135623731,1.4142135623731,67.2426406871193,67.2426406871193,67.2426406871193,66.2426406871193,66.2426406871193,713.820417898028,713.820417898028,714.406204335655,713.406204335655,713.820417898028,703.820417898028,703.820417898028,702.820417898028,703.234631460402,702.820417898028,691.465078838701,691.465078838701,691.465078838701,691.465078838701,692.465078838701,217.124891681028,217.124891681028,217.124891681028,217.124891681028,193.639610306789,193.639610306789,193.639610306789,188.02438661764,188.02438661764,188.02438661764,188.02438661764,188.02438661764,776.849855149551,776.849855149551,777.264068711924,777.264068711924,777.264068711924,793.193000900058,792.193000900058,792.193000900058,793.193000900058,793.193000900058,869.61940777125,869.61940777125,869.61940777125,869.61940777125,868.61940777125,911.945309579056,913.187950266175,913.602163828548,915.187950266175,913.359523141429,747.565583902091,747.151370339717,746.151370339717,745.737156777344,745.737156777344
"S45",429.149278298667,429.735064736294,430.56349186104,430.56349186104,428.977705423413,508.617315730201,509.031529292574,507.617315730201,509.031529292574,508.031529292574,639.955410846824,640.955410846824,640.955410846824,641.369624409197,642.369624409197,648.78383797157,647.369624409197,647.369624409197,647.369624409197,648.78383797157,229.308657865102,229.308657865102,229.308657865102,229.308657865102,229.308657865102,230.308657865102,230.308657865102,229.308657865102,228.894444302728,228.894444302728,225.480230740355,225.480230740355,226.480230740355,226.480230740355,226.480230740355,106.656854249492,107.656854249492,108.656854249492,109.242640687119,110.656854249492,1,0,0,1,0,1.4142135623731,1.4142135623731,1.4142135623731,1,1,68.2426406871193,68.2426406871193,68.2426406871193,67.2426406871193,67.2426406871193,714.820417898028,714.820417898028,715.406204335655,714.406204335655,714.820417898028,704.820417898028,704.820417898028,703.820417898028,704.234631460402,703.820417898028,692.465078838701,692.465078838701,692.465078838701,692.465078838701,693.465078838701,218.124891681028,218.124891681028,218.124891681028,218.124891681028,194.639610306789,194.639610306789,194.639610306789,189.02438661764,189.02438661764,189.02438661764,189.02438661764,189.02438661764,777.849855149551,777.849855149551,778.264068711924,778.264068711924,778.264068711924,794.193000900058,793.193000900058,793.193000900058,794.193000900058,794.193000900058,870.61940777125,870.61940777125,870.61940777125,870.61940777125,869.61940777125,910.945309579056,912.187950266175,912.602163828548,914.187950266175,912.359523141429,746.565583902091,746.151370339717,745.151370339717,744.737156777344,744.737156777344
"S46",428.56349186104,429.149278298667,429.977705423413,429.977705423413,428.391918985786,508.031529292574,508.445742854947,507.031529292574,508.445742854947,507.445742854947,639.369624409197,640.369624409197,640.369624409197,640.78383797157,641.78383797157,648.198051533943,646.78383797157,646.78383797157,646.78383797157,648.198051533943,228.722871427475,228.722871427475,228.722871427475,228.722871427475,228.722871427475,229.722871427475,229.722871427475,228.722871427475,228.308657865102,228.308657865102,224.894444302728,224.894444302728,225.894444302728,225.894444302728,225.894444302728,106.071067811865,107.071067811865,108.071067811865,108.656854249492,110.071067811865,1,1.4142135623731,1.4142135623731,2.4142135623731,1.4142135623731,0,0,0,1,1,69.6568542494924,69.6568542494924,69.6568542494924,68.6568542494924,68.6568542494924,716.234631460401,716.234631460401,716.820417898028,715.820417898028,716.234631460401,706.234631460402,706.234631460402,705.234631460402,705.648845022775,705.234631460402,693.879292401074,693.879292401074,693.879292401074,693.879292401074,694.879292401074,219.539105243401,219.539105243401,219.539105243401,219.539105243401,196.053823869162,196.053823869162,196.053823869162,190.438600180013,190.438600180013,190.438600180013,190.438600180013,190.438600180013,779.264068711924,779.264068711924,779.678282274297,779.678282274297,779.678282274297,795.607214462431,794.607214462431,794.607214462431,795.607214462431,795.607214462431,872.033621333623,872.033621333623,872.033621333623,872.033621333623,871.033621333623,910.359523141429,911.602163828548,912.016377390921,913.602163828548,911.773736703802,745.979797464464,745.565583902091,744.565583902091,744.151370339717,744.151370339717
"S47",428.56349186104,429.149278298667,429.977705423413,429.977705423413,428.391918985786,508.031529292574,508.445742854947,507.031529292574,508.445742854947,507.445742854947,639.369624409197,640.369624409197,640.369624409197,640.78383797157,641.78383797157,648.198051533943,646.78383797157,646.78383797157,646.78383797157,648.198051533943,228.722871427475,228.722871427475,228.722871427475,228.722871427475,228.722871427475,229.722871427475,229.722871427475,228.722871427475,228.308657865102,228.308657865102,224.894444302728,224.894444302728,225.894444302728,225.894444302728,225.894444302728,106.071067811865,107.071067811865,108.071067811865,108.656854249492,110.071067811865,1,1.4142135623731,1.4142135623731,2.4142135623731,1.4142135623731,0,0,0,1,1,69.6568542494924,69.6568542494924,69.6568542494924,68.6568542494924,68.6568542494924,716.234631460401,716.234631460401,716.820417898028,715.820417898028,716.234631460401,706.234631460402,706.234631460402,705.234631460402,705.648845022775,705.234631460402,693.879292401074,693.879292401074,693.879292401074,693.879292401074,694.879292401074,219.539105243401,219.539105243401,219.539105243401,219.539105243401,196.053823869162,196.053823869162,196.053823869162,190.438600180013,190.438600180013,190.438600180013,190.438600180013,190.438600180013,779.264068711924,779.264068711924,779.678282274297,779.678282274297,779.678282274297,795.607214462431,794.607214462431,794.607214462431,795.607214462431,795.607214462431,872.033621333623,872.033621333623,872.033621333623,872.033621333623,871.033621333623,910.359523141429,911.602163828548,912.016377390921,913.602163828548,911.773736703802,745.979797464464,745.565583902091,744.565583902091,744.151370339717,744.151370339717
"S48",428.56349186104,429.149278298667,429.977705423413,429.977705423413,428.391918985786,508.031529292574,508.445742854947,507.031529292574,508.445742854947,507.445742854947,639.369624409197,640.369624409197,640.369624409197,640.78383797157,641.78383797157,648.198051533943,646.78383797157,646.78383797157,646.78383797157,648.198051533943,228.722871427475,228.722871427475,228.722871427475,228.722871427475,228.722871427475,229.722871427475,229.722871427475,228.722871427475,228.308657865102,228.308657865102,224.894444302728,224.894444302728,225.894444302728,225.894444302728,225.894444302728,106.071067811865,107.071067811865,108.071067811865,108.656854249492,110.071067811865,1,1.4142135623731,1.4142135623731,2.4142135623731,1.4142135623731,0,0,0,1,1,69.6568542494924,69.6568542494924,69.6568542494924,68.6568542494924,68.6568542494924,716.234631460401,716.234631460401,716.820417898028,715.820417898028,716.234631460401,706.234631460402,706.234631460402,705.234631460402,705.648845022775,705.234631460402,693.879292401074,693.879292401074,693.879292401074,693.879292401074,694.879292401074,219.539105243401,219.539105243401,219.539105243401,219.539105243401,196.053823869162,196.053823869162,196.053823869162,190.438600180013,190.438600180013,190.438600180013,190.438600180013,190.438600180013,779.264068711924,779.264068711924,779.678282274297,779.678282274297,779.678282274297,795.607214462431,794.607214462431,794.607214462431,795.607214462431,795.607214462431,872.033621333623,872.033621333623,872.033621333623,872.033621333623,871.033621333623,910.359523141429,911.602163828548,912.016377390921,913.602163828548,911.773736703802,745.979797464464,745.565583902091,744.565583902091,744.151370339717,744.151370339717
"S49",429.56349186104,430.149278298667,430.977705423413,430.977705423413,429.391918985786,509.031529292574,509.445742854947,508.031529292574,509.445742854947,508.445742854947,640.369624409197,641.369624409197,641.369624409197,641.78383797157,642.78383797157,649.198051533943,647.78383797157,647.78383797157,647.78383797157,649.198051533943,229.722871427475,229.722871427475,229.722871427475,229.722871427475,229.722871427475,230.722871427475,230.722871427475,229.722871427475,229.308657865102,229.308657865102,225.894444302728,225.894444302728,226.894444302728,226.894444302728,226.894444302728,107.071067811865,108.071067811865,109.071067811865,109.656854249492,111.071067811865,0,1,1,1.4142135623731,1,1,1,1,0,0,68.6568542494924,68.6568542494924,68.6568542494924,67.6568542494924,67.6568542494924,715.234631460401,715.234631460401,715.820417898028,714.820417898028,715.234631460401,705.234631460402,705.234631460402,704.234631460402,704.648845022775,704.234631460402,692.879292401074,692.879292401074,692.879292401074,692.879292401074,693.879292401074,218.539105243401,218.539105243401,218.539105243401,218.539105243401,195.053823869162,195.053823869162,195.053823869162,189.438600180013,189.438600180013,189.438600180013,189.438600180013,189.438600180013,778.264068711924,778.264068711924,778.678282274297,778.678282274297,778.678282274297,794.607214462431,793.607214462431,793.607214462431,794.607214462431,794.607214462431,871.033621333623,871.033621333623,871.033621333623,871.033621333623,870.033621333623,911.359523141429,912.602163828548,913.016377390921,914.602163828548,912.773736703802,746.979797464464,746.565583902091,745.565583902091,745.151370339717,745.151370339717
"S50",429.56349186104,430.149278298667,430.977705423413,430.977705423413,429.391918985786,509.031529292574,509.445742854947,508.031529292574,509.445742854947,508.445742854947,640.369624409197,641.369624409197,641.369624409197,641.78383797157,642.78383797157,649.198051533943,647.78383797157,647.78383797157,647.78383797157,649.198051533943,229.722871427475,229.722871427475,229.722871427475,229.722871427475,229.722871427475,230.722871427475,230.722871427475,229.722871427475,229.308657865102,229.308657865102,225.894444302728,225.894444302728,226.894444302728,226.894444302728,226.894444302728,107.071067811865,108.071067811865,109.071067811865,109.656854249492,111.071067811865,0,1,1,1.4142135623731,1,1,1,1,0,0,68.6568542494924,68.6568542494924,68.6568542494924,67.6568542494924,67.6568542494924,715.234631460401,715.234631460401,715.820417898028,714.820417898028,715.234631460401,705.234631460402,705.234631460402,704.234631460402,704.648845022775,704.234631460402,692.879292401074,692.879292401074,692.879292401074,692.879292401074,693.879292401074,218.539105243401,218.539105243401,218.539105243401,218.539105243401,195.053823869162,195.053823869162,195.053823869162,189.438600180013,189.438600180013,189.438600180013,189.438600180013,189.438600180013,778.264068711924,778.264068711924,778.678282274297,778.678282274297,778.678282274297,794.607214462431,793.607214462431,793.607214462431,794.607214462431,794.607214462431,871.033621333623,871.033621333623,871.033621333623,871.033621333623,870.033621333623,911.359523141429,912.602163828548,913.016377390921,914.602163828548,912.773736703802,746.979797464464,746.565583902091,745.565583902091,745.151370339717,745.151370339717
"S51",494.906637611547,495.492424049174,496.32085117392,496.32085117392,494.735064736293,574.374675043081,574.788888605454,573.374675043081,574.788888605454,573.788888605454,705.712770159704,706.712770159704,706.712770159704,707.126983722077,708.126983722077,714.54119728445,713.126983722077,713.126983722077,713.126983722077,714.54119728445,295.066017177982,295.066017177982,295.066017177982,295.066017177982,295.066017177982,296.066017177982,296.066017177982,295.066017177982,294.651803615608,294.651803615608,291.237590053235,291.237590053235,292.237590053235,292.237590053235,292.237590053235,172.414213562373,173.414213562373,174.414213562373,175,176.414213562373,68.6568542494924,68.2426406871193,68.2426406871193,67.2426406871193,68.2426406871193,69.6568542494924,69.6568542494924,69.6568542494924,68.6568542494924,68.6568542494924,0,0,0,1,1,646.577777210909,646.577777210909,647.163563648536,646.163563648536,646.577777210909,636.577777210909,636.577777210909,635.577777210909,635.991990773282,635.577777210909,624.222438151582,624.222438151582,624.222438151582,624.222438151582,625.222438151582,149.882250993909,149.882250993909,149.882250993909,149.882250993909,126.39696961967,126.39696961967,126.39696961967,120.78174593052,120.78174593052,120.78174593052,120.78174593052,120.78174593052,709.607214462431,709.607214462431,710.021428024805,710.021428024805,710.021428024805,725.950360212939,724.950360212939,724.950360212939,725.950360212939,725.950360212939,802.376767084131,802.376767084131,802.376767084131,802.376767084131,801.376767084131,868.134126397011,866.891485709892,866.477272147519,864.891485709892,866.719912834638,812.322943214971,811.908729652598,810.908729652598,810.494516090225,810.494516090225
"S52",494.906637611547,495.492424049174,496.32085117392,496.32085117392,494.735064736293,574.374675043081,574.788888605454,573.374675043081,574.788888605454,573.788888605454,705.712770159704,706.712770159704,706.712770159704,707.126983722077,708.126983722077,714.54119728445,713.126983722077,713.126983722077,713.126983722077,714.54119728445,295.066017177982,295.066017177982,295.066017177982,295.066017177982,295.066017177982,296.066017177982,296.066017177982,295.066017177982,294.651803615608,294.651803615608,291.237590053235,291.237590053235,292.237590053235,292.237590053235,292.237590053235,172.414213562373,173.414213562373,174.414213562373,175,176.414213562373,68.6568542494924,68.2426406871193,68.2426406871193,67.2426406871193,68.2426406871193,69.6568542494924,69.6568542494924,69.6568542494924,68.6568542494924,68.6568542494924,0,0,0,1,1,646.577777210909,646.577777210909,647.163563648536,646.163563648536,646.577777210909,636.577777210909,636.577777210909,635.577777210909,635.991990773282,635.577777210909,624.222438151582,624.222438151582,624.222438151582,624.222438151582,625.222438151582,149.882250993909,149.882250993909,149.882250993909,149.882250993909,126.39696961967,126.39696961967,126.39696961967,120.78174593052,120.78174593052,120.78174593052,120.78174593052,120.78174593052,709.607214462431,709.607214462431,710.021428024805,710.021428024805,710.021428024805,725.950360212939,724.950360212939,724.950360212939,725.950360212939,725.950360212939,802.376767084131,802.376767084131,802.376767084131,802.376767084131,801.376767084131,868.134126397011,866.891485709892,866.477272147519,864.891485709892,866.719912834638,812.322943214971,811.908729652598,810.908729652598,810.494516090225,810.494516090225
"S53",494.906637611547,495.492424049174,496.32085117392,496.32085117392,494.735064736293,574.374675043081,574.788888605454,573.374675043081,574.788888605454,573.788888605454,705.712770159704,706.712770159704,706.712770159704,707.126983722077,708.126983722077,714.54119728445,713.126983722077,713.126983722077,713.126983722077,714.54119728445,295.066017177982,295.066017177982,295.066017177982,295.066017177982,295.066017177982,296.066017177982,296.066017177982,295.066017177982,294.651803615608,294.651803615608,291.237590053235,291.237590053235,292.237590053235,292.237590053235,292.237590053235,172.414213562373,173.414213562373,174.414213562373,175,176.414213562373,68.6568542494924,68.2426406871193,68.2426406871193,67.2426406871193,68.2426406871193,69.6568542494924,69.6568542494924,69.6568542494924,68.6568542494924,68.6568542494924,0,0,0,1,1,646.577777210909,646.577777210909,647.163563648536,646.163563648536,646.577777210909,636.577777210909,636.577777210909,635.577777210909,635.991990773282,635.577777210909,624.222438151582,624.222438151582,624.222438151582,624.222438151582,625.222438151582,149.882250993909,149.882250993909,149.882250993909,149.882250993909,126.39696961967,126.39696961967,126.39696961967,120.78174593052,120.78174593052,120.78174593052,120.78174593052,120.78174593052,709.607214462431,709.607214462431,710.021428024805,710.021428024805,710.021428024805,725.950360212939,724.950360212939,724.950360212939,725.950360212939,725.950360212939,802.376767084131,802.376767084131,802.376767084131,802.376767084131,801.376767084131,868.134126397011,866.891485709892,866.477272147519,864.891485709892,866.719912834638,812.322943214971,811.908729652598,810.908729652598,810.494516090225,810.494516090225
"S54",493.906637611547,494.492424049174,495.32085117392,495.32085117392,493.735064736293,573.374675043081,573.788888605454,572.374675043081,573.788888605454,572.788888605454,704.712770159704,705.712770159704,705.712770159704,706.126983722077,707.126983722077,713.54119728445,712.126983722077,712.126983722077,712.126983722077,713.54119728445,294.066017177982,294.066017177982,294.066017177982,294.066017177982,294.066017177982,295.066017177982,295.066017177982,294.066017177982,293.651803615608,293.651803615608,290.237590053235,290.237590053235,291.237590053235,291.237590053235,291.237590053235,171.414213562373,172.414213562373,173.414213562373,174,175.414213562373,67.6568542494924,67.2426406871193,67.2426406871193,66.2426406871193,67.2426406871193,68.6568542494924,68.6568542494924,68.6568542494924,67.6568542494924,67.6568542494924,1,1,1,0,0,647.577777210909,647.577777210909,648.163563648536,647.163563648536,647.577777210909,637.577777210909,637.577777210909,636.577777210909,636.991990773282,636.577777210909,625.222438151582,625.222438151582,625.222438151582,625.222438151582,626.222438151582,150.882250993909,150.882250993909,150.882250993909,150.882250993909,127.39696961967,127.39696961967,127.39696961967,121.78174593052,121.78174593052,121.78174593052,121.78174593052,121.78174593052,710.607214462431,710.607214462431,711.021428024805,711.021428024805,711.021428024805,726.950360212939,725.950360212939,725.950360212939,726.950360212939,726.950360212939,803.376767084131,803.376767084131,803.376767084131,803.376767084131,802.376767084131,869.134126397011,867.891485709892,867.477272147519,865.891485709892,867.719912834638,811.322943214971,810.908729652598,809.908729652598,809.494516090225,809.494516090225
"S55",493.906637611547,494.492424049174,495.32085117392,495.32085117392,493.735064736293,573.374675043081,573.788888605454,572.374675043081,573.788888605454,572.788888605454,704.712770159704,705.712770159704,705.712770159704,706.126983722077,707.126983722077,713.54119728445,712.126983722077,712.126983722077,712.126983722077,713.54119728445,294.066017177982,294.066017177982,294.066017177982,294.066017177982,294.066017177982,295.066017177982,295.066017177982,294.066017177982,293.651803615608,293.651803615608,290.237590053235,290.237590053235,291.237590053235,291.237590053235,291.237590053235,171.414213562373,172.414213562373,173.414213562373,174,175.414213562373,67.6568542494924,67.2426406871193,67.2426406871193,66.2426406871193,67.2426406871193,68.6568542494924,68.6568542494924,68.6568542494924,67.6568542494924,67.6568542494924,1,1,1,0,0,647.577777210909,647.577777210909,648.163563648536,647.163563648536,647.577777210909,637.577777210909,637.577777210909,636.577777210909,636.991990773282,636.577777210909,625.222438151582,625.222438151582,625.222438151582,625.222438151582,626.222438151582,150.882250993909,150.882250993909,150.882250993909,150.882250993909,127.39696961967,127.39696961967,127.39696961967,121.78174593052,121.78174593052,121.78174593052,121.78174593052,121.78174593052,710.607214462431,710.607214462431,711.021428024805,711.021428024805,711.021428024805,726.950360212939,725.950360212939,725.950360212939,726.950360212939,726.950360212939,803.376767084131,803.376767084131,803.376767084131,803.376767084131,802.376767084131,869.134126397011,867.891485709892,867.477272147519,865.891485709892,867.719912834638,811.322943214971,810.908729652598,809.908729652598,809.494516090225,809.494516090225
"S56",752.631601080069,751.217387517696,752.045814642442,752.874241767188,754.460028204815,670.678282274296,670.264068711923,671.678282274296,670.264068711923,671.264068711923,539.340187157673,538.340187157673,538.340187157673,537.9259735953,536.9259735953,530.511760032927,531.9259735953,531.9259735953,531.9259735953,530.511760032927,941.64379438889,941.64379438889,941.64379438889,941.64379438889,941.64379438889,942.64379438889,942.64379438889,941.64379438889,941.229580826516,941.229580826516,937.815367264143,937.815367264143,938.815367264143,938.815367264143,938.815367264143,818.991990773282,819.991990773282,820.991990773282,821.577777210909,822.991990773282,715.234631460401,714.820417898028,714.820417898028,713.820417898028,714.820417898028,716.234631460401,716.234631460401,716.234631460401,715.234631460401,715.234631460401,646.577777210909,646.577777210909,646.577777210909,647.577777210909,647.577777210909,0,0,1.4142135623731,1,0,12.8284271247462,12.8284271247462,12.4142135623731,11.4142135623731,11,36.556349186104,36.556349186104,36.556349186104,36.556349186104,35.556349186104,520.126983722079,520.126983722079,520.126983722079,520.126983722079,534.825468531914,534.825468531914,534.825468531914,526.381817718018,526.381817718018,526.381817718018,526.381817718018,526.381817718018,109.823376490863,109.823376490863,110.237590053236,110.237590053236,110.237590053236,126.166522241371,125.166522241371,125.166522241371,126.166522241371,126.166522241371,202.592929112564,202.592929112564,202.592929112564,202.592929112564,201.592929112564,268.350288425444,267.107647738325,266.693434175952,265.107647738325,266.936074863071,432.730014102409,433.144227664782,434.144227664782,434.558441227155,434.558441227155
"S57",752.631601080069,751.217387517696,752.045814642442,752.874241767188,754.460028204815,670.678282274296,670.264068711923,671.678282274296,670.264068711923,671.264068711923,539.340187157673,538.340187157673,538.340187157673,537.9259735953,536.9259735953,530.511760032927,531.9259735953,531.9259735953,531.9259735953,530.511760032927,941.64379438889,941.64379438889,941.64379438889,941.64379438889,941.64379438889,942.64379438889,942.64379438889,941.64379438889,941.229580826516,941.229580826516,937.815367264143,937.815367264143,938.815367264143,938.815367264143,938.815367264143,818.991990773282,819.991990773282,820.991990773282,821.577777210909,822.991990773282,715.234631460401,714.820417898028,714.820417898028,713.820417898028,714.820417898028,716.234631460401,716.234631460401,716.234631460401,715.234631460401,715.234631460401,646.577777210909,646.577777210909,646.577777210909,647.577777210909,647.577777210909,0,0,1.4142135623731,1,0,12.8284271247462,12.8284271247462,12.4142135623731,11.4142135623731,11,36.556349186104,36.556349186104,36.556349186104,36.556349186104,35.556349186104,520.126983722079,520.126983722079,520.126983722079,520.126983722079,534.825468531914,534.825468531914,534.825468531914,526.381817718018,526.381817718018,526.381817718018,526.381817718018,526.381817718018,109.823376490863,109.823376490863,110.237590053236,110.237590053236,110.237590053236,126.166522241371,125.166522241371,125.166522241371,126.166522241371,126.166522241371,202.592929112564,202.592929112564,202.592929112564,202.592929112564,201.592929112564,268.350288425444,267.107647738325,266.693434175952,265.107647738325,266.936074863071,432.730014102409,433.144227664782,434.144227664782,434.558441227155,434.558441227155
"S58",754.045814642442,752.631601080069,753.460028204815,754.288455329561,755.874241767188,672.092495836669,671.678282274296,673.092495836669,671.678282274296,672.678282274296,540.754400720046,539.754400720046,539.754400720046,539.340187157673,538.340187157673,531.9259735953,533.340187157673,533.340187157673,533.340187157673,531.9259735953,942.229580826516,942.229580826516,942.229580826516,942.229580826516,942.229580826516,943.229580826516,943.229580826516,942.229580826516,941.815367264143,941.815367264143,938.40115370177,938.40115370177,939.40115370177,939.40115370177,939.40115370177,819.577777210909,820.577777210909,821.577777210909,822.163563648536,823.577777210909,715.820417898028,715.406204335655,715.406204335655,714.406204335655,715.406204335655,716.820417898028,716.820417898028,716.820417898028,715.820417898028,715.820417898028,647.163563648536,647.163563648536,647.163563648536,648.163563648536,648.163563648536,1.4142135623731,1.4142135623731,0,1,1.4142135623731,14.2426406871193,14.2426406871193,13.8284271247462,12.8284271247462,12.4142135623731,35.1421356237309,35.1421356237309,35.1421356237309,35.1421356237309,34.142135623731,520.712770159706,520.712770159706,520.712770159706,520.712770159706,535.411254969541,535.411254969541,535.411254969541,526.967604155645,526.967604155645,526.967604155645,526.967604155645,526.967604155645,111.237590053236,111.237590053236,111.651803615609,111.651803615609,111.651803615609,127.580735803744,126.580735803744,126.580735803744,127.580735803744,127.580735803744,204.007142674937,204.007142674937,204.007142674937,204.007142674937,203.007142674937,269.764501987817,268.521861300698,268.107647738325,266.521861300698,268.350288425444,434.144227664782,434.558441227155,435.558441227155,435.972654789528,435.972654789528
"S59",753.631601080069,752.217387517696,753.045814642442,753.874241767188,755.460028204815,671.678282274296,671.264068711923,672.678282274296,671.264068711923,672.264068711923,540.340187157673,539.340187157673,539.340187157673,538.9259735953,537.9259735953,531.511760032927,532.9259735953,532.9259735953,532.9259735953,531.511760032927,941.229580826516,941.229580826516,941.229580826516,941.229580826516,941.229580826516,942.229580826516,942.229580826516,941.229580826516,940.815367264143,940.815367264143,937.40115370177,937.40115370177,938.40115370177,938.40115370177,938.40115370177,818.577777210909,819.577777210909,820.577777210909,821.163563648536,822.577777210909,714.820417898028,714.406204335655,714.406204335655,713.406204335655,714.406204335655,715.820417898028,715.820417898028,715.820417898028,714.820417898028,714.820417898028,646.163563648536,646.163563648536,646.163563648536,647.163563648536,647.163563648536,1,1,1,0,1,13.2426406871193,13.2426406871193,12.8284271247462,11.8284271247462,11.4142135623731,35.556349186104,35.556349186104,35.556349186104,35.556349186104,34.556349186104,519.712770159706,519.712770159706,519.712770159706,519.712770159706,534.411254969541,534.411254969541,534.411254969541,525.967604155645,525.967604155645,525.967604155645,525.967604155645,525.967604155645,110.823376490863,110.823376490863,111.237590053236,111.237590053236,111.237590053236,127.166522241371,126.166522241371,126.166522241371,127.166522241371,127.166522241371,203.592929112564,203.592929112564,203.592929112564,203.592929112564,202.592929112564,269.350288425444,268.107647738325,267.693434175952,266.107647738325,267.936074863071,433.730014102409,434.144227664782,435.144227664782,435.558441227155,435.558441227155
"S60",752.631601080069,751.217387517696,752.045814642442,752.874241767188,754.460028204815,670.678282274296,670.264068711923,671.678282274296,670.264068711923,671.264068711923,539.340187157673,538.340187157673,538.340187157673,537.9259735953,536.9259735953,530.511760032927,531.9259735953,531.9259735953,531.9259735953,530.511760032927,941.64379438889,941.64379438889,941.64379438889,941.64379438889,941.64379438889,942.64379438889,942.64379438889,941.64379438889,941.229580826516,941.229580826516,937.815367264143,937.815367264143,938.815367264143,938.815367264143,938.815367264143,818.991990773282,819.991990773282,820.991990773282,821.577777210909,822.991990773282,715.234631460401,714.820417898028,714.820417898028,713.820417898028,714.820417898028,716.234631460401,716.234631460401,716.234631460401,715.234631460401,715.234631460401,646.577777210909,646.577777210909,646.577777210909,647.577777210909,647.577777210909,0,0,1.4142135623731,1,0,12.8284271247462,12.8284271247462,12.4142135623731,11.4142135623731,11,36.556349186104,36.556349186104,36.556349186104,36.556349186104,35.556349186104,520.126983722079,520.126983722079,520.126983722079,520.126983722079,534.825468531914,534.825468531914,534.825468531914,526.381817718018,526.381817718018,526.381817718018,526.381817718018,526.381817718018,109.823376490863,109.823376490863,110.237590053236,110.237590053236,110.237590053236,126.166522241371,125.166522241371,125.166522241371,126.166522241371,126.166522241371,202.592929112564,202.592929112564,202.592929112564,202.592929112564,201.592929112564,268.350288425444,267.107647738325,266.693434175952,265.107647738325,266.936074863071,432.730014102409,433.144227664782,434.144227664782,434.558441227155,434.558441227155
"S61",745.661038331591,744.246824769219,745.075251893965,745.903679018711,747.489465456338,663.707719525819,663.293505963446,664.707719525819,663.293505963446,664.293505963446,532.369624409196,531.369624409196,531.369624409196,530.955410846823,529.955410846823,523.54119728445,524.955410846823,524.955410846823,524.955410846823,523.54119728445,931.64379438889,931.64379438889,931.64379438889,931.64379438889,931.64379438889,932.64379438889,932.64379438889,931.64379438889,931.229580826517,931.229580826517,927.815367264144,927.815367264144,928.815367264144,928.815367264144,928.815367264144,808.991990773282,809.991990773282,810.991990773282,811.577777210909,812.991990773282,705.234631460402,704.820417898028,704.820417898028,703.820417898028,704.820417898028,706.234631460402,706.234631460402,706.234631460402,705.234631460402,705.234631460402,636.577777210909,636.577777210909,636.577777210909,637.577777210909,637.577777210909,12.8284271247462,12.8284271247462,14.2426406871193,13.2426406871193,12.8284271247462,0,0,1,1.4142135623731,2.4142135623731,31.9705627484771,31.9705627484771,31.9705627484771,31.9705627484771,32.3847763108502,510.126983722079,510.126983722079,510.126983722079,510.126983722079,524.825468531914,524.825468531914,524.825468531914,516.381817718018,516.381817718018,516.381817718018,516.381817718018,516.381817718018,102.852813742386,102.852813742386,103.267027304759,103.267027304759,103.267027304759,119.195959492893,118.195959492893,118.195959492893,119.195959492893,119.195959492893,195.622366364086,195.622366364086,195.622366364086,195.622366364086,194.622366364086,261.379725676967,260.137084989848,259.722871427475,258.137084989848,259.965512114594,425.759451353932,426.173664916305,427.173664916305,427.587878478678,427.587878478678
"S62",745.661038331591,744.246824769219,745.075251893965,745.903679018711,747.489465456338,663.707719525819,663.293505963446,664.707719525819,663.293505963446,664.293505963446,532.369624409196,531.369624409196,531.369624409196,530.955410846823,529.955410846823,523.54119728445,524.955410846823,524.955410846823,524.955410846823,523.54119728445,931.64379438889,931.64379438889,931.64379438889,931.64379438889,931.64379438889,932.64379438889,932.64379438889,931.64379438889,931.229580826517,931.229580826517,927.815367264144,927.815367264144,928.815367264144,928.815367264144,928.815367264144,808.991990773282,809.991990773282,810.991990773282,811.577777210909,812.991990773282,705.234631460402,704.820417898028,704.820417898028,703.820417898028,704.820417898028,706.234631460402,706.234631460402,706.234631460402,705.234631460402,705.234631460402,636.577777210909,636.577777210909,636.577777210909,637.577777210909,637.577777210909,12.8284271247462,12.8284271247462,14.2426406871193,13.2426406871193,12.8284271247462,0,0,1,1.4142135623731,2.4142135623731,31.9705627484771,31.9705627484771,31.9705627484771,31.9705627484771,32.3847763108502,510.126983722079,510.126983722079,510.126983722079,510.126983722079,524.825468531914,524.825468531914,524.825468531914,516.381817718018,516.381817718018,516.381817718018,516.381817718018,516.381817718018,102.852813742386,102.852813742386,103.267027304759,103.267027304759,103.267027304759,119.195959492893,118.195959492893,118.195959492893,119.195959492893,119.195959492893,195.622366364086,195.622366364086,195.622366364086,195.622366364086,194.622366364086,261.379725676967,260.137084989848,259.722871427475,258.137084989848,259.965512114594,425.759451353932,426.173664916305,427.173664916305,427.587878478678,427.587878478678
"S63",746.661038331591,745.246824769219,746.075251893965,746.903679018711,748.489465456338,664.707719525819,664.293505963446,665.707719525819,664.293505963446,665.293505963446,533.369624409196,532.369624409196,532.369624409196,531.955410846823,530.955410846823,524.54119728445,525.955410846823,525.955410846823,525.955410846823,524.54119728445,930.64379438889,930.64379438889,930.64379438889,930.64379438889,930.64379438889,931.64379438889,931.64379438889,930.64379438889,930.229580826517,930.229580826517,926.815367264144,926.815367264144,927.815367264144,927.815367264144,927.815367264144,807.991990773282,808.991990773282,809.991990773282,810.577777210909,811.991990773282,704.234631460402,703.820417898028,703.820417898028,702.820417898028,703.820417898028,705.234631460402,705.234631460402,705.234631460402,704.234631460402,704.234631460402,635.577777210909,635.577777210909,635.577777210909,636.577777210909,636.577777210909,12.4142135623731,12.4142135623731,13.8284271247462,12.8284271247462,12.4142135623731,1,1,0,1,1.4142135623731,30.9705627484771,30.9705627484771,30.9705627484771,30.9705627484771,31.3847763108502,509.126983722079,509.126983722079,509.126983722079,509.126983722079,523.825468531914,523.825468531914,523.825468531914,515.381817718018,515.381817718018,515.381817718018,515.381817718018,515.381817718018,103.852813742386,103.852813742386,104.267027304759,104.267027304759,104.267027304759,120.195959492893,119.195959492893,119.195959492893,120.195959492893,120.195959492893,196.622366364086,196.622366364086,196.622366364086,196.622366364086,195.622366364086,262.379725676967,261.137084989848,260.722871427475,259.137084989848,260.965512114594,426.759451353932,427.173664916305,428.173664916305,428.587878478678,428.587878478678
"S64",747.075251893965,745.661038331591,746.489465456338,747.317892581084,748.903679018711,665.121933088192,664.707719525819,666.121933088192,664.707719525819,665.707719525819,533.783837971569,532.783837971569,532.783837971569,532.369624409196,531.369624409196,524.955410846823,526.369624409196,526.369624409196,526.369624409196,524.955410846823,931.058007951263,931.058007951263,931.058007951263,931.058007951263,931.058007951263,932.058007951263,932.058007951263,931.058007951263,930.64379438889,930.64379438889,927.229580826517,927.229580826517,928.229580826517,928.229580826517,928.229580826517,808.406204335655,809.406204335655,810.406204335655,810.991990773282,812.406204335655,704.648845022775,704.234631460402,704.234631460402,703.234631460402,704.234631460402,705.648845022775,705.648845022775,705.648845022775,704.648845022775,704.648845022775,635.991990773282,635.991990773282,635.991990773282,636.991990773282,636.991990773282,11.4142135623731,11.4142135623731,12.8284271247462,11.8284271247462,11.4142135623731,1.4142135623731,1.4142135623731,1,0,1,31.3847763108502,31.3847763108502,31.3847763108502,31.3847763108502,31.7989898732233,509.541197284452,509.541197284452,509.541197284452,509.541197284452,524.239682094287,524.239682094287,524.239682094287,515.796031280391,515.796031280391,515.796031280391,515.796031280391,515.796031280391,104.267027304759,104.267027304759,104.681240867132,104.681240867132,104.681240867132,120.610173055266,119.610173055266,119.610173055266,120.610173055266,120.610173055266,197.036579926459,197.036579926459,197.036579926459,197.036579926459,196.036579926459,262.79393923934,261.551298552221,261.137084989848,259.551298552221,261.379725676967,427.173664916305,427.587878478678,428.587878478678,429.002092041051,429.002092041051
"S65",748.075251893965,746.661038331591,747.489465456338,748.317892581084,749.903679018711,666.121933088192,665.707719525819,667.121933088192,665.707719525819,666.707719525819,534.783837971569,533.783837971569,533.783837971569,533.369624409196,532.369624409196,525.955410846823,527.369624409196,527.369624409196,527.369624409196,525.955410846823,930.64379438889,930.64379438889,930.64379438889,930.64379438889,930.64379438889,931.64379438889,931.64379438889,930.64379438889,930.229580826517,930.229580826517,926.815367264144,926.815367264144,927.815367264144,927.815367264144,927.815367264144,807.991990773282,808.991990773282,809.991990773282,810.577777210909,811.991990773282,704.234631460402,703.820417898028,703.820417898028,702.820417898028,703.820417898028,705.234631460402,705.234631460402,705.234631460402,704.234631460402,704.234631460402,635.577777210909,635.577777210909,635.577777210909,636.577777210909,636.577777210909,11,11,12.4142135623731,11.4142135623731,11,2.4142135623731,2.4142135623731,1.4142135623731,1,0,30.3847763108502,30.3847763108502,30.3847763108502,30.3847763108502,30.7989898732233,509.126983722079,509.126983722079,509.126983722079,509.126983722079,523.825468531914,523.825468531914,523.825468531914,515.381817718018,515.381817718018,515.381817718018,515.381817718018,515.381817718018,105.267027304759,105.267027304759,105.681240867132,105.681240867132,105.681240867132,121.610173055266,120.610173055266,120.610173055266,121.610173055266,121.610173055266,198.036579926459,198.036579926459,198.036579926459,198.036579926459,197.036579926459,263.79393923934,262.551298552221,262.137084989848,260.551298552221,262.379725676967,428.173664916305,428.587878478678,429.587878478678,430.002092041051,430.002092041051
"S66",772.661038331591,771.246824769218,772.075251893964,772.90367901871,774.489465456337,690.707719525818,690.293505963445,691.707719525818,690.293505963445,691.293505963445,559.369624409195,558.369624409195,558.369624409195,557.955410846822,556.955410846822,550.541197284449,551.955410846822,551.955410846822,551.955410846822,550.541197284449,919.288455329562,919.288455329562,919.288455329562,919.288455329562,919.288455329562,920.288455329562,920.288455329562,919.288455329562,918.874241767189,918.874241767189,915.460028204816,915.460028204816,916.460028204816,916.460028204816,916.460028204816,796.636651713955,797.636651713955,798.636651713955,799.222438151582,800.636651713955,692.879292401074,692.465078838701,692.465078838701,691.465078838701,692.465078838701,693.879292401074,693.879292401074,693.879292401074,692.879292401074,692.879292401074,624.222438151582,624.222438151582,624.222438151582,625.222438151582,625.222438151582,36.556349186104,36.556349186104,35.1421356237309,35.556349186104,36.556349186104,31.9705627484771,31.9705627484771,30.9705627484771,31.3847763108502,30.3847763108502,0,0,0,0,1,497.771644662752,497.771644662752,497.771644662752,497.771644662752,512.470129472587,512.470129472587,512.470129472587,504.026478658691,504.026478658691,504.026478658691,504.026478658691,504.026478658691,129.852813742386,129.852813742386,130.267027304759,130.267027304759,130.267027304759,146.195959492893,145.195959492893,145.195959492893,146.195959492893,146.195959492893,222.622366364086,222.622366364086,222.622366364086,222.622366364086,221.622366364086,288.379725676967,287.137084989847,286.722871427474,285.137084989847,286.965512114593,452.759451353932,453.173664916305,454.173664916305,454.587878478678,454.587878478678
"S67",772.661038331591,771.246824769218,772.075251893964,772.90367901871,774.489465456337,690.707719525818,690.293505963445,691.707719525818,690.293505963445,691.293505963445,559.369624409195,558.369624409195,558.369624409195,557.955410846822,556.955410846822,550.541197284449,551.955410846822,551.955410846822,551.955410846822,550.541197284449,919.288455329562,919.288455329562,919.288455329562,919.288455329562,919.288455329562,920.288455329562,920.288455329562,919.288455329562,918.874241767189,918.874241767189,915.460028204816,915.460028204816,916.460028204816,916.460028204816,916.460028204816,796.636651713955,797.636651713955,798.636651713955,799.222438151582,800.636651713955,692.879292401074,692.465078838701,692.465078838701,691.465078838701,692.465078838701,693.879292401074,693.879292401074,693.879292401074,692.879292401074,692.879292401074,624.222438151582,624.222438151582,624.222438151582,625.222438151582,625.222438151582,36.556349186104,36.556349186104,35.1421356237309,35.556349186104,36.556349186104,31.9705627484771,31.9705627484771,30.9705627484771,31.3847763108502,30.3847763108502,0,0,0,0,1,497.771644662752,497.771644662752,497.771644662752,497.771644662752,512.470129472587,512.470129472587,512.470129472587,504.026478658691,504.026478658691,504.026478658691,504.026478658691,504.026478658691,129.852813742386,129.852813742386,130.267027304759,130.267027304759,130.267027304759,146.195959492893,145.195959492893,145.195959492893,146.195959492893,146.195959492893,222.622366364086,222.622366364086,222.622366364086,222.622366364086,221.622366364086,288.379725676967,287.137084989847,286.722871427474,285.137084989847,286.965512114593,452.759451353932,453.173664916305,454.173664916305,454.587878478678,454.587878478678
"S68",772.661038331591,771.246824769218,772.075251893964,772.90367901871,774.489465456337,690.707719525818,690.293505963445,691.707719525818,690.293505963445,691.293505963445,559.369624409195,558.369624409195,558.369624409195,557.955410846822,556.955410846822,550.541197284449,551.955410846822,551.955410846822,551.955410846822,550.541197284449,919.288455329562,919.288455329562,919.288455329562,919.288455329562,919.288455329562,920.288455329562,920.288455329562,919.288455329562,918.874241767189,918.874241767189,915.460028204816,915.460028204816,916.460028204816,916.460028204816,916.460028204816,796.636651713955,797.636651713955,798.636651713955,799.222438151582,800.636651713955,692.879292401074,692.465078838701,692.465078838701,691.465078838701,692.465078838701,693.879292401074,693.879292401074,693.879292401074,692.879292401074,692.879292401074,624.222438151582,624.222438151582,624.222438151582,625.222438151582,625.222438151582,36.556349186104,36.556349186104,35.1421356237309,35.556349186104,36.556349186104,31.9705627484771,31.9705627484771,30.9705627484771,31.3847763108502,30.3847763108502,0,0,0,0,1,497.771644662752,497.771644662752,497.771644662752,497.771644662752,512.470129472587,512.470129472587,512.470129472587,504.026478658691,504.026478658691,504.026478658691,504.026478658691,504.026478658691,129.852813742386,129.852813742386,130.267027304759,130.267027304759,130.267027304759,146.195959492893,145.195959492893,145.195959492893,146.195959492893,146.195959492893,222.622366364086,222.622366364086,222.622366364086,222.622366364086,221.622366364086,288.379725676967,287.137084989847,286.722871427474,285.137084989847,286.965512114593,452.759451353932,453.173664916305,454.173664916305,454.587878478678,454.587878478678
"S69",772.661038331591,771.246824769218,772.075251893964,772.90367901871,774.489465456337,690.707719525818,690.293505963445,691.707719525818,690.293505963445,691.293505963445,559.369624409195,558.369624409195,558.369624409195,557.955410846822,556.955410846822,550.541197284449,551.955410846822,551.955410846822,551.955410846822,550.541197284449,919.288455329562,919.288455329562,919.288455329562,919.288455329562,919.288455329562,920.288455329562,920.288455329562,919.288455329562,918.874241767189,918.874241767189,915.460028204816,915.460028204816,916.460028204816,916.460028204816,916.460028204816,796.636651713955,797.636651713955,798.636651713955,799.222438151582,800.636651713955,692.879292401074,692.465078838701,692.465078838701,691.465078838701,692.465078838701,693.879292401074,693.879292401074,693.879292401074,692.879292401074,692.879292401074,624.222438151582,624.222438151582,624.222438151582,625.222438151582,625.222438151582,36.556349186104,36.556349186104,35.1421356237309,35.556349186104,36.556349186104,31.9705627484771,31.9705627484771,30.9705627484771,31.3847763108502,30.3847763108502,0,0,0,0,1,497.771644662752,497.771644662752,497.771644662752,497.771644662752,512.470129472587,512.470129472587,512.470129472587,504.026478658691,504.026478658691,504.026478658691,504.026478658691,504.026478658691,129.852813742386,129.852813742386,130.267027304759,130.267027304759,130.267027304759,146.195959492893,145.195959492893,145.195959492893,146.195959492893,146.195959492893,222.622366364086,222.622366364086,222.622366364086,222.622366364086,221.622366364086,288.379725676967,287.137084989847,286.722871427474,285.137084989847,286.965512114593,452.759451353932,453.173664916305,454.173664916305,454.587878478678,454.587878478678
"S70",773.075251893964,771.661038331591,772.489465456337,773.317892581083,774.90367901871,691.121933088191,690.707719525818,692.121933088191,690.707719525818,691.707719525818,559.783837971569,558.783837971569,558.783837971569,558.369624409195,557.369624409195,550.955410846822,552.369624409195,552.369624409195,552.369624409195,550.955410846822,920.288455329562,920.288455329562,920.288455329562,920.288455329562,920.288455329562,921.288455329562,921.288455329562,920.288455329562,919.874241767189,919.874241767189,916.460028204816,916.460028204816,917.460028204816,917.460028204816,917.460028204816,797.636651713955,798.636651713955,799.636651713955,800.222438151582,801.636651713955,693.879292401074,693.465078838701,693.465078838701,692.465078838701,693.465078838701,694.879292401074,694.879292401074,694.879292401074,693.879292401074,693.879292401074,625.222438151582,625.222438151582,625.222438151582,626.222438151582,626.222438151582,35.556349186104,35.556349186104,34.142135623731,34.556349186104,35.556349186104,32.3847763108502,32.3847763108502,31.3847763108502,31.7989898732233,30.7989898732233,1,1,1,1,0,498.771644662752,498.771644662752,498.771644662752,498.771644662752,513.470129472587,513.470129472587,513.470129472587,505.026478658691,505.026478658691,505.026478658691,505.026478658691,505.026478658691,130.267027304759,130.267027304759,130.681240867132,130.681240867132,130.681240867132,146.610173055266,145.610173055266,145.610173055266,146.610173055266,146.610173055266,223.036579926459,223.036579926459,223.036579926459,223.036579926459,222.036579926459,288.79393923934,287.55129855222,287.137084989847,285.55129855222,287.379725676967,453.173664916305,453.587878478678,454.587878478678,455.002092041051,455.002092041051
"S71",644.788888605454,645.374675043081,646.203102167827,646.203102167827,644.6173157302,724.256926036988,724.671139599362,723.256926036988,724.671139599362,723.671139599362,855.595021153611,856.595021153611,856.595021153611,857.009234715984,858.009234715984,864.423448278357,863.009234715984,863.009234715984,863.009234715984,864.423448278357,444.948268171889,444.948268171889,444.948268171889,444.948268171889,444.948268171889,445.948268171889,445.948268171889,444.948268171889,444.534054609516,444.534054609516,441.119841047143,441.119841047143,442.119841047143,442.119841047143,442.119841047143,322.296464556282,323.296464556282,324.296464556282,324.882250993908,326.296464556282,218.539105243401,218.124891681028,218.124891681028,217.124891681028,218.124891681028,219.539105243401,219.539105243401,219.539105243401,218.539105243401,218.539105243401,149.882250993909,149.882250993909,149.882250993909,150.882250993909,150.882250993909,520.126983722079,520.126983722079,520.712770159706,519.712770159706,520.126983722079,510.126983722079,510.126983722079,509.126983722079,509.541197284452,509.126983722079,497.771644662752,497.771644662752,497.771644662752,497.771644662752,498.771644662752,0,0,0,0,23.4852813742386,23.4852813742386,23.4852813742386,34.8994949366117,34.8994949366117,34.8994949366117,34.8994949366117,34.8994949366117,583.156420973601,583.156420973601,583.570634535974,583.570634535974,583.570634535974,599.499566724109,598.499566724109,598.499566724109,599.499566724109,599.499566724109,675.9259735953,675.9259735953,675.9259735953,675.9259735953,674.9259735953,741.68333290818,740.440692221061,740.026478658688,738.440692221061,740.269119345807,906.063058585147,906.47727214752,907.47727214752,907.891485709893,907.891485709893
"S73",644.788888605454,645.374675043081,646.203102167827,646.203102167827,644.6173157302,724.256926036988,724.671139599362,723.256926036988,724.671139599362,723.671139599362,855.595021153611,856.595021153611,856.595021153611,857.009234715984,858.009234715984,864.423448278357,863.009234715984,863.009234715984,863.009234715984,864.423448278357,444.948268171889,444.948268171889,444.948268171889,444.948268171889,444.948268171889,445.948268171889,445.948268171889,444.948268171889,444.534054609516,444.534054609516,441.119841047143,441.119841047143,442.119841047143,442.119841047143,442.119841047143,322.296464556282,323.296464556282,324.296464556282,324.882250993908,326.296464556282,218.539105243401,218.124891681028,218.124891681028,217.124891681028,218.124891681028,219.539105243401,219.539105243401,219.539105243401,218.539105243401,218.539105243401,149.882250993909,149.882250993909,149.882250993909,150.882250993909,150.882250993909,520.126983722079,520.126983722079,520.712770159706,519.712770159706,520.126983722079,510.126983722079,510.126983722079,509.126983722079,509.541197284452,509.126983722079,497.771644662752,497.771644662752,497.771644662752,497.771644662752,498.771644662752,0,0,0,0,23.4852813742386,23.4852813742386,23.4852813742386,34.8994949366117,34.8994949366117,34.8994949366117,34.8994949366117,34.8994949366117,583.156420973601,583.156420973601,583.570634535974,583.570634535974,583.570634535974,599.499566724109,598.499566724109,598.499566724109,599.499566724109,599.499566724109,675.9259735953,675.9259735953,675.9259735953,675.9259735953,674.9259735953,741.68333290818,740.440692221061,740.026478658688,738.440692221061,740.269119345807,906.063058585147,906.47727214752,907.47727214752,907.891485709893,907.891485709893
"S74",644.788888605454,645.374675043081,646.203102167827,646.203102167827,644.6173157302,724.256926036988,724.671139599362,723.256926036988,724.671139599362,723.671139599362,855.595021153611,856.595021153611,856.595021153611,857.009234715984,858.009234715984,864.423448278357,863.009234715984,863.009234715984,863.009234715984,864.423448278357,444.948268171889,444.948268171889,444.948268171889,444.948268171889,444.948268171889,445.948268171889,445.948268171889,444.948268171889,444.534054609516,444.534054609516,441.119841047143,441.119841047143,442.119841047143,442.119841047143,442.119841047143,322.296464556282,323.296464556282,324.296464556282,324.882250993908,326.296464556282,218.539105243401,218.124891681028,218.124891681028,217.124891681028,218.124891681028,219.539105243401,219.539105243401,219.539105243401,218.539105243401,218.539105243401,149.882250993909,149.882250993909,149.882250993909,150.882250993909,150.882250993909,520.126983722079,520.126983722079,520.712770159706,519.712770159706,520.126983722079,510.126983722079,510.126983722079,509.126983722079,509.541197284452,509.126983722079,497.771644662752,497.771644662752,497.771644662752,497.771644662752,498.771644662752,0,0,0,0,23.4852813742386,23.4852813742386,23.4852813742386,34.8994949366117,34.8994949366117,34.8994949366117,34.8994949366117,34.8994949366117,583.156420973601,583.156420973601,583.570634535974,583.570634535974,583.570634535974,599.499566724109,598.499566724109,598.499566724109,599.499566724109,599.499566724109,675.9259735953,675.9259735953,675.9259735953,675.9259735953,674.9259735953,741.68333290818,740.440692221061,740.026478658688,738.440692221061,740.269119345807,906.063058585147,906.47727214752,907.47727214752,907.891485709893,907.891485709893
"S75",644.788888605454,645.374675043081,646.203102167827,646.203102167827,644.6173157302,724.256926036988,724.671139599362,723.256926036988,724.671139599362,723.671139599362,855.595021153611,856.595021153611,856.595021153611,857.009234715984,858.009234715984,864.423448278357,863.009234715984,863.009234715984,863.009234715984,864.423448278357,444.948268171889,444.948268171889,444.948268171889,444.948268171889,444.948268171889,445.948268171889,445.948268171889,444.948268171889,444.534054609516,444.534054609516,441.119841047143,441.119841047143,442.119841047143,442.119841047143,442.119841047143,322.296464556282,323.296464556282,324.296464556282,324.882250993908,326.296464556282,218.539105243401,218.124891681028,218.124891681028,217.124891681028,218.124891681028,219.539105243401,219.539105243401,219.539105243401,218.539105243401,218.539105243401,149.882250993909,149.882250993909,149.882250993909,150.882250993909,150.882250993909,520.126983722079,520.126983722079,520.712770159706,519.712770159706,520.126983722079,510.126983722079,510.126983722079,509.126983722079,509.541197284452,509.126983722079,497.771644662752,497.771644662752,497.771644662752,497.771644662752,498.771644662752,0,0,0,0,23.4852813742386,23.4852813742386,23.4852813742386,34.8994949366117,34.8994949366117,34.8994949366117,34.8994949366117,34.8994949366117,583.156420973601,583.156420973601,583.570634535974,583.570634535974,583.570634535974,599.499566724109,598.499566724109,598.499566724109,599.499566724109,599.499566724109,675.9259735953,675.9259735953,675.9259735953,675.9259735953,674.9259735953,741.68333290818,740.440692221061,740.026478658688,738.440692221061,740.269119345807,906.063058585147,906.47727214752,907.47727214752,907.891485709893,907.891485709893
"S77",621.303607231216,621.889393668843,622.717820793589,622.717820793589,621.132034355962,700.77164466275,701.185858225123,699.77164466275,701.185858225123,700.185858225123,832.109739779373,833.109739779373,833.109739779373,833.523953341746,834.523953341746,840.938166904119,839.523953341746,839.523953341746,839.523953341746,840.938166904119,421.46298679765,421.46298679765,421.46298679765,421.46298679765,421.46298679765,422.46298679765,422.46298679765,421.46298679765,421.048773235277,421.048773235277,417.634559672904,417.634559672904,418.634559672904,418.634559672904,418.634559672904,298.811183182043,299.811183182043,300.811183182043,301.39696961967,302.811183182043,195.053823869162,194.639610306789,194.639610306789,193.639610306789,194.639610306789,196.053823869162,196.053823869162,196.053823869162,195.053823869162,195.053823869162,126.39696961967,126.39696961967,126.39696961967,127.39696961967,127.39696961967,534.825468531914,534.825468531914,535.411254969541,534.411254969541,534.825468531914,524.825468531914,524.825468531914,523.825468531914,524.239682094287,523.825468531914,512.470129472587,512.470129472587,512.470129472587,512.470129472587,513.470129472587,23.4852813742386,23.4852813742386,23.4852813742386,23.4852813742386,0,0,0,17.556349186104,17.556349186104,17.556349186104,17.556349186104,17.556349186104,597.854905783436,597.854905783436,598.269119345809,598.269119345809,598.269119345809,614.198051533943,613.198051533943,613.198051533943,614.198051533943,614.198051533943,690.624458405135,690.624458405135,690.624458405135,690.624458405135,689.624458405135,756.381817718015,755.139177030896,754.724963468523,753.139177030896,754.967604155642,920.761543394981,921.175756957354,922.175756957354,922.589970519728,922.589970519728
"S78",621.303607231216,621.889393668843,622.717820793589,622.717820793589,621.132034355962,700.77164466275,701.185858225123,699.77164466275,701.185858225123,700.185858225123,832.109739779373,833.109739779373,833.109739779373,833.523953341746,834.523953341746,840.938166904119,839.523953341746,839.523953341746,839.523953341746,840.938166904119,421.46298679765,421.46298679765,421.46298679765,421.46298679765,421.46298679765,422.46298679765,422.46298679765,421.46298679765,421.048773235277,421.048773235277,417.634559672904,417.634559672904,418.634559672904,418.634559672904,418.634559672904,298.811183182043,299.811183182043,300.811183182043,301.39696961967,302.811183182043,195.053823869162,194.639610306789,194.639610306789,193.639610306789,194.639610306789,196.053823869162,196.053823869162,196.053823869162,195.053823869162,195.053823869162,126.39696961967,126.39696961967,126.39696961967,127.39696961967,127.39696961967,534.825468531914,534.825468531914,535.411254969541,534.411254969541,534.825468531914,524.825468531914,524.825468531914,523.825468531914,524.239682094287,523.825468531914,512.470129472587,512.470129472587,512.470129472587,512.470129472587,513.470129472587,23.4852813742386,23.4852813742386,23.4852813742386,23.4852813742386,0,0,0,17.556349186104,17.556349186104,17.556349186104,17.556349186104,17.556349186104,597.854905783436,597.854905783436,598.269119345809,598.269119345809,598.269119345809,614.198051533943,613.198051533943,613.198051533943,614.198051533943,614.198051533943,690.624458405135,690.624458405135,690.624458405135,690.624458405135,689.624458405135,756.381817718015,755.139177030896,754.724963468523,753.139177030896,754.967604155642,920.761543394981,921.175756957354,922.175756957354,922.589970519728,922.589970519728
"S80",621.303607231216,621.889393668843,622.717820793589,622.717820793589,621.132034355962,700.77164466275,701.185858225123,699.77164466275,701.185858225123,700.185858225123,832.109739779373,833.109739779373,833.109739779373,833.523953341746,834.523953341746,840.938166904119,839.523953341746,839.523953341746,839.523953341746,840.938166904119,421.46298679765,421.46298679765,421.46298679765,421.46298679765,421.46298679765,422.46298679765,422.46298679765,421.46298679765,421.048773235277,421.048773235277,417.634559672904,417.634559672904,418.634559672904,418.634559672904,418.634559672904,298.811183182043,299.811183182043,300.811183182043,301.39696961967,302.811183182043,195.053823869162,194.639610306789,194.639610306789,193.639610306789,194.639610306789,196.053823869162,196.053823869162,196.053823869162,195.053823869162,195.053823869162,126.39696961967,126.39696961967,126.39696961967,127.39696961967,127.39696961967,534.825468531914,534.825468531914,535.411254969541,534.411254969541,534.825468531914,524.825468531914,524.825468531914,523.825468531914,524.239682094287,523.825468531914,512.470129472587,512.470129472587,512.470129472587,512.470129472587,513.470129472587,23.4852813742386,23.4852813742386,23.4852813742386,23.4852813742386,0,0,0,17.556349186104,17.556349186104,17.556349186104,17.556349186104,17.556349186104,597.854905783436,597.854905783436,598.269119345809,598.269119345809,598.269119345809,614.198051533943,613.198051533943,613.198051533943,614.198051533943,614.198051533943,690.624458405135,690.624458405135,690.624458405135,690.624458405135,689.624458405135,756.381817718015,755.139177030896,754.724963468523,753.139177030896,754.967604155642,920.761543394981,921.175756957354,922.175756957354,922.589970519728,922.589970519728
"S81",615.688383542066,616.274169979693,617.102597104439,617.102597104439,615.516810666812,695.1564209736,695.570634535973,694.1564209736,695.570634535973,694.570634535973,826.494516090223,827.494516090223,827.494516090223,827.908729652596,828.908729652596,835.322943214969,833.908729652596,833.908729652596,833.908729652596,835.322943214969,415.847763108501,415.847763108501,415.847763108501,415.847763108501,415.847763108501,416.847763108501,416.847763108501,415.847763108501,415.433549546128,415.433549546128,412.019335983755,412.019335983755,413.019335983755,413.019335983755,413.019335983755,293.195959492893,294.195959492893,295.195959492893,295.78174593052,297.195959492893,189.438600180013,189.02438661764,189.02438661764,188.02438661764,189.02438661764,190.438600180013,190.438600180013,190.438600180013,189.438600180013,189.438600180013,120.78174593052,120.78174593052,120.78174593052,121.78174593052,121.78174593052,526.381817718018,526.381817718018,526.967604155645,525.967604155645,526.381817718018,516.381817718018,516.381817718018,515.381817718018,515.796031280391,515.381817718018,504.026478658691,504.026478658691,504.026478658691,504.026478658691,505.026478658691,34.8994949366117,34.8994949366117,34.8994949366117,34.8994949366117,17.556349186104,17.556349186104,17.556349186104,0,0,0,0,0,589.411254969539,589.411254969539,589.825468531913,589.825468531913,589.825468531913,605.754400720047,604.754400720047,604.754400720047,605.754400720047,605.754400720047,682.180807591239,682.180807591239,682.180807591239,682.180807591239,681.180807591239,747.938166904119,746.695526217,746.281312654627,744.695526217,746.523953341746,912.317892581085,912.732106143458,913.732106143458,914.146319705831,914.146319705831
"S82",615.688383542066,616.274169979693,617.102597104439,617.102597104439,615.516810666812,695.1564209736,695.570634535973,694.1564209736,695.570634535973,694.570634535973,826.494516090223,827.494516090223,827.494516090223,827.908729652596,828.908729652596,835.322943214969,833.908729652596,833.908729652596,833.908729652596,835.322943214969,415.847763108501,415.847763108501,415.847763108501,415.847763108501,415.847763108501,416.847763108501,416.847763108501,415.847763108501,415.433549546128,415.433549546128,412.019335983755,412.019335983755,413.019335983755,413.019335983755,413.019335983755,293.195959492893,294.195959492893,295.195959492893,295.78174593052,297.195959492893,189.438600180013,189.02438661764,189.02438661764,188.02438661764,189.02438661764,190.438600180013,190.438600180013,190.438600180013,189.438600180013,189.438600180013,120.78174593052,120.78174593052,120.78174593052,121.78174593052,121.78174593052,526.381817718018,526.381817718018,526.967604155645,525.967604155645,526.381817718018,516.381817718018,516.381817718018,515.381817718018,515.796031280391,515.381817718018,504.026478658691,504.026478658691,504.026478658691,504.026478658691,505.026478658691,34.8994949366117,34.8994949366117,34.8994949366117,34.8994949366117,17.556349186104,17.556349186104,17.556349186104,0,0,0,0,0,589.411254969539,589.411254969539,589.825468531913,589.825468531913,589.825468531913,605.754400720047,604.754400720047,604.754400720047,605.754400720047,605.754400720047,682.180807591239,682.180807591239,682.180807591239,682.180807591239,681.180807591239,747.938166904119,746.695526217,746.281312654627,744.695526217,746.523953341746,912.317892581085,912.732106143458,913.732106143458,914.146319705831,914.146319705831
"S83",615.688383542066,616.274169979693,617.102597104439,617.102597104439,615.516810666812,695.1564209736,695.570634535973,694.1564209736,695.570634535973,694.570634535973,826.494516090223,827.494516090223,827.494516090223,827.908729652596,828.908729652596,835.322943214969,833.908729652596,833.908729652596,833.908729652596,835.322943214969,415.847763108501,415.847763108501,415.847763108501,415.847763108501,415.847763108501,416.847763108501,416.847763108501,415.847763108501,415.433549546128,415.433549546128,412.019335983755,412.019335983755,413.019335983755,413.019335983755,413.019335983755,293.195959492893,294.195959492893,295.195959492893,295.78174593052,297.195959492893,189.438600180013,189.02438661764,189.02438661764,188.02438661764,189.02438661764,190.438600180013,190.438600180013,190.438600180013,189.438600180013,189.438600180013,120.78174593052,120.78174593052,120.78174593052,121.78174593052,121.78174593052,526.381817718018,526.381817718018,526.967604155645,525.967604155645,526.381817718018,516.381817718018,516.381817718018,515.381817718018,515.796031280391,515.381817718018,504.026478658691,504.026478658691,504.026478658691,504.026478658691,505.026478658691,34.8994949366117,34.8994949366117,34.8994949366117,34.8994949366117,17.556349186104,17.556349186104,17.556349186104,0,0,0,0,0,589.411254969539,589.411254969539,589.825468531913,589.825468531913,589.825468531913,605.754400720047,604.754400720047,604.754400720047,605.754400720047,605.754400720047,682.180807591239,682.180807591239,682.180807591239,682.180807591239,681.180807591239,747.938166904119,746.695526217,746.281312654627,744.695526217,746.523953341746,912.317892581085,912.732106143458,913.732106143458,914.146319705831,914.146319705831
"S84",615.688383542066,616.274169979693,617.102597104439,617.102597104439,615.516810666812,695.1564209736,695.570634535973,694.1564209736,695.570634535973,694.570634535973,826.494516090223,827.494516090223,827.494516090223,827.908729652596,828.908729652596,835.322943214969,833.908729652596,833.908729652596,833.908729652596,835.322943214969,415.847763108501,415.847763108501,415.847763108501,415.847763108501,415.847763108501,416.847763108501,416.847763108501,415.847763108501,415.433549546128,415.433549546128,412.019335983755,412.019335983755,413.019335983755,413.019335983755,413.019335983755,293.195959492893,294.195959492893,295.195959492893,295.78174593052,297.195959492893,189.438600180013,189.02438661764,189.02438661764,188.02438661764,189.02438661764,190.438600180013,190.438600180013,190.438600180013,189.438600180013,189.438600180013,120.78174593052,120.78174593052,120.78174593052,121.78174593052,121.78174593052,526.381817718018,526.381817718018,526.967604155645,525.967604155645,526.381817718018,516.381817718018,516.381817718018,515.381817718018,515.796031280391,515.381817718018,504.026478658691,504.026478658691,504.026478658691,504.026478658691,505.026478658691,34.8994949366117,34.8994949366117,34.8994949366117,34.8994949366117,17.556349186104,17.556349186104,17.556349186104,0,0,0,0,0,589.411254969539,589.411254969539,589.825468531913,589.825468531913,589.825468531913,605.754400720047,604.754400720047,604.754400720047,605.754400720047,605.754400720047,682.180807591239,682.180807591239,682.180807591239,682.180807591239,681.180807591239,747.938166904119,746.695526217,746.281312654627,744.695526217,746.523953341746,912.317892581085,912.732106143458,913.732106143458,914.146319705831,914.146319705831
"S85",615.688383542066,616.274169979693,617.102597104439,617.102597104439,615.516810666812,695.1564209736,695.570634535973,694.1564209736,695.570634535973,694.570634535973,826.494516090223,827.494516090223,827.494516090223,827.908729652596,828.908729652596,835.322943214969,833.908729652596,833.908729652596,833.908729652596,835.322943214969,415.847763108501,415.847763108501,415.847763108501,415.847763108501,415.847763108501,416.847763108501,416.847763108501,415.847763108501,415.433549546128,415.433549546128,412.019335983755,412.019335983755,413.019335983755,413.019335983755,413.019335983755,293.195959492893,294.195959492893,295.195959492893,295.78174593052,297.195959492893,189.438600180013,189.02438661764,189.02438661764,188.02438661764,189.02438661764,190.438600180013,190.438600180013,190.438600180013,189.438600180013,189.438600180013,120.78174593052,120.78174593052,120.78174593052,121.78174593052,121.78174593052,526.381817718018,526.381817718018,526.967604155645,525.967604155645,526.381817718018,516.381817718018,516.381817718018,515.381817718018,515.796031280391,515.381817718018,504.026478658691,504.026478658691,504.026478658691,504.026478658691,505.026478658691,34.8994949366117,34.8994949366117,34.8994949366117,34.8994949366117,17.556349186104,17.556349186104,17.556349186104,0,0,0,0,0,589.411254969539,589.411254969539,589.825468531913,589.825468531913,589.825468531913,605.754400720047,604.754400720047,604.754400720047,605.754400720047,605.754400720047,682.180807591239,682.180807591239,682.180807591239,682.180807591239,681.180807591239,747.938166904119,746.695526217,746.281312654627,744.695526217,746.523953341746,912.317892581085,912.732106143458,913.732106143458,914.146319705831,914.146319705831
"S86",642.808224589208,641.394011026835,642.222438151581,643.050865276327,644.636651713954,560.854905783435,560.440692221062,561.854905783435,560.440692221062,561.440692221062,429.516810666812,428.516810666812,428.516810666812,428.102597104439,427.102597104439,420.688383542066,422.102597104439,422.102597104439,422.102597104439,420.688383542066,840.163563648534,840.163563648534,840.163563648534,840.163563648534,840.163563648534,839.163563648534,839.163563648534,840.163563648534,840.577777210908,840.577777210908,843.991990773281,843.991990773281,842.991990773281,842.991990773281,842.991990773281,882.021428024805,883.021428024805,884.021428024805,884.607214462431,886.021428024805,778.264068711924,777.849855149551,777.849855149551,776.849855149551,777.849855149551,779.264068711924,779.264068711924,779.264068711924,778.264068711924,778.264068711924,709.607214462431,709.607214462431,709.607214462431,710.607214462431,710.607214462431,109.823376490863,109.823376490863,111.237590053236,110.823376490863,109.823376490863,102.852813742386,102.852813742386,103.852813742386,104.267027304759,105.267027304759,129.852813742386,129.852813742386,129.852813742386,129.852813742386,130.267027304759,583.156420973601,583.156420973601,583.156420973601,583.156420973601,597.854905783436,597.854905783436,597.854905783436,589.411254969539,589.411254969539,589.411254969539,589.411254969539,589.411254969539,0,0,1,1,1,19.6568542494924,18.6568542494924,18.6568542494924,19.6568542494924,19.6568542494924,92.7695526217005,92.7695526217005,92.7695526217005,92.7695526217005,91.7695526217005,158.526911934581,157.284271247462,156.870057685089,155.284271247462,157.112698372208,322.906637611548,323.320851173921,324.320851173921,324.735064736294,324.735064736294
"S87",642.808224589208,641.394011026835,642.222438151581,643.050865276327,644.636651713954,560.854905783435,560.440692221062,561.854905783435,560.440692221062,561.440692221062,429.516810666812,428.516810666812,428.516810666812,428.102597104439,427.102597104439,420.688383542066,422.102597104439,422.102597104439,422.102597104439,420.688383542066,840.163563648534,840.163563648534,840.163563648534,840.163563648534,840.163563648534,839.163563648534,839.163563648534,840.163563648534,840.577777210908,840.577777210908,843.991990773281,843.991990773281,842.991990773281,842.991990773281,842.991990773281,882.021428024805,883.021428024805,884.021428024805,884.607214462431,886.021428024805,778.264068711924,777.849855149551,777.849855149551,776.849855149551,777.849855149551,779.264068711924,779.264068711924,779.264068711924,778.264068711924,778.264068711924,709.607214462431,709.607214462431,709.607214462431,710.607214462431,710.607214462431,109.823376490863,109.823376490863,111.237590053236,110.823376490863,109.823376490863,102.852813742386,102.852813742386,103.852813742386,104.267027304759,105.267027304759,129.852813742386,129.852813742386,129.852813742386,129.852813742386,130.267027304759,583.156420973601,583.156420973601,583.156420973601,583.156420973601,597.854905783436,597.854905783436,597.854905783436,589.411254969539,589.411254969539,589.411254969539,589.411254969539,589.411254969539,0,0,1,1,1,19.6568542494924,18.6568542494924,18.6568542494924,19.6568542494924,19.6568542494924,92.7695526217005,92.7695526217005,92.7695526217005,92.7695526217005,91.7695526217005,158.526911934581,157.284271247462,156.870057685089,155.284271247462,157.112698372208,322.906637611548,323.320851173921,324.320851173921,324.735064736294,324.735064736294
"S88",642.394011026835,640.979797464462,641.808224589208,642.636651713954,644.222438151581,560.440692221062,560.026478658689,561.440692221062,560.026478658689,561.026478658689,429.102597104439,428.102597104439,428.102597104439,427.688383542066,426.688383542066,420.274169979693,421.688383542066,421.688383542066,421.688383542066,420.274169979693,839.749350086161,839.749350086161,839.749350086161,839.749350086161,839.749350086161,838.749350086161,838.749350086161,839.749350086161,840.163563648534,840.163563648534,843.577777210908,843.577777210908,842.577777210908,842.577777210908,842.577777210908,882.435641587178,883.435641587178,884.435641587178,885.021428024805,886.435641587178,778.678282274297,778.264068711924,778.264068711924,777.264068711924,778.264068711924,779.678282274297,779.678282274297,779.678282274297,778.678282274297,778.678282274297,710.021428024805,710.021428024805,710.021428024805,711.021428024805,711.021428024805,110.237590053236,110.237590053236,111.651803615609,111.237590053236,110.237590053236,103.267027304759,103.267027304759,104.267027304759,104.681240867132,105.681240867132,130.267027304759,130.267027304759,130.267027304759,130.267027304759,130.681240867132,583.570634535974,583.570634535974,583.570634535974,583.570634535974,598.269119345809,598.269119345809,598.269119345809,589.825468531913,589.825468531913,589.825468531913,589.825468531913,589.825468531913,1,1,0,0,0,20.0710678118655,19.0710678118655,19.0710678118655,20.0710678118655,20.0710678118655,92.3553390593273,92.3553390593273,92.3553390593273,92.3553390593273,91.3553390593273,158.112698372208,156.870057685089,156.455844122716,154.870057685089,156.698484809835,322.492424049175,322.906637611548,323.906637611548,324.320851173921,324.320851173921
"S89",642.394011026835,640.979797464462,641.808224589208,642.636651713954,644.222438151581,560.440692221062,560.026478658689,561.440692221062,560.026478658689,561.026478658689,429.102597104439,428.102597104439,428.102597104439,427.688383542066,426.688383542066,420.274169979693,421.688383542066,421.688383542066,421.688383542066,420.274169979693,839.749350086161,839.749350086161,839.749350086161,839.749350086161,839.749350086161,838.749350086161,838.749350086161,839.749350086161,840.163563648534,840.163563648534,843.577777210908,843.577777210908,842.577777210908,842.577777210908,842.577777210908,882.435641587178,883.435641587178,884.435641587178,885.021428024805,886.435641587178,778.678282274297,778.264068711924,778.264068711924,777.264068711924,778.264068711924,779.678282274297,779.678282274297,779.678282274297,778.678282274297,778.678282274297,710.021428024805,710.021428024805,710.021428024805,711.021428024805,711.021428024805,110.237590053236,110.237590053236,111.651803615609,111.237590053236,110.237590053236,103.267027304759,103.267027304759,104.267027304759,104.681240867132,105.681240867132,130.267027304759,130.267027304759,130.267027304759,130.267027304759,130.681240867132,583.570634535974,583.570634535974,583.570634535974,583.570634535974,598.269119345809,598.269119345809,598.269119345809,589.825468531913,589.825468531913,589.825468531913,589.825468531913,589.825468531913,1,1,0,0,0,20.0710678118655,19.0710678118655,19.0710678118655,20.0710678118655,20.0710678118655,92.3553390593273,92.3553390593273,92.3553390593273,92.3553390593273,91.3553390593273,158.112698372208,156.870057685089,156.455844122716,154.870057685089,156.698484809835,322.492424049175,322.906637611548,323.906637611548,324.320851173921,324.320851173921
"S90",642.394011026835,640.979797464462,641.808224589208,642.636651713954,644.222438151581,560.440692221062,560.026478658689,561.440692221062,560.026478658689,561.026478658689,429.102597104439,428.102597104439,428.102597104439,427.688383542066,426.688383542066,420.274169979693,421.688383542066,421.688383542066,421.688383542066,420.274169979693,839.749350086161,839.749350086161,839.749350086161,839.749350086161,839.749350086161,838.749350086161,838.749350086161,839.749350086161,840.163563648534,840.163563648534,843.577777210908,843.577777210908,842.577777210908,842.577777210908,842.577777210908,882.435641587178,883.435641587178,884.435641587178,885.021428024805,886.435641587178,778.678282274297,778.264068711924,778.264068711924,777.264068711924,778.264068711924,779.678282274297,779.678282274297,779.678282274297,778.678282274297,778.678282274297,710.021428024805,710.021428024805,710.021428024805,711.021428024805,711.021428024805,110.237590053236,110.237590053236,111.651803615609,111.237590053236,110.237590053236,103.267027304759,103.267027304759,104.267027304759,104.681240867132,105.681240867132,130.267027304759,130.267027304759,130.267027304759,130.267027304759,130.681240867132,583.570634535974,583.570634535974,583.570634535974,583.570634535974,598.269119345809,598.269119345809,598.269119345809,589.825468531913,589.825468531913,589.825468531913,589.825468531913,589.825468531913,1,1,0,0,0,20.0710678118655,19.0710678118655,19.0710678118655,20.0710678118655,20.0710678118655,92.3553390593273,92.3553390593273,92.3553390593273,92.3553390593273,91.3553390593273,158.112698372208,156.870057685089,156.455844122716,154.870057685089,156.698484809835,322.492424049175,322.906637611548,323.906637611548,324.320851173921,324.320851173921
"S91",626.4650788387,625.050865276327,625.879292401073,626.70771952582,628.293505963447,544.511760032928,544.097546470555,545.511760032928,544.097546470555,545.097546470555,413.173664916305,412.173664916305,412.173664916305,411.759451353932,410.759451353932,404.345237791559,405.759451353932,405.759451353932,405.759451353932,404.345237791559,823.820417898027,823.820417898027,823.820417898027,823.820417898027,823.820417898027,822.820417898027,822.820417898027,823.820417898027,824.2346314604,824.2346314604,827.648845022773,827.648845022773,826.648845022773,826.648845022773,826.648845022773,898.364573775312,899.364573775312,900.364573775312,900.950360212939,902.364573775312,794.607214462431,794.193000900058,794.193000900058,793.193000900058,794.193000900058,795.607214462431,795.607214462431,795.607214462431,794.607214462431,794.607214462431,725.950360212939,725.950360212939,725.950360212939,726.950360212939,726.950360212939,126.166522241371,126.166522241371,127.580735803744,127.166522241371,126.166522241371,119.195959492893,119.195959492893,120.195959492893,120.610173055266,121.610173055266,146.195959492893,146.195959492893,146.195959492893,146.195959492893,146.610173055266,599.499566724109,599.499566724109,599.499566724109,599.499566724109,614.198051533943,614.198051533943,614.198051533943,605.754400720047,605.754400720047,605.754400720047,605.754400720047,605.754400720047,19.6568542494924,19.6568542494924,20.0710678118655,20.0710678118655,20.0710678118655,0,1,1,0,0,76.4264068711928,76.4264068711928,76.4264068711928,76.4264068711928,75.4264068711928,142.183766184074,140.941125496954,140.526911934581,138.941125496954,140.7695526217,306.56349186104,306.977705423413,307.977705423413,308.391918985786,308.391918985786
"S92",627.4650788387,626.050865276327,626.879292401073,627.70771952582,629.293505963447,545.511760032928,545.097546470555,546.511760032928,545.097546470555,546.097546470555,414.173664916305,413.173664916305,413.173664916305,412.759451353932,411.759451353932,405.345237791559,406.759451353932,406.759451353932,406.759451353932,405.345237791559,824.820417898027,824.820417898027,824.820417898027,824.820417898027,824.820417898027,823.820417898027,823.820417898027,824.820417898027,825.2346314604,825.2346314604,828.648845022773,828.648845022773,827.648845022773,827.648845022773,827.648845022773,897.364573775312,898.364573775312,899.364573775312,899.950360212939,901.364573775312,793.607214462431,793.193000900058,793.193000900058,792.193000900058,793.193000900058,794.607214462431,794.607214462431,794.607214462431,793.607214462431,793.607214462431,724.950360212939,724.950360212939,724.950360212939,725.950360212939,725.950360212939,125.166522241371,125.166522241371,126.580735803744,126.166522241371,125.166522241371,118.195959492893,118.195959492893,119.195959492893,119.610173055266,120.610173055266,145.195959492893,145.195959492893,145.195959492893,145.195959492893,145.610173055266,598.499566724109,598.499566724109,598.499566724109,598.499566724109,613.198051533943,613.198051533943,613.198051533943,604.754400720047,604.754400720047,604.754400720047,604.754400720047,604.754400720047,18.6568542494924,18.6568542494924,19.0710678118655,19.0710678118655,19.0710678118655,1,0,0,1,1,77.4264068711928,77.4264068711928,77.4264068711928,77.4264068711928,76.4264068711928,143.183766184074,141.941125496954,141.526911934581,139.941125496954,141.7695526217,307.56349186104,307.977705423413,308.977705423413,309.391918985786,309.391918985786
"S93",627.4650788387,626.050865276327,626.879292401073,627.70771952582,629.293505963447,545.511760032928,545.097546470555,546.511760032928,545.097546470555,546.097546470555,414.173664916305,413.173664916305,413.173664916305,412.759451353932,411.759451353932,405.345237791559,406.759451353932,406.759451353932,406.759451353932,405.345237791559,824.820417898027,824.820417898027,824.820417898027,824.820417898027,824.820417898027,823.820417898027,823.820417898027,824.820417898027,825.2346314604,825.2346314604,828.648845022773,828.648845022773,827.648845022773,827.648845022773,827.648845022773,897.364573775312,898.364573775312,899.364573775312,899.950360212939,901.364573775312,793.607214462431,793.193000900058,793.193000900058,792.193000900058,793.193000900058,794.607214462431,794.607214462431,794.607214462431,793.607214462431,793.607214462431,724.950360212939,724.950360212939,724.950360212939,725.950360212939,725.950360212939,125.166522241371,125.166522241371,126.580735803744,126.166522241371,125.166522241371,118.195959492893,118.195959492893,119.195959492893,119.610173055266,120.610173055266,145.195959492893,145.195959492893,145.195959492893,145.195959492893,145.610173055266,598.499566724109,598.499566724109,598.499566724109,598.499566724109,613.198051533943,613.198051533943,613.198051533943,604.754400720047,604.754400720047,604.754400720047,604.754400720047,604.754400720047,18.6568542494924,18.6568542494924,19.0710678118655,19.0710678118655,19.0710678118655,1,0,0,1,1,77.4264068711928,77.4264068711928,77.4264068711928,77.4264068711928,76.4264068711928,143.183766184074,141.941125496954,141.526911934581,139.941125496954,141.7695526217,307.56349186104,307.977705423413,308.977705423413,309.391918985786,309.391918985786
"S94",626.4650788387,625.050865276327,625.879292401073,626.70771952582,628.293505963447,544.511760032928,544.097546470555,545.511760032928,544.097546470555,545.097546470555,413.173664916305,412.173664916305,412.173664916305,411.759451353932,410.759451353932,404.345237791559,405.759451353932,405.759451353932,405.759451353932,404.345237791559,823.820417898027,823.820417898027,823.820417898027,823.820417898027,823.820417898027,822.820417898027,822.820417898027,823.820417898027,824.2346314604,824.2346314604,827.648845022773,827.648845022773,826.648845022773,826.648845022773,826.648845022773,898.364573775312,899.364573775312,900.364573775312,900.950360212939,902.364573775312,794.607214462431,794.193000900058,794.193000900058,793.193000900058,794.193000900058,795.607214462431,795.607214462431,795.607214462431,794.607214462431,794.607214462431,725.950360212939,725.950360212939,725.950360212939,726.950360212939,726.950360212939,126.166522241371,126.166522241371,127.580735803744,127.166522241371,126.166522241371,119.195959492893,119.195959492893,120.195959492893,120.610173055266,121.610173055266,146.195959492893,146.195959492893,146.195959492893,146.195959492893,146.610173055266,599.499566724109,599.499566724109,599.499566724109,599.499566724109,614.198051533943,614.198051533943,614.198051533943,605.754400720047,605.754400720047,605.754400720047,605.754400720047,605.754400720047,19.6568542494924,19.6568542494924,20.0710678118655,20.0710678118655,20.0710678118655,0,1,1,0,0,76.4264068711928,76.4264068711928,76.4264068711928,76.4264068711928,75.4264068711928,142.183766184074,140.941125496954,140.526911934581,138.941125496954,140.7695526217,306.56349186104,306.977705423413,307.977705423413,308.391918985786,308.391918985786
"S95",626.4650788387,625.050865276327,625.879292401073,626.70771952582,628.293505963447,544.511760032928,544.097546470555,545.511760032928,544.097546470555,545.097546470555,413.173664916305,412.173664916305,412.173664916305,411.759451353932,410.759451353932,404.345237791559,405.759451353932,405.759451353932,405.759451353932,404.345237791559,823.820417898027,823.820417898027,823.820417898027,823.820417898027,823.820417898027,822.820417898027,822.820417898027,823.820417898027,824.2346314604,824.2346314604,827.648845022773,827.648845022773,826.648845022773,826.648845022773,826.648845022773,898.364573775312,899.364573775312,900.364573775312,900.950360212939,902.364573775312,794.607214462431,794.193000900058,794.193000900058,793.193000900058,794.193000900058,795.607214462431,795.607214462431,795.607214462431,794.607214462431,794.607214462431,725.950360212939,725.950360212939,725.950360212939,726.950360212939,726.950360212939,126.166522241371,126.166522241371,127.580735803744,127.166522241371,126.166522241371,119.195959492893,119.195959492893,120.195959492893,120.610173055266,121.610173055266,146.195959492893,146.195959492893,146.195959492893,146.195959492893,146.610173055266,599.499566724109,599.499566724109,599.499566724109,599.499566724109,614.198051533943,614.198051533943,614.198051533943,605.754400720047,605.754400720047,605.754400720047,605.754400720047,605.754400720047,19.6568542494924,19.6568542494924,20.0710678118655,20.0710678118655,20.0710678118655,0,1,1,0,0,76.4264068711928,76.4264068711928,76.4264068711928,76.4264068711928,75.4264068711928,142.183766184074,140.941125496954,140.526911934581,138.941125496954,140.7695526217,306.56349186104,306.977705423413,307.977705423413,308.391918985786,308.391918985786
"S96",550.038671967509,548.624458405136,549.452885529882,550.281312654628,551.867099092255,468.085353161736,467.671139599363,469.085353161736,467.671139599363,468.671139599363,336.747258045113,335.747258045113,335.747258045113,335.33304448274,334.33304448274,327.918830920367,329.33304448274,329.33304448274,329.33304448274,327.918830920367,747.394011026836,747.394011026836,747.394011026836,747.394011026836,747.394011026836,746.394011026836,746.394011026836,747.394011026836,747.808224589209,747.808224589209,751.222438151582,751.222438151582,750.222438151582,750.222438151582,750.222438151582,870.045814642443,869.045814642443,868.045814642443,867.460028204816,866.045814642443,871.033621333623,870.61940777125,870.61940777125,869.61940777125,870.61940777125,872.033621333623,872.033621333623,872.033621333623,871.033621333623,871.033621333623,802.376767084131,802.376767084131,802.376767084131,803.376767084131,803.376767084131,202.592929112564,202.592929112564,204.007142674937,203.592929112564,202.592929112564,195.622366364086,195.622366364086,196.622366364086,197.036579926459,198.036579926459,222.622366364086,222.622366364086,222.622366364086,222.622366364086,223.036579926459,675.9259735953,675.9259735953,675.9259735953,675.9259735953,690.624458405135,690.624458405135,690.624458405135,682.180807591239,682.180807591239,682.180807591239,682.180807591239,682.180807591239,92.7695526217005,92.7695526217005,92.3553390593273,92.3553390593273,92.3553390593273,76.4264068711928,77.4264068711928,77.4264068711928,76.4264068711928,76.4264068711928,0,0,0,0,1,68.2426406871193,69.4852813742386,69.8994949366116,67.4852813742386,67.6568542494924,230.137084989848,230.551298552221,231.551298552221,231.965512114594,231.965512114594
"S97",550.038671967509,548.624458405136,549.452885529882,550.281312654628,551.867099092255,468.085353161736,467.671139599363,469.085353161736,467.671139599363,468.671139599363,336.747258045113,335.747258045113,335.747258045113,335.33304448274,334.33304448274,327.918830920367,329.33304448274,329.33304448274,329.33304448274,327.918830920367,747.394011026836,747.394011026836,747.394011026836,747.394011026836,747.394011026836,746.394011026836,746.394011026836,747.394011026836,747.808224589209,747.808224589209,751.222438151582,751.222438151582,750.222438151582,750.222438151582,750.222438151582,870.045814642443,869.045814642443,868.045814642443,867.460028204816,866.045814642443,871.033621333623,870.61940777125,870.61940777125,869.61940777125,870.61940777125,872.033621333623,872.033621333623,872.033621333623,871.033621333623,871.033621333623,802.376767084131,802.376767084131,802.376767084131,803.376767084131,803.376767084131,202.592929112564,202.592929112564,204.007142674937,203.592929112564,202.592929112564,195.622366364086,195.622366364086,196.622366364086,197.036579926459,198.036579926459,222.622366364086,222.622366364086,222.622366364086,222.622366364086,223.036579926459,675.9259735953,675.9259735953,675.9259735953,675.9259735953,690.624458405135,690.624458405135,690.624458405135,682.180807591239,682.180807591239,682.180807591239,682.180807591239,682.180807591239,92.7695526217005,92.7695526217005,92.3553390593273,92.3553390593273,92.3553390593273,76.4264068711928,77.4264068711928,77.4264068711928,76.4264068711928,76.4264068711928,0,0,0,0,1,68.2426406871193,69.4852813742386,69.8994949366116,67.4852813742386,67.6568542494924,230.137084989848,230.551298552221,231.551298552221,231.965512114594,231.965512114594
"S98",550.038671967509,548.624458405136,549.452885529882,550.281312654628,551.867099092255,468.085353161736,467.671139599363,469.085353161736,467.671139599363,468.671139599363,336.747258045113,335.747258045113,335.747258045113,335.33304448274,334.33304448274,327.918830920367,329.33304448274,329.33304448274,329.33304448274,327.918830920367,747.394011026836,747.394011026836,747.394011026836,747.394011026836,747.394011026836,746.394011026836,746.394011026836,747.394011026836,747.808224589209,747.808224589209,751.222438151582,751.222438151582,750.222438151582,750.222438151582,750.222438151582,870.045814642443,869.045814642443,868.045814642443,867.460028204816,866.045814642443,871.033621333623,870.61940777125,870.61940777125,869.61940777125,870.61940777125,872.033621333623,872.033621333623,872.033621333623,871.033621333623,871.033621333623,802.376767084131,802.376767084131,802.376767084131,803.376767084131,803.376767084131,202.592929112564,202.592929112564,204.007142674937,203.592929112564,202.592929112564,195.622366364086,195.622366364086,196.622366364086,197.036579926459,198.036579926459,222.622366364086,222.622366364086,222.622366364086,222.622366364086,223.036579926459,675.9259735953,675.9259735953,675.9259735953,675.9259735953,690.624458405135,690.624458405135,690.624458405135,682.180807591239,682.180807591239,682.180807591239,682.180807591239,682.180807591239,92.7695526217005,92.7695526217005,92.3553390593273,92.3553390593273,92.3553390593273,76.4264068711928,77.4264068711928,77.4264068711928,76.4264068711928,76.4264068711928,0,0,0,0,1,68.2426406871193,69.4852813742386,69.8994949366116,67.4852813742386,67.6568542494924,230.137084989848,230.551298552221,231.551298552221,231.965512114594,231.965512114594
"S99",550.038671967509,548.624458405136,549.452885529882,550.281312654628,551.867099092255,468.085353161736,467.671139599363,469.085353161736,467.671139599363,468.671139599363,336.747258045113,335.747258045113,335.747258045113,335.33304448274,334.33304448274,327.918830920367,329.33304448274,329.33304448274,329.33304448274,327.918830920367,747.394011026836,747.394011026836,747.394011026836,747.394011026836,747.394011026836,746.394011026836,746.394011026836,747.394011026836,747.808224589209,747.808224589209,751.222438151582,751.222438151582,750.222438151582,750.222438151582,750.222438151582,870.045814642443,869.045814642443,868.045814642443,867.460028204816,866.045814642443,871.033621333623,870.61940777125,870.61940777125,869.61940777125,870.61940777125,872.033621333623,872.033621333623,872.033621333623,871.033621333623,871.033621333623,802.376767084131,802.376767084131,802.376767084131,803.376767084131,803.376767084131,202.592929112564,202.592929112564,204.007142674937,203.592929112564,202.592929112564,195.622366364086,195.622366364086,196.622366364086,197.036579926459,198.036579926459,222.622366364086,222.622366364086,222.622366364086,222.622366364086,223.036579926459,675.9259735953,675.9259735953,675.9259735953,675.9259735953,690.624458405135,690.624458405135,690.624458405135,682.180807591239,682.180807591239,682.180807591239,682.180807591239,682.180807591239,92.7695526217005,92.7695526217005,92.3553390593273,92.3553390593273,92.3553390593273,76.4264068711928,77.4264068711928,77.4264068711928,76.4264068711928,76.4264068711928,0,0,0,0,1,68.2426406871193,69.4852813742386,69.8994949366116,67.4852813742386,67.6568542494924,230.137084989848,230.551298552221,231.551298552221,231.965512114594,231.965512114594
"S100",551.038671967509,549.624458405136,550.452885529882,551.281312654628,552.867099092255,469.085353161736,468.671139599363,470.085353161736,468.671139599363,469.671139599363,337.747258045113,336.747258045113,336.747258045113,336.33304448274,335.33304448274,328.918830920367,330.33304448274,330.33304448274,330.33304448274,328.918830920367,748.394011026836,748.394011026836,748.394011026836,748.394011026836,748.394011026836,747.394011026836,747.394011026836,748.394011026836,748.808224589209,748.808224589209,752.222438151582,752.222438151582,751.222438151582,751.222438151582,751.222438151582,871.045814642443,870.045814642443,869.045814642443,868.460028204816,867.045814642443,870.033621333623,869.61940777125,869.61940777125,868.61940777125,869.61940777125,871.033621333623,871.033621333623,871.033621333623,870.033621333623,870.033621333623,801.376767084131,801.376767084131,801.376767084131,802.376767084131,802.376767084131,201.592929112564,201.592929112564,203.007142674937,202.592929112564,201.592929112564,194.622366364086,194.622366364086,195.622366364086,196.036579926459,197.036579926459,221.622366364086,221.622366364086,221.622366364086,221.622366364086,222.036579926459,674.9259735953,674.9259735953,674.9259735953,674.9259735953,689.624458405135,689.624458405135,689.624458405135,681.180807591239,681.180807591239,681.180807591239,681.180807591239,681.180807591239,91.7695526217005,91.7695526217005,91.3553390593273,91.3553390593273,91.3553390593273,75.4264068711928,76.4264068711928,76.4264068711928,75.4264068711928,75.4264068711928,1,1,1,1,0,69.2426406871193,70.4852813742386,70.8994949366116,68.4852813742386,68.6568542494924,231.137084989848,231.551298552221,232.551298552221,232.965512114594,232.965512114594
"S101",484.281312654629,482.867099092256,483.695526217002,484.523953341748,486.109739779375,402.327993848856,401.913780286483,403.327993848856,401.913780286483,402.913780286483,270.989898732234,269.989898732234,269.989898732234,269.575685169861,268.575685169861,262.161471607488,263.575685169861,263.575685169861,263.575685169861,262.161471607488,681.636651713956,681.636651713956,681.636651713956,681.636651713956,681.636651713956,680.636651713956,680.636651713956,681.636651713956,682.050865276329,682.050865276329,685.465078838702,685.465078838702,684.465078838702,684.465078838702,684.465078838702,804.288455329563,803.288455329563,802.288455329563,801.702668891936,800.288455329563,911.359523141429,910.945309579056,910.945309579056,911.945309579056,910.945309579056,910.359523141429,910.359523141429,910.359523141429,911.359523141429,911.359523141429,868.134126397011,868.134126397011,868.134126397011,869.134126397011,869.134126397011,268.350288425444,268.350288425444,269.764501987817,269.350288425444,268.350288425444,261.379725676967,261.379725676967,262.379725676967,262.79393923934,263.79393923934,288.379725676967,288.379725676967,288.379725676967,288.379725676967,288.79393923934,741.68333290818,741.68333290818,741.68333290818,741.68333290818,756.381817718015,756.381817718015,756.381817718015,747.938166904119,747.938166904119,747.938166904119,747.938166904119,747.938166904119,158.526911934581,158.526911934581,158.112698372208,158.112698372208,158.112698372208,142.183766184074,143.183766184074,143.183766184074,142.183766184074,142.183766184074,68.2426406871193,68.2426406871193,68.2426406871193,68.2426406871193,69.2426406871193,0,3,4,3.82842712474619,1.4142135623731,164.379725676967,164.79393923934,165.79393923934,166.208152801713,166.208152801713
"S102",485.523953341748,484.109739779375,484.938166904122,485.766594028868,487.352380466495,403.570634535976,403.156420973603,404.570634535976,403.156420973603,404.156420973603,272.232539419353,271.232539419353,271.232539419353,270.81832585698,269.81832585698,263.404112294607,264.81832585698,264.81832585698,264.81832585698,263.404112294607,682.879292401075,682.879292401075,682.879292401075,682.879292401075,682.879292401075,681.879292401075,681.879292401075,682.879292401075,683.293505963448,683.293505963448,686.707719525821,686.707719525821,685.707719525821,685.707719525821,685.707719525821,805.531096016683,804.531096016683,803.531096016683,802.945309579056,801.531096016683,912.602163828548,912.187950266175,912.187950266175,913.187950266175,912.187950266175,911.602163828548,911.602163828548,911.602163828548,912.602163828548,912.602163828548,866.891485709892,866.891485709892,866.891485709892,867.891485709892,867.891485709892,267.107647738325,267.107647738325,268.521861300698,268.107647738325,267.107647738325,260.137084989848,260.137084989848,261.137084989848,261.551298552221,262.551298552221,287.137084989847,287.137084989847,287.137084989847,287.137084989847,287.55129855222,740.440692221061,740.440692221061,740.440692221061,740.440692221061,755.139177030896,755.139177030896,755.139177030896,746.695526217,746.695526217,746.695526217,746.695526217,746.695526217,157.284271247462,157.284271247462,156.870057685089,156.870057685089,156.870057685089,140.941125496954,141.941125496954,141.941125496954,140.941125496954,140.941125496954,69.4852813742386,69.4852813742386,69.4852813742386,69.4852813742386,70.4852813742386,3,0,1,2,2.4142135623731,165.622366364086,166.036579926459,167.036579926459,167.450793488833,167.450793488833
"S103",485.938166904122,484.523953341748,485.352380466495,486.180807591241,487.766594028868,403.984848098349,403.570634535976,404.984848098349,403.570634535976,404.570634535976,272.646752981726,271.646752981726,271.646752981726,271.232539419353,270.232539419353,263.81832585698,265.232539419353,265.232539419353,265.232539419353,263.81832585698,683.293505963448,683.293505963448,683.293505963448,683.293505963448,683.293505963448,682.293505963448,682.293505963448,683.293505963448,683.707719525821,683.707719525821,687.121933088195,687.121933088195,686.121933088195,686.121933088195,686.121933088195,805.945309579056,804.945309579056,803.945309579056,803.359523141429,801.945309579056,913.016377390921,912.602163828548,912.602163828548,913.602163828548,912.602163828548,912.016377390921,912.016377390921,912.016377390921,913.016377390921,913.016377390921,866.477272147519,866.477272147519,866.477272147519,867.477272147519,867.477272147519,266.693434175952,266.693434175952,268.107647738325,267.693434175952,266.693434175952,259.722871427475,259.722871427475,260.722871427475,261.137084989848,262.137084989848,286.722871427474,286.722871427474,286.722871427474,286.722871427474,287.137084989847,740.026478658688,740.026478658688,740.026478658688,740.026478658688,754.724963468523,754.724963468523,754.724963468523,746.281312654627,746.281312654627,746.281312654627,746.281312654627,746.281312654627,156.870057685089,156.870057685089,156.455844122716,156.455844122716,156.455844122716,140.526911934581,141.526911934581,141.526911934581,140.526911934581,140.526911934581,69.8994949366116,69.8994949366116,69.8994949366116,69.8994949366116,70.8994949366116,4,1,0,2.4142135623731,3.4142135623731,166.036579926459,166.450793488833,167.450793488833,167.865007051206,167.865007051206
"S104",487.523953341748,486.109739779375,486.938166904121,487.766594028868,489.352380466495,405.570634535976,405.156420973603,406.570634535976,405.156420973603,406.156420973603,274.232539419353,273.232539419353,273.232539419353,272.81832585698,271.81832585698,265.404112294607,266.81832585698,266.81832585698,266.81832585698,265.404112294607,684.879292401075,684.879292401075,684.879292401075,684.879292401075,684.879292401075,683.879292401075,683.879292401075,684.879292401075,685.293505963448,685.293505963448,688.707719525821,688.707719525821,687.707719525821,687.707719525821,687.707719525821,807.531096016682,806.531096016682,805.531096016682,804.945309579056,803.531096016682,914.602163828548,914.187950266175,914.187950266175,915.187950266175,914.187950266175,913.602163828548,913.602163828548,913.602163828548,914.602163828548,914.602163828548,864.891485709892,864.891485709892,864.891485709892,865.891485709892,865.891485709892,265.107647738325,265.107647738325,266.521861300698,266.107647738325,265.107647738325,258.137084989848,258.137084989848,259.137084989848,259.551298552221,260.551298552221,285.137084989847,285.137084989847,285.137084989847,285.137084989847,285.55129855222,738.440692221061,738.440692221061,738.440692221061,738.440692221061,753.139177030896,753.139177030896,753.139177030896,744.695526217,744.695526217,744.695526217,744.695526217,744.695526217,155.284271247462,155.284271247462,154.870057685089,154.870057685089,154.870057685089,138.941125496954,139.941125496954,139.941125496954,138.941125496954,138.941125496954,67.4852813742386,67.4852813742386,67.4852813742386,67.4852813742386,68.4852813742386,3.82842712474619,2,2.4142135623731,0,2.4142135623731,167.622366364086,168.036579926459,169.036579926459,169.450793488833,169.450793488833
"S105",485.695526217002,484.281312654629,485.109739779375,485.938166904121,487.523953341748,403.742207411229,403.327993848856,404.742207411229,403.327993848856,404.327993848856,272.404112294607,271.404112294607,271.404112294607,270.989898732234,269.989898732234,263.575685169861,264.989898732234,264.989898732234,264.989898732234,263.575685169861,683.050865276329,683.050865276329,683.050865276329,683.050865276329,683.050865276329,682.050865276329,682.050865276329,683.050865276329,683.465078838702,683.465078838702,686.879292401075,686.879292401075,685.879292401075,685.879292401075,685.879292401075,805.702668891936,804.702668891936,803.702668891936,803.116882454309,801.702668891936,912.773736703802,912.359523141429,912.359523141429,913.359523141429,912.359523141429,911.773736703802,911.773736703802,911.773736703802,912.773736703802,912.773736703802,866.719912834638,866.719912834638,866.719912834638,867.719912834638,867.719912834638,266.936074863071,266.936074863071,268.350288425444,267.936074863071,266.936074863071,259.965512114594,259.965512114594,260.965512114594,261.379725676967,262.379725676967,286.965512114593,286.965512114593,286.965512114593,286.965512114593,287.379725676967,740.269119345807,740.269119345807,740.269119345807,740.269119345807,754.967604155642,754.967604155642,754.967604155642,746.523953341746,746.523953341746,746.523953341746,746.523953341746,746.523953341746,157.112698372208,157.112698372208,156.698484809835,156.698484809835,156.698484809835,140.7695526217,141.7695526217,141.7695526217,140.7695526217,140.7695526217,67.6568542494924,67.6568542494924,67.6568542494924,67.6568542494924,68.6568542494924,1.4142135623731,2.4142135623731,3.4142135623731,2.4142135623731,0,165.79393923934,166.208152801713,167.208152801713,167.622366364086,167.622366364086
"S106",319.901586977664,318.487373415291,319.315800540037,320.144227664784,321.73001410241,237.948268171891,237.534054609518,238.948268171891,237.534054609518,238.534054609518,106.610173055267,105.610173055267,105.610173055267,105.195959492893,104.195959492893,97.7817459305203,99.1959594928934,99.1959594928934,99.1959594928934,97.7817459305203,517.256926036991,517.256926036991,517.256926036991,517.256926036991,517.256926036991,516.256926036991,516.256926036991,517.256926036991,517.671139599364,517.671139599364,521.085353161737,521.085353161737,520.085353161737,520.085353161737,520.085353161737,639.908729652598,638.908729652598,637.908729652598,637.322943214971,635.908729652598,746.979797464464,746.565583902091,746.565583902091,747.565583902091,746.565583902091,745.979797464464,745.979797464464,745.979797464464,746.979797464464,746.979797464464,812.322943214971,812.322943214971,812.322943214971,811.322943214971,811.322943214971,432.730014102409,432.730014102409,434.144227664782,433.730014102409,432.730014102409,425.759451353932,425.759451353932,426.759451353932,427.173664916305,428.173664916305,452.759451353932,452.759451353932,452.759451353932,452.759451353932,453.173664916305,906.063058585147,906.063058585147,906.063058585147,906.063058585147,920.761543394981,920.761543394981,920.761543394981,912.317892581085,912.317892581085,912.317892581085,912.317892581085,912.317892581085,322.906637611548,322.906637611548,322.492424049175,322.492424049175,322.492424049175,306.56349186104,307.56349186104,307.56349186104,306.56349186104,306.56349186104,230.137084989848,230.137084989848,230.137084989848,230.137084989848,231.137084989848,164.379725676967,165.622366364086,166.036579926459,167.622366364086,165.79393923934,0,1,1.4142135623731,2.4142135623731,2.4142135623731
"S107",319.487373415291,318.073159852918,318.901586977664,319.73001410241,321.315800540037,237.534054609518,237.119841047145,238.534054609518,237.119841047145,238.119841047145,106.195959492893,105.195959492893,105.195959492893,104.78174593052,103.78174593052,97.3675323681472,98.7817459305203,98.7817459305203,98.7817459305203,97.3675323681472,516.842712474618,516.842712474618,516.842712474618,516.842712474618,516.842712474618,515.842712474618,515.842712474618,516.842712474618,517.256926036991,517.256926036991,520.671139599364,520.671139599364,519.671139599364,519.671139599364,519.671139599364,639.494516090225,638.494516090225,637.494516090225,636.908729652598,635.494516090225,746.565583902091,746.151370339717,746.151370339717,747.151370339717,746.151370339717,745.565583902091,745.565583902091,745.565583902091,746.565583902091,746.565583902091,811.908729652598,811.908729652598,811.908729652598,810.908729652598,810.908729652598,433.144227664782,433.144227664782,434.558441227155,434.144227664782,433.144227664782,426.173664916305,426.173664916305,427.173664916305,427.587878478678,428.587878478678,453.173664916305,453.173664916305,453.173664916305,453.173664916305,453.587878478678,906.47727214752,906.47727214752,906.47727214752,906.47727214752,921.175756957354,921.175756957354,921.175756957354,912.732106143458,912.732106143458,912.732106143458,912.732106143458,912.732106143458,323.320851173921,323.320851173921,322.906637611548,322.906637611548,322.906637611548,306.977705423413,307.977705423413,307.977705423413,306.977705423413,306.977705423413,230.551298552221,230.551298552221,230.551298552221,230.551298552221,231.551298552221,164.79393923934,166.036579926459,166.450793488833,168.036579926459,166.208152801713,1,0,1,1.4142135623731,1.4142135623731
"S108",318.487373415291,317.073159852918,317.901586977664,318.73001410241,320.315800540037,236.534054609518,236.119841047145,237.534054609518,236.119841047145,237.119841047145,105.195959492893,104.195959492893,104.195959492893,103.78174593052,102.78174593052,96.3675323681472,97.7817459305203,97.7817459305203,97.7817459305203,96.3675323681472,515.842712474618,515.842712474618,515.842712474618,515.842712474618,515.842712474618,514.842712474618,514.842712474618,515.842712474618,516.256926036991,516.256926036991,519.671139599364,519.671139599364,518.671139599364,518.671139599364,518.671139599364,638.494516090225,637.494516090225,636.494516090225,635.908729652598,634.494516090225,745.565583902091,745.151370339717,745.151370339717,746.151370339717,745.151370339717,744.565583902091,744.565583902091,744.565583902091,745.565583902091,745.565583902091,810.908729652598,810.908729652598,810.908729652598,809.908729652598,809.908729652598,434.144227664782,434.144227664782,435.558441227155,435.144227664782,434.144227664782,427.173664916305,427.173664916305,428.173664916305,428.587878478678,429.587878478678,454.173664916305,454.173664916305,454.173664916305,454.173664916305,454.587878478678,907.47727214752,907.47727214752,907.47727214752,907.47727214752,922.175756957354,922.175756957354,922.175756957354,913.732106143458,913.732106143458,913.732106143458,913.732106143458,913.732106143458,324.320851173921,324.320851173921,323.906637611548,323.906637611548,323.906637611548,307.977705423413,308.977705423413,308.977705423413,307.977705423413,307.977705423413,231.551298552221,231.551298552221,231.551298552221,231.551298552221,232.551298552221,165.79393923934,167.036579926459,167.450793488833,169.036579926459,167.208152801713,1.4142135623731,1,0,1,1
"S109",318.073159852918,316.658946290545,317.487373415291,318.315800540037,319.901586977664,236.119841047145,235.705627484772,237.119841047145,235.705627484772,236.705627484772,104.78174593052,103.78174593052,103.78174593052,103.367532368147,102.367532368147,95.9533188057741,97.3675323681472,97.3675323681472,97.3675323681472,95.9533188057741,515.428498912245,515.428498912245,515.428498912245,515.428498912245,515.428498912245,514.428498912245,514.428498912245,515.428498912245,515.842712474618,515.842712474618,519.256926036991,519.256926036991,518.256926036991,518.256926036991,518.256926036991,638.080302527852,637.080302527852,636.080302527852,635.494516090225,634.080302527852,745.151370339717,744.737156777344,744.737156777344,745.737156777344,744.737156777344,744.151370339717,744.151370339717,744.151370339717,745.151370339717,745.151370339717,810.494516090225,810.494516090225,810.494516090225,809.494516090225,809.494516090225,434.558441227155,434.558441227155,435.972654789528,435.558441227155,434.558441227155,427.587878478678,427.587878478678,428.587878478678,429.002092041051,430.002092041051,454.587878478678,454.587878478678,454.587878478678,454.587878478678,455.002092041051,907.891485709893,907.891485709893,907.891485709893,907.891485709893,922.589970519728,922.589970519728,922.589970519728,914.146319705831,914.146319705831,914.146319705831,914.146319705831,914.146319705831,324.735064736294,324.735064736294,324.320851173921,324.320851173921,324.320851173921,308.391918985786,309.391918985786,309.391918985786,308.391918985786,308.391918985786,231.965512114594,231.965512114594,231.965512114594,231.965512114594,232.965512114594,166.208152801713,167.450793488833,167.865007051206,169.450793488833,167.622366364086,2.4142135623731,1.4142135623731,1,0,0
"S110",318.073159852918,316.658946290545,317.487373415291,318.315800540037,319.901586977664,236.119841047145,235.705627484772,237.119841047145,235.705627484772,236.705627484772,104.78174593052,103.78174593052,103.78174593052,103.367532368147,102.367532368147,95.9533188057741,97.3675323681472,97.3675323681472,97.3675323681472,95.9533188057741,515.428498912245,515.428498912245,515.428498912245,515.428498912245,515.428498912245,514.428498912245,514.428498912245,515.428498912245,515.842712474618,515.842712474618,519.256926036991,519.256926036991,518.256926036991,518.256926036991,518.256926036991,638.080302527852,637.080302527852,636.080302527852,635.494516090225,634.080302527852,745.151370339717,744.737156777344,744.737156777344,745.737156777344,744.737156777344,744.151370339717,744.151370339717,744.151370339717,745.151370339717,745.151370339717,810.494516090225,810.494516090225,810.494516090225,809.494516090225,809.494516090225,434.558441227155,434.558441227155,435.972654789528,435.558441227155,434.558441227155,427.587878478678,427.587878478678,428.587878478678,429.002092041051,430.002092041051,454.587878478678,454.587878478678,454.587878478678,454.587878478678,455.002092041051,907.891485709893,907.891485709893,907.891485709893,907.891485709893,922.589970519728,922.589970519728,922.589970519728,914.146319705831,914.146319705831,914.146319705831,914.146319705831,914.146319705831,324.735064736294,324.735064736294,324.320851173921,324.320851173921,324.320851173921,308.391918985786,309.391918985786,309.391918985786,308.391918985786,308.391918985786,231.965512114594,231.965512114594,231.965512114594,231.965512114594,232.965512114594,166.208152801713,167.450793488833,167.865007051206,169.450793488833,167.622366364086,2.4142135623731,1.4142135623731,1,0,0
