sample_1,sample_2,distance,pair_id,original_sample_id_1,habitat_1,coast_1,site_1,latitude_1,longitude_1,original_sample_id_2,habitat_2,coast_2,site_2,latitude_2,longitude_2,same_habitat,same_coast,same_site,pair_category,contrast_group
S1,S16,0.3686204425002292,S1__S16,1,Mangrove,West,Man_Kukup,1.334569,103.430838,16,Coral,West,Cor_ PB_PP,2.416537,101.886223,FALSE,TRUE,FALSE,Different habitat / same coast,"Different habitat
same coast"
S1,S17,0.40180294980879117,S1__S17,1,Mangrove,West,Man_Kukup,1.334569,103.430838,17,Coral,West,Cor_ PB_PP,2.415967,101.889648,FALSE,TRUE,FALSE,Different habitat / same coast,"Different habitat
same coast"
S1,S18,0.3883602100841256,S1__S18,1,Mangrove,West,Man_Kukup,1.334569,103.430838,18,Coral,West,Cor_ PB_PP,2.414291,101.892398,FALSE,TRUE,FALSE,Different habitat / same coast,"Different habitat
same coast"
S1,S19,0.39898176358503845,S1__S19,1,Mangrove,West,Man_Kukup,1.334569,103.430838,19,Coral,West,Cor_ PB_PP,2.413761,101.895526,FALSE,TRUE,FALSE,Different habitat / same coast,"Different habitat
same coast"
S1,S20,0.41228691766875364,S1__S20,1,Mangrove,West,Man_Kukup,1.334569,103.430838,20,Coral,West,Cor_ PB_PP,2.417129,101.883533,FALSE,TRUE,FALSE,Different habitat / same coast,"Different habitat
same coast"
S1,S21,0.8129726176997331,S1__S21,1,Mangrove,West,Man_Kukup,1.334569,103.430838,21,Mangrove,East,Man_Pulau_Tinggi,2.287462,104.109177,TRUE,FALSE,FALSE,Same habitat / different coast,"Same habitat
different coast"
S1,S22,0.49474727691783305,S1__S22,1,Mangrove,West,Man_Kukup,1.334569,103.430838,22,Mangrove,East,Man_Pulau_Tinggi,2.289198,104.110969,TRUE,FALSE,FALSE,Same habitat / different coast,"Same habitat
different coast"
S1,S23,0.5151363296885928,S1__S23,1,Mangrove,West,Man_Kukup,1.334569,103.430838,23,Mangrove,East,Man_Pulau_Tinggi,2.290686,104.110262,TRUE,FALSE,FALSE,Same habitat / different coast,"Same habitat
different coast"
S1,S24,0.5638591424400022,S1__S24,1,Mangrove,West,Man_Kukup,1.334569,103.430838,24,Mangrove,East,Man_Pulau_Tinggi,2.290271,104.108844,TRUE,FALSE,FALSE,Same habitat / different coast,"Same habitat
different coast"
S1,S25,0.5211611746171974,S1__S25,1,Mangrove,West,Man_Kukup,1.334569,103.430838,25,Mangrove,East,Man_Pulau_Tinggi,2.289627,104.110053,TRUE,FALSE,FALSE,Same habitat / different coast,"Same habitat
different coast"
S1,S36,0.7806756591498676,S1__S36,1,Mangrove,West,Man_Kukup,1.334569,103.430838,36,Mangrove,East,Man_Nenasi,3.109037,103.443207,TRUE,FALSE,FALSE,Same habitat / different coast,"Same habitat
different coast"
S1,S37,0.8137745406729896,S1__S37,1,Mangrove,West,Man_Kukup,1.334569,103.430838,37,Mangrove,East,Man_Nenasi,3.101512,103.446143,TRUE,FALSE,FALSE,Same habitat / different coast,"Same habitat
different coast"
S1,S38,0.7752863237532863,S1__S38,1,Mangrove,West,Man_Kukup,1.334569,103.430838,38,Mangrove,East,Man_Nenasi,3.094182,103.442717,TRUE,FALSE,FALSE,Same habitat / different coast,"Same habitat
different coast"
S1,S39,0.8223645107134963,S1__S39,1,Mangrove,West,Man_Kukup,1.334569,103.430838,39,Mangrove,East,Man_Nenasi,3.087342,103.44027,TRUE,FALSE,FALSE,Same habitat / different coast,"Same habitat
different coast"
S1,S40,0.7602539692800985,S1__S40,1,Mangrove,West,Man_Kukup,1.334569,103.430838,40,Mangrove,East,Man_Nenasi,3.078358,103.442128,TRUE,FALSE,FALSE,Same habitat / different coast,"Same habitat
different coast"
S1,S46,0.5285284498930668,S1__S46,1,Mangrove,West,Man_Kukup,1.334569,103.430838,46,Mangrove,East,Man_Sungai_Ular,4.04739,103.39389,TRUE,FALSE,FALSE,Same habitat / different coast,"Same habitat
different coast"
S1,S47,0.6333802029123495,S1__S47,1,Mangrove,West,Man_Kukup,1.334569,103.430838,47,Mangrove,East,Man_Sungai_Ular,4.047681,103.395217,TRUE,FALSE,FALSE,Same habitat / different coast,"Same habitat
different coast"
S1,S48,0.4912089843244681,S1__S48,1,Mangrove,West,Man_Kukup,1.334569,103.430838,48,Mangrove,East,Man_Sungai_Ular,4.048489,103.395758,TRUE,FALSE,FALSE,Same habitat / different coast,"Same habitat
different coast"
S1,S49,0.6300524543698026,S1__S49,1,Mangrove,West,Man_Kukup,1.334569,103.430838,49,Mangrove,East,Man_Sungai_Ular,4.04984,103.395527,TRUE,FALSE,FALSE,Same habitat / different coast,"Same habitat
different coast"
S1,S50,0.5523847454424088,S1__S50,1,Mangrove,West,Man_Kukup,1.334569,103.430838,50,Mangrove,East,Man_Sungai_Ular,4.050552,103.395166,TRUE,FALSE,FALSE,Same habitat / different coast,"Same habitat
different coast"
S1,S56,0.4765165003572637,S1__S56,1,Mangrove,West,Man_Kukup,1.334569,103.430838,56,Coral,West,Cor_Pulau_Intan,6.231933,99.71668,FALSE,TRUE,FALSE,Different habitat / same coast,"Different habitat
same coast"
S1,S57,0.41011427555490726,S1__S57,1,Mangrove,West,Man_Kukup,1.334569,103.430838,57,Coral,West,Cor_Pulau_Intan,6.235042,99.713494,FALSE,TRUE,FALSE,Different habitat / same coast,"Different habitat
same coast"
S1,S58,0.38826667025788825,S1__S58,1,Mangrove,West,Man_Kukup,1.334569,103.430838,58,Coral,West,Cor_Pulau_Intan,6.241277,99.713092,FALSE,TRUE,FALSE,Different habitat / same coast,"Different habitat
same coast"
S1,S59,0.4258688488046302,S1__S59,1,Mangrove,West,Man_Kukup,1.334569,103.430838,59,Coral,West,Cor_Pulau_Intan,6.242925,99.71689,FALSE,TRUE,FALSE,Different habitat / same coast,"Different habitat
same coast"
S1,S60,0.41180193011810456,S1__S60,1,Mangrove,West,Man_Kukup,1.334569,103.430838,60,Coral,West,Cor_Pulau_Intan,6.239442,99.719555,FALSE,TRUE,FALSE,Different habitat / same coast,"Different habitat
same coast"
S1,S66,0.5326976246310827,S1__S66,1,Mangrove,West,Man_Kukup,1.334569,103.430838,66,Seagrass,West,SeG_Tanjung_Rhu,6.460722,99.827135,FALSE,TRUE,FALSE,Different habitat / same coast,"Different habitat
same coast"
S1,S67,0.4414508130990897,S1__S67,1,Mangrove,West,Man_Kukup,1.334569,103.430838,67,Seagrass,West,SeG_Tanjung_Rhu,6.460835,99.825327,FALSE,TRUE,FALSE,Different habitat / same coast,"Different habitat
same coast"
S1,S68,0.4332814790234801,S1__S68,1,Mangrove,West,Man_Kukup,1.334569,103.430838,68,Seagrass,West,SeG_Tanjung_Rhu,6.461043,99.823702,FALSE,TRUE,FALSE,Different habitat / same coast,"Different habitat
same coast"
S1,S69,0.4326717962676348,S1__S69,1,Mangrove,West,Man_Kukup,1.334569,103.430838,69,Seagrass,West,SeG_Tanjung_Rhu,6.461208,99.823448,FALSE,TRUE,FALSE,Different habitat / same coast,"Different habitat
same coast"
S1,S70,0.45961839632481316,S1__S70,1,Mangrove,West,Man_Kukup,1.334569,103.430838,70,Seagrass,West,SeG_Tanjung_Rhu,6.461547,99.819962,FALSE,TRUE,FALSE,Different habitat / same coast,"Different habitat
same coast"
S1,S81,0.45872189226423876,S1__S81,1,Mangrove,West,Man_Kukup,1.334569,103.430838,81,Mangrove,East,Man_Merang,5.527989,102.944516,TRUE,FALSE,FALSE,Same habitat / different coast,"Same habitat
different coast"
S1,S82,0.42172683793331567,S1__S82,1,Mangrove,West,Man_Kukup,1.334569,103.430838,82,Mangrove,East,Man_Merang,5.526065,102.943286,TRUE,FALSE,FALSE,Same habitat / different coast,"Same habitat
different coast"
S1,S83,0.42336064732765877,S1__S83,1,Mangrove,West,Man_Kukup,1.334569,103.430838,83,Mangrove,East,Man_Merang,5.526248,102.941049,TRUE,FALSE,FALSE,Same habitat / different coast,"Same habitat
different coast"
S1,S84,0.4556155088535221,S1__S84,1,Mangrove,West,Man_Kukup,1.334569,103.430838,84,Mangrove,East,Man_Merang,5.528314,102.940522,TRUE,FALSE,FALSE,Same habitat / different coast,"Same habitat
different coast"
S1,S85,0.4552741784556587,S1__S85,1,Mangrove,West,Man_Kukup,1.334569,103.430838,85,Mangrove,East,Man_Merang,5.528731,102.938759,TRUE,FALSE,FALSE,Same habitat / different coast,"Same habitat
different coast"
S1,S91,0.32784893041990615,S1__S91,1,Mangrove,West,Man_Kukup,1.334569,103.430838,91,Seagrass,West,SeG_Pulau_Kezambo,5.363009,100.324704,FALSE,TRUE,FALSE,Different habitat / same coast,"Different habitat
same coast"
S1,S92,0.3576414852545768,S1__S92,1,Mangrove,West,Man_Kukup,1.334569,103.430838,92,Seagrass,West,SeG_Pulau_Kezambo,5.364814,100.324618,FALSE,TRUE,FALSE,Different habitat / same coast,"Different habitat
same coast"
S1,S93,0.39058219879085443,S1__S93,1,Mangrove,West,Man_Kukup,1.334569,103.430838,93,Seagrass,West,SeG_Pulau_Kezambo,5.365017,100.326968,FALSE,TRUE,FALSE,Different habitat / same coast,"Different habitat
same coast"
S1,S94,0.5020148615305876,S1__S94,1,Mangrove,West,Man_Kukup,1.334569,103.430838,94,Seagrass,West,SeG_Pulau_Kezambo,5.36303,100.327461,FALSE,TRUE,FALSE,Different habitat / same coast,"Different habitat
same coast"
S1,S95,0.35442363062622473,S1__S95,1,Mangrove,West,Man_Kukup,1.334569,103.430838,95,Seagrass,West,SeG_Pulau_Kezambo,5.361535,100.325841,FALSE,TRUE,FALSE,Different habitat / same coast,"Different habitat
same coast"
S1,S101,0.6638004086925672,S1__S101,1,Mangrove,West,Man_Kukup,1.334569,103.430838,101,Coral,West,Cor_Pulau_Pangkor,4.190014,100.572274,FALSE,TRUE,FALSE,Different habitat / same coast,"Different habitat
same coast"
S1,S102,0.6989005767834191,S1__S102,1,Mangrove,West,Man_Kukup,1.334569,103.430838,102,Coral,West,Cor_Pulau_Pangkor,4.187189,100.543949,FALSE,TRUE,FALSE,Different habitat / same coast,"Different habitat
same coast"
S1,S103,0.6999731264281861,S1__S103,1,Mangrove,West,Man_Kukup,1.334569,103.430838,103,Coral,West,Cor_Pulau_Pangkor,4.192025,100.537855,FALSE,TRUE,FALSE,Different habitat / same coast,"Different habitat
same coast"
S1,S104,0.6941730059447278,S1__S104,1,Mangrove,West,Man_Kukup,1.334569,103.430838,104,Coral,West,Cor_Pulau_Pangkor,4.203476,100.545476,FALSE,TRUE,FALSE,Different habitat / same coast,"Different habitat
same coast"
S1,S105,0.6563972116079009,S1__S105,1,Mangrove,West,Man_Kukup,1.334569,103.430838,105,Coral,West,Cor_Pulau_Pangkor,4.194839,100.559803,FALSE,TRUE,FALSE,Different habitat / same coast,"Different habitat
same coast"
S2,S16,0.3639069303834067,S16__S2,2,Mangrove,West,Man_Kukup,1.339308,103.417687,16,Coral,West,Cor_ PB_PP,2.416537,101.886223,FALSE,TRUE,FALSE,Different habitat / same coast,"Different habitat
same coast"
S2,S17,0.4071872318067455,S17__S2,2,Mangrove,West,Man_Kukup,1.339308,103.417687,17,Coral,West,Cor_ PB_PP,2.415967,101.889648,FALSE,TRUE,FALSE,Different habitat / same coast,"Different habitat
same coast"
S2,S18,0.39145197564225676,S18__S2,2,Mangrove,West,Man_Kukup,1.339308,103.417687,18,Coral,West,Cor_ PB_PP,2.414291,101.892398,FALSE,TRUE,FALSE,Different habitat / same coast,"Different habitat
same coast"
S2,S19,0.41681993850978344,S19__S2,2,Mangrove,West,Man_Kukup,1.339308,103.417687,19,Coral,West,Cor_ PB_PP,2.413761,101.895526,FALSE,TRUE,FALSE,Different habitat / same coast,"Different habitat
same coast"
S2,S20,0.42000413234847755,S2__S20,2,Mangrove,West,Man_Kukup,1.339308,103.417687,20,Coral,West,Cor_ PB_PP,2.417129,101.883533,FALSE,TRUE,FALSE,Different habitat / same coast,"Different habitat
same coast"
S2,S21,0.8188848820399711,S2__S21,2,Mangrove,West,Man_Kukup,1.339308,103.417687,21,Mangrove,East,Man_Pulau_Tinggi,2.287462,104.109177,TRUE,FALSE,FALSE,Same habitat / different coast,"Same habitat
different coast"
S2,S22,0.511144176319986,S2__S22,2,Mangrove,West,Man_Kukup,1.339308,103.417687,22,Mangrove,East,Man_Pulau_Tinggi,2.289198,104.110969,TRUE,FALSE,FALSE,Same habitat / different coast,"Same habitat
different coast"
S2,S23,0.5527552805948006,S2__S23,2,Mangrove,West,Man_Kukup,1.339308,103.417687,23,Mangrove,East,Man_Pulau_Tinggi,2.290686,104.110262,TRUE,FALSE,FALSE,Same habitat / different coast,"Same habitat
different coast"
S2,S24,0.5954231739167839,S2__S24,2,Mangrove,West,Man_Kukup,1.339308,103.417687,24,Mangrove,East,Man_Pulau_Tinggi,2.290271,104.108844,TRUE,FALSE,FALSE,Same habitat / different coast,"Same habitat
different coast"
S2,S25,0.5519474577211111,S2__S25,2,Mangrove,West,Man_Kukup,1.339308,103.417687,25,Mangrove,East,Man_Pulau_Tinggi,2.289627,104.110053,TRUE,FALSE,FALSE,Same habitat / different coast,"Same habitat
different coast"
S2,S36,0.7930148623667193,S2__S36,2,Mangrove,West,Man_Kukup,1.339308,103.417687,36,Mangrove,East,Man_Nenasi,3.109037,103.443207,TRUE,FALSE,FALSE,Same habitat / different coast,"Same habitat
different coast"
S2,S37,0.8271082121417892,S2__S37,2,Mangrove,West,Man_Kukup,1.339308,103.417687,37,Mangrove,East,Man_Nenasi,3.101512,103.446143,TRUE,FALSE,FALSE,Same habitat / different coast,"Same habitat
different coast"
S2,S38,0.7891995193931075,S2__S38,2,Mangrove,West,Man_Kukup,1.339308,103.417687,38,Mangrove,East,Man_Nenasi,3.094182,103.442717,TRUE,FALSE,FALSE,Same habitat / different coast,"Same habitat
different coast"
S2,S39,0.8344847792157178,S2__S39,2,Mangrove,West,Man_Kukup,1.339308,103.417687,39,Mangrove,East,Man_Nenasi,3.087342,103.44027,TRUE,FALSE,FALSE,Same habitat / different coast,"Same habitat
different coast"
S2,S40,0.7734642754580588,S2__S40,2,Mangrove,West,Man_Kukup,1.339308,103.417687,40,Mangrove,East,Man_Nenasi,3.078358,103.442128,TRUE,FALSE,FALSE,Same habitat / different coast,"Same habitat
different coast"
S2,S46,0.5403110761406628,S2__S46,2,Mangrove,West,Man_Kukup,1.339308,103.417687,46,Mangrove,East,Man_Sungai_Ular,4.04739,103.39389,TRUE,FALSE,FALSE,Same habitat / different coast,"Same habitat
different coast"
S2,S47,0.6425390534524924,S2__S47,2,Mangrove,West,Man_Kukup,1.339308,103.417687,47,Mangrove,East,Man_Sungai_Ular,4.047681,103.395217,TRUE,FALSE,FALSE,Same habitat / different coast,"Same habitat
different coast"
S2,S48,0.5099714169928531,S2__S48,2,Mangrove,West,Man_Kukup,1.339308,103.417687,48,Mangrove,East,Man_Sungai_Ular,4.048489,103.395758,TRUE,FALSE,FALSE,Same habitat / different coast,"Same habitat
different coast"
S2,S49,0.638317150153588,S2__S49,2,Mangrove,West,Man_Kukup,1.339308,103.417687,49,Mangrove,East,Man_Sungai_Ular,4.04984,103.395527,TRUE,FALSE,FALSE,Same habitat / different coast,"Same habitat
different coast"
S2,S50,0.5732899074474048,S2__S50,2,Mangrove,West,Man_Kukup,1.339308,103.417687,50,Mangrove,East,Man_Sungai_Ular,4.050552,103.395166,TRUE,FALSE,FALSE,Same habitat / different coast,"Same habitat
different coast"
S2,S56,0.47967643680508254,S2__S56,2,Mangrove,West,Man_Kukup,1.339308,103.417687,56,Coral,West,Cor_Pulau_Intan,6.231933,99.71668,FALSE,TRUE,FALSE,Different habitat / same coast,"Different habitat
same coast"
S2,S57,0.4169510087455185,S2__S57,2,Mangrove,West,Man_Kukup,1.339308,103.417687,57,Coral,West,Cor_Pulau_Intan,6.235042,99.713494,FALSE,TRUE,FALSE,Different habitat / same coast,"Different habitat
same coast"
S2,S58,0.3712285071252687,S2__S58,2,Mangrove,West,Man_Kukup,1.339308,103.417687,58,Coral,West,Cor_Pulau_Intan,6.241277,99.713092,FALSE,TRUE,FALSE,Different habitat / same coast,"Different habitat
same coast"
S2,S59,0.43461054749518924,S2__S59,2,Mangrove,West,Man_Kukup,1.339308,103.417687,59,Coral,West,Cor_Pulau_Intan,6.242925,99.71689,FALSE,TRUE,FALSE,Different habitat / same coast,"Different habitat
same coast"
S2,S60,0.36870281760336027,S2__S60,2,Mangrove,West,Man_Kukup,1.339308,103.417687,60,Coral,West,Cor_Pulau_Intan,6.239442,99.719555,FALSE,TRUE,FALSE,Different habitat / same coast,"Different habitat
same coast"
S2,S66,0.5251675508421135,S2__S66,2,Mangrove,West,Man_Kukup,1.339308,103.417687,66,Seagrass,West,SeG_Tanjung_Rhu,6.460722,99.827135,FALSE,TRUE,FALSE,Different habitat / same coast,"Different habitat
same coast"
S2,S67,0.43746070441391655,S2__S67,2,Mangrove,West,Man_Kukup,1.339308,103.417687,67,Seagrass,West,SeG_Tanjung_Rhu,6.460835,99.825327,FALSE,TRUE,FALSE,Different habitat / same coast,"Different habitat
same coast"
S2,S68,0.4222925515746686,S2__S68,2,Mangrove,West,Man_Kukup,1.339308,103.417687,68,Seagrass,West,SeG_Tanjung_Rhu,6.461043,99.823702,FALSE,TRUE,FALSE,Different habitat / same coast,"Different habitat
same coast"
S2,S69,0.4321979984979843,S2__S69,2,Mangrove,West,Man_Kukup,1.339308,103.417687,69,Seagrass,West,SeG_Tanjung_Rhu,6.461208,99.823448,FALSE,TRUE,FALSE,Different habitat / same coast,"Different habitat
same coast"
S2,S70,0.4552715562967685,S2__S70,2,Mangrove,West,Man_Kukup,1.339308,103.417687,70,Seagrass,West,SeG_Tanjung_Rhu,6.461547,99.819962,FALSE,TRUE,FALSE,Different habitat / same coast,"Different habitat
same coast"
S2,S81,0.4698563255198904,S2__S81,2,Mangrove,West,Man_Kukup,1.339308,103.417687,81,Mangrove,East,Man_Merang,5.527989,102.944516,TRUE,FALSE,FALSE,Same habitat / different coast,"Same habitat
different coast"
S2,S82,0.4347283449914137,S2__S82,2,Mangrove,West,Man_Kukup,1.339308,103.417687,82,Mangrove,East,Man_Merang,5.526065,102.943286,TRUE,FALSE,FALSE,Same habitat / different coast,"Same habitat
different coast"
S2,S83,0.4396479246392453,S2__S83,2,Mangrove,West,Man_Kukup,1.339308,103.417687,83,Mangrove,East,Man_Merang,5.526248,102.941049,TRUE,FALSE,FALSE,Same habitat / different coast,"Same habitat
different coast"
S2,S84,0.4688733192147457,S2__S84,2,Mangrove,West,Man_Kukup,1.339308,103.417687,84,Mangrove,East,Man_Merang,5.528314,102.940522,TRUE,FALSE,FALSE,Same habitat / different coast,"Same habitat
different coast"
S2,S85,0.48867938999644944,S2__S85,2,Mangrove,West,Man_Kukup,1.339308,103.417687,85,Mangrove,East,Man_Merang,5.528731,102.938759,TRUE,FALSE,FALSE,Same habitat / different coast,"Same habitat
different coast"
S2,S91,0.2891955193599985,S2__S91,2,Mangrove,West,Man_Kukup,1.339308,103.417687,91,Seagrass,West,SeG_Pulau_Kezambo,5.363009,100.324704,FALSE,TRUE,FALSE,Different habitat / same coast,"Different habitat
same coast"
S2,S92,0.3154573587815964,S2__S92,2,Mangrove,West,Man_Kukup,1.339308,103.417687,92,Seagrass,West,SeG_Pulau_Kezambo,5.364814,100.324618,FALSE,TRUE,FALSE,Different habitat / same coast,"Different habitat
same coast"
S2,S93,0.3643992375402708,S2__S93,2,Mangrove,West,Man_Kukup,1.339308,103.417687,93,Seagrass,West,SeG_Pulau_Kezambo,5.365017,100.326968,FALSE,TRUE,FALSE,Different habitat / same coast,"Different habitat
same coast"
S2,S94,0.5129544929390116,S2__S94,2,Mangrove,West,Man_Kukup,1.339308,103.417687,94,Seagrass,West,SeG_Pulau_Kezambo,5.36303,100.327461,FALSE,TRUE,FALSE,Different habitat / same coast,"Different habitat
same coast"
S2,S95,0.3224303139195644,S2__S95,2,Mangrove,West,Man_Kukup,1.339308,103.417687,95,Seagrass,West,SeG_Pulau_Kezambo,5.361535,100.325841,FALSE,TRUE,FALSE,Different habitat / same coast,"Different habitat
same coast"
S2,S101,0.668378159354805,S101__S2,2,Mangrove,West,Man_Kukup,1.339308,103.417687,101,Coral,West,Cor_Pulau_Pangkor,4.190014,100.572274,FALSE,TRUE,FALSE,Different habitat / same coast,"Different habitat
same coast"
S2,S102,0.7029675603451446,S102__S2,2,Mangrove,West,Man_Kukup,1.339308,103.417687,102,Coral,West,Cor_Pulau_Pangkor,4.187189,100.543949,FALSE,TRUE,FALSE,Different habitat / same coast,"Different habitat
same coast"
S2,S103,0.700073093848541,S103__S2,2,Mangrove,West,Man_Kukup,1.339308,103.417687,103,Coral,West,Cor_Pulau_Pangkor,4.192025,100.537855,FALSE,TRUE,FALSE,Different habitat / same coast,"Different habitat
same coast"
S2,S104,0.6914186028122394,S104__S2,2,Mangrove,West,Man_Kukup,1.339308,103.417687,104,Coral,West,Cor_Pulau_Pangkor,4.203476,100.545476,FALSE,TRUE,FALSE,Different habitat / same coast,"Different habitat
same coast"
S2,S105,0.6636911728007372,S105__S2,2,Mangrove,West,Man_Kukup,1.339308,103.417687,105,Coral,West,Cor_Pulau_Pangkor,4.194839,100.559803,FALSE,TRUE,FALSE,Different habitat / same coast,"Different habitat
same coast"
S3,S16,0.39316047438679097,S16__S3,3,Mangrove,West,Man_Kukup,1.32334,103.417405,16,Coral,West,Cor_ PB_PP,2.416537,101.886223,FALSE,TRUE,FALSE,Different habitat / same coast,"Different habitat
same coast"
S3,S17,0.4286936842623027,S17__S3,3,Mangrove,West,Man_Kukup,1.32334,103.417405,17,Coral,West,Cor_ PB_PP,2.415967,101.889648,FALSE,TRUE,FALSE,Different habitat / same coast,"Different habitat
same coast"
S3,S18,0.40600661806721267,S18__S3,3,Mangrove,West,Man_Kukup,1.32334,103.417405,18,Coral,West,Cor_ PB_PP,2.414291,101.892398,FALSE,TRUE,FALSE,Different habitat / same coast,"Different habitat
same coast"
S3,S19,0.4368686675777267,S19__S3,3,Mangrove,West,Man_Kukup,1.32334,103.417405,19,Coral,West,Cor_ PB_PP,2.413761,101.895526,FALSE,TRUE,FALSE,Different habitat / same coast,"Different habitat
same coast"
S3,S20,0.44043058877476365,S20__S3,3,Mangrove,West,Man_Kukup,1.32334,103.417405,20,Coral,West,Cor_ PB_PP,2.417129,101.883533,FALSE,TRUE,FALSE,Different habitat / same coast,"Different habitat
same coast"
S3,S21,0.8023193589246278,S21__S3,3,Mangrove,West,Man_Kukup,1.32334,103.417405,21,Mangrove,East,Man_Pulau_Tinggi,2.287462,104.109177,TRUE,FALSE,FALSE,Same habitat / different coast,"Same habitat
different coast"
S3,S22,0.5074671257028921,S22__S3,3,Mangrove,West,Man_Kukup,1.32334,103.417405,22,Mangrove,East,Man_Pulau_Tinggi,2.289198,104.110969,TRUE,FALSE,FALSE,Same habitat / different coast,"Same habitat
different coast"
S3,S23,0.5234732896197335,S23__S3,3,Mangrove,West,Man_Kukup,1.32334,103.417405,23,Mangrove,East,Man_Pulau_Tinggi,2.290686,104.110262,TRUE,FALSE,FALSE,Same habitat / different coast,"Same habitat
different coast"
S3,S24,0.5817682937789217,S24__S3,3,Mangrove,West,Man_Kukup,1.32334,103.417405,24,Mangrove,East,Man_Pulau_Tinggi,2.290271,104.108844,TRUE,FALSE,FALSE,Same habitat / different coast,"Same habitat
different coast"
S3,S25,0.5369458461997509,S25__S3,3,Mangrove,West,Man_Kukup,1.32334,103.417405,25,Mangrove,East,Man_Pulau_Tinggi,2.289627,104.110053,TRUE,FALSE,FALSE,Same habitat / different coast,"Same habitat
different coast"
S3,S36,0.7791102017807431,S3__S36,3,Mangrove,West,Man_Kukup,1.32334,103.417405,36,Mangrove,East,Man_Nenasi,3.109037,103.443207,TRUE,FALSE,FALSE,Same habitat / different coast,"Same habitat
different coast"
S3,S37,0.8093040246675665,S3__S37,3,Mangrove,West,Man_Kukup,1.32334,103.417405,37,Mangrove,East,Man_Nenasi,3.101512,103.446143,TRUE,FALSE,FALSE,Same habitat / different coast,"Same habitat
different coast"
S3,S38,0.7779214190500608,S3__S38,3,Mangrove,West,Man_Kukup,1.32334,103.417405,38,Mangrove,East,Man_Nenasi,3.094182,103.442717,TRUE,FALSE,FALSE,Same habitat / different coast,"Same habitat
different coast"
S3,S39,0.8179366998405521,S3__S39,3,Mangrove,West,Man_Kukup,1.32334,103.417405,39,Mangrove,East,Man_Nenasi,3.087342,103.44027,TRUE,FALSE,FALSE,Same habitat / different coast,"Same habitat
different coast"
S3,S40,0.7581302842476096,S3__S40,3,Mangrove,West,Man_Kukup,1.32334,103.417405,40,Mangrove,East,Man_Nenasi,3.078358,103.442128,TRUE,FALSE,FALSE,Same habitat / different coast,"Same habitat
different coast"
S3,S46,0.5405774771657345,S3__S46,3,Mangrove,West,Man_Kukup,1.32334,103.417405,46,Mangrove,East,Man_Sungai_Ular,4.04739,103.39389,TRUE,FALSE,FALSE,Same habitat / different coast,"Same habitat
different coast"
S3,S47,0.6449570841236817,S3__S47,3,Mangrove,West,Man_Kukup,1.32334,103.417405,47,Mangrove,East,Man_Sungai_Ular,4.047681,103.395217,TRUE,FALSE,FALSE,Same habitat / different coast,"Same habitat
different coast"
S3,S48,0.5137524781814223,S3__S48,3,Mangrove,West,Man_Kukup,1.32334,103.417405,48,Mangrove,East,Man_Sungai_Ular,4.048489,103.395758,TRUE,FALSE,FALSE,Same habitat / different coast,"Same habitat
different coast"
S3,S49,0.645437506957005,S3__S49,3,Mangrove,West,Man_Kukup,1.32334,103.417405,49,Mangrove,East,Man_Sungai_Ular,4.04984,103.395527,TRUE,FALSE,FALSE,Same habitat / different coast,"Same habitat
different coast"
S3,S50,0.5683687545410933,S3__S50,3,Mangrove,West,Man_Kukup,1.32334,103.417405,50,Mangrove,East,Man_Sungai_Ular,4.050552,103.395166,TRUE,FALSE,FALSE,Same habitat / different coast,"Same habitat
different coast"
S3,S56,0.4661579477450535,S3__S56,3,Mangrove,West,Man_Kukup,1.32334,103.417405,56,Coral,West,Cor_Pulau_Intan,6.231933,99.71668,FALSE,TRUE,FALSE,Different habitat / same coast,"Different habitat
same coast"
S3,S57,0.43160000043086055,S3__S57,3,Mangrove,West,Man_Kukup,1.32334,103.417405,57,Coral,West,Cor_Pulau_Intan,6.235042,99.713494,FALSE,TRUE,FALSE,Different habitat / same coast,"Different habitat
same coast"
S3,S58,0.38102976407401784,S3__S58,3,Mangrove,West,Man_Kukup,1.32334,103.417405,58,Coral,West,Cor_Pulau_Intan,6.241277,99.713092,FALSE,TRUE,FALSE,Different habitat / same coast,"Different habitat
same coast"
S3,S59,0.43006431450921195,S3__S59,3,Mangrove,West,Man_Kukup,1.32334,103.417405,59,Coral,West,Cor_Pulau_Intan,6.242925,99.71689,FALSE,TRUE,FALSE,Different habitat / same coast,"Different habitat
same coast"
S3,S60,0.3860876051719697,S3__S60,3,Mangrove,West,Man_Kukup,1.32334,103.417405,60,Coral,West,Cor_Pulau_Intan,6.239442,99.719555,FALSE,TRUE,FALSE,Different habitat / same coast,"Different habitat
same coast"
S3,S66,0.5271364817546922,S3__S66,3,Mangrove,West,Man_Kukup,1.32334,103.417405,66,Seagrass,West,SeG_Tanjung_Rhu,6.460722,99.827135,FALSE,TRUE,FALSE,Different habitat / same coast,"Different habitat
same coast"
S3,S67,0.43810243737294124,S3__S67,3,Mangrove,West,Man_Kukup,1.32334,103.417405,67,Seagrass,West,SeG_Tanjung_Rhu,6.460835,99.825327,FALSE,TRUE,FALSE,Different habitat / same coast,"Different habitat
same coast"
S3,S68,0.42364916486009535,S3__S68,3,Mangrove,West,Man_Kukup,1.32334,103.417405,68,Seagrass,West,SeG_Tanjung_Rhu,6.461043,99.823702,FALSE,TRUE,FALSE,Different habitat / same coast,"Different habitat
same coast"
S3,S69,0.4309722272175433,S3__S69,3,Mangrove,West,Man_Kukup,1.32334,103.417405,69,Seagrass,West,SeG_Tanjung_Rhu,6.461208,99.823448,FALSE,TRUE,FALSE,Different habitat / same coast,"Different habitat
same coast"
S3,S70,0.4581933722795412,S3__S70,3,Mangrove,West,Man_Kukup,1.32334,103.417405,70,Seagrass,West,SeG_Tanjung_Rhu,6.461547,99.819962,FALSE,TRUE,FALSE,Different habitat / same coast,"Different habitat
same coast"
S3,S81,0.47678131852440064,S3__S81,3,Mangrove,West,Man_Kukup,1.32334,103.417405,81,Mangrove,East,Man_Merang,5.527989,102.944516,TRUE,FALSE,FALSE,Same habitat / different coast,"Same habitat
different coast"
S3,S82,0.4374443510820709,S3__S82,3,Mangrove,West,Man_Kukup,1.32334,103.417405,82,Mangrove,East,Man_Merang,5.526065,102.943286,TRUE,FALSE,FALSE,Same habitat / different coast,"Same habitat
different coast"
S3,S83,0.4422812300473559,S3__S83,3,Mangrove,West,Man_Kukup,1.32334,103.417405,83,Mangrove,East,Man_Merang,5.526248,102.941049,TRUE,FALSE,FALSE,Same habitat / different coast,"Same habitat
different coast"
S3,S84,0.4752139280889948,S3__S84,3,Mangrove,West,Man_Kukup,1.32334,103.417405,84,Mangrove,East,Man_Merang,5.528314,102.940522,TRUE,FALSE,FALSE,Same habitat / different coast,"Same habitat
different coast"
S3,S85,0.4802273275666771,S3__S85,3,Mangrove,West,Man_Kukup,1.32334,103.417405,85,Mangrove,East,Man_Merang,5.528731,102.938759,TRUE,FALSE,FALSE,Same habitat / different coast,"Same habitat
different coast"
S3,S91,0.2979756001272758,S3__S91,3,Mangrove,West,Man_Kukup,1.32334,103.417405,91,Seagrass,West,SeG_Pulau_Kezambo,5.363009,100.324704,FALSE,TRUE,FALSE,Different habitat / same coast,"Different habitat
same coast"
S3,S92,0.33207104254886055,S3__S92,3,Mangrove,West,Man_Kukup,1.32334,103.417405,92,Seagrass,West,SeG_Pulau_Kezambo,5.364814,100.324618,FALSE,TRUE,FALSE,Different habitat / same coast,"Different habitat
same coast"
S3,S93,0.3738593857481369,S3__S93,3,Mangrove,West,Man_Kukup,1.32334,103.417405,93,Seagrass,West,SeG_Pulau_Kezambo,5.365017,100.326968,FALSE,TRUE,FALSE,Different habitat / same coast,"Different habitat
same coast"
S3,S94,0.5052365231811919,S3__S94,3,Mangrove,West,Man_Kukup,1.32334,103.417405,94,Seagrass,West,SeG_Pulau_Kezambo,5.36303,100.327461,FALSE,TRUE,FALSE,Different habitat / same coast,"Different habitat
same coast"
S3,S95,0.34613188081220875,S3__S95,3,Mangrove,West,Man_Kukup,1.32334,103.417405,95,Seagrass,West,SeG_Pulau_Kezambo,5.361535,100.325841,FALSE,TRUE,FALSE,Different habitat / same coast,"Different habitat
same coast"
S3,S101,0.6638595076679565,S101__S3,3,Mangrove,West,Man_Kukup,1.32334,103.417405,101,Coral,West,Cor_Pulau_Pangkor,4.190014,100.572274,FALSE,TRUE,FALSE,Different habitat / same coast,"Different habitat
same coast"
S3,S102,0.6946686575232659,S102__S3,3,Mangrove,West,Man_Kukup,1.32334,103.417405,102,Coral,West,Cor_Pulau_Pangkor,4.187189,100.543949,FALSE,TRUE,FALSE,Different habitat / same coast,"Different habitat
same coast"
S3,S103,0.6899348526040223,S103__S3,3,Mangrove,West,Man_Kukup,1.32334,103.417405,103,Coral,West,Cor_Pulau_Pangkor,4.192025,100.537855,FALSE,TRUE,FALSE,Different habitat / same coast,"Different habitat
same coast"
S3,S104,0.6821274584882491,S104__S3,3,Mangrove,West,Man_Kukup,1.32334,103.417405,104,Coral,West,Cor_Pulau_Pangkor,4.203476,100.545476,FALSE,TRUE,FALSE,Different habitat / same coast,"Different habitat
same coast"
S3,S105,0.6526166159970556,S105__S3,3,Mangrove,West,Man_Kukup,1.32334,103.417405,105,Coral,West,Cor_Pulau_Pangkor,4.194839,100.559803,FALSE,TRUE,FALSE,Different habitat / same coast,"Different habitat
same coast"
S4,S16,0.33993668989571735,S16__S4,4,Mangrove,West,Man_Kukup,1.307934,103.419101,16,Coral,West,Cor_ PB_PP,2.416537,101.886223,FALSE,TRUE,FALSE,Different habitat / same coast,"Different habitat
same coast"
S4,S17,0.36803298141582824,S17__S4,4,Mangrove,West,Man_Kukup,1.307934,103.419101,17,Coral,West,Cor_ PB_PP,2.415967,101.889648,FALSE,TRUE,FALSE,Different habitat / same coast,"Different habitat
same coast"
S4,S18,0.34682777547847743,S18__S4,4,Mangrove,West,Man_Kukup,1.307934,103.419101,18,Coral,West,Cor_ PB_PP,2.414291,101.892398,FALSE,TRUE,FALSE,Different habitat / same coast,"Different habitat
same coast"
S4,S19,0.3669014753998205,S19__S4,4,Mangrove,West,Man_Kukup,1.307934,103.419101,19,Coral,West,Cor_ PB_PP,2.413761,101.895526,FALSE,TRUE,FALSE,Different habitat / same coast,"Different habitat
same coast"
S4,S20,0.3797753683189142,S20__S4,4,Mangrove,West,Man_Kukup,1.307934,103.419101,20,Coral,West,Cor_ PB_PP,2.417129,101.883533,FALSE,TRUE,FALSE,Different habitat / same coast,"Different habitat
same coast"
S4,S21,0.7874723182554182,S21__S4,4,Mangrove,West,Man_Kukup,1.307934,103.419101,21,Mangrove,East,Man_Pulau_Tinggi,2.287462,104.109177,TRUE,FALSE,FALSE,Same habitat / different coast,"Same habitat
different coast"
S4,S22,0.48259868202770306,S22__S4,4,Mangrove,West,Man_Kukup,1.307934,103.419101,22,Mangrove,East,Man_Pulau_Tinggi,2.289198,104.110969,TRUE,FALSE,FALSE,Same habitat / different coast,"Same habitat
different coast"
S4,S23,0.5100223825171094,S23__S4,4,Mangrove,West,Man_Kukup,1.307934,103.419101,23,Mangrove,East,Man_Pulau_Tinggi,2.290686,104.110262,TRUE,FALSE,FALSE,Same habitat / different coast,"Same habitat
different coast"
S4,S24,0.5279195877310057,S24__S4,4,Mangrove,West,Man_Kukup,1.307934,103.419101,24,Mangrove,East,Man_Pulau_Tinggi,2.290271,104.108844,TRUE,FALSE,FALSE,Same habitat / different coast,"Same habitat
different coast"
S4,S25,0.48193964966346525,S25__S4,4,Mangrove,West,Man_Kukup,1.307934,103.419101,25,Mangrove,East,Man_Pulau_Tinggi,2.289627,104.110053,TRUE,FALSE,FALSE,Same habitat / different coast,"Same habitat
different coast"
S4,S36,0.810910869261641,S36__S4,4,Mangrove,West,Man_Kukup,1.307934,103.419101,36,Mangrove,East,Man_Nenasi,3.109037,103.443207,TRUE,FALSE,FALSE,Same habitat / different coast,"Same habitat
different coast"
S4,S37,0.8444749338768194,S37__S4,4,Mangrove,West,Man_Kukup,1.307934,103.419101,37,Mangrove,East,Man_Nenasi,3.101512,103.446143,TRUE,FALSE,FALSE,Same habitat / different coast,"Same habitat
different coast"
S4,S38,0.8090371456339331,S38__S4,4,Mangrove,West,Man_Kukup,1.307934,103.419101,38,Mangrove,East,Man_Nenasi,3.094182,103.442717,TRUE,FALSE,FALSE,Same habitat / different coast,"Same habitat
different coast"
S4,S39,0.8511010163090791,S39__S4,4,Mangrove,West,Man_Kukup,1.307934,103.419101,39,Mangrove,East,Man_Nenasi,3.087342,103.44027,TRUE,FALSE,FALSE,Same habitat / different coast,"Same habitat
different coast"
S4,S40,0.7919085948986453,S4__S40,4,Mangrove,West,Man_Kukup,1.307934,103.419101,40,Mangrove,East,Man_Nenasi,3.078358,103.442128,TRUE,FALSE,FALSE,Same habitat / different coast,"Same habitat
different coast"
S4,S46,0.5662182495911693,S4__S46,4,Mangrove,West,Man_Kukup,1.307934,103.419101,46,Mangrove,East,Man_Sungai_Ular,4.04739,103.39389,TRUE,FALSE,FALSE,Same habitat / different coast,"Same habitat
different coast"
S4,S47,0.6682155369322061,S4__S47,4,Mangrove,West,Man_Kukup,1.307934,103.419101,47,Mangrove,East,Man_Sungai_Ular,4.047681,103.395217,TRUE,FALSE,FALSE,Same habitat / different coast,"Same habitat
different coast"
S4,S48,0.5161993413780779,S4__S48,4,Mangrove,West,Man_Kukup,1.307934,103.419101,48,Mangrove,East,Man_Sungai_Ular,4.048489,103.395758,TRUE,FALSE,FALSE,Same habitat / different coast,"Same habitat
different coast"
S4,S49,0.6371536538948481,S4__S49,4,Mangrove,West,Man_Kukup,1.307934,103.419101,49,Mangrove,East,Man_Sungai_Ular,4.04984,103.395527,TRUE,FALSE,FALSE,Same habitat / different coast,"Same habitat
different coast"
S4,S50,0.5721577106301793,S4__S50,4,Mangrove,West,Man_Kukup,1.307934,103.419101,50,Mangrove,East,Man_Sungai_Ular,4.050552,103.395166,TRUE,FALSE,FALSE,Same habitat / different coast,"Same habitat
different coast"
S4,S56,0.4462275569686368,S4__S56,4,Mangrove,West,Man_Kukup,1.307934,103.419101,56,Coral,West,Cor_Pulau_Intan,6.231933,99.71668,FALSE,TRUE,FALSE,Different habitat / same coast,"Different habitat
same coast"
S4,S57,0.38286968494286644,S4__S57,4,Mangrove,West,Man_Kukup,1.307934,103.419101,57,Coral,West,Cor_Pulau_Intan,6.235042,99.713494,FALSE,TRUE,FALSE,Different habitat / same coast,"Different habitat
same coast"
S4,S58,0.3675122473381521,S4__S58,4,Mangrove,West,Man_Kukup,1.307934,103.419101,58,Coral,West,Cor_Pulau_Intan,6.241277,99.713092,FALSE,TRUE,FALSE,Different habitat / same coast,"Different habitat
same coast"
S4,S59,0.40230730021390826,S4__S59,4,Mangrove,West,Man_Kukup,1.307934,103.419101,59,Coral,West,Cor_Pulau_Intan,6.242925,99.71689,FALSE,TRUE,FALSE,Different habitat / same coast,"Different habitat
same coast"
S4,S60,0.4027514857598216,S4__S60,4,Mangrove,West,Man_Kukup,1.307934,103.419101,60,Coral,West,Cor_Pulau_Intan,6.239442,99.719555,FALSE,TRUE,FALSE,Different habitat / same coast,"Different habitat
same coast"
S4,S66,0.5051268795819137,S4__S66,4,Mangrove,West,Man_Kukup,1.307934,103.419101,66,Seagrass,West,SeG_Tanjung_Rhu,6.460722,99.827135,FALSE,TRUE,FALSE,Different habitat / same coast,"Different habitat
same coast"
S4,S67,0.41591041477158697,S4__S67,4,Mangrove,West,Man_Kukup,1.307934,103.419101,67,Seagrass,West,SeG_Tanjung_Rhu,6.460835,99.825327,FALSE,TRUE,FALSE,Different habitat / same coast,"Different habitat
same coast"
S4,S68,0.42150399005875294,S4__S68,4,Mangrove,West,Man_Kukup,1.307934,103.419101,68,Seagrass,West,SeG_Tanjung_Rhu,6.461043,99.823702,FALSE,TRUE,FALSE,Different habitat / same coast,"Different habitat
same coast"
S4,S69,0.41149655049567024,S4__S69,4,Mangrove,West,Man_Kukup,1.307934,103.419101,69,Seagrass,West,SeG_Tanjung_Rhu,6.461208,99.823448,FALSE,TRUE,FALSE,Different habitat / same coast,"Different habitat
same coast"
S4,S70,0.4252534234741781,S4__S70,4,Mangrove,West,Man_Kukup,1.307934,103.419101,70,Seagrass,West,SeG_Tanjung_Rhu,6.461547,99.819962,FALSE,TRUE,FALSE,Different habitat / same coast,"Different habitat
same coast"
S4,S81,0.4466824517562752,S4__S81,4,Mangrove,West,Man_Kukup,1.307934,103.419101,81,Mangrove,East,Man_Merang,5.527989,102.944516,TRUE,FALSE,FALSE,Same habitat / different coast,"Same habitat
different coast"
S4,S82,0.4232853619156753,S4__S82,4,Mangrove,West,Man_Kukup,1.307934,103.419101,82,Mangrove,East,Man_Merang,5.526065,102.943286,TRUE,FALSE,FALSE,Same habitat / different coast,"Same habitat
different coast"
S4,S83,0.41413196713459305,S4__S83,4,Mangrove,West,Man_Kukup,1.307934,103.419101,83,Mangrove,East,Man_Merang,5.526248,102.941049,TRUE,FALSE,FALSE,Same habitat / different coast,"Same habitat
different coast"
S4,S84,0.44485204037510695,S4__S84,4,Mangrove,West,Man_Kukup,1.307934,103.419101,84,Mangrove,East,Man_Merang,5.528314,102.940522,TRUE,FALSE,FALSE,Same habitat / different coast,"Same habitat
different coast"
S4,S85,0.47163319825532873,S4__S85,4,Mangrove,West,Man_Kukup,1.307934,103.419101,85,Mangrove,East,Man_Merang,5.528731,102.938759,TRUE,FALSE,FALSE,Same habitat / different coast,"Same habitat
different coast"
S4,S91,0.3288788172058918,S4__S91,4,Mangrove,West,Man_Kukup,1.307934,103.419101,91,Seagrass,West,SeG_Pulau_Kezambo,5.363009,100.324704,FALSE,TRUE,FALSE,Different habitat / same coast,"Different habitat
same coast"
S4,S92,0.3532061054237871,S4__S92,4,Mangrove,West,Man_Kukup,1.307934,103.419101,92,Seagrass,West,SeG_Pulau_Kezambo,5.364814,100.324618,FALSE,TRUE,FALSE,Different habitat / same coast,"Different habitat
same coast"
S4,S93,0.37947121378802984,S4__S93,4,Mangrove,West,Man_Kukup,1.307934,103.419101,93,Seagrass,West,SeG_Pulau_Kezambo,5.365017,100.326968,FALSE,TRUE,FALSE,Different habitat / same coast,"Different habitat
same coast"
S4,S94,0.49496716264538276,S4__S94,4,Mangrove,West,Man_Kukup,1.307934,103.419101,94,Seagrass,West,SeG_Pulau_Kezambo,5.36303,100.327461,FALSE,TRUE,FALSE,Different habitat / same coast,"Different habitat
same coast"
S4,S95,0.33401114110412733,S4__S95,4,Mangrove,West,Man_Kukup,1.307934,103.419101,95,Seagrass,West,SeG_Pulau_Kezambo,5.361535,100.325841,FALSE,TRUE,FALSE,Different habitat / same coast,"Different habitat
same coast"
S4,S101,0.624211404201605,S101__S4,4,Mangrove,West,Man_Kukup,1.307934,103.419101,101,Coral,West,Cor_Pulau_Pangkor,4.190014,100.572274,FALSE,TRUE,FALSE,Different habitat / same coast,"Different habitat
same coast"
S4,S102,0.656027530160353,S102__S4,4,Mangrove,West,Man_Kukup,1.307934,103.419101,102,Coral,West,Cor_Pulau_Pangkor,4.187189,100.543949,FALSE,TRUE,FALSE,Different habitat / same coast,"Different habitat
same coast"
S4,S103,0.6785311177843512,S103__S4,4,Mangrove,West,Man_Kukup,1.307934,103.419101,103,Coral,West,Cor_Pulau_Pangkor,4.192025,100.537855,FALSE,TRUE,FALSE,Different habitat / same coast,"Different habitat
same coast"
S4,S104,0.6732453852111588,S104__S4,4,Mangrove,West,Man_Kukup,1.307934,103.419101,104,Coral,West,Cor_Pulau_Pangkor,4.203476,100.545476,FALSE,TRUE,FALSE,Different habitat / same coast,"Different habitat
same coast"
S4,S105,0.6188531235565099,S105__S4,4,Mangrove,West,Man_Kukup,1.307934,103.419101,105,Coral,West,Cor_Pulau_Pangkor,4.194839,100.559803,FALSE,TRUE,FALSE,Different habitat / same coast,"Different habitat
same coast"
S5,S16,0.380340246409221,S16__S5,5,Mangrove,West,Man_Kukup,1.31334,103.437827,16,Coral,West,Cor_ PB_PP,2.416537,101.886223,FALSE,TRUE,FALSE,Different habitat / same coast,"Different habitat
same coast"
S5,S17,0.4164831113393916,S17__S5,5,Mangrove,West,Man_Kukup,1.31334,103.437827,17,Coral,West,Cor_ PB_PP,2.415967,101.889648,FALSE,TRUE,FALSE,Different habitat / same coast,"Different habitat
same coast"
S5,S18,0.399705252512821,S18__S5,5,Mangrove,West,Man_Kukup,1.31334,103.437827,18,Coral,West,Cor_ PB_PP,2.414291,101.892398,FALSE,TRUE,FALSE,Different habitat / same coast,"Different habitat
same coast"
S5,S19,0.4231212003567136,S19__S5,5,Mangrove,West,Man_Kukup,1.31334,103.437827,19,Coral,West,Cor_ PB_PP,2.413761,101.895526,FALSE,TRUE,FALSE,Different habitat / same coast,"Different habitat
same coast"
S5,S20,0.4181278077853676,S20__S5,5,Mangrove,West,Man_Kukup,1.31334,103.437827,20,Coral,West,Cor_ PB_PP,2.417129,101.883533,FALSE,TRUE,FALSE,Different habitat / same coast,"Different habitat
same coast"
S5,S21,0.7754290563897377,S21__S5,5,Mangrove,West,Man_Kukup,1.31334,103.437827,21,Mangrove,East,Man_Pulau_Tinggi,2.287462,104.109177,TRUE,FALSE,FALSE,Same habitat / different coast,"Same habitat
different coast"
S5,S22,0.47929123137063173,S22__S5,5,Mangrove,West,Man_Kukup,1.31334,103.437827,22,Mangrove,East,Man_Pulau_Tinggi,2.289198,104.110969,TRUE,FALSE,FALSE,Same habitat / different coast,"Same habitat
different coast"
S5,S23,0.5139539937453248,S23__S5,5,Mangrove,West,Man_Kukup,1.31334,103.437827,23,Mangrove,East,Man_Pulau_Tinggi,2.290686,104.110262,TRUE,FALSE,FALSE,Same habitat / different coast,"Same habitat
different coast"
S5,S24,0.5693751754151037,S24__S5,5,Mangrove,West,Man_Kukup,1.31334,103.437827,24,Mangrove,East,Man_Pulau_Tinggi,2.290271,104.108844,TRUE,FALSE,FALSE,Same habitat / different coast,"Same habitat
different coast"
S5,S25,0.540924799461683,S25__S5,5,Mangrove,West,Man_Kukup,1.31334,103.437827,25,Mangrove,East,Man_Pulau_Tinggi,2.289627,104.110053,TRUE,FALSE,FALSE,Same habitat / different coast,"Same habitat
different coast"
S5,S36,0.7823859992753481,S36__S5,5,Mangrove,West,Man_Kukup,1.31334,103.437827,36,Mangrove,East,Man_Nenasi,3.109037,103.443207,TRUE,FALSE,FALSE,Same habitat / different coast,"Same habitat
different coast"
S5,S37,0.8129247319357873,S37__S5,5,Mangrove,West,Man_Kukup,1.31334,103.437827,37,Mangrove,East,Man_Nenasi,3.101512,103.446143,TRUE,FALSE,FALSE,Same habitat / different coast,"Same habitat
different coast"
S5,S38,0.7814338628893138,S38__S5,5,Mangrove,West,Man_Kukup,1.31334,103.437827,38,Mangrove,East,Man_Nenasi,3.094182,103.442717,TRUE,FALSE,FALSE,Same habitat / different coast,"Same habitat
different coast"
S5,S39,0.8202183547585054,S39__S5,5,Mangrove,West,Man_Kukup,1.31334,103.437827,39,Mangrove,East,Man_Nenasi,3.087342,103.44027,TRUE,FALSE,FALSE,Same habitat / different coast,"Same habitat
different coast"
S5,S40,0.763447576496299,S40__S5,5,Mangrove,West,Man_Kukup,1.31334,103.437827,40,Mangrove,East,Man_Nenasi,3.078358,103.442128,TRUE,FALSE,FALSE,Same habitat / different coast,"Same habitat
different coast"
S5,S46,0.5432281575327188,S46__S5,5,Mangrove,West,Man_Kukup,1.31334,103.437827,46,Mangrove,East,Man_Sungai_Ular,4.04739,103.39389,TRUE,FALSE,FALSE,Same habitat / different coast,"Same habitat
different coast"
S5,S47,0.6454690181861958,S47__S5,5,Mangrove,West,Man_Kukup,1.31334,103.437827,47,Mangrove,East,Man_Sungai_Ular,4.047681,103.395217,TRUE,FALSE,FALSE,Same habitat / different coast,"Same habitat
different coast"
S5,S48,0.5218345479832762,S48__S5,5,Mangrove,West,Man_Kukup,1.31334,103.437827,48,Mangrove,East,Man_Sungai_Ular,4.048489,103.395758,TRUE,FALSE,FALSE,Same habitat / different coast,"Same habitat
different coast"
S5,S49,0.6532652089612148,S49__S5,5,Mangrove,West,Man_Kukup,1.31334,103.437827,49,Mangrove,East,Man_Sungai_Ular,4.04984,103.395527,TRUE,FALSE,FALSE,Same habitat / different coast,"Same habitat
different coast"
S5,S50,0.5789599986985944,S5__S50,5,Mangrove,West,Man_Kukup,1.31334,103.437827,50,Mangrove,East,Man_Sungai_Ular,4.050552,103.395166,TRUE,FALSE,FALSE,Same habitat / different coast,"Same habitat
different coast"
S5,S56,0.4433024513576724,S5__S56,5,Mangrove,West,Man_Kukup,1.31334,103.437827,56,Coral,West,Cor_Pulau_Intan,6.231933,99.71668,FALSE,TRUE,FALSE,Different habitat / same coast,"Different habitat
same coast"
S5,S57,0.39505802143647795,S5__S57,5,Mangrove,West,Man_Kukup,1.31334,103.437827,57,Coral,West,Cor_Pulau_Intan,6.235042,99.713494,FALSE,TRUE,FALSE,Different habitat / same coast,"Different habitat
same coast"
S5,S58,0.3450614839576848,S5__S58,5,Mangrove,West,Man_Kukup,1.31334,103.437827,58,Coral,West,Cor_Pulau_Intan,6.241277,99.713092,FALSE,TRUE,FALSE,Different habitat / same coast,"Different habitat
same coast"
S5,S59,0.39491580299244883,S5__S59,5,Mangrove,West,Man_Kukup,1.31334,103.437827,59,Coral,West,Cor_Pulau_Intan,6.242925,99.71689,FALSE,TRUE,FALSE,Different habitat / same coast,"Different habitat
same coast"
S5,S60,0.3373085998078474,S5__S60,5,Mangrove,West,Man_Kukup,1.31334,103.437827,60,Coral,West,Cor_Pulau_Intan,6.239442,99.719555,FALSE,TRUE,FALSE,Different habitat / same coast,"Different habitat
same coast"
S5,S66,0.4833025316715346,S5__S66,5,Mangrove,West,Man_Kukup,1.31334,103.437827,66,Seagrass,West,SeG_Tanjung_Rhu,6.460722,99.827135,FALSE,TRUE,FALSE,Different habitat / same coast,"Different habitat
same coast"
S5,S67,0.4079142598135207,S5__S67,5,Mangrove,West,Man_Kukup,1.31334,103.437827,67,Seagrass,West,SeG_Tanjung_Rhu,6.460835,99.825327,FALSE,TRUE,FALSE,Different habitat / same coast,"Different habitat
same coast"
S5,S68,0.3914048990615898,S5__S68,5,Mangrove,West,Man_Kukup,1.31334,103.437827,68,Seagrass,West,SeG_Tanjung_Rhu,6.461043,99.823702,FALSE,TRUE,FALSE,Different habitat / same coast,"Different habitat
same coast"
S5,S69,0.40197081614505753,S5__S69,5,Mangrove,West,Man_Kukup,1.31334,103.437827,69,Seagrass,West,SeG_Tanjung_Rhu,6.461208,99.823448,FALSE,TRUE,FALSE,Different habitat / same coast,"Different habitat
same coast"
S5,S70,0.41548442923966267,S5__S70,5,Mangrove,West,Man_Kukup,1.31334,103.437827,70,Seagrass,West,SeG_Tanjung_Rhu,6.461547,99.819962,FALSE,TRUE,FALSE,Different habitat / same coast,"Different habitat
same coast"
S5,S81,0.5166237213663252,S5__S81,5,Mangrove,West,Man_Kukup,1.31334,103.437827,81,Mangrove,East,Man_Merang,5.527989,102.944516,TRUE,FALSE,FALSE,Same habitat / different coast,"Same habitat
different coast"
S5,S82,0.4853460771779427,S5__S82,5,Mangrove,West,Man_Kukup,1.31334,103.437827,82,Mangrove,East,Man_Merang,5.526065,102.943286,TRUE,FALSE,FALSE,Same habitat / different coast,"Same habitat
different coast"
S5,S83,0.48841778517850004,S5__S83,5,Mangrove,West,Man_Kukup,1.31334,103.437827,83,Mangrove,East,Man_Merang,5.526248,102.941049,TRUE,FALSE,FALSE,Same habitat / different coast,"Same habitat
different coast"
S5,S84,0.5233374269387059,S5__S84,5,Mangrove,West,Man_Kukup,1.31334,103.437827,84,Mangrove,East,Man_Merang,5.528314,102.940522,TRUE,FALSE,FALSE,Same habitat / different coast,"Same habitat
different coast"
S5,S85,0.5203576318070025,S5__S85,5,Mangrove,West,Man_Kukup,1.31334,103.437827,85,Mangrove,East,Man_Merang,5.528731,102.938759,TRUE,FALSE,FALSE,Same habitat / different coast,"Same habitat
different coast"
S5,S91,0.3045357592276191,S5__S91,5,Mangrove,West,Man_Kukup,1.31334,103.437827,91,Seagrass,West,SeG_Pulau_Kezambo,5.363009,100.324704,FALSE,TRUE,FALSE,Different habitat / same coast,"Different habitat
same coast"
S5,S92,0.31067868863486064,S5__S92,5,Mangrove,West,Man_Kukup,1.31334,103.437827,92,Seagrass,West,SeG_Pulau_Kezambo,5.364814,100.324618,FALSE,TRUE,FALSE,Different habitat / same coast,"Different habitat
same coast"
S5,S93,0.3353079328397806,S5__S93,5,Mangrove,West,Man_Kukup,1.31334,103.437827,93,Seagrass,West,SeG_Pulau_Kezambo,5.365017,100.326968,FALSE,TRUE,FALSE,Different habitat / same coast,"Different habitat
same coast"
S5,S94,0.4702399753827719,S5__S94,5,Mangrove,West,Man_Kukup,1.31334,103.437827,94,Seagrass,West,SeG_Pulau_Kezambo,5.36303,100.327461,FALSE,TRUE,FALSE,Different habitat / same coast,"Different habitat
same coast"
S5,S95,0.3198800641544797,S5__S95,5,Mangrove,West,Man_Kukup,1.31334,103.437827,95,Seagrass,West,SeG_Pulau_Kezambo,5.361535,100.325841,FALSE,TRUE,FALSE,Different habitat / same coast,"Different habitat
same coast"
S5,S101,0.6389823444292687,S101__S5,5,Mangrove,West,Man_Kukup,1.31334,103.437827,101,Coral,West,Cor_Pulau_Pangkor,4.190014,100.572274,FALSE,TRUE,FALSE,Different habitat / same coast,"Different habitat
same coast"
S5,S102,0.6605800672498997,S102__S5,5,Mangrove,West,Man_Kukup,1.31334,103.437827,102,Coral,West,Cor_Pulau_Pangkor,4.187189,100.543949,FALSE,TRUE,FALSE,Different habitat / same coast,"Different habitat
same coast"
S5,S103,0.6484632850434912,S103__S5,5,Mangrove,West,Man_Kukup,1.31334,103.437827,103,Coral,West,Cor_Pulau_Pangkor,4.192025,100.537855,FALSE,TRUE,FALSE,Different habitat / same coast,"Different habitat
same coast"
S5,S104,0.6522305769053962,S104__S5,5,Mangrove,West,Man_Kukup,1.31334,103.437827,104,Coral,West,Cor_Pulau_Pangkor,4.203476,100.545476,FALSE,TRUE,FALSE,Different habitat / same coast,"Different habitat
same coast"
S5,S105,0.6274419674287057,S105__S5,5,Mangrove,West,Man_Kukup,1.31334,103.437827,105,Coral,West,Cor_Pulau_Pangkor,4.194839,100.559803,FALSE,TRUE,FALSE,Different habitat / same coast,"Different habitat
same coast"
S6,S16,0.8333287893950497,S16__S6,6,Mangrove,West,Man_Batu_Pahat,1.814848,102.886778,16,Coral,West,Cor_ PB_PP,2.416537,101.886223,FALSE,TRUE,FALSE,Different habitat / same coast,"Different habitat
same coast"
S6,S17,0.8423146801594197,S17__S6,6,Mangrove,West,Man_Batu_Pahat,1.814848,102.886778,17,Coral,West,Cor_ PB_PP,2.415967,101.889648,FALSE,TRUE,FALSE,Different habitat / same coast,"Different habitat
same coast"
S6,S18,0.8592889668924216,S18__S6,6,Mangrove,West,Man_Batu_Pahat,1.814848,102.886778,18,Coral,West,Cor_ PB_PP,2.414291,101.892398,FALSE,TRUE,FALSE,Different habitat / same coast,"Different habitat
same coast"
S6,S19,0.8558956134704995,S19__S6,6,Mangrove,West,Man_Batu_Pahat,1.814848,102.886778,19,Coral,West,Cor_ PB_PP,2.413761,101.895526,FALSE,TRUE,FALSE,Different habitat / same coast,"Different habitat
same coast"
S6,S20,0.8447835945335438,S20__S6,6,Mangrove,West,Man_Batu_Pahat,1.814848,102.886778,20,Coral,West,Cor_ PB_PP,2.417129,101.883533,FALSE,TRUE,FALSE,Different habitat / same coast,"Different habitat
same coast"
S6,S21,0.9244123809458606,S21__S6,6,Mangrove,West,Man_Batu_Pahat,1.814848,102.886778,21,Mangrove,East,Man_Pulau_Tinggi,2.287462,104.109177,TRUE,FALSE,FALSE,Same habitat / different coast,"Same habitat
different coast"
S6,S22,0.7682067760544768,S22__S6,6,Mangrove,West,Man_Batu_Pahat,1.814848,102.886778,22,Mangrove,East,Man_Pulau_Tinggi,2.289198,104.110969,TRUE,FALSE,FALSE,Same habitat / different coast,"Same habitat
different coast"
S6,S23,0.8224871103613286,S23__S6,6,Mangrove,West,Man_Batu_Pahat,1.814848,102.886778,23,Mangrove,East,Man_Pulau_Tinggi,2.290686,104.110262,TRUE,FALSE,FALSE,Same habitat / different coast,"Same habitat
different coast"
S6,S24,0.876074273109676,S24__S6,6,Mangrove,West,Man_Batu_Pahat,1.814848,102.886778,24,Mangrove,East,Man_Pulau_Tinggi,2.290271,104.108844,TRUE,FALSE,FALSE,Same habitat / different coast,"Same habitat
different coast"
S6,S25,0.8935933590761651,S25__S6,6,Mangrove,West,Man_Batu_Pahat,1.814848,102.886778,25,Mangrove,East,Man_Pulau_Tinggi,2.289627,104.110053,TRUE,FALSE,FALSE,Same habitat / different coast,"Same habitat
different coast"
S6,S36,0.29461511902502524,S36__S6,6,Mangrove,West,Man_Batu_Pahat,1.814848,102.886778,36,Mangrove,East,Man_Nenasi,3.109037,103.443207,TRUE,FALSE,FALSE,Same habitat / different coast,"Same habitat
different coast"
S6,S37,0.2737436109715756,S37__S6,6,Mangrove,West,Man_Batu_Pahat,1.814848,102.886778,37,Mangrove,East,Man_Nenasi,3.101512,103.446143,TRUE,FALSE,FALSE,Same habitat / different coast,"Same habitat
different coast"
S6,S38,0.3241131477210636,S38__S6,6,Mangrove,West,Man_Batu_Pahat,1.814848,102.886778,38,Mangrove,East,Man_Nenasi,3.094182,103.442717,TRUE,FALSE,FALSE,Same habitat / different coast,"Same habitat
different coast"
S6,S39,0.30413134702916444,S39__S6,6,Mangrove,West,Man_Batu_Pahat,1.814848,102.886778,39,Mangrove,East,Man_Nenasi,3.087342,103.44027,TRUE,FALSE,FALSE,Same habitat / different coast,"Same habitat
different coast"
S6,S40,0.2724069538012253,S40__S6,6,Mangrove,West,Man_Batu_Pahat,1.814848,102.886778,40,Mangrove,East,Man_Nenasi,3.078358,103.442128,TRUE,FALSE,FALSE,Same habitat / different coast,"Same habitat
different coast"
S6,S46,0.5904071384177016,S46__S6,6,Mangrove,West,Man_Batu_Pahat,1.814848,102.886778,46,Mangrove,East,Man_Sungai_Ular,4.04739,103.39389,TRUE,FALSE,FALSE,Same habitat / different coast,"Same habitat
different coast"
S6,S47,0.6017386357377325,S47__S6,6,Mangrove,West,Man_Batu_Pahat,1.814848,102.886778,47,Mangrove,East,Man_Sungai_Ular,4.047681,103.395217,TRUE,FALSE,FALSE,Same habitat / different coast,"Same habitat
different coast"
S6,S48,0.6564295213149413,S48__S6,6,Mangrove,West,Man_Batu_Pahat,1.814848,102.886778,48,Mangrove,East,Man_Sungai_Ular,4.048489,103.395758,TRUE,FALSE,FALSE,Same habitat / different coast,"Same habitat
different coast"
S6,S49,0.720539697238225,S49__S6,6,Mangrove,West,Man_Batu_Pahat,1.814848,102.886778,49,Mangrove,East,Man_Sungai_Ular,4.04984,103.395527,TRUE,FALSE,FALSE,Same habitat / different coast,"Same habitat
different coast"
S6,S50,0.6924674608899997,S50__S6,6,Mangrove,West,Man_Batu_Pahat,1.814848,102.886778,50,Mangrove,East,Man_Sungai_Ular,4.050552,103.395166,TRUE,FALSE,FALSE,Same habitat / different coast,"Same habitat
different coast"
S6,S56,0.8692306816253349,S56__S6,6,Mangrove,West,Man_Batu_Pahat,1.814848,102.886778,56,Coral,West,Cor_Pulau_Intan,6.231933,99.71668,FALSE,TRUE,FALSE,Different habitat / same coast,"Different habitat
same coast"
S6,S57,0.8700388444753249,S57__S6,6,Mangrove,West,Man_Batu_Pahat,1.814848,102.886778,57,Coral,West,Cor_Pulau_Intan,6.235042,99.713494,FALSE,TRUE,FALSE,Different habitat / same coast,"Different habitat
same coast"
S6,S58,0.8607498601891307,S58__S6,6,Mangrove,West,Man_Batu_Pahat,1.814848,102.886778,58,Coral,West,Cor_Pulau_Intan,6.241277,99.713092,FALSE,TRUE,FALSE,Different habitat / same coast,"Different habitat
same coast"
S6,S59,0.8661951241467939,S59__S6,6,Mangrove,West,Man_Batu_Pahat,1.814848,102.886778,59,Coral,West,Cor_Pulau_Intan,6.242925,99.71689,FALSE,TRUE,FALSE,Different habitat / same coast,"Different habitat
same coast"
S6,S60,0.8630198213340923,S6__S60,6,Mangrove,West,Man_Batu_Pahat,1.814848,102.886778,60,Coral,West,Cor_Pulau_Intan,6.239442,99.719555,FALSE,TRUE,FALSE,Different habitat / same coast,"Different habitat
same coast"
S6,S66,0.8243115281622517,S6__S66,6,Mangrove,West,Man_Batu_Pahat,1.814848,102.886778,66,Seagrass,West,SeG_Tanjung_Rhu,6.460722,99.827135,FALSE,TRUE,FALSE,Different habitat / same coast,"Different habitat
same coast"
S6,S67,0.8340880269666727,S6__S67,6,Mangrove,West,Man_Batu_Pahat,1.814848,102.886778,67,Seagrass,West,SeG_Tanjung_Rhu,6.460835,99.825327,FALSE,TRUE,FALSE,Different habitat / same coast,"Different habitat
same coast"
S6,S68,0.8253201273842815,S6__S68,6,Mangrove,West,Man_Batu_Pahat,1.814848,102.886778,68,Seagrass,West,SeG_Tanjung_Rhu,6.461043,99.823702,FALSE,TRUE,FALSE,Different habitat / same coast,"Different habitat
same coast"
S6,S69,0.8173020850570232,S6__S69,6,Mangrove,West,Man_Batu_Pahat,1.814848,102.886778,69,Seagrass,West,SeG_Tanjung_Rhu,6.461208,99.823448,FALSE,TRUE,FALSE,Different habitat / same coast,"Different habitat
same coast"
S6,S70,0.852661334963231,S6__S70,6,Mangrove,West,Man_Batu_Pahat,1.814848,102.886778,70,Seagrass,West,SeG_Tanjung_Rhu,6.461547,99.819962,FALSE,TRUE,FALSE,Different habitat / same coast,"Different habitat
same coast"
S6,S81,0.7942572581369544,S6__S81,6,Mangrove,West,Man_Batu_Pahat,1.814848,102.886778,81,Mangrove,East,Man_Merang,5.527989,102.944516,TRUE,FALSE,FALSE,Same habitat / different coast,"Same habitat
different coast"
S6,S82,0.7700755856460847,S6__S82,6,Mangrove,West,Man_Batu_Pahat,1.814848,102.886778,82,Mangrove,East,Man_Merang,5.526065,102.943286,TRUE,FALSE,FALSE,Same habitat / different coast,"Same habitat
different coast"
S6,S83,0.7853793732579852,S6__S83,6,Mangrove,West,Man_Batu_Pahat,1.814848,102.886778,83,Mangrove,East,Man_Merang,5.526248,102.941049,TRUE,FALSE,FALSE,Same habitat / different coast,"Same habitat
different coast"
S6,S84,0.793923590347345,S6__S84,6,Mangrove,West,Man_Batu_Pahat,1.814848,102.886778,84,Mangrove,East,Man_Merang,5.528314,102.940522,TRUE,FALSE,FALSE,Same habitat / different coast,"Same habitat
different coast"
S6,S85,0.7234182027170549,S6__S85,6,Mangrove,West,Man_Batu_Pahat,1.814848,102.886778,85,Mangrove,East,Man_Merang,5.528731,102.938759,TRUE,FALSE,FALSE,Same habitat / different coast,"Same habitat
different coast"
S6,S91,0.7993136808996223,S6__S91,6,Mangrove,West,Man_Batu_Pahat,1.814848,102.886778,91,Seagrass,West,SeG_Pulau_Kezambo,5.363009,100.324704,FALSE,TRUE,FALSE,Different habitat / same coast,"Different habitat
same coast"
S6,S92,0.8122341943260907,S6__S92,6,Mangrove,West,Man_Batu_Pahat,1.814848,102.886778,92,Seagrass,West,SeG_Pulau_Kezambo,5.364814,100.324618,FALSE,TRUE,FALSE,Different habitat / same coast,"Different habitat
same coast"
S6,S93,0.8216952850370057,S6__S93,6,Mangrove,West,Man_Batu_Pahat,1.814848,102.886778,93,Seagrass,West,SeG_Pulau_Kezambo,5.365017,100.326968,FALSE,TRUE,FALSE,Different habitat / same coast,"Different habitat
same coast"
S6,S94,0.8007481932300669,S6__S94,6,Mangrove,West,Man_Batu_Pahat,1.814848,102.886778,94,Seagrass,West,SeG_Pulau_Kezambo,5.36303,100.327461,FALSE,TRUE,FALSE,Different habitat / same coast,"Different habitat
same coast"
S6,S95,0.8004940800448518,S6__S95,6,Mangrove,West,Man_Batu_Pahat,1.814848,102.886778,95,Seagrass,West,SeG_Pulau_Kezambo,5.361535,100.325841,FALSE,TRUE,FALSE,Different habitat / same coast,"Different habitat
same coast"
S6,S101,0.8834007352524048,S101__S6,6,Mangrove,West,Man_Batu_Pahat,1.814848,102.886778,101,Coral,West,Cor_Pulau_Pangkor,4.190014,100.572274,FALSE,TRUE,FALSE,Different habitat / same coast,"Different habitat
same coast"
S6,S102,0.9009715930546611,S102__S6,6,Mangrove,West,Man_Batu_Pahat,1.814848,102.886778,102,Coral,West,Cor_Pulau_Pangkor,4.187189,100.543949,FALSE,TRUE,FALSE,Different habitat / same coast,"Different habitat
same coast"
S6,S103,0.8785724904934544,S103__S6,6,Mangrove,West,Man_Batu_Pahat,1.814848,102.886778,103,Coral,West,Cor_Pulau_Pangkor,4.192025,100.537855,FALSE,TRUE,FALSE,Different habitat / same coast,"Different habitat
same coast"
S6,S104,0.8928611328127521,S104__S6,6,Mangrove,West,Man_Batu_Pahat,1.814848,102.886778,104,Coral,West,Cor_Pulau_Pangkor,4.203476,100.545476,FALSE,TRUE,FALSE,Different habitat / same coast,"Different habitat
same coast"
S6,S105,0.8850304968583579,S105__S6,6,Mangrove,West,Man_Batu_Pahat,1.814848,102.886778,105,Coral,West,Cor_Pulau_Pangkor,4.194839,100.559803,FALSE,TRUE,FALSE,Different habitat / same coast,"Different habitat
same coast"
S7,S16,0.8393272714039318,S16__S7,7,Mangrove,West,Man_Batu_Pahat,1.819224,102.890102,16,Coral,West,Cor_ PB_PP,2.416537,101.886223,FALSE,TRUE,FALSE,Different habitat / same coast,"Different habitat
same coast"
S7,S17,0.848288635583085,S17__S7,7,Mangrove,West,Man_Batu_Pahat,1.819224,102.890102,17,Coral,West,Cor_ PB_PP,2.415967,101.889648,FALSE,TRUE,FALSE,Different habitat / same coast,"Different habitat
same coast"
S7,S18,0.8659628911731815,S18__S7,7,Mangrove,West,Man_Batu_Pahat,1.819224,102.890102,18,Coral,West,Cor_ PB_PP,2.414291,101.892398,FALSE,TRUE,FALSE,Different habitat / same coast,"Different habitat
same coast"
S7,S19,0.8625259794621174,S19__S7,7,Mangrove,West,Man_Batu_Pahat,1.819224,102.890102,19,Coral,West,Cor_ PB_PP,2.413761,101.895526,FALSE,TRUE,FALSE,Different habitat / same coast,"Different habitat
same coast"
S7,S20,0.850025198267744,S20__S7,7,Mangrove,West,Man_Batu_Pahat,1.819224,102.890102,20,Coral,West,Cor_ PB_PP,2.417129,101.883533,FALSE,TRUE,FALSE,Different habitat / same coast,"Different habitat
same coast"
S7,S21,0.9226442191804234,S21__S7,7,Mangrove,West,Man_Batu_Pahat,1.819224,102.890102,21,Mangrove,East,Man_Pulau_Tinggi,2.287462,104.109177,TRUE,FALSE,FALSE,Same habitat / different coast,"Same habitat
different coast"
S7,S22,0.7687229780184962,S22__S7,7,Mangrove,West,Man_Batu_Pahat,1.819224,102.890102,22,Mangrove,East,Man_Pulau_Tinggi,2.289198,104.110969,TRUE,FALSE,FALSE,Same habitat / different coast,"Same habitat
different coast"
S7,S23,0.8225774965364765,S23__S7,7,Mangrove,West,Man_Batu_Pahat,1.819224,102.890102,23,Mangrove,East,Man_Pulau_Tinggi,2.290686,104.110262,TRUE,FALSE,FALSE,Same habitat / different coast,"Same habitat
different coast"
S7,S24,0.8777792491775387,S24__S7,7,Mangrove,West,Man_Batu_Pahat,1.819224,102.890102,24,Mangrove,East,Man_Pulau_Tinggi,2.290271,104.108844,TRUE,FALSE,FALSE,Same habitat / different coast,"Same habitat
different coast"
S7,S25,0.8969594970999558,S25__S7,7,Mangrove,West,Man_Batu_Pahat,1.819224,102.890102,25,Mangrove,East,Man_Pulau_Tinggi,2.289627,104.110053,TRUE,FALSE,FALSE,Same habitat / different coast,"Same habitat
different coast"
S7,S36,0.25352869209145285,S36__S7,7,Mangrove,West,Man_Batu_Pahat,1.819224,102.890102,36,Mangrove,East,Man_Nenasi,3.109037,103.443207,TRUE,FALSE,FALSE,Same habitat / different coast,"Same habitat
different coast"
S7,S37,0.2294024137628062,S37__S7,7,Mangrove,West,Man_Batu_Pahat,1.819224,102.890102,37,Mangrove,East,Man_Nenasi,3.101512,103.446143,TRUE,FALSE,FALSE,Same habitat / different coast,"Same habitat
different coast"
S7,S38,0.28896971138627103,S38__S7,7,Mangrove,West,Man_Batu_Pahat,1.819224,102.890102,38,Mangrove,East,Man_Nenasi,3.094182,103.442717,TRUE,FALSE,FALSE,Same habitat / different coast,"Same habitat
different coast"
S7,S39,0.2881526931761569,S39__S7,7,Mangrove,West,Man_Batu_Pahat,1.819224,102.890102,39,Mangrove,East,Man_Nenasi,3.087342,103.44027,TRUE,FALSE,FALSE,Same habitat / different coast,"Same habitat
different coast"
S7,S40,0.24223573672011264,S40__S7,7,Mangrove,West,Man_Batu_Pahat,1.819224,102.890102,40,Mangrove,East,Man_Nenasi,3.078358,103.442128,TRUE,FALSE,FALSE,Same habitat / different coast,"Same habitat
different coast"
S7,S46,0.5903495938376395,S46__S7,7,Mangrove,West,Man_Batu_Pahat,1.819224,102.890102,46,Mangrove,East,Man_Sungai_Ular,4.04739,103.39389,TRUE,FALSE,FALSE,Same habitat / different coast,"Same habitat
different coast"
S7,S47,0.6099517305028667,S47__S7,7,Mangrove,West,Man_Batu_Pahat,1.819224,102.890102,47,Mangrove,East,Man_Sungai_Ular,4.047681,103.395217,TRUE,FALSE,FALSE,Same habitat / different coast,"Same habitat
different coast"
S7,S48,0.6531808036153642,S48__S7,7,Mangrove,West,Man_Batu_Pahat,1.819224,102.890102,48,Mangrove,East,Man_Sungai_Ular,4.048489,103.395758,TRUE,FALSE,FALSE,Same habitat / different coast,"Same habitat
different coast"
S7,S49,0.7199523094654162,S49__S7,7,Mangrove,West,Man_Batu_Pahat,1.819224,102.890102,49,Mangrove,East,Man_Sungai_Ular,4.04984,103.395527,TRUE,FALSE,FALSE,Same habitat / different coast,"Same habitat
different coast"
S7,S50,0.69137623766741,S50__S7,7,Mangrove,West,Man_Batu_Pahat,1.819224,102.890102,50,Mangrove,East,Man_Sungai_Ular,4.050552,103.395166,TRUE,FALSE,FALSE,Same habitat / different coast,"Same habitat
different coast"
S7,S56,0.8687939802171163,S56__S7,7,Mangrove,West,Man_Batu_Pahat,1.819224,102.890102,56,Coral,West,Cor_Pulau_Intan,6.231933,99.71668,FALSE,TRUE,FALSE,Different habitat / same coast,"Different habitat
same coast"
S7,S57,0.8721539291939453,S57__S7,7,Mangrove,West,Man_Batu_Pahat,1.819224,102.890102,57,Coral,West,Cor_Pulau_Intan,6.235042,99.713494,FALSE,TRUE,FALSE,Different habitat / same coast,"Different habitat
same coast"
S7,S58,0.8642505776800535,S58__S7,7,Mangrove,West,Man_Batu_Pahat,1.819224,102.890102,58,Coral,West,Cor_Pulau_Intan,6.241277,99.713092,FALSE,TRUE,FALSE,Different habitat / same coast,"Different habitat
same coast"
S7,S59,0.8678528983208567,S59__S7,7,Mangrove,West,Man_Batu_Pahat,1.819224,102.890102,59,Coral,West,Cor_Pulau_Intan,6.242925,99.71689,FALSE,TRUE,FALSE,Different habitat / same coast,"Different habitat
same coast"
S7,S60,0.8659392380704394,S60__S7,7,Mangrove,West,Man_Batu_Pahat,1.819224,102.890102,60,Coral,West,Cor_Pulau_Intan,6.239442,99.719555,FALSE,TRUE,FALSE,Different habitat / same coast,"Different habitat
same coast"
S7,S66,0.8296829335782095,S66__S7,7,Mangrove,West,Man_Batu_Pahat,1.819224,102.890102,66,Seagrass,West,SeG_Tanjung_Rhu,6.460722,99.827135,FALSE,TRUE,FALSE,Different habitat / same coast,"Different habitat
same coast"
S7,S67,0.8344409308543591,S67__S7,7,Mangrove,West,Man_Batu_Pahat,1.819224,102.890102,67,Seagrass,West,SeG_Tanjung_Rhu,6.460835,99.825327,FALSE,TRUE,FALSE,Different habitat / same coast,"Different habitat
same coast"
S7,S68,0.8275259765073567,S68__S7,7,Mangrove,West,Man_Batu_Pahat,1.819224,102.890102,68,Seagrass,West,SeG_Tanjung_Rhu,6.461043,99.823702,FALSE,TRUE,FALSE,Different habitat / same coast,"Different habitat
same coast"
S7,S69,0.8174257134027358,S69__S7,7,Mangrove,West,Man_Batu_Pahat,1.819224,102.890102,69,Seagrass,West,SeG_Tanjung_Rhu,6.461208,99.823448,FALSE,TRUE,FALSE,Different habitat / same coast,"Different habitat
same coast"
S7,S70,0.8541588487016908,S7__S70,7,Mangrove,West,Man_Batu_Pahat,1.819224,102.890102,70,Seagrass,West,SeG_Tanjung_Rhu,6.461547,99.819962,FALSE,TRUE,FALSE,Different habitat / same coast,"Different habitat
same coast"
S7,S81,0.799697306356154,S7__S81,7,Mangrove,West,Man_Batu_Pahat,1.819224,102.890102,81,Mangrove,East,Man_Merang,5.527989,102.944516,TRUE,FALSE,FALSE,Same habitat / different coast,"Same habitat
different coast"
S7,S82,0.7749116620608191,S7__S82,7,Mangrove,West,Man_Batu_Pahat,1.819224,102.890102,82,Mangrove,East,Man_Merang,5.526065,102.943286,TRUE,FALSE,FALSE,Same habitat / different coast,"Same habitat
different coast"
S7,S83,0.7888436467561365,S7__S83,7,Mangrove,West,Man_Batu_Pahat,1.819224,102.890102,83,Mangrove,East,Man_Merang,5.526248,102.941049,TRUE,FALSE,FALSE,Same habitat / different coast,"Same habitat
different coast"
S7,S84,0.7976909057355177,S7__S84,7,Mangrove,West,Man_Batu_Pahat,1.819224,102.890102,84,Mangrove,East,Man_Merang,5.528314,102.940522,TRUE,FALSE,FALSE,Same habitat / different coast,"Same habitat
different coast"
S7,S85,0.7246223932999204,S7__S85,7,Mangrove,West,Man_Batu_Pahat,1.819224,102.890102,85,Mangrove,East,Man_Merang,5.528731,102.938759,TRUE,FALSE,FALSE,Same habitat / different coast,"Same habitat
different coast"
S7,S91,0.8021576975347036,S7__S91,7,Mangrove,West,Man_Batu_Pahat,1.819224,102.890102,91,Seagrass,West,SeG_Pulau_Kezambo,5.363009,100.324704,FALSE,TRUE,FALSE,Different habitat / same coast,"Different habitat
same coast"
S7,S92,0.8146673422169173,S7__S92,7,Mangrove,West,Man_Batu_Pahat,1.819224,102.890102,92,Seagrass,West,SeG_Pulau_Kezambo,5.364814,100.324618,FALSE,TRUE,FALSE,Different habitat / same coast,"Different habitat
same coast"
S7,S93,0.8255405985780908,S7__S93,7,Mangrove,West,Man_Batu_Pahat,1.819224,102.890102,93,Seagrass,West,SeG_Pulau_Kezambo,5.365017,100.326968,FALSE,TRUE,FALSE,Different habitat / same coast,"Different habitat
same coast"
S7,S94,0.8028915448558642,S7__S94,7,Mangrove,West,Man_Batu_Pahat,1.819224,102.890102,94,Seagrass,West,SeG_Pulau_Kezambo,5.36303,100.327461,FALSE,TRUE,FALSE,Different habitat / same coast,"Different habitat
same coast"
S7,S95,0.8034161034392285,S7__S95,7,Mangrove,West,Man_Batu_Pahat,1.819224,102.890102,95,Seagrass,West,SeG_Pulau_Kezambo,5.361535,100.325841,FALSE,TRUE,FALSE,Different habitat / same coast,"Different habitat
same coast"
S7,S101,0.8884840262656362,S101__S7,7,Mangrove,West,Man_Batu_Pahat,1.819224,102.890102,101,Coral,West,Cor_Pulau_Pangkor,4.190014,100.572274,FALSE,TRUE,FALSE,Different habitat / same coast,"Different habitat
same coast"
S7,S102,0.9076201442330922,S102__S7,7,Mangrove,West,Man_Batu_Pahat,1.819224,102.890102,102,Coral,West,Cor_Pulau_Pangkor,4.187189,100.543949,FALSE,TRUE,FALSE,Different habitat / same coast,"Different habitat
same coast"
S7,S103,0.8775970786392253,S103__S7,7,Mangrove,West,Man_Batu_Pahat,1.819224,102.890102,103,Coral,West,Cor_Pulau_Pangkor,4.192025,100.537855,FALSE,TRUE,FALSE,Different habitat / same coast,"Different habitat
same coast"
S7,S104,0.900112226530689,S104__S7,7,Mangrove,West,Man_Batu_Pahat,1.819224,102.890102,104,Coral,West,Cor_Pulau_Pangkor,4.203476,100.545476,FALSE,TRUE,FALSE,Different habitat / same coast,"Different habitat
same coast"
S7,S105,0.884348057370009,S105__S7,7,Mangrove,West,Man_Batu_Pahat,1.819224,102.890102,105,Coral,West,Cor_Pulau_Pangkor,4.194839,100.559803,FALSE,TRUE,FALSE,Different habitat / same coast,"Different habitat
same coast"
S8,S16,0.8240629609288355,S16__S8,8,Mangrove,West,Man_Batu_Pahat,1.813331,102.893828,16,Coral,West,Cor_ PB_PP,2.416537,101.886223,FALSE,TRUE,FALSE,Different habitat / same coast,"Different habitat
same coast"
S8,S17,0.8295930385665666,S17__S8,8,Mangrove,West,Man_Batu_Pahat,1.813331,102.893828,17,Coral,West,Cor_ PB_PP,2.415967,101.889648,FALSE,TRUE,FALSE,Different habitat / same coast,"Different habitat
same coast"
S8,S18,0.8472848253282115,S18__S8,8,Mangrove,West,Man_Batu_Pahat,1.813331,102.893828,18,Coral,West,Cor_ PB_PP,2.414291,101.892398,FALSE,TRUE,FALSE,Different habitat / same coast,"Different habitat
same coast"
S8,S19,0.8439359167525141,S19__S8,8,Mangrove,West,Man_Batu_Pahat,1.813331,102.893828,19,Coral,West,Cor_ PB_PP,2.413761,101.895526,FALSE,TRUE,FALSE,Different habitat / same coast,"Different habitat
same coast"
S8,S20,0.8312258750292726,S20__S8,8,Mangrove,West,Man_Batu_Pahat,1.813331,102.893828,20,Coral,West,Cor_ PB_PP,2.417129,101.883533,FALSE,TRUE,FALSE,Different habitat / same coast,"Different habitat
same coast"
S8,S21,0.9186576010264409,S21__S8,8,Mangrove,West,Man_Batu_Pahat,1.813331,102.893828,21,Mangrove,East,Man_Pulau_Tinggi,2.287462,104.109177,TRUE,FALSE,FALSE,Same habitat / different coast,"Same habitat
different coast"
S8,S22,0.7593445416411361,S22__S8,8,Mangrove,West,Man_Batu_Pahat,1.813331,102.893828,22,Mangrove,East,Man_Pulau_Tinggi,2.289198,104.110969,TRUE,FALSE,FALSE,Same habitat / different coast,"Same habitat
different coast"
S8,S23,0.8087714374116305,S23__S8,8,Mangrove,West,Man_Batu_Pahat,1.813331,102.893828,23,Mangrove,East,Man_Pulau_Tinggi,2.290686,104.110262,TRUE,FALSE,FALSE,Same habitat / different coast,"Same habitat
different coast"
S8,S24,0.8654686743723019,S24__S8,8,Mangrove,West,Man_Batu_Pahat,1.813331,102.893828,24,Mangrove,East,Man_Pulau_Tinggi,2.290271,104.108844,TRUE,FALSE,FALSE,Same habitat / different coast,"Same habitat
different coast"
S8,S25,0.8793021238162411,S25__S8,8,Mangrove,West,Man_Batu_Pahat,1.813331,102.893828,25,Mangrove,East,Man_Pulau_Tinggi,2.289627,104.110053,TRUE,FALSE,FALSE,Same habitat / different coast,"Same habitat
different coast"
S8,S36,0.29146137336519756,S36__S8,8,Mangrove,West,Man_Batu_Pahat,1.813331,102.893828,36,Mangrove,East,Man_Nenasi,3.109037,103.443207,TRUE,FALSE,FALSE,Same habitat / different coast,"Same habitat
different coast"
S8,S37,0.24974631036911976,S37__S8,8,Mangrove,West,Man_Batu_Pahat,1.813331,102.893828,37,Mangrove,East,Man_Nenasi,3.101512,103.446143,TRUE,FALSE,FALSE,Same habitat / different coast,"Same habitat
different coast"
S8,S38,0.3237405741628355,S38__S8,8,Mangrove,West,Man_Batu_Pahat,1.813331,102.893828,38,Mangrove,East,Man_Nenasi,3.094182,103.442717,TRUE,FALSE,FALSE,Same habitat / different coast,"Same habitat
different coast"
S8,S39,0.295979985447284,S39__S8,8,Mangrove,West,Man_Batu_Pahat,1.813331,102.893828,39,Mangrove,East,Man_Nenasi,3.087342,103.44027,TRUE,FALSE,FALSE,Same habitat / different coast,"Same habitat
different coast"
S8,S40,0.26734187842524193,S40__S8,8,Mangrove,West,Man_Batu_Pahat,1.813331,102.893828,40,Mangrove,East,Man_Nenasi,3.078358,103.442128,TRUE,FALSE,FALSE,Same habitat / different coast,"Same habitat
different coast"
S8,S46,0.5749757535954525,S46__S8,8,Mangrove,West,Man_Batu_Pahat,1.813331,102.893828,46,Mangrove,East,Man_Sungai_Ular,4.04739,103.39389,TRUE,FALSE,FALSE,Same habitat / different coast,"Same habitat
different coast"
S8,S47,0.60519244615122,S47__S8,8,Mangrove,West,Man_Batu_Pahat,1.813331,102.893828,47,Mangrove,East,Man_Sungai_Ular,4.047681,103.395217,TRUE,FALSE,FALSE,Same habitat / different coast,"Same habitat
different coast"
S8,S48,0.6394737650396181,S48__S8,8,Mangrove,West,Man_Batu_Pahat,1.813331,102.893828,48,Mangrove,East,Man_Sungai_Ular,4.048489,103.395758,TRUE,FALSE,FALSE,Same habitat / different coast,"Same habitat
different coast"
S8,S49,0.7209685256450629,S49__S8,8,Mangrove,West,Man_Batu_Pahat,1.813331,102.893828,49,Mangrove,East,Man_Sungai_Ular,4.04984,103.395527,TRUE,FALSE,FALSE,Same habitat / different coast,"Same habitat
different coast"
S8,S50,0.6844117644411822,S50__S8,8,Mangrove,West,Man_Batu_Pahat,1.813331,102.893828,50,Mangrove,East,Man_Sungai_Ular,4.050552,103.395166,TRUE,FALSE,FALSE,Same habitat / different coast,"Same habitat
different coast"
S8,S56,0.8526545215362629,S56__S8,8,Mangrove,West,Man_Batu_Pahat,1.813331,102.893828,56,Coral,West,Cor_Pulau_Intan,6.231933,99.71668,FALSE,TRUE,FALSE,Different habitat / same coast,"Different habitat
same coast"
S8,S57,0.8563367556811318,S57__S8,8,Mangrove,West,Man_Batu_Pahat,1.813331,102.893828,57,Coral,West,Cor_Pulau_Intan,6.235042,99.713494,FALSE,TRUE,FALSE,Different habitat / same coast,"Different habitat
same coast"
S8,S58,0.8486315920662043,S58__S8,8,Mangrove,West,Man_Batu_Pahat,1.813331,102.893828,58,Coral,West,Cor_Pulau_Intan,6.241277,99.713092,FALSE,TRUE,FALSE,Different habitat / same coast,"Different habitat
same coast"
S8,S59,0.851521957460768,S59__S8,8,Mangrove,West,Man_Batu_Pahat,1.813331,102.893828,59,Coral,West,Cor_Pulau_Intan,6.242925,99.71689,FALSE,TRUE,FALSE,Different habitat / same coast,"Different habitat
same coast"
S8,S60,0.8495816358609696,S60__S8,8,Mangrove,West,Man_Batu_Pahat,1.813331,102.893828,60,Coral,West,Cor_Pulau_Intan,6.239442,99.719555,FALSE,TRUE,FALSE,Different habitat / same coast,"Different habitat
same coast"
S8,S66,0.8146147067933291,S66__S8,8,Mangrove,West,Man_Batu_Pahat,1.813331,102.893828,66,Seagrass,West,SeG_Tanjung_Rhu,6.460722,99.827135,FALSE,TRUE,FALSE,Different habitat / same coast,"Different habitat
same coast"
S8,S67,0.8198162222054832,S67__S8,8,Mangrove,West,Man_Batu_Pahat,1.813331,102.893828,67,Seagrass,West,SeG_Tanjung_Rhu,6.460835,99.825327,FALSE,TRUE,FALSE,Different habitat / same coast,"Different habitat
same coast"
S8,S68,0.8120047569206361,S68__S8,8,Mangrove,West,Man_Batu_Pahat,1.813331,102.893828,68,Seagrass,West,SeG_Tanjung_Rhu,6.461043,99.823702,FALSE,TRUE,FALSE,Different habitat / same coast,"Different habitat
same coast"
S8,S69,0.8027813834209575,S69__S8,8,Mangrove,West,Man_Batu_Pahat,1.813331,102.893828,69,Seagrass,West,SeG_Tanjung_Rhu,6.461208,99.823448,FALSE,TRUE,FALSE,Different habitat / same coast,"Different habitat
same coast"
S8,S70,0.8412333742213531,S70__S8,8,Mangrove,West,Man_Batu_Pahat,1.813331,102.893828,70,Seagrass,West,SeG_Tanjung_Rhu,6.461547,99.819962,FALSE,TRUE,FALSE,Different habitat / same coast,"Different habitat
same coast"
S8,S81,0.786462916586997,S8__S81,8,Mangrove,West,Man_Batu_Pahat,1.813331,102.893828,81,Mangrove,East,Man_Merang,5.527989,102.944516,TRUE,FALSE,FALSE,Same habitat / different coast,"Same habitat
different coast"
S8,S82,0.7601091567858117,S8__S82,8,Mangrove,West,Man_Batu_Pahat,1.813331,102.893828,82,Mangrove,East,Man_Merang,5.526065,102.943286,TRUE,FALSE,FALSE,Same habitat / different coast,"Same habitat
different coast"
S8,S83,0.7765309268167673,S8__S83,8,Mangrove,West,Man_Batu_Pahat,1.813331,102.893828,83,Mangrove,East,Man_Merang,5.526248,102.941049,TRUE,FALSE,FALSE,Same habitat / different coast,"Same habitat
different coast"
S8,S84,0.7868806930004617,S8__S84,8,Mangrove,West,Man_Batu_Pahat,1.813331,102.893828,84,Mangrove,East,Man_Merang,5.528314,102.940522,TRUE,FALSE,FALSE,Same habitat / different coast,"Same habitat
different coast"
S8,S85,0.7174706226451955,S8__S85,8,Mangrove,West,Man_Batu_Pahat,1.813331,102.893828,85,Mangrove,East,Man_Merang,5.528731,102.938759,TRUE,FALSE,FALSE,Same habitat / different coast,"Same habitat
different coast"
S8,S91,0.7846212850080754,S8__S91,8,Mangrove,West,Man_Batu_Pahat,1.813331,102.893828,91,Seagrass,West,SeG_Pulau_Kezambo,5.363009,100.324704,FALSE,TRUE,FALSE,Different habitat / same coast,"Different habitat
same coast"
S8,S92,0.79583923613047,S8__S92,8,Mangrove,West,Man_Batu_Pahat,1.813331,102.893828,92,Seagrass,West,SeG_Pulau_Kezambo,5.364814,100.324618,FALSE,TRUE,FALSE,Different habitat / same coast,"Different habitat
same coast"
S8,S93,0.8094982166440656,S8__S93,8,Mangrove,West,Man_Batu_Pahat,1.813331,102.893828,93,Seagrass,West,SeG_Pulau_Kezambo,5.365017,100.326968,FALSE,TRUE,FALSE,Different habitat / same coast,"Different habitat
same coast"
S8,S94,0.789659909076092,S8__S94,8,Mangrove,West,Man_Batu_Pahat,1.813331,102.893828,94,Seagrass,West,SeG_Pulau_Kezambo,5.36303,100.327461,FALSE,TRUE,FALSE,Different habitat / same coast,"Different habitat
same coast"
S8,S95,0.7882088133056215,S8__S95,8,Mangrove,West,Man_Batu_Pahat,1.813331,102.893828,95,Seagrass,West,SeG_Pulau_Kezambo,5.361535,100.325841,FALSE,TRUE,FALSE,Different habitat / same coast,"Different habitat
same coast"
S8,S101,0.8790301342029507,S101__S8,8,Mangrove,West,Man_Batu_Pahat,1.813331,102.893828,101,Coral,West,Cor_Pulau_Pangkor,4.190014,100.572274,FALSE,TRUE,FALSE,Different habitat / same coast,"Different habitat
same coast"
S8,S102,0.8895053841975664,S102__S8,8,Mangrove,West,Man_Batu_Pahat,1.813331,102.893828,102,Coral,West,Cor_Pulau_Pangkor,4.187189,100.543949,FALSE,TRUE,FALSE,Different habitat / same coast,"Different habitat
same coast"
S8,S103,0.8639007106977266,S103__S8,8,Mangrove,West,Man_Batu_Pahat,1.813331,102.893828,103,Coral,West,Cor_Pulau_Pangkor,4.192025,100.537855,FALSE,TRUE,FALSE,Different habitat / same coast,"Different habitat
same coast"
S8,S104,0.881857323902195,S104__S8,8,Mangrove,West,Man_Batu_Pahat,1.813331,102.893828,104,Coral,West,Cor_Pulau_Pangkor,4.203476,100.545476,FALSE,TRUE,FALSE,Different habitat / same coast,"Different habitat
same coast"
S8,S105,0.8709523453288693,S105__S8,8,Mangrove,West,Man_Batu_Pahat,1.813331,102.893828,105,Coral,West,Cor_Pulau_Pangkor,4.194839,100.559803,FALSE,TRUE,FALSE,Different habitat / same coast,"Different habitat
same coast"
S9,S16,0.8043545011637486,S16__S9,9,Mangrove,West,Man_Batu_Pahat,1.817167,102.892885,16,Coral,West,Cor_ PB_PP,2.416537,101.886223,FALSE,TRUE,FALSE,Different habitat / same coast,"Different habitat
same coast"
S9,S17,0.8100861590992733,S17__S9,9,Mangrove,West,Man_Batu_Pahat,1.817167,102.892885,17,Coral,West,Cor_ PB_PP,2.415967,101.889648,FALSE,TRUE,FALSE,Different habitat / same coast,"Different habitat
same coast"
S9,S18,0.8274550517820838,S18__S9,9,Mangrove,West,Man_Batu_Pahat,1.817167,102.892885,18,Coral,West,Cor_ PB_PP,2.414291,101.892398,FALSE,TRUE,FALSE,Different habitat / same coast,"Different habitat
same coast"
S9,S19,0.8241519189633167,S19__S9,9,Mangrove,West,Man_Batu_Pahat,1.817167,102.892885,19,Coral,West,Cor_ PB_PP,2.413761,101.895526,FALSE,TRUE,FALSE,Different habitat / same coast,"Different habitat
same coast"
S9,S20,0.8108394189865409,S20__S9,9,Mangrove,West,Man_Batu_Pahat,1.817167,102.892885,20,Coral,West,Cor_ PB_PP,2.417129,101.883533,FALSE,TRUE,FALSE,Different habitat / same coast,"Different habitat
same coast"
S9,S21,0.9169817610886979,S21__S9,9,Mangrove,West,Man_Batu_Pahat,1.817167,102.892885,21,Mangrove,East,Man_Pulau_Tinggi,2.287462,104.109177,TRUE,FALSE,FALSE,Same habitat / different coast,"Same habitat
different coast"
S9,S22,0.7344573843095132,S22__S9,9,Mangrove,West,Man_Batu_Pahat,1.817167,102.892885,22,Mangrove,East,Man_Pulau_Tinggi,2.289198,104.110969,TRUE,FALSE,FALSE,Same habitat / different coast,"Same habitat
different coast"
S9,S23,0.7877593608077813,S23__S9,9,Mangrove,West,Man_Batu_Pahat,1.817167,102.892885,23,Mangrove,East,Man_Pulau_Tinggi,2.290686,104.110262,TRUE,FALSE,FALSE,Same habitat / different coast,"Same habitat
different coast"
S9,S24,0.8483759269998848,S24__S9,9,Mangrove,West,Man_Batu_Pahat,1.817167,102.892885,24,Mangrove,East,Man_Pulau_Tinggi,2.290271,104.108844,TRUE,FALSE,FALSE,Same habitat / different coast,"Same habitat
different coast"
S9,S25,0.8670446874927251,S25__S9,9,Mangrove,West,Man_Batu_Pahat,1.817167,102.892885,25,Mangrove,East,Man_Pulau_Tinggi,2.289627,104.110053,TRUE,FALSE,FALSE,Same habitat / different coast,"Same habitat
different coast"
S9,S36,0.21772579446922757,S36__S9,9,Mangrove,West,Man_Batu_Pahat,1.817167,102.892885,36,Mangrove,East,Man_Nenasi,3.109037,103.443207,TRUE,FALSE,FALSE,Same habitat / different coast,"Same habitat
different coast"
S9,S37,0.21130858050899654,S37__S9,9,Mangrove,West,Man_Batu_Pahat,1.817167,102.892885,37,Mangrove,East,Man_Nenasi,3.101512,103.446143,TRUE,FALSE,FALSE,Same habitat / different coast,"Same habitat
different coast"
S9,S38,0.2567900355637189,S38__S9,9,Mangrove,West,Man_Batu_Pahat,1.817167,102.892885,38,Mangrove,East,Man_Nenasi,3.094182,103.442717,TRUE,FALSE,FALSE,Same habitat / different coast,"Same habitat
different coast"
S9,S39,0.2680082795598216,S39__S9,9,Mangrove,West,Man_Batu_Pahat,1.817167,102.892885,39,Mangrove,East,Man_Nenasi,3.087342,103.44027,TRUE,FALSE,FALSE,Same habitat / different coast,"Same habitat
different coast"
S9,S40,0.187365755451293,S40__S9,9,Mangrove,West,Man_Batu_Pahat,1.817167,102.892885,40,Mangrove,East,Man_Nenasi,3.078358,103.442128,TRUE,FALSE,FALSE,Same habitat / different coast,"Same habitat
different coast"
S9,S46,0.5358829977004922,S46__S9,9,Mangrove,West,Man_Batu_Pahat,1.817167,102.892885,46,Mangrove,East,Man_Sungai_Ular,4.04739,103.39389,TRUE,FALSE,FALSE,Same habitat / different coast,"Same habitat
different coast"
S9,S47,0.571417264661527,S47__S9,9,Mangrove,West,Man_Batu_Pahat,1.817167,102.892885,47,Mangrove,East,Man_Sungai_Ular,4.047681,103.395217,TRUE,FALSE,FALSE,Same habitat / different coast,"Same habitat
different coast"
S9,S48,0.607736672617877,S48__S9,9,Mangrove,West,Man_Batu_Pahat,1.817167,102.892885,48,Mangrove,East,Man_Sungai_Ular,4.048489,103.395758,TRUE,FALSE,FALSE,Same habitat / different coast,"Same habitat
different coast"
S9,S49,0.6911956054928505,S49__S9,9,Mangrove,West,Man_Batu_Pahat,1.817167,102.892885,49,Mangrove,East,Man_Sungai_Ular,4.04984,103.395527,TRUE,FALSE,FALSE,Same habitat / different coast,"Same habitat
different coast"
S9,S50,0.6557224625773456,S50__S9,9,Mangrove,West,Man_Batu_Pahat,1.817167,102.892885,50,Mangrove,East,Man_Sungai_Ular,4.050552,103.395166,TRUE,FALSE,FALSE,Same habitat / different coast,"Same habitat
different coast"
S9,S56,0.8366924646763547,S56__S9,9,Mangrove,West,Man_Batu_Pahat,1.817167,102.892885,56,Coral,West,Cor_Pulau_Intan,6.231933,99.71668,FALSE,TRUE,FALSE,Different habitat / same coast,"Different habitat
same coast"
S9,S57,0.8396541124323765,S57__S9,9,Mangrove,West,Man_Batu_Pahat,1.817167,102.892885,57,Coral,West,Cor_Pulau_Intan,6.235042,99.713494,FALSE,TRUE,FALSE,Different habitat / same coast,"Different habitat
same coast"
S9,S58,0.8314408363824607,S58__S9,9,Mangrove,West,Man_Batu_Pahat,1.817167,102.892885,58,Coral,West,Cor_Pulau_Intan,6.241277,99.713092,FALSE,TRUE,FALSE,Different habitat / same coast,"Different habitat
same coast"
S9,S59,0.8340719151778999,S59__S9,9,Mangrove,West,Man_Batu_Pahat,1.817167,102.892885,59,Coral,West,Cor_Pulau_Intan,6.242925,99.71689,FALSE,TRUE,FALSE,Different habitat / same coast,"Different habitat
same coast"
S9,S60,0.833841134629761,S60__S9,9,Mangrove,West,Man_Batu_Pahat,1.817167,102.892885,60,Coral,West,Cor_Pulau_Intan,6.239442,99.719555,FALSE,TRUE,FALSE,Different habitat / same coast,"Different habitat
same coast"
S9,S66,0.7904323804767239,S66__S9,9,Mangrove,West,Man_Batu_Pahat,1.817167,102.892885,66,Seagrass,West,SeG_Tanjung_Rhu,6.460722,99.827135,FALSE,TRUE,FALSE,Different habitat / same coast,"Different habitat
same coast"
S9,S67,0.797127779254394,S67__S9,9,Mangrove,West,Man_Batu_Pahat,1.817167,102.892885,67,Seagrass,West,SeG_Tanjung_Rhu,6.460835,99.825327,FALSE,TRUE,FALSE,Different habitat / same coast,"Different habitat
same coast"
S9,S68,0.7883509566210046,S68__S9,9,Mangrove,West,Man_Batu_Pahat,1.817167,102.892885,68,Seagrass,West,SeG_Tanjung_Rhu,6.461043,99.823702,FALSE,TRUE,FALSE,Different habitat / same coast,"Different habitat
same coast"
S9,S69,0.7801603994077981,S69__S9,9,Mangrove,West,Man_Batu_Pahat,1.817167,102.892885,69,Seagrass,West,SeG_Tanjung_Rhu,6.461208,99.823448,FALSE,TRUE,FALSE,Different habitat / same coast,"Different habitat
same coast"
S9,S70,0.8200082985713191,S70__S9,9,Mangrove,West,Man_Batu_Pahat,1.817167,102.892885,70,Seagrass,West,SeG_Tanjung_Rhu,6.461547,99.819962,FALSE,TRUE,FALSE,Different habitat / same coast,"Different habitat
same coast"
S9,S81,0.7603293353285396,S81__S9,9,Mangrove,West,Man_Batu_Pahat,1.817167,102.892885,81,Mangrove,East,Man_Merang,5.527989,102.944516,TRUE,FALSE,FALSE,Same habitat / different coast,"Same habitat
different coast"
S9,S82,0.7329115154871576,S82__S9,9,Mangrove,West,Man_Batu_Pahat,1.817167,102.892885,82,Mangrove,East,Man_Merang,5.526065,102.943286,TRUE,FALSE,FALSE,Same habitat / different coast,"Same habitat
different coast"
S9,S83,0.7521707188327665,S83__S9,9,Mangrove,West,Man_Batu_Pahat,1.817167,102.892885,83,Mangrove,East,Man_Merang,5.526248,102.941049,TRUE,FALSE,FALSE,Same habitat / different coast,"Same habitat
different coast"
S9,S84,0.7601735547701978,S84__S9,9,Mangrove,West,Man_Batu_Pahat,1.817167,102.892885,84,Mangrove,East,Man_Merang,5.528314,102.940522,TRUE,FALSE,FALSE,Same habitat / different coast,"Same habitat
different coast"
S9,S85,0.6873893264322531,S85__S9,9,Mangrove,West,Man_Batu_Pahat,1.817167,102.892885,85,Mangrove,East,Man_Merang,5.528731,102.938759,TRUE,FALSE,FALSE,Same habitat / different coast,"Same habitat
different coast"
S9,S91,0.7625321120566156,S9__S91,9,Mangrove,West,Man_Batu_Pahat,1.817167,102.892885,91,Seagrass,West,SeG_Pulau_Kezambo,5.363009,100.324704,FALSE,TRUE,FALSE,Different habitat / same coast,"Different habitat
same coast"
S9,S92,0.7757576718468339,S9__S92,9,Mangrove,West,Man_Batu_Pahat,1.817167,102.892885,92,Seagrass,West,SeG_Pulau_Kezambo,5.364814,100.324618,FALSE,TRUE,FALSE,Different habitat / same coast,"Different habitat
same coast"
S9,S93,0.7880051643782735,S9__S93,9,Mangrove,West,Man_Batu_Pahat,1.817167,102.892885,93,Seagrass,West,SeG_Pulau_Kezambo,5.365017,100.326968,FALSE,TRUE,FALSE,Different habitat / same coast,"Different habitat
same coast"
S9,S94,0.7671928626688819,S9__S94,9,Mangrove,West,Man_Batu_Pahat,1.817167,102.892885,94,Seagrass,West,SeG_Pulau_Kezambo,5.36303,100.327461,FALSE,TRUE,FALSE,Different habitat / same coast,"Different habitat
same coast"
S9,S95,0.7661217788068065,S9__S95,9,Mangrove,West,Man_Batu_Pahat,1.817167,102.892885,95,Seagrass,West,SeG_Pulau_Kezambo,5.361535,100.325841,FALSE,TRUE,FALSE,Different habitat / same coast,"Different habitat
same coast"
S9,S101,0.8620864735057093,S101__S9,9,Mangrove,West,Man_Batu_Pahat,1.817167,102.892885,101,Coral,West,Cor_Pulau_Pangkor,4.190014,100.572274,FALSE,TRUE,FALSE,Different habitat / same coast,"Different habitat
same coast"
S9,S102,0.8732325930700471,S102__S9,9,Mangrove,West,Man_Batu_Pahat,1.817167,102.892885,102,Coral,West,Cor_Pulau_Pangkor,4.187189,100.543949,FALSE,TRUE,FALSE,Different habitat / same coast,"Different habitat
same coast"
S9,S103,0.8455673930377614,S103__S9,9,Mangrove,West,Man_Batu_Pahat,1.817167,102.892885,103,Coral,West,Cor_Pulau_Pangkor,4.192025,100.537855,FALSE,TRUE,FALSE,Different habitat / same coast,"Different habitat
same coast"
S9,S104,0.8650397387453737,S104__S9,9,Mangrove,West,Man_Batu_Pahat,1.817167,102.892885,104,Coral,West,Cor_Pulau_Pangkor,4.203476,100.545476,FALSE,TRUE,FALSE,Different habitat / same coast,"Different habitat
same coast"
S9,S105,0.853283569625287,S105__S9,9,Mangrove,West,Man_Batu_Pahat,1.817167,102.892885,105,Coral,West,Cor_Pulau_Pangkor,4.194839,100.559803,FALSE,TRUE,FALSE,Different habitat / same coast,"Different habitat
same coast"
S10,S16,0.8265250056924918,S10__S16,10,Mangrove,West,Man_Batu_Pahat,1.822633,102.895415,16,Coral,West,Cor_ PB_PP,2.416537,101.886223,FALSE,TRUE,FALSE,Different habitat / same coast,"Different habitat
same coast"
S10,S17,0.8350732202802487,S10__S17,10,Mangrove,West,Man_Batu_Pahat,1.822633,102.895415,17,Coral,West,Cor_ PB_PP,2.415967,101.889648,FALSE,TRUE,FALSE,Different habitat / same coast,"Different habitat
same coast"
S10,S18,0.8537842773350147,S10__S18,10,Mangrove,West,Man_Batu_Pahat,1.822633,102.895415,18,Coral,West,Cor_ PB_PP,2.414291,101.892398,FALSE,TRUE,FALSE,Different habitat / same coast,"Different habitat
same coast"
S10,S19,0.8504228081362853,S10__S19,10,Mangrove,West,Man_Batu_Pahat,1.822633,102.895415,19,Coral,West,Cor_ PB_PP,2.413761,101.895526,FALSE,TRUE,FALSE,Different habitat / same coast,"Different habitat
same coast"
S10,S20,0.8380710109639689,S10__S20,10,Mangrove,West,Man_Batu_Pahat,1.822633,102.895415,20,Coral,West,Cor_ PB_PP,2.417129,101.883533,FALSE,TRUE,FALSE,Different habitat / same coast,"Different habitat
same coast"
S10,S21,0.9238111958271121,S10__S21,10,Mangrove,West,Man_Batu_Pahat,1.822633,102.895415,21,Mangrove,East,Man_Pulau_Tinggi,2.287462,104.109177,TRUE,FALSE,FALSE,Same habitat / different coast,"Same habitat
different coast"
S10,S22,0.7597797684487412,S10__S22,10,Mangrove,West,Man_Batu_Pahat,1.822633,102.895415,22,Mangrove,East,Man_Pulau_Tinggi,2.289198,104.110969,TRUE,FALSE,FALSE,Same habitat / different coast,"Same habitat
different coast"
S10,S23,0.8161601333542959,S10__S23,10,Mangrove,West,Man_Batu_Pahat,1.822633,102.895415,23,Mangrove,East,Man_Pulau_Tinggi,2.290686,104.110262,TRUE,FALSE,FALSE,Same habitat / different coast,"Same habitat
different coast"
S10,S24,0.8694542596604911,S10__S24,10,Mangrove,West,Man_Batu_Pahat,1.822633,102.895415,24,Mangrove,East,Man_Pulau_Tinggi,2.290271,104.108844,TRUE,FALSE,FALSE,Same habitat / different coast,"Same habitat
different coast"
S10,S25,0.8887710605234408,S10__S25,10,Mangrove,West,Man_Batu_Pahat,1.822633,102.895415,25,Mangrove,East,Man_Pulau_Tinggi,2.289627,104.110053,TRUE,FALSE,FALSE,Same habitat / different coast,"Same habitat
different coast"
S10,S36,0.2720473445368219,S10__S36,10,Mangrove,West,Man_Batu_Pahat,1.822633,102.895415,36,Mangrove,East,Man_Nenasi,3.109037,103.443207,TRUE,FALSE,FALSE,Same habitat / different coast,"Same habitat
different coast"
S10,S37,0.2626966161926325,S10__S37,10,Mangrove,West,Man_Batu_Pahat,1.822633,102.895415,37,Mangrove,East,Man_Nenasi,3.101512,103.446143,TRUE,FALSE,FALSE,Same habitat / different coast,"Same habitat
different coast"
S10,S38,0.3067386997885451,S10__S38,10,Mangrove,West,Man_Batu_Pahat,1.822633,102.895415,38,Mangrove,East,Man_Nenasi,3.094182,103.442717,TRUE,FALSE,FALSE,Same habitat / different coast,"Same habitat
different coast"
S10,S39,0.3006949558015058,S10__S39,10,Mangrove,West,Man_Batu_Pahat,1.822633,102.895415,39,Mangrove,East,Man_Nenasi,3.087342,103.44027,TRUE,FALSE,FALSE,Same habitat / different coast,"Same habitat
different coast"
S10,S40,0.25061897626295626,S10__S40,10,Mangrove,West,Man_Batu_Pahat,1.822633,102.895415,40,Mangrove,East,Man_Nenasi,3.078358,103.442128,TRUE,FALSE,FALSE,Same habitat / different coast,"Same habitat
different coast"
S10,S46,0.5796791665786684,S10__S46,10,Mangrove,West,Man_Batu_Pahat,1.822633,102.895415,46,Mangrove,East,Man_Sungai_Ular,4.04739,103.39389,TRUE,FALSE,FALSE,Same habitat / different coast,"Same habitat
different coast"
S10,S47,0.5932009817421794,S10__S47,10,Mangrove,West,Man_Batu_Pahat,1.822633,102.895415,47,Mangrove,East,Man_Sungai_Ular,4.047681,103.395217,TRUE,FALSE,FALSE,Same habitat / different coast,"Same habitat
different coast"
S10,S48,0.6502407567713896,S10__S48,10,Mangrove,West,Man_Batu_Pahat,1.822633,102.895415,48,Mangrove,East,Man_Sungai_Ular,4.048489,103.395758,TRUE,FALSE,FALSE,Same habitat / different coast,"Same habitat
different coast"
S10,S49,0.71202449080353,S10__S49,10,Mangrove,West,Man_Batu_Pahat,1.822633,102.895415,49,Mangrove,East,Man_Sungai_Ular,4.04984,103.395527,TRUE,FALSE,FALSE,Same habitat / different coast,"Same habitat
different coast"
S10,S50,0.6867618193112822,S10__S50,10,Mangrove,West,Man_Batu_Pahat,1.822633,102.895415,50,Mangrove,East,Man_Sungai_Ular,4.050552,103.395166,TRUE,FALSE,FALSE,Same habitat / different coast,"Same habitat
different coast"
S10,S56,0.8622739973347199,S10__S56,10,Mangrove,West,Man_Batu_Pahat,1.822633,102.895415,56,Coral,West,Cor_Pulau_Intan,6.231933,99.71668,FALSE,TRUE,FALSE,Different habitat / same coast,"Different habitat
same coast"
S10,S57,0.8637277091255134,S10__S57,10,Mangrove,West,Man_Batu_Pahat,1.822633,102.895415,57,Coral,West,Cor_Pulau_Intan,6.235042,99.713494,FALSE,TRUE,FALSE,Different habitat / same coast,"Different habitat
same coast"
S10,S58,0.8553064626431471,S10__S58,10,Mangrove,West,Man_Batu_Pahat,1.822633,102.895415,58,Coral,West,Cor_Pulau_Intan,6.241277,99.713092,FALSE,TRUE,FALSE,Different habitat / same coast,"Different habitat
same coast"
S10,S59,0.8591383195719751,S10__S59,10,Mangrove,West,Man_Batu_Pahat,1.822633,102.895415,59,Coral,West,Cor_Pulau_Intan,6.242925,99.71689,FALSE,TRUE,FALSE,Different habitat / same coast,"Different habitat
same coast"
S10,S60,0.8566629841182996,S10__S60,10,Mangrove,West,Man_Batu_Pahat,1.822633,102.895415,60,Coral,West,Cor_Pulau_Intan,6.239442,99.719555,FALSE,TRUE,FALSE,Different habitat / same coast,"Different habitat
same coast"
S10,S66,0.8175733682254632,S10__S66,10,Mangrove,West,Man_Batu_Pahat,1.822633,102.895415,66,Seagrass,West,SeG_Tanjung_Rhu,6.460722,99.827135,FALSE,TRUE,FALSE,Different habitat / same coast,"Different habitat
same coast"
S10,S67,0.8292929546536939,S10__S67,10,Mangrove,West,Man_Batu_Pahat,1.822633,102.895415,67,Seagrass,West,SeG_Tanjung_Rhu,6.460835,99.825327,FALSE,TRUE,FALSE,Different habitat / same coast,"Different habitat
same coast"
S10,S68,0.8203892044144089,S10__S68,10,Mangrove,West,Man_Batu_Pahat,1.822633,102.895415,68,Seagrass,West,SeG_Tanjung_Rhu,6.461043,99.823702,FALSE,TRUE,FALSE,Different habitat / same coast,"Different habitat
same coast"
S10,S69,0.8117639318839901,S10__S69,10,Mangrove,West,Man_Batu_Pahat,1.822633,102.895415,69,Seagrass,West,SeG_Tanjung_Rhu,6.461208,99.823448,FALSE,TRUE,FALSE,Different habitat / same coast,"Different habitat
same coast"
S10,S70,0.848017809893932,S10__S70,10,Mangrove,West,Man_Batu_Pahat,1.822633,102.895415,70,Seagrass,West,SeG_Tanjung_Rhu,6.461547,99.819962,FALSE,TRUE,FALSE,Different habitat / same coast,"Different habitat
same coast"
S10,S81,0.7891353004108225,S10__S81,10,Mangrove,West,Man_Batu_Pahat,1.822633,102.895415,81,Mangrove,East,Man_Merang,5.527989,102.944516,TRUE,FALSE,FALSE,Same habitat / different coast,"Same habitat
different coast"
S10,S82,0.7655903407654965,S10__S82,10,Mangrove,West,Man_Batu_Pahat,1.822633,102.895415,82,Mangrove,East,Man_Merang,5.526065,102.943286,TRUE,FALSE,FALSE,Same habitat / different coast,"Same habitat
different coast"
S10,S83,0.7814590820638746,S10__S83,10,Mangrove,West,Man_Batu_Pahat,1.822633,102.895415,83,Mangrove,East,Man_Merang,5.526248,102.941049,TRUE,FALSE,FALSE,Same habitat / different coast,"Same habitat
different coast"
S10,S84,0.7894937907858139,S10__S84,10,Mangrove,West,Man_Batu_Pahat,1.822633,102.895415,84,Mangrove,East,Man_Merang,5.528314,102.940522,TRUE,FALSE,FALSE,Same habitat / different coast,"Same habitat
different coast"
S10,S85,0.7185627868029949,S10__S85,10,Mangrove,West,Man_Batu_Pahat,1.822633,102.895415,85,Mangrove,East,Man_Merang,5.528731,102.938759,TRUE,FALSE,FALSE,Same habitat / different coast,"Same habitat
different coast"
S10,S91,0.7928687168412311,S10__S91,10,Mangrove,West,Man_Batu_Pahat,1.822633,102.895415,91,Seagrass,West,SeG_Pulau_Kezambo,5.363009,100.324704,FALSE,TRUE,FALSE,Different habitat / same coast,"Different habitat
same coast"
S10,S92,0.8049097819254302,S10__S92,10,Mangrove,West,Man_Batu_Pahat,1.822633,102.895415,92,Seagrass,West,SeG_Pulau_Kezambo,5.364814,100.324618,FALSE,TRUE,FALSE,Different habitat / same coast,"Different habitat
same coast"
S10,S93,0.8128417188736496,S10__S93,10,Mangrove,West,Man_Batu_Pahat,1.822633,102.895415,93,Seagrass,West,SeG_Pulau_Kezambo,5.365017,100.326968,FALSE,TRUE,FALSE,Different habitat / same coast,"Different habitat
same coast"
S10,S94,0.7922778512366991,S10__S94,10,Mangrove,West,Man_Batu_Pahat,1.822633,102.895415,94,Seagrass,West,SeG_Pulau_Kezambo,5.36303,100.327461,FALSE,TRUE,FALSE,Different habitat / same coast,"Different habitat
same coast"
S10,S95,0.793399351248892,S10__S95,10,Mangrove,West,Man_Batu_Pahat,1.822633,102.895415,95,Seagrass,West,SeG_Pulau_Kezambo,5.361535,100.325841,FALSE,TRUE,FALSE,Different habitat / same coast,"Different habitat
same coast"
S10,S101,0.8785147569179188,S10__S101,10,Mangrove,West,Man_Batu_Pahat,1.822633,102.895415,101,Coral,West,Cor_Pulau_Pangkor,4.190014,100.572274,FALSE,TRUE,FALSE,Different habitat / same coast,"Different habitat
same coast"
S10,S102,0.8924003468185708,S10__S102,10,Mangrove,West,Man_Batu_Pahat,1.822633,102.895415,102,Coral,West,Cor_Pulau_Pangkor,4.187189,100.543949,FALSE,TRUE,FALSE,Different habitat / same coast,"Different habitat
same coast"
S10,S103,0.8686996393926426,S10__S103,10,Mangrove,West,Man_Batu_Pahat,1.822633,102.895415,103,Coral,West,Cor_Pulau_Pangkor,4.192025,100.537855,FALSE,TRUE,FALSE,Different habitat / same coast,"Different habitat
same coast"
S10,S104,0.8854725096562216,S10__S104,10,Mangrove,West,Man_Batu_Pahat,1.822633,102.895415,104,Coral,West,Cor_Pulau_Pangkor,4.203476,100.545476,FALSE,TRUE,FALSE,Different habitat / same coast,"Different habitat
same coast"
S10,S105,0.8760508537478227,S10__S105,10,Mangrove,West,Man_Batu_Pahat,1.822633,102.895415,105,Coral,West,Cor_Pulau_Pangkor,4.194839,100.559803,FALSE,TRUE,FALSE,Different habitat / same coast,"Different habitat
same coast"
S11,S16,0.36477479571564847,S11__S16,11,Mangrove,West,Man_PPAF,2.400972,101.954072,16,Coral,West,Cor_ PB_PP,2.416537,101.886223,FALSE,TRUE,FALSE,Different habitat / same coast,"Different habitat
same coast"
S11,S17,0.4132017594470819,S11__S17,11,Mangrove,West,Man_PPAF,2.400972,101.954072,17,Coral,West,Cor_ PB_PP,2.415967,101.889648,FALSE,TRUE,FALSE,Different habitat / same coast,"Different habitat
same coast"
S11,S18,0.487205009796475,S11__S18,11,Mangrove,West,Man_PPAF,2.400972,101.954072,18,Coral,West,Cor_ PB_PP,2.414291,101.892398,FALSE,TRUE,FALSE,Different habitat / same coast,"Different habitat
same coast"
S11,S19,0.48745501044988127,S11__S19,11,Mangrove,West,Man_PPAF,2.400972,101.954072,19,Coral,West,Cor_ PB_PP,2.413761,101.895526,FALSE,TRUE,FALSE,Different habitat / same coast,"Different habitat
same coast"
S11,S20,0.41046778990028604,S11__S20,11,Mangrove,West,Man_PPAF,2.400972,101.954072,20,Coral,West,Cor_ PB_PP,2.417129,101.883533,FALSE,TRUE,FALSE,Different habitat / same coast,"Different habitat
same coast"
S11,S21,0.877032013289219,S11__S21,11,Mangrove,West,Man_PPAF,2.400972,101.954072,21,Mangrove,East,Man_Pulau_Tinggi,2.287462,104.109177,TRUE,FALSE,FALSE,Same habitat / different coast,"Same habitat
different coast"
S11,S22,0.34944053077872683,S11__S22,11,Mangrove,West,Man_PPAF,2.400972,101.954072,22,Mangrove,East,Man_Pulau_Tinggi,2.289198,104.110969,TRUE,FALSE,FALSE,Same habitat / different coast,"Same habitat
different coast"
S11,S23,0.5433300135500838,S11__S23,11,Mangrove,West,Man_PPAF,2.400972,101.954072,23,Mangrove,East,Man_Pulau_Tinggi,2.290686,104.110262,TRUE,FALSE,FALSE,Same habitat / different coast,"Same habitat
different coast"
S11,S24,0.5669849600362877,S11__S24,11,Mangrove,West,Man_PPAF,2.400972,101.954072,24,Mangrove,East,Man_Pulau_Tinggi,2.290271,104.108844,TRUE,FALSE,FALSE,Same habitat / different coast,"Same habitat
different coast"
S11,S25,0.5939115396276896,S11__S25,11,Mangrove,West,Man_PPAF,2.400972,101.954072,25,Mangrove,East,Man_Pulau_Tinggi,2.289627,104.110053,TRUE,FALSE,FALSE,Same habitat / different coast,"Same habitat
different coast"
S11,S36,0.7005495106244713,S11__S36,11,Mangrove,West,Man_PPAF,2.400972,101.954072,36,Mangrove,East,Man_Nenasi,3.109037,103.443207,TRUE,FALSE,FALSE,Same habitat / different coast,"Same habitat
different coast"
S11,S37,0.7145512677424982,S11__S37,11,Mangrove,West,Man_PPAF,2.400972,101.954072,37,Mangrove,East,Man_Nenasi,3.101512,103.446143,TRUE,FALSE,FALSE,Same habitat / different coast,"Same habitat
different coast"
S11,S38,0.70012674157983,S11__S38,11,Mangrove,West,Man_PPAF,2.400972,101.954072,38,Mangrove,East,Man_Nenasi,3.094182,103.442717,TRUE,FALSE,FALSE,Same habitat / different coast,"Same habitat
different coast"
S11,S39,0.7211919082495072,S11__S39,11,Mangrove,West,Man_PPAF,2.400972,101.954072,39,Mangrove,East,Man_Nenasi,3.087342,103.44027,TRUE,FALSE,FALSE,Same habitat / different coast,"Same habitat
different coast"
S11,S40,0.6727229401017746,S11__S40,11,Mangrove,West,Man_PPAF,2.400972,101.954072,40,Mangrove,East,Man_Nenasi,3.078358,103.442128,TRUE,FALSE,FALSE,Same habitat / different coast,"Same habitat
different coast"
S11,S46,0.37025523410424177,S11__S46,11,Mangrove,West,Man_PPAF,2.400972,101.954072,46,Mangrove,East,Man_Sungai_Ular,4.04739,103.39389,TRUE,FALSE,FALSE,Same habitat / different coast,"Same habitat
different coast"
S11,S47,0.4324662143507006,S11__S47,11,Mangrove,West,Man_PPAF,2.400972,101.954072,47,Mangrove,East,Man_Sungai_Ular,4.047681,103.395217,TRUE,FALSE,FALSE,Same habitat / different coast,"Same habitat
different coast"
S11,S48,0.3250571738217112,S11__S48,11,Mangrove,West,Man_PPAF,2.400972,101.954072,48,Mangrove,East,Man_Sungai_Ular,4.048489,103.395758,TRUE,FALSE,FALSE,Same habitat / different coast,"Same habitat
different coast"
S11,S49,0.40025296561360807,S11__S49,11,Mangrove,West,Man_PPAF,2.400972,101.954072,49,Mangrove,East,Man_Sungai_Ular,4.04984,103.395527,TRUE,FALSE,FALSE,Same habitat / different coast,"Same habitat
different coast"
S11,S50,0.3501289145081568,S11__S50,11,Mangrove,West,Man_PPAF,2.400972,101.954072,50,Mangrove,East,Man_Sungai_Ular,4.050552,103.395166,TRUE,FALSE,FALSE,Same habitat / different coast,"Same habitat
different coast"
S11,S56,0.6443345367474703,S11__S56,11,Mangrove,West,Man_PPAF,2.400972,101.954072,56,Coral,West,Cor_Pulau_Intan,6.231933,99.71668,FALSE,TRUE,FALSE,Different habitat / same coast,"Different habitat
same coast"
S11,S57,0.6138462626912798,S11__S57,11,Mangrove,West,Man_PPAF,2.400972,101.954072,57,Coral,West,Cor_Pulau_Intan,6.235042,99.713494,FALSE,TRUE,FALSE,Different habitat / same coast,"Different habitat
same coast"
S11,S58,0.6091314767080418,S11__S58,11,Mangrove,West,Man_PPAF,2.400972,101.954072,58,Coral,West,Cor_Pulau_Intan,6.241277,99.713092,FALSE,TRUE,FALSE,Different habitat / same coast,"Different habitat
same coast"
S11,S59,0.6354443568412633,S11__S59,11,Mangrove,West,Man_PPAF,2.400972,101.954072,59,Coral,West,Cor_Pulau_Intan,6.242925,99.71689,FALSE,TRUE,FALSE,Different habitat / same coast,"Different habitat
same coast"
S11,S60,0.6349676765194004,S11__S60,11,Mangrove,West,Man_PPAF,2.400972,101.954072,60,Coral,West,Cor_Pulau_Intan,6.239442,99.719555,FALSE,TRUE,FALSE,Different habitat / same coast,"Different habitat
same coast"
S11,S66,0.6180095528336625,S11__S66,11,Mangrove,West,Man_PPAF,2.400972,101.954072,66,Seagrass,West,SeG_Tanjung_Rhu,6.460722,99.827135,FALSE,TRUE,FALSE,Different habitat / same coast,"Different habitat
same coast"
S11,S67,0.6117461266130114,S11__S67,11,Mangrove,West,Man_PPAF,2.400972,101.954072,67,Seagrass,West,SeG_Tanjung_Rhu,6.460835,99.825327,FALSE,TRUE,FALSE,Different habitat / same coast,"Different habitat
same coast"
S11,S68,0.6012713441960774,S11__S68,11,Mangrove,West,Man_PPAF,2.400972,101.954072,68,Seagrass,West,SeG_Tanjung_Rhu,6.461043,99.823702,FALSE,TRUE,FALSE,Different habitat / same coast,"Different habitat
same coast"
S11,S69,0.5647563243895818,S11__S69,11,Mangrove,West,Man_PPAF,2.400972,101.954072,69,Seagrass,West,SeG_Tanjung_Rhu,6.461208,99.823448,FALSE,TRUE,FALSE,Different habitat / same coast,"Different habitat
same coast"
S11,S70,0.6393165262177848,S11__S70,11,Mangrove,West,Man_PPAF,2.400972,101.954072,70,Seagrass,West,SeG_Tanjung_Rhu,6.461547,99.819962,FALSE,TRUE,FALSE,Different habitat / same coast,"Different habitat
same coast"
S11,S81,0.42977977577215826,S11__S81,11,Mangrove,West,Man_PPAF,2.400972,101.954072,81,Mangrove,East,Man_Merang,5.527989,102.944516,TRUE,FALSE,FALSE,Same habitat / different coast,"Same habitat
different coast"
S11,S82,0.40296984702739147,S11__S82,11,Mangrove,West,Man_PPAF,2.400972,101.954072,82,Mangrove,East,Man_Merang,5.526065,102.943286,TRUE,FALSE,FALSE,Same habitat / different coast,"Same habitat
different coast"
S11,S83,0.4097251682434325,S11__S83,11,Mangrove,West,Man_PPAF,2.400972,101.954072,83,Mangrove,East,Man_Merang,5.526248,102.941049,TRUE,FALSE,FALSE,Same habitat / different coast,"Same habitat
different coast"
S11,S84,0.43062145143323294,S11__S84,11,Mangrove,West,Man_PPAF,2.400972,101.954072,84,Mangrove,East,Man_Merang,5.528314,102.940522,TRUE,FALSE,FALSE,Same habitat / different coast,"Same habitat
different coast"
S11,S85,0.3790648517966798,S11__S85,11,Mangrove,West,Man_PPAF,2.400972,101.954072,85,Mangrove,East,Man_Merang,5.528731,102.938759,TRUE,FALSE,FALSE,Same habitat / different coast,"Same habitat
different coast"
S11,S91,0.4173035616426511,S11__S91,11,Mangrove,West,Man_PPAF,2.400972,101.954072,91,Seagrass,West,SeG_Pulau_Kezambo,5.363009,100.324704,FALSE,TRUE,FALSE,Different habitat / same coast,"Different habitat
same coast"
S11,S92,0.476798912294145,S11__S92,11,Mangrove,West,Man_PPAF,2.400972,101.954072,92,Seagrass,West,SeG_Pulau_Kezambo,5.364814,100.324618,FALSE,TRUE,FALSE,Different habitat / same coast,"Different habitat
same coast"
S11,S93,0.5113371018831673,S11__S93,11,Mangrove,West,Man_PPAF,2.400972,101.954072,93,Seagrass,West,SeG_Pulau_Kezambo,5.365017,100.326968,FALSE,TRUE,FALSE,Different habitat / same coast,"Different habitat
same coast"
S11,S94,0.49485755094729644,S11__S94,11,Mangrove,West,Man_PPAF,2.400972,101.954072,94,Seagrass,West,SeG_Pulau_Kezambo,5.36303,100.327461,FALSE,TRUE,FALSE,Different habitat / same coast,"Different habitat
same coast"
S11,S95,0.39396781153692495,S11__S95,11,Mangrove,West,Man_PPAF,2.400972,101.954072,95,Seagrass,West,SeG_Pulau_Kezambo,5.361535,100.325841,FALSE,TRUE,FALSE,Different habitat / same coast,"Different habitat
same coast"
S11,S101,0.6586776133636439,S101__S11,11,Mangrove,West,Man_PPAF,2.400972,101.954072,101,Coral,West,Cor_Pulau_Pangkor,4.190014,100.572274,FALSE,TRUE,FALSE,Different habitat / same coast,"Different habitat
same coast"
S11,S102,0.6973386245099267,S102__S11,11,Mangrove,West,Man_PPAF,2.400972,101.954072,102,Coral,West,Cor_Pulau_Pangkor,4.187189,100.543949,FALSE,TRUE,FALSE,Different habitat / same coast,"Different habitat
same coast"
S11,S103,0.7456059297974966,S103__S11,11,Mangrove,West,Man_PPAF,2.400972,101.954072,103,Coral,West,Cor_Pulau_Pangkor,4.192025,100.537855,FALSE,TRUE,FALSE,Different habitat / same coast,"Different habitat
same coast"
S11,S104,0.7221515408697271,S104__S11,11,Mangrove,West,Man_PPAF,2.400972,101.954072,104,Coral,West,Cor_Pulau_Pangkor,4.203476,100.545476,FALSE,TRUE,FALSE,Different habitat / same coast,"Different habitat
same coast"
S11,S105,0.6533607375239171,S105__S11,11,Mangrove,West,Man_PPAF,2.400972,101.954072,105,Coral,West,Cor_Pulau_Pangkor,4.194839,100.559803,FALSE,TRUE,FALSE,Different habitat / same coast,"Different habitat
same coast"
S12,S16,0.3458443965314833,S12__S16,12,Mangrove,West,Man_PPAF,2.404443,101.949849,16,Coral,West,Cor_ PB_PP,2.416537,101.886223,FALSE,TRUE,FALSE,Different habitat / same coast,"Different habitat
same coast"
S12,S17,0.38677634935244926,S12__S17,12,Mangrove,West,Man_PPAF,2.404443,101.949849,17,Coral,West,Cor_ PB_PP,2.415967,101.889648,FALSE,TRUE,FALSE,Different habitat / same coast,"Different habitat
same coast"
S12,S18,0.4632562227848092,S12__S18,12,Mangrove,West,Man_PPAF,2.404443,101.949849,18,Coral,West,Cor_ PB_PP,2.414291,101.892398,FALSE,TRUE,FALSE,Different habitat / same coast,"Different habitat
same coast"
S12,S19,0.45289978636015576,S12__S19,12,Mangrove,West,Man_PPAF,2.404443,101.949849,19,Coral,West,Cor_ PB_PP,2.413761,101.895526,FALSE,TRUE,FALSE,Different habitat / same coast,"Different habitat
same coast"
S12,S20,0.3807546866996415,S12__S20,12,Mangrove,West,Man_PPAF,2.404443,101.949849,20,Coral,West,Cor_ PB_PP,2.417129,101.883533,FALSE,TRUE,FALSE,Different habitat / same coast,"Different habitat
same coast"
S12,S21,0.8594853782868174,S12__S21,12,Mangrove,West,Man_PPAF,2.404443,101.949849,21,Mangrove,East,Man_Pulau_Tinggi,2.287462,104.109177,TRUE,FALSE,FALSE,Same habitat / different coast,"Same habitat
different coast"
S12,S22,0.36542306440802635,S12__S22,12,Mangrove,West,Man_PPAF,2.404443,101.949849,22,Mangrove,East,Man_Pulau_Tinggi,2.289198,104.110969,TRUE,FALSE,FALSE,Same habitat / different coast,"Same habitat
different coast"
S12,S23,0.5595050063665193,S12__S23,12,Mangrove,West,Man_PPAF,2.404443,101.949849,23,Mangrove,East,Man_Pulau_Tinggi,2.290686,104.110262,TRUE,FALSE,FALSE,Same habitat / different coast,"Same habitat
different coast"
S12,S24,0.5421819857331962,S12__S24,12,Mangrove,West,Man_PPAF,2.404443,101.949849,24,Mangrove,East,Man_Pulau_Tinggi,2.290271,104.108844,TRUE,FALSE,FALSE,Same habitat / different coast,"Same habitat
different coast"
S12,S25,0.5627997616845191,S12__S25,12,Mangrove,West,Man_PPAF,2.404443,101.949849,25,Mangrove,East,Man_Pulau_Tinggi,2.289627,104.110053,TRUE,FALSE,FALSE,Same habitat / different coast,"Same habitat
different coast"
S12,S36,0.7009960251204111,S12__S36,12,Mangrove,West,Man_PPAF,2.404443,101.949849,36,Mangrove,East,Man_Nenasi,3.109037,103.443207,TRUE,FALSE,FALSE,Same habitat / different coast,"Same habitat
different coast"
S12,S37,0.7173111973375726,S12__S37,12,Mangrove,West,Man_PPAF,2.404443,101.949849,37,Mangrove,East,Man_Nenasi,3.101512,103.446143,TRUE,FALSE,FALSE,Same habitat / different coast,"Same habitat
different coast"
S12,S38,0.7007393195719835,S12__S38,12,Mangrove,West,Man_PPAF,2.404443,101.949849,38,Mangrove,East,Man_Nenasi,3.094182,103.442717,TRUE,FALSE,FALSE,Same habitat / different coast,"Same habitat
different coast"
S12,S39,0.7140658194109398,S12__S39,12,Mangrove,West,Man_PPAF,2.404443,101.949849,39,Mangrove,East,Man_Nenasi,3.087342,103.44027,TRUE,FALSE,FALSE,Same habitat / different coast,"Same habitat
different coast"
S12,S40,0.6745031671864327,S12__S40,12,Mangrove,West,Man_PPAF,2.404443,101.949849,40,Mangrove,East,Man_Nenasi,3.078358,103.442128,TRUE,FALSE,FALSE,Same habitat / different coast,"Same habitat
different coast"
S12,S46,0.37927027791412576,S12__S46,12,Mangrove,West,Man_PPAF,2.404443,101.949849,46,Mangrove,East,Man_Sungai_Ular,4.04739,103.39389,TRUE,FALSE,FALSE,Same habitat / different coast,"Same habitat
different coast"
S12,S47,0.4380466590094817,S12__S47,12,Mangrove,West,Man_PPAF,2.404443,101.949849,47,Mangrove,East,Man_Sungai_Ular,4.047681,103.395217,TRUE,FALSE,FALSE,Same habitat / different coast,"Same habitat
different coast"
S12,S48,0.34865986434640606,S12__S48,12,Mangrove,West,Man_PPAF,2.404443,101.949849,48,Mangrove,East,Man_Sungai_Ular,4.048489,103.395758,TRUE,FALSE,FALSE,Same habitat / different coast,"Same habitat
different coast"
S12,S49,0.43133637214992593,S12__S49,12,Mangrove,West,Man_PPAF,2.404443,101.949849,49,Mangrove,East,Man_Sungai_Ular,4.04984,103.395527,TRUE,FALSE,FALSE,Same habitat / different coast,"Same habitat
different coast"
S12,S50,0.4075482781277239,S12__S50,12,Mangrove,West,Man_PPAF,2.404443,101.949849,50,Mangrove,East,Man_Sungai_Ular,4.050552,103.395166,TRUE,FALSE,FALSE,Same habitat / different coast,"Same habitat
different coast"
S12,S56,0.6254427240655525,S12__S56,12,Mangrove,West,Man_PPAF,2.404443,101.949849,56,Coral,West,Cor_Pulau_Intan,6.231933,99.71668,FALSE,TRUE,FALSE,Different habitat / same coast,"Different habitat
same coast"
S12,S57,0.5924350508105997,S12__S57,12,Mangrove,West,Man_PPAF,2.404443,101.949849,57,Coral,West,Cor_Pulau_Intan,6.235042,99.713494,FALSE,TRUE,FALSE,Different habitat / same coast,"Different habitat
same coast"
S12,S58,0.5891883272609854,S12__S58,12,Mangrove,West,Man_PPAF,2.404443,101.949849,58,Coral,West,Cor_Pulau_Intan,6.241277,99.713092,FALSE,TRUE,FALSE,Different habitat / same coast,"Different habitat
same coast"
S12,S59,0.6158411563553927,S12__S59,12,Mangrove,West,Man_PPAF,2.404443,101.949849,59,Coral,West,Cor_Pulau_Intan,6.242925,99.71689,FALSE,TRUE,FALSE,Different habitat / same coast,"Different habitat
same coast"
S12,S60,0.6153852776209303,S12__S60,12,Mangrove,West,Man_PPAF,2.404443,101.949849,60,Coral,West,Cor_Pulau_Intan,6.239442,99.719555,FALSE,TRUE,FALSE,Different habitat / same coast,"Different habitat
same coast"
S12,S66,0.5990143203550495,S12__S66,12,Mangrove,West,Man_PPAF,2.404443,101.949849,66,Seagrass,West,SeG_Tanjung_Rhu,6.460722,99.827135,FALSE,TRUE,FALSE,Different habitat / same coast,"Different habitat
same coast"
S12,S67,0.5904744063021113,S12__S67,12,Mangrove,West,Man_PPAF,2.404443,101.949849,67,Seagrass,West,SeG_Tanjung_Rhu,6.460835,99.825327,FALSE,TRUE,FALSE,Different habitat / same coast,"Different habitat
same coast"
S12,S68,0.5788091527120175,S12__S68,12,Mangrove,West,Man_PPAF,2.404443,101.949849,68,Seagrass,West,SeG_Tanjung_Rhu,6.461043,99.823702,FALSE,TRUE,FALSE,Different habitat / same coast,"Different habitat
same coast"
S12,S69,0.5451997593589155,S12__S69,12,Mangrove,West,Man_PPAF,2.404443,101.949849,69,Seagrass,West,SeG_Tanjung_Rhu,6.461208,99.823448,FALSE,TRUE,FALSE,Different habitat / same coast,"Different habitat
same coast"
S12,S70,0.6179242340656501,S12__S70,12,Mangrove,West,Man_PPAF,2.404443,101.949849,70,Seagrass,West,SeG_Tanjung_Rhu,6.461547,99.819962,FALSE,TRUE,FALSE,Different habitat / same coast,"Different habitat
same coast"
S12,S81,0.40913970791185567,S12__S81,12,Mangrove,West,Man_PPAF,2.404443,101.949849,81,Mangrove,East,Man_Merang,5.527989,102.944516,TRUE,FALSE,FALSE,Same habitat / different coast,"Same habitat
different coast"
S12,S82,0.3961509300163615,S12__S82,12,Mangrove,West,Man_PPAF,2.404443,101.949849,82,Mangrove,East,Man_Merang,5.526065,102.943286,TRUE,FALSE,FALSE,Same habitat / different coast,"Same habitat
different coast"
S12,S83,0.3976394889408771,S12__S83,12,Mangrove,West,Man_PPAF,2.404443,101.949849,83,Mangrove,East,Man_Merang,5.526248,102.941049,TRUE,FALSE,FALSE,Same habitat / different coast,"Same habitat
different coast"
S12,S84,0.4252334198561935,S12__S84,12,Mangrove,West,Man_PPAF,2.404443,101.949849,84,Mangrove,East,Man_Merang,5.528314,102.940522,TRUE,FALSE,FALSE,Same habitat / different coast,"Same habitat
different coast"
S12,S85,0.3676277428067809,S12__S85,12,Mangrove,West,Man_PPAF,2.404443,101.949849,85,Mangrove,East,Man_Merang,5.528731,102.938759,TRUE,FALSE,FALSE,Same habitat / different coast,"Same habitat
different coast"
S12,S91,0.4070002067946931,S12__S91,12,Mangrove,West,Man_PPAF,2.404443,101.949849,91,Seagrass,West,SeG_Pulau_Kezambo,5.363009,100.324704,FALSE,TRUE,FALSE,Different habitat / same coast,"Different habitat
same coast"
S12,S92,0.4599313348011626,S12__S92,12,Mangrove,West,Man_PPAF,2.404443,101.949849,92,Seagrass,West,SeG_Pulau_Kezambo,5.364814,100.324618,FALSE,TRUE,FALSE,Different habitat / same coast,"Different habitat
same coast"
S12,S93,0.49703887483472,S12__S93,12,Mangrove,West,Man_PPAF,2.404443,101.949849,93,Seagrass,West,SeG_Pulau_Kezambo,5.365017,100.326968,FALSE,TRUE,FALSE,Different habitat / same coast,"Different habitat
same coast"
S12,S94,0.4895553916688412,S12__S94,12,Mangrove,West,Man_PPAF,2.404443,101.949849,94,Seagrass,West,SeG_Pulau_Kezambo,5.36303,100.327461,FALSE,TRUE,FALSE,Different habitat / same coast,"Different habitat
same coast"
S12,S95,0.38486559305435913,S12__S95,12,Mangrove,West,Man_PPAF,2.404443,101.949849,95,Seagrass,West,SeG_Pulau_Kezambo,5.361535,100.325841,FALSE,TRUE,FALSE,Different habitat / same coast,"Different habitat
same coast"
S12,S101,0.633222468968667,S101__S12,12,Mangrove,West,Man_PPAF,2.404443,101.949849,101,Coral,West,Cor_Pulau_Pangkor,4.190014,100.572274,FALSE,TRUE,FALSE,Different habitat / same coast,"Different habitat
same coast"
S12,S102,0.6662793118300155,S102__S12,12,Mangrove,West,Man_PPAF,2.404443,101.949849,102,Coral,West,Cor_Pulau_Pangkor,4.187189,100.543949,FALSE,TRUE,FALSE,Different habitat / same coast,"Different habitat
same coast"
S12,S103,0.726613515433582,S103__S12,12,Mangrove,West,Man_PPAF,2.404443,101.949849,103,Coral,West,Cor_Pulau_Pangkor,4.192025,100.537855,FALSE,TRUE,FALSE,Different habitat / same coast,"Different habitat
same coast"
S12,S104,0.7056257744654971,S104__S12,12,Mangrove,West,Man_PPAF,2.404443,101.949849,104,Coral,West,Cor_Pulau_Pangkor,4.203476,100.545476,FALSE,TRUE,FALSE,Different habitat / same coast,"Different habitat
same coast"
S12,S105,0.639681331897069,S105__S12,12,Mangrove,West,Man_PPAF,2.404443,101.949849,105,Coral,West,Cor_Pulau_Pangkor,4.194839,100.559803,FALSE,TRUE,FALSE,Different habitat / same coast,"Different habitat
same coast"
S13,S16,0.3209123503847972,S13__S16,13,Mangrove,West,Man_PPAF,2.40735,101.945124,16,Coral,West,Cor_ PB_PP,2.416537,101.886223,FALSE,TRUE,FALSE,Different habitat / same coast,"Different habitat
same coast"
S13,S17,0.37868117339516777,S13__S17,13,Mangrove,West,Man_PPAF,2.40735,101.945124,17,Coral,West,Cor_ PB_PP,2.415967,101.889648,FALSE,TRUE,FALSE,Different habitat / same coast,"Different habitat
same coast"
S13,S18,0.4444260563307035,S13__S18,13,Mangrove,West,Man_PPAF,2.40735,101.945124,18,Coral,West,Cor_ PB_PP,2.414291,101.892398,FALSE,TRUE,FALSE,Different habitat / same coast,"Different habitat
same coast"
S13,S19,0.44031190189359365,S13__S19,13,Mangrove,West,Man_PPAF,2.40735,101.945124,19,Coral,West,Cor_ PB_PP,2.413761,101.895526,FALSE,TRUE,FALSE,Different habitat / same coast,"Different habitat
same coast"
S13,S20,0.37581986262054345,S13__S20,13,Mangrove,West,Man_PPAF,2.40735,101.945124,20,Coral,West,Cor_ PB_PP,2.417129,101.883533,FALSE,TRUE,FALSE,Different habitat / same coast,"Different habitat
same coast"
S13,S21,0.8415828929558633,S13__S21,13,Mangrove,West,Man_PPAF,2.40735,101.945124,21,Mangrove,East,Man_Pulau_Tinggi,2.287462,104.109177,TRUE,FALSE,FALSE,Same habitat / different coast,"Same habitat
different coast"
S13,S22,0.3812550002759272,S13__S22,13,Mangrove,West,Man_PPAF,2.40735,101.945124,22,Mangrove,East,Man_Pulau_Tinggi,2.289198,104.110969,TRUE,FALSE,FALSE,Same habitat / different coast,"Same habitat
different coast"
S13,S23,0.5454155214486166,S13__S23,13,Mangrove,West,Man_PPAF,2.40735,101.945124,23,Mangrove,East,Man_Pulau_Tinggi,2.290686,104.110262,TRUE,FALSE,FALSE,Same habitat / different coast,"Same habitat
different coast"
S13,S24,0.5447130048926784,S13__S24,13,Mangrove,West,Man_PPAF,2.40735,101.945124,24,Mangrove,East,Man_Pulau_Tinggi,2.290271,104.108844,TRUE,FALSE,FALSE,Same habitat / different coast,"Same habitat
different coast"
S13,S25,0.5544330502020846,S13__S25,13,Mangrove,West,Man_PPAF,2.40735,101.945124,25,Mangrove,East,Man_Pulau_Tinggi,2.289627,104.110053,TRUE,FALSE,FALSE,Same habitat / different coast,"Same habitat
different coast"
S13,S36,0.7241450481757419,S13__S36,13,Mangrove,West,Man_PPAF,2.40735,101.945124,36,Mangrove,East,Man_Nenasi,3.109037,103.443207,TRUE,FALSE,FALSE,Same habitat / different coast,"Same habitat
different coast"
S13,S37,0.7413904725201224,S13__S37,13,Mangrove,West,Man_PPAF,2.40735,101.945124,37,Mangrove,East,Man_Nenasi,3.101512,103.446143,TRUE,FALSE,FALSE,Same habitat / different coast,"Same habitat
different coast"
S13,S38,0.7240044771557547,S13__S38,13,Mangrove,West,Man_PPAF,2.40735,101.945124,38,Mangrove,East,Man_Nenasi,3.094182,103.442717,TRUE,FALSE,FALSE,Same habitat / different coast,"Same habitat
different coast"
S13,S39,0.7402352820795053,S13__S39,13,Mangrove,West,Man_PPAF,2.40735,101.945124,39,Mangrove,East,Man_Nenasi,3.087342,103.44027,TRUE,FALSE,FALSE,Same habitat / different coast,"Same habitat
different coast"
S13,S40,0.6958643328242137,S13__S40,13,Mangrove,West,Man_PPAF,2.40735,101.945124,40,Mangrove,East,Man_Nenasi,3.078358,103.442128,TRUE,FALSE,FALSE,Same habitat / different coast,"Same habitat
different coast"
S13,S46,0.3871990829562812,S13__S46,13,Mangrove,West,Man_PPAF,2.40735,101.945124,46,Mangrove,East,Man_Sungai_Ular,4.04739,103.39389,TRUE,FALSE,FALSE,Same habitat / different coast,"Same habitat
different coast"
S13,S47,0.45397048663524325,S13__S47,13,Mangrove,West,Man_PPAF,2.40735,101.945124,47,Mangrove,East,Man_Sungai_Ular,4.047681,103.395217,TRUE,FALSE,FALSE,Same habitat / different coast,"Same habitat
different coast"
S13,S48,0.33395929025866633,S13__S48,13,Mangrove,West,Man_PPAF,2.40735,101.945124,48,Mangrove,East,Man_Sungai_Ular,4.048489,103.395758,TRUE,FALSE,FALSE,Same habitat / different coast,"Same habitat
different coast"
S13,S49,0.4617929987428601,S13__S49,13,Mangrove,West,Man_PPAF,2.40735,101.945124,49,Mangrove,East,Man_Sungai_Ular,4.04984,103.395527,TRUE,FALSE,FALSE,Same habitat / different coast,"Same habitat
different coast"
S13,S50,0.40227736582489165,S13__S50,13,Mangrove,West,Man_PPAF,2.40735,101.945124,50,Mangrove,East,Man_Sungai_Ular,4.050552,103.395166,TRUE,FALSE,FALSE,Same habitat / different coast,"Same habitat
different coast"
S13,S56,0.582618787541789,S13__S56,13,Mangrove,West,Man_PPAF,2.40735,101.945124,56,Coral,West,Cor_Pulau_Intan,6.231933,99.71668,FALSE,TRUE,FALSE,Different habitat / same coast,"Different habitat
same coast"
S13,S57,0.5534563238816015,S13__S57,13,Mangrove,West,Man_PPAF,2.40735,101.945124,57,Coral,West,Cor_Pulau_Intan,6.235042,99.713494,FALSE,TRUE,FALSE,Different habitat / same coast,"Different habitat
same coast"
S13,S58,0.5393581816810709,S13__S58,13,Mangrove,West,Man_PPAF,2.40735,101.945124,58,Coral,West,Cor_Pulau_Intan,6.241277,99.713092,FALSE,TRUE,FALSE,Different habitat / same coast,"Different habitat
same coast"
S13,S59,0.5665460645853564,S13__S59,13,Mangrove,West,Man_PPAF,2.40735,101.945124,59,Coral,West,Cor_Pulau_Intan,6.242925,99.71689,FALSE,TRUE,FALSE,Different habitat / same coast,"Different habitat
same coast"
S13,S60,0.5645954822652053,S13__S60,13,Mangrove,West,Man_PPAF,2.40735,101.945124,60,Coral,West,Cor_Pulau_Intan,6.239442,99.719555,FALSE,TRUE,FALSE,Different habitat / same coast,"Different habitat
same coast"
S13,S66,0.5663003950722386,S13__S66,13,Mangrove,West,Man_PPAF,2.40735,101.945124,66,Seagrass,West,SeG_Tanjung_Rhu,6.460722,99.827135,FALSE,TRUE,FALSE,Different habitat / same coast,"Different habitat
same coast"
S13,S67,0.5466976185298631,S13__S67,13,Mangrove,West,Man_PPAF,2.40735,101.945124,67,Seagrass,West,SeG_Tanjung_Rhu,6.460835,99.825327,FALSE,TRUE,FALSE,Different habitat / same coast,"Different habitat
same coast"
S13,S68,0.5282917780344422,S13__S68,13,Mangrove,West,Man_PPAF,2.40735,101.945124,68,Seagrass,West,SeG_Tanjung_Rhu,6.461043,99.823702,FALSE,TRUE,FALSE,Different habitat / same coast,"Different habitat
same coast"
S13,S69,0.5083159801619983,S13__S69,13,Mangrove,West,Man_PPAF,2.40735,101.945124,69,Seagrass,West,SeG_Tanjung_Rhu,6.461208,99.823448,FALSE,TRUE,FALSE,Different habitat / same coast,"Different habitat
same coast"
S13,S70,0.5847349655432494,S13__S70,13,Mangrove,West,Man_PPAF,2.40735,101.945124,70,Seagrass,West,SeG_Tanjung_Rhu,6.461547,99.819962,FALSE,TRUE,FALSE,Different habitat / same coast,"Different habitat
same coast"
S13,S81,0.4211758086782549,S13__S81,13,Mangrove,West,Man_PPAF,2.40735,101.945124,81,Mangrove,East,Man_Merang,5.527989,102.944516,TRUE,FALSE,FALSE,Same habitat / different coast,"Same habitat
different coast"
S13,S82,0.3905550188331434,S13__S82,13,Mangrove,West,Man_PPAF,2.40735,101.945124,82,Mangrove,East,Man_Merang,5.526065,102.943286,TRUE,FALSE,FALSE,Same habitat / different coast,"Same habitat
different coast"
S13,S83,0.3972221534876284,S13__S83,13,Mangrove,West,Man_PPAF,2.40735,101.945124,83,Mangrove,East,Man_Merang,5.526248,102.941049,TRUE,FALSE,FALSE,Same habitat / different coast,"Same habitat
different coast"
S13,S84,0.4296386621382045,S13__S84,13,Mangrove,West,Man_PPAF,2.40735,101.945124,84,Mangrove,East,Man_Merang,5.528314,102.940522,TRUE,FALSE,FALSE,Same habitat / different coast,"Same habitat
different coast"
S13,S85,0.3852667024265507,S13__S85,13,Mangrove,West,Man_PPAF,2.40735,101.945124,85,Mangrove,East,Man_Merang,5.528731,102.938759,TRUE,FALSE,FALSE,Same habitat / different coast,"Same habitat
different coast"
S13,S91,0.35265669935619687,S13__S91,13,Mangrove,West,Man_PPAF,2.40735,101.945124,91,Seagrass,West,SeG_Pulau_Kezambo,5.363009,100.324704,FALSE,TRUE,FALSE,Different habitat / same coast,"Different habitat
same coast"
S13,S92,0.40899833236845223,S13__S92,13,Mangrove,West,Man_PPAF,2.40735,101.945124,92,Seagrass,West,SeG_Pulau_Kezambo,5.364814,100.324618,FALSE,TRUE,FALSE,Different habitat / same coast,"Different habitat
same coast"
S13,S93,0.44532672217364816,S13__S93,13,Mangrove,West,Man_PPAF,2.40735,101.945124,93,Seagrass,West,SeG_Pulau_Kezambo,5.365017,100.326968,FALSE,TRUE,FALSE,Different habitat / same coast,"Different habitat
same coast"
S13,S94,0.47551375366533377,S13__S94,13,Mangrove,West,Man_PPAF,2.40735,101.945124,94,Seagrass,West,SeG_Pulau_Kezambo,5.36303,100.327461,FALSE,TRUE,FALSE,Different habitat / same coast,"Different habitat
same coast"
S13,S95,0.3351662934868026,S13__S95,13,Mangrove,West,Man_PPAF,2.40735,101.945124,95,Seagrass,West,SeG_Pulau_Kezambo,5.361535,100.325841,FALSE,TRUE,FALSE,Different habitat / same coast,"Different habitat
same coast"
S13,S101,0.6350826441406754,S101__S13,13,Mangrove,West,Man_PPAF,2.40735,101.945124,101,Coral,West,Cor_Pulau_Pangkor,4.190014,100.572274,FALSE,TRUE,FALSE,Different habitat / same coast,"Different habitat
same coast"
S13,S102,0.6712577457503781,S102__S13,13,Mangrove,West,Man_PPAF,2.40735,101.945124,102,Coral,West,Cor_Pulau_Pangkor,4.187189,100.543949,FALSE,TRUE,FALSE,Different habitat / same coast,"Different habitat
same coast"
S13,S103,0.7119336140076552,S103__S13,13,Mangrove,West,Man_PPAF,2.40735,101.945124,103,Coral,West,Cor_Pulau_Pangkor,4.192025,100.537855,FALSE,TRUE,FALSE,Different habitat / same coast,"Different habitat
same coast"
S13,S104,0.6901355962417525,S104__S13,13,Mangrove,West,Man_PPAF,2.40735,101.945124,104,Coral,West,Cor_Pulau_Pangkor,4.203476,100.545476,FALSE,TRUE,FALSE,Different habitat / same coast,"Different habitat
same coast"
S13,S105,0.6279728186878941,S105__S13,13,Mangrove,West,Man_PPAF,2.40735,101.945124,105,Coral,West,Cor_Pulau_Pangkor,4.194839,100.559803,FALSE,TRUE,FALSE,Different habitat / same coast,"Different habitat
same coast"
S14,S16,0.3553014227833499,S14__S16,14,Mangrove,West,Man_PPAF,2.408991,101.942416,16,Coral,West,Cor_ PB_PP,2.416537,101.886223,FALSE,TRUE,FALSE,Different habitat / same coast,"Different habitat
same coast"
S14,S17,0.4065748999069655,S14__S17,14,Mangrove,West,Man_PPAF,2.408991,101.942416,17,Coral,West,Cor_ PB_PP,2.415967,101.889648,FALSE,TRUE,FALSE,Different habitat / same coast,"Different habitat
same coast"
S14,S18,0.4723716373356185,S14__S18,14,Mangrove,West,Man_PPAF,2.408991,101.942416,18,Coral,West,Cor_ PB_PP,2.414291,101.892398,FALSE,TRUE,FALSE,Different habitat / same coast,"Different habitat
same coast"
S14,S19,0.47483256167833626,S14__S19,14,Mangrove,West,Man_PPAF,2.408991,101.942416,19,Coral,West,Cor_ PB_PP,2.413761,101.895526,FALSE,TRUE,FALSE,Different habitat / same coast,"Different habitat
same coast"
S14,S20,0.4052881623838494,S14__S20,14,Mangrove,West,Man_PPAF,2.408991,101.942416,20,Coral,West,Cor_ PB_PP,2.417129,101.883533,FALSE,TRUE,FALSE,Different habitat / same coast,"Different habitat
same coast"
S14,S21,0.8532024753505262,S14__S21,14,Mangrove,West,Man_PPAF,2.408991,101.942416,21,Mangrove,East,Man_Pulau_Tinggi,2.287462,104.109177,TRUE,FALSE,FALSE,Same habitat / different coast,"Same habitat
different coast"
S14,S22,0.38860280107876644,S14__S22,14,Mangrove,West,Man_PPAF,2.408991,101.942416,22,Mangrove,East,Man_Pulau_Tinggi,2.289198,104.110969,TRUE,FALSE,FALSE,Same habitat / different coast,"Same habitat
different coast"
S14,S23,0.5651471237794333,S14__S23,14,Mangrove,West,Man_PPAF,2.408991,101.942416,23,Mangrove,East,Man_Pulau_Tinggi,2.290686,104.110262,TRUE,FALSE,FALSE,Same habitat / different coast,"Same habitat
different coast"
S14,S24,0.5684408058203638,S14__S24,14,Mangrove,West,Man_PPAF,2.408991,101.942416,24,Mangrove,East,Man_Pulau_Tinggi,2.290271,104.108844,TRUE,FALSE,FALSE,Same habitat / different coast,"Same habitat
different coast"
S14,S25,0.5792454797633331,S14__S25,14,Mangrove,West,Man_PPAF,2.408991,101.942416,25,Mangrove,East,Man_Pulau_Tinggi,2.289627,104.110053,TRUE,FALSE,FALSE,Same habitat / different coast,"Same habitat
different coast"
S14,S36,0.6935099952258037,S14__S36,14,Mangrove,West,Man_PPAF,2.408991,101.942416,36,Mangrove,East,Man_Nenasi,3.109037,103.443207,TRUE,FALSE,FALSE,Same habitat / different coast,"Same habitat
different coast"
S14,S37,0.7111505215643674,S14__S37,14,Mangrove,West,Man_PPAF,2.408991,101.942416,37,Mangrove,East,Man_Nenasi,3.101512,103.446143,TRUE,FALSE,FALSE,Same habitat / different coast,"Same habitat
different coast"
S14,S38,0.6931963380691414,S14__S38,14,Mangrove,West,Man_PPAF,2.408991,101.942416,38,Mangrove,East,Man_Nenasi,3.094182,103.442717,TRUE,FALSE,FALSE,Same habitat / different coast,"Same habitat
different coast"
S14,S39,0.7213858699663307,S14__S39,14,Mangrove,West,Man_PPAF,2.408991,101.942416,39,Mangrove,East,Man_Nenasi,3.087342,103.44027,TRUE,FALSE,FALSE,Same habitat / different coast,"Same habitat
different coast"
S14,S40,0.6665438968187085,S14__S40,14,Mangrove,West,Man_PPAF,2.408991,101.942416,40,Mangrove,East,Man_Nenasi,3.078358,103.442128,TRUE,FALSE,FALSE,Same habitat / different coast,"Same habitat
different coast"
S14,S46,0.35534228769999177,S14__S46,14,Mangrove,West,Man_PPAF,2.408991,101.942416,46,Mangrove,East,Man_Sungai_Ular,4.04739,103.39389,TRUE,FALSE,FALSE,Same habitat / different coast,"Same habitat
different coast"
S14,S47,0.44042581850990115,S14__S47,14,Mangrove,West,Man_PPAF,2.408991,101.942416,47,Mangrove,East,Man_Sungai_Ular,4.047681,103.395217,TRUE,FALSE,FALSE,Same habitat / different coast,"Same habitat
different coast"
S14,S48,0.3288630295726476,S14__S48,14,Mangrove,West,Man_PPAF,2.408991,101.942416,48,Mangrove,East,Man_Sungai_Ular,4.048489,103.395758,TRUE,FALSE,FALSE,Same habitat / different coast,"Same habitat
different coast"
S14,S49,0.44555649215446597,S14__S49,14,Mangrove,West,Man_PPAF,2.408991,101.942416,49,Mangrove,East,Man_Sungai_Ular,4.04984,103.395527,TRUE,FALSE,FALSE,Same habitat / different coast,"Same habitat
different coast"
S14,S50,0.3981135217104436,S14__S50,14,Mangrove,West,Man_PPAF,2.408991,101.942416,50,Mangrove,East,Man_Sungai_Ular,4.050552,103.395166,TRUE,FALSE,FALSE,Same habitat / different coast,"Same habitat
different coast"
S14,S56,0.6090656889515129,S14__S56,14,Mangrove,West,Man_PPAF,2.408991,101.942416,56,Coral,West,Cor_Pulau_Intan,6.231933,99.71668,FALSE,TRUE,FALSE,Different habitat / same coast,"Different habitat
same coast"
S14,S57,0.5901772096414075,S14__S57,14,Mangrove,West,Man_PPAF,2.408991,101.942416,57,Coral,West,Cor_Pulau_Intan,6.235042,99.713494,FALSE,TRUE,FALSE,Different habitat / same coast,"Different habitat
same coast"
S14,S58,0.572931028065614,S14__S58,14,Mangrove,West,Man_PPAF,2.408991,101.942416,58,Coral,West,Cor_Pulau_Intan,6.241277,99.713092,FALSE,TRUE,FALSE,Different habitat / same coast,"Different habitat
same coast"
S14,S59,0.598339247560142,S14__S59,14,Mangrove,West,Man_PPAF,2.408991,101.942416,59,Coral,West,Cor_Pulau_Intan,6.242925,99.71689,FALSE,TRUE,FALSE,Different habitat / same coast,"Different habitat
same coast"
S14,S60,0.5988877575774827,S14__S60,14,Mangrove,West,Man_PPAF,2.408991,101.942416,60,Coral,West,Cor_Pulau_Intan,6.239442,99.719555,FALSE,TRUE,FALSE,Different habitat / same coast,"Different habitat
same coast"
S14,S66,0.5865548400328041,S14__S66,14,Mangrove,West,Man_PPAF,2.408991,101.942416,66,Seagrass,West,SeG_Tanjung_Rhu,6.460722,99.827135,FALSE,TRUE,FALSE,Different habitat / same coast,"Different habitat
same coast"
S14,S67,0.5707437519954399,S14__S67,14,Mangrove,West,Man_PPAF,2.408991,101.942416,67,Seagrass,West,SeG_Tanjung_Rhu,6.460835,99.825327,FALSE,TRUE,FALSE,Different habitat / same coast,"Different habitat
same coast"
S14,S68,0.5594716762550928,S14__S68,14,Mangrove,West,Man_PPAF,2.408991,101.942416,68,Seagrass,West,SeG_Tanjung_Rhu,6.461043,99.823702,FALSE,TRUE,FALSE,Different habitat / same coast,"Different habitat
same coast"
S14,S69,0.5262299785601251,S14__S69,14,Mangrove,West,Man_PPAF,2.408991,101.942416,69,Seagrass,West,SeG_Tanjung_Rhu,6.461208,99.823448,FALSE,TRUE,FALSE,Different habitat / same coast,"Different habitat
same coast"
S14,S70,0.6024222358056427,S14__S70,14,Mangrove,West,Man_PPAF,2.408991,101.942416,70,Seagrass,West,SeG_Tanjung_Rhu,6.461547,99.819962,FALSE,TRUE,FALSE,Different habitat / same coast,"Different habitat
same coast"
S14,S81,0.4250846671974176,S14__S81,14,Mangrove,West,Man_PPAF,2.408991,101.942416,81,Mangrove,East,Man_Merang,5.527989,102.944516,TRUE,FALSE,FALSE,Same habitat / different coast,"Same habitat
different coast"
S14,S82,0.4003868990869815,S14__S82,14,Mangrove,West,Man_PPAF,2.408991,101.942416,82,Mangrove,East,Man_Merang,5.526065,102.943286,TRUE,FALSE,FALSE,Same habitat / different coast,"Same habitat
different coast"
S14,S83,0.40304402531572003,S14__S83,14,Mangrove,West,Man_PPAF,2.408991,101.942416,83,Mangrove,East,Man_Merang,5.526248,102.941049,TRUE,FALSE,FALSE,Same habitat / different coast,"Same habitat
different coast"
S14,S84,0.43474548692320475,S14__S84,14,Mangrove,West,Man_PPAF,2.408991,101.942416,84,Mangrove,East,Man_Merang,5.528314,102.940522,TRUE,FALSE,FALSE,Same habitat / different coast,"Same habitat
different coast"
S14,S85,0.37715570945874766,S14__S85,14,Mangrove,West,Man_PPAF,2.408991,101.942416,85,Mangrove,East,Man_Merang,5.528731,102.938759,TRUE,FALSE,FALSE,Same habitat / different coast,"Same habitat
different coast"
S14,S91,0.3762808185756761,S14__S91,14,Mangrove,West,Man_PPAF,2.408991,101.942416,91,Seagrass,West,SeG_Pulau_Kezambo,5.363009,100.324704,FALSE,TRUE,FALSE,Different habitat / same coast,"Different habitat
same coast"
S14,S92,0.4366173661358099,S14__S92,14,Mangrove,West,Man_PPAF,2.408991,101.942416,92,Seagrass,West,SeG_Pulau_Kezambo,5.364814,100.324618,FALSE,TRUE,FALSE,Different habitat / same coast,"Different habitat
same coast"
S14,S93,0.48197224510493797,S14__S93,14,Mangrove,West,Man_PPAF,2.408991,101.942416,93,Seagrass,West,SeG_Pulau_Kezambo,5.365017,100.326968,FALSE,TRUE,FALSE,Different habitat / same coast,"Different habitat
same coast"
S14,S94,0.47801230257324456,S14__S94,14,Mangrove,West,Man_PPAF,2.408991,101.942416,94,Seagrass,West,SeG_Pulau_Kezambo,5.36303,100.327461,FALSE,TRUE,FALSE,Different habitat / same coast,"Different habitat
same coast"
S14,S95,0.3608351178613153,S14__S95,14,Mangrove,West,Man_PPAF,2.408991,101.942416,95,Seagrass,West,SeG_Pulau_Kezambo,5.361535,100.325841,FALSE,TRUE,FALSE,Different habitat / same coast,"Different habitat
same coast"
S14,S101,0.6536215724657063,S101__S14,14,Mangrove,West,Man_PPAF,2.408991,101.942416,101,Coral,West,Cor_Pulau_Pangkor,4.190014,100.572274,FALSE,TRUE,FALSE,Different habitat / same coast,"Different habitat
same coast"
S14,S102,0.6874756991231789,S102__S14,14,Mangrove,West,Man_PPAF,2.408991,101.942416,102,Coral,West,Cor_Pulau_Pangkor,4.187189,100.543949,FALSE,TRUE,FALSE,Different habitat / same coast,"Different habitat
same coast"
S14,S103,0.722179876622422,S103__S14,14,Mangrove,West,Man_PPAF,2.408991,101.942416,103,Coral,West,Cor_Pulau_Pangkor,4.192025,100.537855,FALSE,TRUE,FALSE,Different habitat / same coast,"Different habitat
same coast"
S14,S104,0.6989565948134638,S104__S14,14,Mangrove,West,Man_PPAF,2.408991,101.942416,104,Coral,West,Cor_Pulau_Pangkor,4.203476,100.545476,FALSE,TRUE,FALSE,Different habitat / same coast,"Different habitat
same coast"
S14,S105,0.6459384318953684,S105__S14,14,Mangrove,West,Man_PPAF,2.408991,101.942416,105,Coral,West,Cor_Pulau_Pangkor,4.194839,100.559803,FALSE,TRUE,FALSE,Different habitat / same coast,"Different habitat
same coast"
S15,S16,0.28644162858586525,S15__S16,15,Mangrove,West,Man_PPAF,2.412531,101.939708,16,Coral,West,Cor_ PB_PP,2.416537,101.886223,FALSE,TRUE,FALSE,Different habitat / same coast,"Different habitat
same coast"
S15,S17,0.3383380799340391,S15__S17,15,Mangrove,West,Man_PPAF,2.412531,101.939708,17,Coral,West,Cor_ PB_PP,2.415967,101.889648,FALSE,TRUE,FALSE,Different habitat / same coast,"Different habitat
same coast"
S15,S18,0.4144126194324368,S15__S18,15,Mangrove,West,Man_PPAF,2.412531,101.939708,18,Coral,West,Cor_ PB_PP,2.414291,101.892398,FALSE,TRUE,FALSE,Different habitat / same coast,"Different habitat
same coast"
S15,S19,0.4129177411128057,S15__S19,15,Mangrove,West,Man_PPAF,2.412531,101.939708,19,Coral,West,Cor_ PB_PP,2.413761,101.895526,FALSE,TRUE,FALSE,Different habitat / same coast,"Different habitat
same coast"
S15,S20,0.33655437604919836,S15__S20,15,Mangrove,West,Man_PPAF,2.412531,101.939708,20,Coral,West,Cor_ PB_PP,2.417129,101.883533,FALSE,TRUE,FALSE,Different habitat / same coast,"Different habitat
same coast"
S15,S21,0.8280740801979549,S15__S21,15,Mangrove,West,Man_PPAF,2.412531,101.939708,21,Mangrove,East,Man_Pulau_Tinggi,2.287462,104.109177,TRUE,FALSE,FALSE,Same habitat / different coast,"Same habitat
different coast"
S15,S22,0.34030232107559594,S15__S22,15,Mangrove,West,Man_PPAF,2.412531,101.939708,22,Mangrove,East,Man_Pulau_Tinggi,2.289198,104.110969,TRUE,FALSE,FALSE,Same habitat / different coast,"Same habitat
different coast"
S15,S23,0.5263393643481137,S15__S23,15,Mangrove,West,Man_PPAF,2.412531,101.939708,23,Mangrove,East,Man_Pulau_Tinggi,2.290686,104.110262,TRUE,FALSE,FALSE,Same habitat / different coast,"Same habitat
different coast"
S15,S24,0.512776993389016,S15__S24,15,Mangrove,West,Man_PPAF,2.412531,101.939708,24,Mangrove,East,Man_Pulau_Tinggi,2.290271,104.108844,TRUE,FALSE,FALSE,Same habitat / different coast,"Same habitat
different coast"
S15,S25,0.5180711232114603,S15__S25,15,Mangrove,West,Man_PPAF,2.412531,101.939708,25,Mangrove,East,Man_Pulau_Tinggi,2.289627,104.110053,TRUE,FALSE,FALSE,Same habitat / different coast,"Same habitat
different coast"
S15,S36,0.7222743989059451,S15__S36,15,Mangrove,West,Man_PPAF,2.412531,101.939708,36,Mangrove,East,Man_Nenasi,3.109037,103.443207,TRUE,FALSE,FALSE,Same habitat / different coast,"Same habitat
different coast"
S15,S37,0.7378013150171112,S15__S37,15,Mangrove,West,Man_PPAF,2.412531,101.939708,37,Mangrove,East,Man_Nenasi,3.101512,103.446143,TRUE,FALSE,FALSE,Same habitat / different coast,"Same habitat
different coast"
S15,S38,0.7219867640179112,S15__S38,15,Mangrove,West,Man_PPAF,2.412531,101.939708,38,Mangrove,East,Man_Nenasi,3.094182,103.442717,TRUE,FALSE,FALSE,Same habitat / different coast,"Same habitat
different coast"
S15,S39,0.7448826407965631,S15__S39,15,Mangrove,West,Man_PPAF,2.412531,101.939708,39,Mangrove,East,Man_Nenasi,3.087342,103.44027,TRUE,FALSE,FALSE,Same habitat / different coast,"Same habitat
different coast"
S15,S40,0.6955345098480997,S15__S40,15,Mangrove,West,Man_PPAF,2.412531,101.939708,40,Mangrove,East,Man_Nenasi,3.078358,103.442128,TRUE,FALSE,FALSE,Same habitat / different coast,"Same habitat
different coast"
S15,S46,0.3805668747472854,S15__S46,15,Mangrove,West,Man_PPAF,2.412531,101.939708,46,Mangrove,East,Man_Sungai_Ular,4.04739,103.39389,TRUE,FALSE,FALSE,Same habitat / different coast,"Same habitat
different coast"
S15,S47,0.46663012102266244,S15__S47,15,Mangrove,West,Man_PPAF,2.412531,101.939708,47,Mangrove,East,Man_Sungai_Ular,4.047681,103.395217,TRUE,FALSE,FALSE,Same habitat / different coast,"Same habitat
different coast"
S15,S48,0.34083195960278523,S15__S48,15,Mangrove,West,Man_PPAF,2.412531,101.939708,48,Mangrove,East,Man_Sungai_Ular,4.048489,103.395758,TRUE,FALSE,FALSE,Same habitat / different coast,"Same habitat
different coast"
S15,S49,0.44286623289729804,S15__S49,15,Mangrove,West,Man_PPAF,2.412531,101.939708,49,Mangrove,East,Man_Sungai_Ular,4.04984,103.395527,TRUE,FALSE,FALSE,Same habitat / different coast,"Same habitat
different coast"
S15,S50,0.4035049917610679,S15__S50,15,Mangrove,West,Man_PPAF,2.412531,101.939708,50,Mangrove,East,Man_Sungai_Ular,4.050552,103.395166,TRUE,FALSE,FALSE,Same habitat / different coast,"Same habitat
different coast"
S15,S56,0.5715882848929327,S15__S56,15,Mangrove,West,Man_PPAF,2.412531,101.939708,56,Coral,West,Cor_Pulau_Intan,6.231933,99.71668,FALSE,TRUE,FALSE,Different habitat / same coast,"Different habitat
same coast"
S15,S57,0.5404355627904963,S15__S57,15,Mangrove,West,Man_PPAF,2.412531,101.939708,57,Coral,West,Cor_Pulau_Intan,6.235042,99.713494,FALSE,TRUE,FALSE,Different habitat / same coast,"Different habitat
same coast"
S15,S58,0.5362750034160754,S15__S58,15,Mangrove,West,Man_PPAF,2.412531,101.939708,58,Coral,West,Cor_Pulau_Intan,6.241277,99.713092,FALSE,TRUE,FALSE,Different habitat / same coast,"Different habitat
same coast"
S15,S59,0.5635465992819473,S15__S59,15,Mangrove,West,Man_PPAF,2.412531,101.939708,59,Coral,West,Cor_Pulau_Intan,6.242925,99.71689,FALSE,TRUE,FALSE,Different habitat / same coast,"Different habitat
same coast"
S15,S60,0.5648615400896012,S15__S60,15,Mangrove,West,Man_PPAF,2.412531,101.939708,60,Coral,West,Cor_Pulau_Intan,6.239442,99.719555,FALSE,TRUE,FALSE,Different habitat / same coast,"Different habitat
same coast"
S15,S66,0.5540293301101967,S15__S66,15,Mangrove,West,Man_PPAF,2.412531,101.939708,66,Seagrass,West,SeG_Tanjung_Rhu,6.460722,99.827135,FALSE,TRUE,FALSE,Different habitat / same coast,"Different habitat
same coast"
S15,S67,0.5408461047130643,S15__S67,15,Mangrove,West,Man_PPAF,2.412531,101.939708,67,Seagrass,West,SeG_Tanjung_Rhu,6.460835,99.825327,FALSE,TRUE,FALSE,Different habitat / same coast,"Different habitat
same coast"
S15,S68,0.529677636371218,S15__S68,15,Mangrove,West,Man_PPAF,2.412531,101.939708,68,Seagrass,West,SeG_Tanjung_Rhu,6.461043,99.823702,FALSE,TRUE,FALSE,Different habitat / same coast,"Different habitat
same coast"
S15,S69,0.4971920518165317,S15__S69,15,Mangrove,West,Man_PPAF,2.412531,101.939708,69,Seagrass,West,SeG_Tanjung_Rhu,6.461208,99.823448,FALSE,TRUE,FALSE,Different habitat / same coast,"Different habitat
same coast"
S15,S70,0.5707706029587507,S15__S70,15,Mangrove,West,Man_PPAF,2.412531,101.939708,70,Seagrass,West,SeG_Tanjung_Rhu,6.461547,99.819962,FALSE,TRUE,FALSE,Different habitat / same coast,"Different habitat
same coast"
S15,S81,0.4012695006252252,S15__S81,15,Mangrove,West,Man_PPAF,2.412531,101.939708,81,Mangrove,East,Man_Merang,5.527989,102.944516,TRUE,FALSE,FALSE,Same habitat / different coast,"Same habitat
different coast"
S15,S82,0.3746036530305272,S15__S82,15,Mangrove,West,Man_PPAF,2.412531,101.939708,82,Mangrove,East,Man_Merang,5.526065,102.943286,TRUE,FALSE,FALSE,Same habitat / different coast,"Same habitat
different coast"
S15,S83,0.37674741896690306,S15__S83,15,Mangrove,West,Man_PPAF,2.412531,101.939708,83,Mangrove,East,Man_Merang,5.526248,102.941049,TRUE,FALSE,FALSE,Same habitat / different coast,"Same habitat
different coast"
S15,S84,0.40851305458396736,S15__S84,15,Mangrove,West,Man_PPAF,2.412531,101.939708,84,Mangrove,East,Man_Merang,5.528314,102.940522,TRUE,FALSE,FALSE,Same habitat / different coast,"Same habitat
different coast"
S15,S85,0.3663484732546127,S15__S85,15,Mangrove,West,Man_PPAF,2.412531,101.939708,85,Mangrove,East,Man_Merang,5.528731,102.938759,TRUE,FALSE,FALSE,Same habitat / different coast,"Same habitat
different coast"
S15,S91,0.35107570549852096,S15__S91,15,Mangrove,West,Man_PPAF,2.412531,101.939708,91,Seagrass,West,SeG_Pulau_Kezambo,5.363009,100.324704,FALSE,TRUE,FALSE,Different habitat / same coast,"Different habitat
same coast"
S15,S92,0.40668709529164493,S15__S92,15,Mangrove,West,Man_PPAF,2.412531,101.939708,92,Seagrass,West,SeG_Pulau_Kezambo,5.364814,100.324618,FALSE,TRUE,FALSE,Different habitat / same coast,"Different habitat
same coast"
S15,S93,0.44365138089332,S15__S93,15,Mangrove,West,Man_PPAF,2.412531,101.939708,93,Seagrass,West,SeG_Pulau_Kezambo,5.365017,100.326968,FALSE,TRUE,FALSE,Different habitat / same coast,"Different habitat
same coast"
S15,S94,0.45440807207904577,S15__S94,15,Mangrove,West,Man_PPAF,2.412531,101.939708,94,Seagrass,West,SeG_Pulau_Kezambo,5.36303,100.327461,FALSE,TRUE,FALSE,Different habitat / same coast,"Different habitat
same coast"
S15,S95,0.33137664206838363,S15__S95,15,Mangrove,West,Man_PPAF,2.412531,101.939708,95,Seagrass,West,SeG_Pulau_Kezambo,5.361535,100.325841,FALSE,TRUE,FALSE,Different habitat / same coast,"Different habitat
same coast"
S15,S101,0.6012311047085519,S101__S15,15,Mangrove,West,Man_PPAF,2.412531,101.939708,101,Coral,West,Cor_Pulau_Pangkor,4.190014,100.572274,FALSE,TRUE,FALSE,Different habitat / same coast,"Different habitat
same coast"
S15,S102,0.6413760231934493,S102__S15,15,Mangrove,West,Man_PPAF,2.412531,101.939708,102,Coral,West,Cor_Pulau_Pangkor,4.187189,100.543949,FALSE,TRUE,FALSE,Different habitat / same coast,"Different habitat
same coast"
S15,S103,0.6947605261988511,S103__S15,15,Mangrove,West,Man_PPAF,2.412531,101.939708,103,Coral,West,Cor_Pulau_Pangkor,4.192025,100.537855,FALSE,TRUE,FALSE,Different habitat / same coast,"Different habitat
same coast"
S15,S104,0.6715482048724105,S104__S15,15,Mangrove,West,Man_PPAF,2.412531,101.939708,104,Coral,West,Cor_Pulau_Pangkor,4.203476,100.545476,FALSE,TRUE,FALSE,Different habitat / same coast,"Different habitat
same coast"
S15,S105,0.6029279415393316,S105__S15,15,Mangrove,West,Man_PPAF,2.412531,101.939708,105,Coral,West,Cor_Pulau_Pangkor,4.194839,100.559803,FALSE,TRUE,FALSE,Different habitat / same coast,"Different habitat
same coast"
S16,S31,0.5246383243530157,S16__S31,16,Coral,West,Cor_ PB_PP,2.416537,101.886223,31,Coral,East,Cor_Pulau_Tinggi,2.312019,104.091371,TRUE,FALSE,FALSE,Same habitat / different coast,"Same habitat
different coast"
S16,S32,0.6503220867288688,S16__S32,16,Coral,West,Cor_ PB_PP,2.416537,101.886223,32,Coral,East,Cor_Pulau_Tinggi,2.309456,104.09154,TRUE,FALSE,FALSE,Same habitat / different coast,"Same habitat
different coast"
S16,S33,0.6218921102839405,S16__S33,16,Coral,West,Cor_ PB_PP,2.416537,101.886223,33,Coral,East,Cor_Pulau_Tinggi,2.302878,104.092553,TRUE,FALSE,FALSE,Same habitat / different coast,"Same habitat
different coast"
S16,S34,0.6170162944216238,S16__S34,16,Coral,West,Cor_ PB_PP,2.416537,101.886223,34,Coral,East,Cor_Pulau_Tinggi,2.303181,104.092958,TRUE,FALSE,FALSE,Same habitat / different coast,"Same habitat
different coast"
S16,S35,0.5023541998624244,S16__S35,16,Coral,West,Cor_ PB_PP,2.416537,101.886223,35,Coral,East,Cor_Pulau_Tinggi,2.301022,104.093701,TRUE,FALSE,FALSE,Same habitat / different coast,"Same habitat
different coast"
S16,S41,0.5004113267025174,S16__S41,16,Coral,West,Cor_ PB_PP,2.416537,101.886223,41,Coral,East,Cor_Pulau_Ular,4.053491,103.404452,TRUE,FALSE,FALSE,Same habitat / different coast,"Same habitat
different coast"
S16,S42,0.44814860487502434,S16__S42,16,Coral,West,Cor_ PB_PP,2.416537,101.886223,42,Coral,East,Cor_Pulau_Ular,4.054416,103.409527,TRUE,FALSE,FALSE,Same habitat / different coast,"Same habitat
different coast"
S16,S43,0.5065904509160257,S16__S43,16,Coral,West,Cor_ PB_PP,2.416537,101.886223,43,Coral,East,Cor_Pulau_Ular,4.057277,103.409519,TRUE,FALSE,FALSE,Same habitat / different coast,"Same habitat
different coast"
S16,S44,0.42863796708615254,S16__S44,16,Coral,West,Cor_ PB_PP,2.416537,101.886223,44,Coral,East,Cor_Pulau_Ular,4.058469,103.407966,TRUE,FALSE,FALSE,Same habitat / different coast,"Same habitat
different coast"
S16,S45,0.44611360051212756,S16__S45,16,Coral,West,Cor_ PB_PP,2.416537,101.886223,45,Coral,East,Cor_Pulau_Ular,4.05599,103.405705,TRUE,FALSE,FALSE,Same habitat / different coast,"Same habitat
different coast"
S16,S61,0.40320894968575605,S16__S61,16,Coral,West,Cor_ PB_PP,2.416537,101.886223,61,Mangrove,West,Man_Selat_Nyior,6.217682,99.829402,FALSE,TRUE,FALSE,Different habitat / same coast,"Different habitat
same coast"
S16,S62,0.4456543229637237,S16__S62,16,Coral,West,Cor_ PB_PP,2.416537,101.886223,62,Mangrove,West,Man_Selat_Nyior,6.220929,99.825029,FALSE,TRUE,FALSE,Different habitat / same coast,"Different habitat
same coast"
S16,S63,0.4472001756028642,S16__S63,16,Coral,West,Cor_ PB_PP,2.416537,101.886223,63,Mangrove,West,Man_Selat_Nyior,6.224728,99.821968,FALSE,TRUE,FALSE,Different habitat / same coast,"Different habitat
same coast"
S16,S64,0.45180130982738215,S16__S64,16,Coral,West,Cor_ PB_PP,2.416537,101.886223,64,Mangrove,West,Man_Selat_Nyior,6.228636,99.820188,FALSE,TRUE,FALSE,Different habitat / same coast,"Different habitat
same coast"
S16,S65,0.4427505208065209,S16__S65,16,Coral,West,Cor_ PB_PP,2.416537,101.886223,65,Mangrove,West,Man_Selat_Nyior,6.235251,99.818035,FALSE,TRUE,FALSE,Different habitat / same coast,"Different habitat
same coast"
S16,S66,0.5046390909105618,S16__S66,16,Coral,West,Cor_ PB_PP,2.416537,101.886223,66,Seagrass,West,SeG_Tanjung_Rhu,6.460722,99.827135,FALSE,TRUE,FALSE,Different habitat / same coast,"Different habitat
same coast"
S16,S67,0.4704799194594531,S16__S67,16,Coral,West,Cor_ PB_PP,2.416537,101.886223,67,Seagrass,West,SeG_Tanjung_Rhu,6.460835,99.825327,FALSE,TRUE,FALSE,Different habitat / same coast,"Different habitat
same coast"
S16,S68,0.46673696746747134,S16__S68,16,Coral,West,Cor_ PB_PP,2.416537,101.886223,68,Seagrass,West,SeG_Tanjung_Rhu,6.461043,99.823702,FALSE,TRUE,FALSE,Different habitat / same coast,"Different habitat
same coast"
S16,S69,0.4413761528123815,S16__S69,16,Coral,West,Cor_ PB_PP,2.416537,101.886223,69,Seagrass,West,SeG_Tanjung_Rhu,6.461208,99.823448,FALSE,TRUE,FALSE,Different habitat / same coast,"Different habitat
same coast"
S16,S70,0.486171464192994,S16__S70,16,Coral,West,Cor_ PB_PP,2.416537,101.886223,70,Seagrass,West,SeG_Tanjung_Rhu,6.461547,99.819962,FALSE,TRUE,FALSE,Different habitat / same coast,"Different habitat
same coast"
S16,S71,0.986154501894171,S16__S71,16,Coral,West,Cor_ PB_PP,2.416537,101.886223,71,Coral,East,Cor_Pulau_Redang,5.814393,103.009382,TRUE,FALSE,FALSE,Same habitat / different coast,"Same habitat
different coast"
S16,S73,0.8181950818329504,S16__S73,16,Coral,West,Cor_ PB_PP,2.416537,101.886223,73,Coral,East,Cor_Pulau_Redang,5.816677,103.007751,TRUE,FALSE,FALSE,Same habitat / different coast,"Same habitat
different coast"
S16,S74,0.6990458091105576,S16__S74,16,Coral,West,Cor_ PB_PP,2.416537,101.886223,74,Coral,East,Cor_Pulau_Redang,5.816281,103.005989,TRUE,FALSE,FALSE,Same habitat / different coast,"Same habitat
different coast"
S16,S75,0.7171792664539894,S16__S75,16,Coral,West,Cor_ PB_PP,2.416537,101.886223,75,Coral,East,Cor_Pulau_Redang,5.814536,103.006378,TRUE,FALSE,FALSE,Same habitat / different coast,"Same habitat
different coast"
S16,S77,0.5806514741754579,S16__S77,16,Coral,West,Cor_ PB_PP,2.416537,101.886223,77,Coral,East,Cor_Pulau_Bidong,5.624215,103.056647,TRUE,FALSE,FALSE,Same habitat / different coast,"Same habitat
different coast"
S16,S78,0.6234348541785236,S16__S78,16,Coral,West,Cor_ PB_PP,2.416537,101.886223,78,Coral,East,Cor_Pulau_Bidong,5.625977,103.057468,TRUE,FALSE,FALSE,Same habitat / different coast,"Same habitat
different coast"
S16,S80,0.6677408349965613,S16__S80,16,Coral,West,Cor_ PB_PP,2.416537,101.886223,80,Coral,East,Cor_Pulau_Bidong,5.627685,103.059864,TRUE,FALSE,FALSE,Same habitat / different coast,"Same habitat
different coast"
S16,S86,0.5054092918523825,S16__S86,16,Coral,West,Cor_ PB_PP,2.416537,101.886223,86,Mangrove,West,Man_Penaga,5.517253,100.364968,FALSE,TRUE,FALSE,Different habitat / same coast,"Different habitat
same coast"
S16,S87,0.4533907914678316,S16__S87,16,Coral,West,Cor_ PB_PP,2.416537,101.886223,87,Mangrove,West,Man_Penaga,5.51815,100.366985,FALSE,TRUE,FALSE,Different habitat / same coast,"Different habitat
same coast"
S16,S88,0.6064109948545559,S16__S88,16,Coral,West,Cor_ PB_PP,2.416537,101.886223,88,Mangrove,West,Man_Penaga,5.519453,100.369366,FALSE,TRUE,FALSE,Different habitat / same coast,"Different habitat
same coast"
S16,S89,0.6673660946015477,S16__S89,16,Coral,West,Cor_ PB_PP,2.416537,101.886223,89,Mangrove,West,Man_Penaga,5.520585,100.371383,FALSE,TRUE,FALSE,Different habitat / same coast,"Different habitat
same coast"
S16,S90,0.7246628009398123,S16__S90,16,Coral,West,Cor_ PB_PP,2.416537,101.886223,90,Mangrove,West,Man_Penaga,5.522977,100.372478,FALSE,TRUE,FALSE,Different habitat / same coast,"Different habitat
same coast"
S16,S91,0.32106954345841604,S16__S91,16,Coral,West,Cor_ PB_PP,2.416537,101.886223,91,Seagrass,West,SeG_Pulau_Kezambo,5.363009,100.324704,FALSE,TRUE,FALSE,Different habitat / same coast,"Different habitat
same coast"
S16,S92,0.3408554354439164,S16__S92,16,Coral,West,Cor_ PB_PP,2.416537,101.886223,92,Seagrass,West,SeG_Pulau_Kezambo,5.364814,100.324618,FALSE,TRUE,FALSE,Different habitat / same coast,"Different habitat
same coast"
S16,S93,0.37457621069951863,S16__S93,16,Coral,West,Cor_ PB_PP,2.416537,101.886223,93,Seagrass,West,SeG_Pulau_Kezambo,5.365017,100.326968,FALSE,TRUE,FALSE,Different habitat / same coast,"Different habitat
same coast"
S16,S94,0.42508268950120004,S16__S94,16,Coral,West,Cor_ PB_PP,2.416537,101.886223,94,Seagrass,West,SeG_Pulau_Kezambo,5.36303,100.327461,FALSE,TRUE,FALSE,Different habitat / same coast,"Different habitat
same coast"
S16,S95,0.2988957233503018,S16__S95,16,Coral,West,Cor_ PB_PP,2.416537,101.886223,95,Seagrass,West,SeG_Pulau_Kezambo,5.361535,100.325841,FALSE,TRUE,FALSE,Different habitat / same coast,"Different habitat
same coast"
S16,S96,0.6933582482636337,S16__S96,16,Coral,West,Cor_ PB_PP,2.416537,101.886223,96,Mangrove,West,Man_Kuala_Sepetang,4.78359,100.607457,FALSE,TRUE,FALSE,Different habitat / same coast,"Different habitat
same coast"
S16,S97,0.6920555622027029,S16__S97,16,Coral,West,Cor_ PB_PP,2.416537,101.886223,97,Mangrove,West,Man_Kuala_Sepetang,4.787012,100.612692,FALSE,TRUE,FALSE,Different habitat / same coast,"Different habitat
same coast"
S16,S98,0.6347504569654001,S16__S98,16,Coral,West,Cor_ PB_PP,2.416537,101.886223,98,Mangrove,West,Man_Kuala_Sepetang,4.788979,100.618615,FALSE,TRUE,FALSE,Different habitat / same coast,"Different habitat
same coast"
S16,S99,0.6066846758384785,S16__S99,16,Coral,West,Cor_ PB_PP,2.416537,101.886223,99,Mangrove,West,Man_Kuala_Sepetang,4.791801,100.624022,FALSE,TRUE,FALSE,Different habitat / same coast,"Different habitat
same coast"
S16,S100,0.6103673820766659,S100__S16,16,Coral,West,Cor_ PB_PP,2.416537,101.886223,100,Mangrove,West,Man_Kuala_Sepetang,4.797275,100.62634,FALSE,TRUE,FALSE,Different habitat / same coast,"Different habitat
same coast"
S16,S106,0.5426192172280044,S106__S16,16,Coral,West,Cor_ PB_PP,2.416537,101.886223,106,Mangrove,West,Man_Pulau_Ketam,3.024487,101.320359,FALSE,TRUE,FALSE,Different habitat / same coast,"Different habitat
same coast"
S16,S107,0.5238044176536651,S107__S16,16,Coral,West,Cor_ PB_PP,2.416537,101.886223,107,Mangrove,West,Man_Pulau_Ketam,3.021921,101.326184,FALSE,TRUE,FALSE,Different habitat / same coast,"Different habitat
same coast"
S16,S108,0.4384590928357214,S108__S16,16,Coral,West,Cor_ PB_PP,2.416537,101.886223,108,Mangrove,West,Man_Pulau_Ketam,3.014735,101.325529,FALSE,TRUE,FALSE,Different habitat / same coast,"Different habitat
same coast"
S16,S109,0.5831068111241877,S109__S16,16,Coral,West,Cor_ PB_PP,2.416537,101.886223,109,Mangrove,West,Man_Pulau_Ketam,3.016972,101.333548,FALSE,TRUE,FALSE,Different habitat / same coast,"Different habitat
same coast"
S16,S110,0.4338201976379094,S110__S16,16,Coral,West,Cor_ PB_PP,2.416537,101.886223,110,Mangrove,West,Man_Pulau_Ketam,3.01341,101.336968,FALSE,TRUE,FALSE,Different habitat / same coast,"Different habitat
same coast"
S17,S31,0.515330176303177,S17__S31,17,Coral,West,Cor_ PB_PP,2.415967,101.889648,31,Coral,East,Cor_Pulau_Tinggi,2.312019,104.091371,TRUE,FALSE,FALSE,Same habitat / different coast,"Same habitat
different coast"
S17,S32,0.6376296721563467,S17__S32,17,Coral,West,Cor_ PB_PP,2.415967,101.889648,32,Coral,East,Cor_Pulau_Tinggi,2.309456,104.09154,TRUE,FALSE,FALSE,Same habitat / different coast,"Same habitat
different coast"
S17,S33,0.6189708267525955,S17__S33,17,Coral,West,Cor_ PB_PP,2.415967,101.889648,33,Coral,East,Cor_Pulau_Tinggi,2.302878,104.092553,TRUE,FALSE,FALSE,Same habitat / different coast,"Same habitat
different coast"
S17,S34,0.6037017691604862,S17__S34,17,Coral,West,Cor_ PB_PP,2.415967,101.889648,34,Coral,East,Cor_Pulau_Tinggi,2.303181,104.092958,TRUE,FALSE,FALSE,Same habitat / different coast,"Same habitat
different coast"
S17,S35,0.5127970481300822,S17__S35,17,Coral,West,Cor_ PB_PP,2.415967,101.889648,35,Coral,East,Cor_Pulau_Tinggi,2.301022,104.093701,TRUE,FALSE,FALSE,Same habitat / different coast,"Same habitat
different coast"
S17,S41,0.48126237802930677,S17__S41,17,Coral,West,Cor_ PB_PP,2.415967,101.889648,41,Coral,East,Cor_Pulau_Ular,4.053491,103.404452,TRUE,FALSE,FALSE,Same habitat / different coast,"Same habitat
different coast"
S17,S42,0.4185086513434497,S17__S42,17,Coral,West,Cor_ PB_PP,2.415967,101.889648,42,Coral,East,Cor_Pulau_Ular,4.054416,103.409527,TRUE,FALSE,FALSE,Same habitat / different coast,"Same habitat
different coast"
S17,S43,0.48703799433272926,S17__S43,17,Coral,West,Cor_ PB_PP,2.415967,101.889648,43,Coral,East,Cor_Pulau_Ular,4.057277,103.409519,TRUE,FALSE,FALSE,Same habitat / different coast,"Same habitat
different coast"
S17,S44,0.4073922756579983,S17__S44,17,Coral,West,Cor_ PB_PP,2.415967,101.889648,44,Coral,East,Cor_Pulau_Ular,4.058469,103.407966,TRUE,FALSE,FALSE,Same habitat / different coast,"Same habitat
different coast"
S17,S45,0.4233167757370704,S17__S45,17,Coral,West,Cor_ PB_PP,2.415967,101.889648,45,Coral,East,Cor_Pulau_Ular,4.05599,103.405705,TRUE,FALSE,FALSE,Same habitat / different coast,"Same habitat
different coast"
S17,S61,0.418847215502013,S17__S61,17,Coral,West,Cor_ PB_PP,2.415967,101.889648,61,Mangrove,West,Man_Selat_Nyior,6.217682,99.829402,FALSE,TRUE,FALSE,Different habitat / same coast,"Different habitat
same coast"
S17,S62,0.4538412297930015,S17__S62,17,Coral,West,Cor_ PB_PP,2.415967,101.889648,62,Mangrove,West,Man_Selat_Nyior,6.220929,99.825029,FALSE,TRUE,FALSE,Different habitat / same coast,"Different habitat
same coast"
S17,S63,0.45908392865742964,S17__S63,17,Coral,West,Cor_ PB_PP,2.415967,101.889648,63,Mangrove,West,Man_Selat_Nyior,6.224728,99.821968,FALSE,TRUE,FALSE,Different habitat / same coast,"Different habitat
same coast"
S17,S64,0.4674885363066881,S17__S64,17,Coral,West,Cor_ PB_PP,2.415967,101.889648,64,Mangrove,West,Man_Selat_Nyior,6.228636,99.820188,FALSE,TRUE,FALSE,Different habitat / same coast,"Different habitat
same coast"
S17,S65,0.45593617436484224,S17__S65,17,Coral,West,Cor_ PB_PP,2.415967,101.889648,65,Mangrove,West,Man_Selat_Nyior,6.235251,99.818035,FALSE,TRUE,FALSE,Different habitat / same coast,"Different habitat
same coast"
S17,S66,0.49740370844618736,S17__S66,17,Coral,West,Cor_ PB_PP,2.415967,101.889648,66,Seagrass,West,SeG_Tanjung_Rhu,6.460722,99.827135,FALSE,TRUE,FALSE,Different habitat / same coast,"Different habitat
same coast"
S17,S67,0.4776065857429429,S17__S67,17,Coral,West,Cor_ PB_PP,2.415967,101.889648,67,Seagrass,West,SeG_Tanjung_Rhu,6.460835,99.825327,FALSE,TRUE,FALSE,Different habitat / same coast,"Different habitat
same coast"
S17,S68,0.46411928734310803,S17__S68,17,Coral,West,Cor_ PB_PP,2.415967,101.889648,68,Seagrass,West,SeG_Tanjung_Rhu,6.461043,99.823702,FALSE,TRUE,FALSE,Different habitat / same coast,"Different habitat
same coast"
S17,S69,0.43102982107244775,S17__S69,17,Coral,West,Cor_ PB_PP,2.415967,101.889648,69,Seagrass,West,SeG_Tanjung_Rhu,6.461208,99.823448,FALSE,TRUE,FALSE,Different habitat / same coast,"Different habitat
same coast"
S17,S70,0.48789771187714676,S17__S70,17,Coral,West,Cor_ PB_PP,2.415967,101.889648,70,Seagrass,West,SeG_Tanjung_Rhu,6.461547,99.819962,FALSE,TRUE,FALSE,Different habitat / same coast,"Different habitat
same coast"
S17,S71,0.9846254997024373,S17__S71,17,Coral,West,Cor_ PB_PP,2.415967,101.889648,71,Coral,East,Cor_Pulau_Redang,5.814393,103.009382,TRUE,FALSE,FALSE,Same habitat / different coast,"Same habitat
different coast"
S17,S73,0.800849888417063,S17__S73,17,Coral,West,Cor_ PB_PP,2.415967,101.889648,73,Coral,East,Cor_Pulau_Redang,5.816677,103.007751,TRUE,FALSE,FALSE,Same habitat / different coast,"Same habitat
different coast"
S17,S74,0.6738946505175789,S17__S74,17,Coral,West,Cor_ PB_PP,2.415967,101.889648,74,Coral,East,Cor_Pulau_Redang,5.816281,103.005989,TRUE,FALSE,FALSE,Same habitat / different coast,"Same habitat
different coast"
S17,S75,0.6894142141193519,S17__S75,17,Coral,West,Cor_ PB_PP,2.415967,101.889648,75,Coral,East,Cor_Pulau_Redang,5.814536,103.006378,TRUE,FALSE,FALSE,Same habitat / different coast,"Same habitat
different coast"
S17,S77,0.5666808713987346,S17__S77,17,Coral,West,Cor_ PB_PP,2.415967,101.889648,77,Coral,East,Cor_Pulau_Bidong,5.624215,103.056647,TRUE,FALSE,FALSE,Same habitat / different coast,"Same habitat
different coast"
S17,S78,0.6055680900995261,S17__S78,17,Coral,West,Cor_ PB_PP,2.415967,101.889648,78,Coral,East,Cor_Pulau_Bidong,5.625977,103.057468,TRUE,FALSE,FALSE,Same habitat / different coast,"Same habitat
different coast"
S17,S80,0.6533063826333939,S17__S80,17,Coral,West,Cor_ PB_PP,2.415967,101.889648,80,Coral,East,Cor_Pulau_Bidong,5.627685,103.059864,TRUE,FALSE,FALSE,Same habitat / different coast,"Same habitat
different coast"
S17,S86,0.5453661671210064,S17__S86,17,Coral,West,Cor_ PB_PP,2.415967,101.889648,86,Mangrove,West,Man_Penaga,5.517253,100.364968,FALSE,TRUE,FALSE,Different habitat / same coast,"Different habitat
same coast"
S17,S87,0.48771496078229926,S17__S87,17,Coral,West,Cor_ PB_PP,2.415967,101.889648,87,Mangrove,West,Man_Penaga,5.51815,100.366985,FALSE,TRUE,FALSE,Different habitat / same coast,"Different habitat
same coast"
S17,S88,0.6397411936577229,S17__S88,17,Coral,West,Cor_ PB_PP,2.415967,101.889648,88,Mangrove,West,Man_Penaga,5.519453,100.369366,FALSE,TRUE,FALSE,Different habitat / same coast,"Different habitat
same coast"
S17,S89,0.6884645703773387,S17__S89,17,Coral,West,Cor_ PB_PP,2.415967,101.889648,89,Mangrove,West,Man_Penaga,5.520585,100.371383,FALSE,TRUE,FALSE,Different habitat / same coast,"Different habitat
same coast"
S17,S90,0.7470029493656996,S17__S90,17,Coral,West,Cor_ PB_PP,2.415967,101.889648,90,Mangrove,West,Man_Penaga,5.522977,100.372478,FALSE,TRUE,FALSE,Different habitat / same coast,"Different habitat
same coast"
S17,S91,0.35135089092118355,S17__S91,17,Coral,West,Cor_ PB_PP,2.415967,101.889648,91,Seagrass,West,SeG_Pulau_Kezambo,5.363009,100.324704,FALSE,TRUE,FALSE,Different habitat / same coast,"Different habitat
same coast"
S17,S92,0.36309117964810705,S17__S92,17,Coral,West,Cor_ PB_PP,2.415967,101.889648,92,Seagrass,West,SeG_Pulau_Kezambo,5.364814,100.324618,FALSE,TRUE,FALSE,Different habitat / same coast,"Different habitat
same coast"
S17,S93,0.41160907618298076,S17__S93,17,Coral,West,Cor_ PB_PP,2.415967,101.889648,93,Seagrass,West,SeG_Pulau_Kezambo,5.365017,100.326968,FALSE,TRUE,FALSE,Different habitat / same coast,"Different habitat
same coast"
S17,S94,0.43964875930088676,S17__S94,17,Coral,West,Cor_ PB_PP,2.415967,101.889648,94,Seagrass,West,SeG_Pulau_Kezambo,5.36303,100.327461,FALSE,TRUE,FALSE,Different habitat / same coast,"Different habitat
same coast"
S17,S95,0.34767162300055693,S17__S95,17,Coral,West,Cor_ PB_PP,2.415967,101.889648,95,Seagrass,West,SeG_Pulau_Kezambo,5.361535,100.325841,FALSE,TRUE,FALSE,Different habitat / same coast,"Different habitat
same coast"
S17,S96,0.698413699051389,S17__S96,17,Coral,West,Cor_ PB_PP,2.415967,101.889648,96,Mangrove,West,Man_Kuala_Sepetang,4.78359,100.607457,FALSE,TRUE,FALSE,Different habitat / same coast,"Different habitat
same coast"
S17,S97,0.6951482222163949,S17__S97,17,Coral,West,Cor_ PB_PP,2.415967,101.889648,97,Mangrove,West,Man_Kuala_Sepetang,4.787012,100.612692,FALSE,TRUE,FALSE,Different habitat / same coast,"Different habitat
same coast"
S17,S98,0.6428915369776077,S17__S98,17,Coral,West,Cor_ PB_PP,2.415967,101.889648,98,Mangrove,West,Man_Kuala_Sepetang,4.788979,100.618615,FALSE,TRUE,FALSE,Different habitat / same coast,"Different habitat
same coast"
S17,S99,0.6293877976014691,S17__S99,17,Coral,West,Cor_ PB_PP,2.415967,101.889648,99,Mangrove,West,Man_Kuala_Sepetang,4.791801,100.624022,FALSE,TRUE,FALSE,Different habitat / same coast,"Different habitat
same coast"
S17,S100,0.6418206373746066,S100__S17,17,Coral,West,Cor_ PB_PP,2.415967,101.889648,100,Mangrove,West,Man_Kuala_Sepetang,4.797275,100.62634,FALSE,TRUE,FALSE,Different habitat / same coast,"Different habitat
same coast"
S17,S106,0.5558724344799093,S106__S17,17,Coral,West,Cor_ PB_PP,2.415967,101.889648,106,Mangrove,West,Man_Pulau_Ketam,3.024487,101.320359,FALSE,TRUE,FALSE,Different habitat / same coast,"Different habitat
same coast"
S17,S107,0.5418995121560742,S107__S17,17,Coral,West,Cor_ PB_PP,2.415967,101.889648,107,Mangrove,West,Man_Pulau_Ketam,3.021921,101.326184,FALSE,TRUE,FALSE,Different habitat / same coast,"Different habitat
same coast"
S17,S108,0.4472328214658456,S108__S17,17,Coral,West,Cor_ PB_PP,2.415967,101.889648,108,Mangrove,West,Man_Pulau_Ketam,3.014735,101.325529,FALSE,TRUE,FALSE,Different habitat / same coast,"Different habitat
same coast"
S17,S109,0.5774380009780399,S109__S17,17,Coral,West,Cor_ PB_PP,2.415967,101.889648,109,Mangrove,West,Man_Pulau_Ketam,3.016972,101.333548,FALSE,TRUE,FALSE,Different habitat / same coast,"Different habitat
same coast"
S17,S110,0.4617259752019454,S110__S17,17,Coral,West,Cor_ PB_PP,2.415967,101.889648,110,Mangrove,West,Man_Pulau_Ketam,3.01341,101.336968,FALSE,TRUE,FALSE,Different habitat / same coast,"Different habitat
same coast"
S18,S31,0.45319578088291085,S18__S31,18,Coral,West,Cor_ PB_PP,2.414291,101.892398,31,Coral,East,Cor_Pulau_Tinggi,2.312019,104.091371,TRUE,FALSE,FALSE,Same habitat / different coast,"Same habitat
different coast"
S18,S32,0.5838302210474562,S18__S32,18,Coral,West,Cor_ PB_PP,2.414291,101.892398,32,Coral,East,Cor_Pulau_Tinggi,2.309456,104.09154,TRUE,FALSE,FALSE,Same habitat / different coast,"Same habitat
different coast"
S18,S33,0.5689006979773402,S18__S33,18,Coral,West,Cor_ PB_PP,2.414291,101.892398,33,Coral,East,Cor_Pulau_Tinggi,2.302878,104.092553,TRUE,FALSE,FALSE,Same habitat / different coast,"Same habitat
different coast"
S18,S34,0.5427043007973789,S18__S34,18,Coral,West,Cor_ PB_PP,2.414291,101.892398,34,Coral,East,Cor_Pulau_Tinggi,2.303181,104.092958,TRUE,FALSE,FALSE,Same habitat / different coast,"Same habitat
different coast"
S18,S35,0.4573493879884381,S18__S35,18,Coral,West,Cor_ PB_PP,2.414291,101.892398,35,Coral,East,Cor_Pulau_Tinggi,2.301022,104.093701,TRUE,FALSE,FALSE,Same habitat / different coast,"Same habitat
different coast"
S18,S41,0.5014387847539046,S18__S41,18,Coral,West,Cor_ PB_PP,2.414291,101.892398,41,Coral,East,Cor_Pulau_Ular,4.053491,103.404452,TRUE,FALSE,FALSE,Same habitat / different coast,"Same habitat
different coast"
S18,S42,0.4431472477475907,S18__S42,18,Coral,West,Cor_ PB_PP,2.414291,101.892398,42,Coral,East,Cor_Pulau_Ular,4.054416,103.409527,TRUE,FALSE,FALSE,Same habitat / different coast,"Same habitat
different coast"
S18,S43,0.5102480645230673,S18__S43,18,Coral,West,Cor_ PB_PP,2.414291,101.892398,43,Coral,East,Cor_Pulau_Ular,4.057277,103.409519,TRUE,FALSE,FALSE,Same habitat / different coast,"Same habitat
different coast"
S18,S44,0.4185064475708436,S18__S44,18,Coral,West,Cor_ PB_PP,2.414291,101.892398,44,Coral,East,Cor_Pulau_Ular,4.058469,103.407966,TRUE,FALSE,FALSE,Same habitat / different coast,"Same habitat
different coast"
S18,S45,0.43931379960728095,S18__S45,18,Coral,West,Cor_ PB_PP,2.414291,101.892398,45,Coral,East,Cor_Pulau_Ular,4.05599,103.405705,TRUE,FALSE,FALSE,Same habitat / different coast,"Same habitat
different coast"
S18,S61,0.3603300080255581,S18__S61,18,Coral,West,Cor_ PB_PP,2.414291,101.892398,61,Mangrove,West,Man_Selat_Nyior,6.217682,99.829402,FALSE,TRUE,FALSE,Different habitat / same coast,"Different habitat
same coast"
S18,S62,0.42777855315736313,S18__S62,18,Coral,West,Cor_ PB_PP,2.414291,101.892398,62,Mangrove,West,Man_Selat_Nyior,6.220929,99.825029,FALSE,TRUE,FALSE,Different habitat / same coast,"Different habitat
same coast"
S18,S63,0.40779418046809857,S18__S63,18,Coral,West,Cor_ PB_PP,2.414291,101.892398,63,Mangrove,West,Man_Selat_Nyior,6.224728,99.821968,FALSE,TRUE,FALSE,Different habitat / same coast,"Different habitat
same coast"
S18,S64,0.44573335453674734,S18__S64,18,Coral,West,Cor_ PB_PP,2.414291,101.892398,64,Mangrove,West,Man_Selat_Nyior,6.228636,99.820188,FALSE,TRUE,FALSE,Different habitat / same coast,"Different habitat
same coast"
S18,S65,0.441715281148196,S18__S65,18,Coral,West,Cor_ PB_PP,2.414291,101.892398,65,Mangrove,West,Man_Selat_Nyior,6.235251,99.818035,FALSE,TRUE,FALSE,Different habitat / same coast,"Different habitat
same coast"
S18,S66,0.43106724885028525,S18__S66,18,Coral,West,Cor_ PB_PP,2.414291,101.892398,66,Seagrass,West,SeG_Tanjung_Rhu,6.460722,99.827135,FALSE,TRUE,FALSE,Different habitat / same coast,"Different habitat
same coast"
S18,S67,0.3928175091187844,S18__S67,18,Coral,West,Cor_ PB_PP,2.414291,101.892398,67,Seagrass,West,SeG_Tanjung_Rhu,6.460835,99.825327,FALSE,TRUE,FALSE,Different habitat / same coast,"Different habitat
same coast"
S18,S68,0.3977153976530078,S18__S68,18,Coral,West,Cor_ PB_PP,2.414291,101.892398,68,Seagrass,West,SeG_Tanjung_Rhu,6.461043,99.823702,FALSE,TRUE,FALSE,Different habitat / same coast,"Different habitat
same coast"
S18,S69,0.36816368164108193,S18__S69,18,Coral,West,Cor_ PB_PP,2.414291,101.892398,69,Seagrass,West,SeG_Tanjung_Rhu,6.461208,99.823448,FALSE,TRUE,FALSE,Different habitat / same coast,"Different habitat
same coast"
S18,S70,0.3937982994645846,S18__S70,18,Coral,West,Cor_ PB_PP,2.414291,101.892398,70,Seagrass,West,SeG_Tanjung_Rhu,6.461547,99.819962,FALSE,TRUE,FALSE,Different habitat / same coast,"Different habitat
same coast"
S18,S71,0.9760275510104262,S18__S71,18,Coral,West,Cor_ PB_PP,2.414291,101.892398,71,Coral,East,Cor_Pulau_Redang,5.814393,103.009382,TRUE,FALSE,FALSE,Same habitat / different coast,"Same habitat
different coast"
S18,S73,0.8110981528057146,S18__S73,18,Coral,West,Cor_ PB_PP,2.414291,101.892398,73,Coral,East,Cor_Pulau_Redang,5.816677,103.007751,TRUE,FALSE,FALSE,Same habitat / different coast,"Same habitat
different coast"
S18,S74,0.7007976773635213,S18__S74,18,Coral,West,Cor_ PB_PP,2.414291,101.892398,74,Coral,East,Cor_Pulau_Redang,5.816281,103.005989,TRUE,FALSE,FALSE,Same habitat / different coast,"Same habitat
different coast"
S18,S75,0.7084701108821319,S18__S75,18,Coral,West,Cor_ PB_PP,2.414291,101.892398,75,Coral,East,Cor_Pulau_Redang,5.814536,103.006378,TRUE,FALSE,FALSE,Same habitat / different coast,"Same habitat
different coast"
S18,S77,0.5656326417020091,S18__S77,18,Coral,West,Cor_ PB_PP,2.414291,101.892398,77,Coral,East,Cor_Pulau_Bidong,5.624215,103.056647,TRUE,FALSE,FALSE,Same habitat / different coast,"Same habitat
different coast"
S18,S78,0.5915930545220828,S18__S78,18,Coral,West,Cor_ PB_PP,2.414291,101.892398,78,Coral,East,Cor_Pulau_Bidong,5.625977,103.057468,TRUE,FALSE,FALSE,Same habitat / different coast,"Same habitat
different coast"
S18,S80,0.6588254076199418,S18__S80,18,Coral,West,Cor_ PB_PP,2.414291,101.892398,80,Coral,East,Cor_Pulau_Bidong,5.627685,103.059864,TRUE,FALSE,FALSE,Same habitat / different coast,"Same habitat
different coast"
S18,S86,0.5305758776697893,S18__S86,18,Coral,West,Cor_ PB_PP,2.414291,101.892398,86,Mangrove,West,Man_Penaga,5.517253,100.364968,FALSE,TRUE,FALSE,Different habitat / same coast,"Different habitat
same coast"
S18,S87,0.5102871093748285,S18__S87,18,Coral,West,Cor_ PB_PP,2.414291,101.892398,87,Mangrove,West,Man_Penaga,5.51815,100.366985,FALSE,TRUE,FALSE,Different habitat / same coast,"Different habitat
same coast"
S18,S88,0.6839292528511031,S18__S88,18,Coral,West,Cor_ PB_PP,2.414291,101.892398,88,Mangrove,West,Man_Penaga,5.519453,100.369366,FALSE,TRUE,FALSE,Different habitat / same coast,"Different habitat
same coast"
S18,S89,0.7379321477485037,S18__S89,18,Coral,West,Cor_ PB_PP,2.414291,101.892398,89,Mangrove,West,Man_Penaga,5.520585,100.371383,FALSE,TRUE,FALSE,Different habitat / same coast,"Different habitat
same coast"
S18,S90,0.7830911823279668,S18__S90,18,Coral,West,Cor_ PB_PP,2.414291,101.892398,90,Mangrove,West,Man_Penaga,5.522977,100.372478,FALSE,TRUE,FALSE,Different habitat / same coast,"Different habitat
same coast"
S18,S91,0.39892737287450086,S18__S91,18,Coral,West,Cor_ PB_PP,2.414291,101.892398,91,Seagrass,West,SeG_Pulau_Kezambo,5.363009,100.324704,FALSE,TRUE,FALSE,Different habitat / same coast,"Different habitat
same coast"
S18,S92,0.3584696489684008,S18__S92,18,Coral,West,Cor_ PB_PP,2.414291,101.892398,92,Seagrass,West,SeG_Pulau_Kezambo,5.364814,100.324618,FALSE,TRUE,FALSE,Different habitat / same coast,"Different habitat
same coast"
S18,S93,0.38080497601223856,S18__S93,18,Coral,West,Cor_ PB_PP,2.414291,101.892398,93,Seagrass,West,SeG_Pulau_Kezambo,5.365017,100.326968,FALSE,TRUE,FALSE,Different habitat / same coast,"Different habitat
same coast"
S18,S94,0.459176585946466,S18__S94,18,Coral,West,Cor_ PB_PP,2.414291,101.892398,94,Seagrass,West,SeG_Pulau_Kezambo,5.36303,100.327461,FALSE,TRUE,FALSE,Different habitat / same coast,"Different habitat
same coast"
S18,S95,0.39706702272618527,S18__S95,18,Coral,West,Cor_ PB_PP,2.414291,101.892398,95,Seagrass,West,SeG_Pulau_Kezambo,5.361535,100.325841,FALSE,TRUE,FALSE,Different habitat / same coast,"Different habitat
same coast"
S18,S96,0.6698052448318597,S18__S96,18,Coral,West,Cor_ PB_PP,2.414291,101.892398,96,Mangrove,West,Man_Kuala_Sepetang,4.78359,100.607457,FALSE,TRUE,FALSE,Different habitat / same coast,"Different habitat
same coast"
S18,S97,0.6715187669476662,S18__S97,18,Coral,West,Cor_ PB_PP,2.414291,101.892398,97,Mangrove,West,Man_Kuala_Sepetang,4.787012,100.612692,FALSE,TRUE,FALSE,Different habitat / same coast,"Different habitat
same coast"
S18,S98,0.6365894485418907,S18__S98,18,Coral,West,Cor_ PB_PP,2.414291,101.892398,98,Mangrove,West,Man_Kuala_Sepetang,4.788979,100.618615,FALSE,TRUE,FALSE,Different habitat / same coast,"Different habitat
same coast"
S18,S99,0.6349068910455767,S18__S99,18,Coral,West,Cor_ PB_PP,2.414291,101.892398,99,Mangrove,West,Man_Kuala_Sepetang,4.791801,100.624022,FALSE,TRUE,FALSE,Different habitat / same coast,"Different habitat
same coast"
S18,S100,0.6729464798890203,S100__S18,18,Coral,West,Cor_ PB_PP,2.414291,101.892398,100,Mangrove,West,Man_Kuala_Sepetang,4.797275,100.62634,FALSE,TRUE,FALSE,Different habitat / same coast,"Different habitat
same coast"
S18,S106,0.5551295256897599,S106__S18,18,Coral,West,Cor_ PB_PP,2.414291,101.892398,106,Mangrove,West,Man_Pulau_Ketam,3.024487,101.320359,FALSE,TRUE,FALSE,Different habitat / same coast,"Different habitat
same coast"
S18,S107,0.5341864985124046,S107__S18,18,Coral,West,Cor_ PB_PP,2.414291,101.892398,107,Mangrove,West,Man_Pulau_Ketam,3.021921,101.326184,FALSE,TRUE,FALSE,Different habitat / same coast,"Different habitat
same coast"
S18,S108,0.44730954455119193,S108__S18,18,Coral,West,Cor_ PB_PP,2.414291,101.892398,108,Mangrove,West,Man_Pulau_Ketam,3.014735,101.325529,FALSE,TRUE,FALSE,Different habitat / same coast,"Different habitat
same coast"
S18,S109,0.5680214539641465,S109__S18,18,Coral,West,Cor_ PB_PP,2.414291,101.892398,109,Mangrove,West,Man_Pulau_Ketam,3.016972,101.333548,FALSE,TRUE,FALSE,Different habitat / same coast,"Different habitat
same coast"
S18,S110,0.4520771916115514,S110__S18,18,Coral,West,Cor_ PB_PP,2.414291,101.892398,110,Mangrove,West,Man_Pulau_Ketam,3.01341,101.336968,FALSE,TRUE,FALSE,Different habitat / same coast,"Different habitat
same coast"
S19,S31,0.42825958878968745,S19__S31,19,Coral,West,Cor_ PB_PP,2.413761,101.895526,31,Coral,East,Cor_Pulau_Tinggi,2.312019,104.091371,TRUE,FALSE,FALSE,Same habitat / different coast,"Same habitat
different coast"
S19,S32,0.5570847005613951,S19__S32,19,Coral,West,Cor_ PB_PP,2.413761,101.895526,32,Coral,East,Cor_Pulau_Tinggi,2.309456,104.09154,TRUE,FALSE,FALSE,Same habitat / different coast,"Same habitat
different coast"
S19,S33,0.5336420748706732,S19__S33,19,Coral,West,Cor_ PB_PP,2.413761,101.895526,33,Coral,East,Cor_Pulau_Tinggi,2.302878,104.092553,TRUE,FALSE,FALSE,Same habitat / different coast,"Same habitat
different coast"
S19,S34,0.5272772121419559,S19__S34,19,Coral,West,Cor_ PB_PP,2.413761,101.895526,34,Coral,East,Cor_Pulau_Tinggi,2.303181,104.092958,TRUE,FALSE,FALSE,Same habitat / different coast,"Same habitat
different coast"
S19,S35,0.4470147088347386,S19__S35,19,Coral,West,Cor_ PB_PP,2.413761,101.895526,35,Coral,East,Cor_Pulau_Tinggi,2.301022,104.093701,TRUE,FALSE,FALSE,Same habitat / different coast,"Same habitat
different coast"
S19,S41,0.5220186424813806,S19__S41,19,Coral,West,Cor_ PB_PP,2.413761,101.895526,41,Coral,East,Cor_Pulau_Ular,4.053491,103.404452,TRUE,FALSE,FALSE,Same habitat / different coast,"Same habitat
different coast"
S19,S42,0.45766355580989004,S19__S42,19,Coral,West,Cor_ PB_PP,2.413761,101.895526,42,Coral,East,Cor_Pulau_Ular,4.054416,103.409527,TRUE,FALSE,FALSE,Same habitat / different coast,"Same habitat
different coast"
S19,S43,0.531019459393742,S19__S43,19,Coral,West,Cor_ PB_PP,2.413761,101.895526,43,Coral,East,Cor_Pulau_Ular,4.057277,103.409519,TRUE,FALSE,FALSE,Same habitat / different coast,"Same habitat
different coast"
S19,S44,0.43727133481293634,S19__S44,19,Coral,West,Cor_ PB_PP,2.413761,101.895526,44,Coral,East,Cor_Pulau_Ular,4.058469,103.407966,TRUE,FALSE,FALSE,Same habitat / different coast,"Same habitat
different coast"
S19,S45,0.46541634066716697,S19__S45,19,Coral,West,Cor_ PB_PP,2.413761,101.895526,45,Coral,East,Cor_Pulau_Ular,4.05599,103.405705,TRUE,FALSE,FALSE,Same habitat / different coast,"Same habitat
different coast"
S19,S61,0.3836426014370837,S19__S61,19,Coral,West,Cor_ PB_PP,2.413761,101.895526,61,Mangrove,West,Man_Selat_Nyior,6.217682,99.829402,FALSE,TRUE,FALSE,Different habitat / same coast,"Different habitat
same coast"
S19,S62,0.4356901242109674,S19__S62,19,Coral,West,Cor_ PB_PP,2.413761,101.895526,62,Mangrove,West,Man_Selat_Nyior,6.220929,99.825029,FALSE,TRUE,FALSE,Different habitat / same coast,"Different habitat
same coast"
S19,S63,0.4207753743926353,S19__S63,19,Coral,West,Cor_ PB_PP,2.413761,101.895526,63,Mangrove,West,Man_Selat_Nyior,6.224728,99.821968,FALSE,TRUE,FALSE,Different habitat / same coast,"Different habitat
same coast"
S19,S64,0.46112857039521327,S19__S64,19,Coral,West,Cor_ PB_PP,2.413761,101.895526,64,Mangrove,West,Man_Selat_Nyior,6.228636,99.820188,FALSE,TRUE,FALSE,Different habitat / same coast,"Different habitat
same coast"
S19,S65,0.4537751939826668,S19__S65,19,Coral,West,Cor_ PB_PP,2.413761,101.895526,65,Mangrove,West,Man_Selat_Nyior,6.235251,99.818035,FALSE,TRUE,FALSE,Different habitat / same coast,"Different habitat
same coast"
S19,S66,0.44004085339308086,S19__S66,19,Coral,West,Cor_ PB_PP,2.413761,101.895526,66,Seagrass,West,SeG_Tanjung_Rhu,6.460722,99.827135,FALSE,TRUE,FALSE,Different habitat / same coast,"Different habitat
same coast"
S19,S67,0.4084006343344067,S19__S67,19,Coral,West,Cor_ PB_PP,2.413761,101.895526,67,Seagrass,West,SeG_Tanjung_Rhu,6.460835,99.825327,FALSE,TRUE,FALSE,Different habitat / same coast,"Different habitat
same coast"
S19,S68,0.40727329831601083,S19__S68,19,Coral,West,Cor_ PB_PP,2.413761,101.895526,68,Seagrass,West,SeG_Tanjung_Rhu,6.461043,99.823702,FALSE,TRUE,FALSE,Different habitat / same coast,"Different habitat
same coast"
S19,S69,0.3794682339722874,S19__S69,19,Coral,West,Cor_ PB_PP,2.413761,101.895526,69,Seagrass,West,SeG_Tanjung_Rhu,6.461208,99.823448,FALSE,TRUE,FALSE,Different habitat / same coast,"Different habitat
same coast"
S19,S70,0.4087953408052056,S19__S70,19,Coral,West,Cor_ PB_PP,2.413761,101.895526,70,Seagrass,West,SeG_Tanjung_Rhu,6.461547,99.819962,FALSE,TRUE,FALSE,Different habitat / same coast,"Different habitat
same coast"
S19,S71,0.9659695365119868,S19__S71,19,Coral,West,Cor_ PB_PP,2.413761,101.895526,71,Coral,East,Cor_Pulau_Redang,5.814393,103.009382,TRUE,FALSE,FALSE,Same habitat / different coast,"Same habitat
different coast"
S19,S73,0.8253872827594773,S19__S73,19,Coral,West,Cor_ PB_PP,2.413761,101.895526,73,Coral,East,Cor_Pulau_Redang,5.816677,103.007751,TRUE,FALSE,FALSE,Same habitat / different coast,"Same habitat
different coast"
S19,S74,0.724345956523467,S19__S74,19,Coral,West,Cor_ PB_PP,2.413761,101.895526,74,Coral,East,Cor_Pulau_Redang,5.816281,103.005989,TRUE,FALSE,FALSE,Same habitat / different coast,"Same habitat
different coast"
S19,S75,0.7388748685643735,S19__S75,19,Coral,West,Cor_ PB_PP,2.413761,101.895526,75,Coral,East,Cor_Pulau_Redang,5.814536,103.006378,TRUE,FALSE,FALSE,Same habitat / different coast,"Same habitat
different coast"
S19,S77,0.5640899768753359,S19__S77,19,Coral,West,Cor_ PB_PP,2.413761,101.895526,77,Coral,East,Cor_Pulau_Bidong,5.624215,103.056647,TRUE,FALSE,FALSE,Same habitat / different coast,"Same habitat
different coast"
S19,S78,0.6060874509180622,S19__S78,19,Coral,West,Cor_ PB_PP,2.413761,101.895526,78,Coral,East,Cor_Pulau_Bidong,5.625977,103.057468,TRUE,FALSE,FALSE,Same habitat / different coast,"Same habitat
different coast"
S19,S80,0.6734852762955034,S19__S80,19,Coral,West,Cor_ PB_PP,2.413761,101.895526,80,Coral,East,Cor_Pulau_Bidong,5.627685,103.059864,TRUE,FALSE,FALSE,Same habitat / different coast,"Same habitat
different coast"
S19,S86,0.5545720162787384,S19__S86,19,Coral,West,Cor_ PB_PP,2.413761,101.895526,86,Mangrove,West,Man_Penaga,5.517253,100.364968,FALSE,TRUE,FALSE,Different habitat / same coast,"Different habitat
same coast"
S19,S87,0.5184252336605316,S19__S87,19,Coral,West,Cor_ PB_PP,2.413761,101.895526,87,Mangrove,West,Man_Penaga,5.51815,100.366985,FALSE,TRUE,FALSE,Different habitat / same coast,"Different habitat
same coast"
S19,S88,0.6728198790181391,S19__S88,19,Coral,West,Cor_ PB_PP,2.413761,101.895526,88,Mangrove,West,Man_Penaga,5.519453,100.369366,FALSE,TRUE,FALSE,Different habitat / same coast,"Different habitat
same coast"
S19,S89,0.7192352234758658,S19__S89,19,Coral,West,Cor_ PB_PP,2.413761,101.895526,89,Mangrove,West,Man_Penaga,5.520585,100.371383,FALSE,TRUE,FALSE,Different habitat / same coast,"Different habitat
same coast"
S19,S90,0.7691095387906803,S19__S90,19,Coral,West,Cor_ PB_PP,2.413761,101.895526,90,Mangrove,West,Man_Penaga,5.522977,100.372478,FALSE,TRUE,FALSE,Different habitat / same coast,"Different habitat
same coast"
S19,S91,0.40070662546991354,S19__S91,19,Coral,West,Cor_ PB_PP,2.413761,101.895526,91,Seagrass,West,SeG_Pulau_Kezambo,5.363009,100.324704,FALSE,TRUE,FALSE,Different habitat / same coast,"Different habitat
same coast"
S19,S92,0.3750167112669149,S19__S92,19,Coral,West,Cor_ PB_PP,2.413761,101.895526,92,Seagrass,West,SeG_Pulau_Kezambo,5.364814,100.324618,FALSE,TRUE,FALSE,Different habitat / same coast,"Different habitat
same coast"
S19,S93,0.37447820247964086,S19__S93,19,Coral,West,Cor_ PB_PP,2.413761,101.895526,93,Seagrass,West,SeG_Pulau_Kezambo,5.365017,100.326968,FALSE,TRUE,FALSE,Different habitat / same coast,"Different habitat
same coast"
S19,S94,0.4359894473364602,S19__S94,19,Coral,West,Cor_ PB_PP,2.413761,101.895526,94,Seagrass,West,SeG_Pulau_Kezambo,5.36303,100.327461,FALSE,TRUE,FALSE,Different habitat / same coast,"Different habitat
same coast"
S19,S95,0.39915243641960657,S19__S95,19,Coral,West,Cor_ PB_PP,2.413761,101.895526,95,Seagrass,West,SeG_Pulau_Kezambo,5.361535,100.325841,FALSE,TRUE,FALSE,Different habitat / same coast,"Different habitat
same coast"
S19,S96,0.6740915665529167,S19__S96,19,Coral,West,Cor_ PB_PP,2.413761,101.895526,96,Mangrove,West,Man_Kuala_Sepetang,4.78359,100.607457,FALSE,TRUE,FALSE,Different habitat / same coast,"Different habitat
same coast"
S19,S97,0.674218599393783,S19__S97,19,Coral,West,Cor_ PB_PP,2.413761,101.895526,97,Mangrove,West,Man_Kuala_Sepetang,4.787012,100.612692,FALSE,TRUE,FALSE,Different habitat / same coast,"Different habitat
same coast"
S19,S98,0.6261228258775592,S19__S98,19,Coral,West,Cor_ PB_PP,2.413761,101.895526,98,Mangrove,West,Man_Kuala_Sepetang,4.788979,100.618615,FALSE,TRUE,FALSE,Different habitat / same coast,"Different habitat
same coast"
S19,S99,0.6364394933776626,S19__S99,19,Coral,West,Cor_ PB_PP,2.413761,101.895526,99,Mangrove,West,Man_Kuala_Sepetang,4.791801,100.624022,FALSE,TRUE,FALSE,Different habitat / same coast,"Different habitat
same coast"
S19,S100,0.659538184928556,S100__S19,19,Coral,West,Cor_ PB_PP,2.413761,101.895526,100,Mangrove,West,Man_Kuala_Sepetang,4.797275,100.62634,FALSE,TRUE,FALSE,Different habitat / same coast,"Different habitat
same coast"
S19,S106,0.56553916728518006,S106__S19,19,Coral,West,Cor_ PB_PP,2.413761,101.895526,106,Mangrove,West,Man_Pulau_Ketam,3.024487,101.320359,FALSE,TRUE,FALSE,Different habitat / same coast,"Different habitat
same coast"
S19,S107,0.5398893000821341,S107__S19,19,Coral,West,Cor_ PB_PP,2.413761,101.895526,107,Mangrove,West,Man_Pulau_Ketam,3.021921,101.326184,FALSE,TRUE,FALSE,Different habitat / same coast,"Different habitat
same coast"
S19,S108,0.4376219102082198,S108__S19,19,Coral,West,Cor_ PB_PP,2.413761,101.895526,108,Mangrove,West,Man_Pulau_Ketam,3.014735,101.325529,FALSE,TRUE,FALSE,Different habitat / same coast,"Different habitat
same coast"
S19,S109,0.5775312505410835,S109__S19,19,Coral,West,Cor_ PB_PP,2.413761,101.895526,109,Mangrove,West,Man_Pulau_Ketam,3.016972,101.333548,FALSE,TRUE,FALSE,Different habitat / same coast,"Different habitat
same coast"
S19,S110,0.4380398382157708,S110__S19,19,Coral,West,Cor_ PB_PP,2.413761,101.895526,110,Mangrove,West,Man_Pulau_Ketam,3.01341,101.336968,FALSE,TRUE,FALSE,Different habitat / same coast,"Different habitat
same coast"
S20,S31,0.46733826946163426,S20__S31,20,Coral,West,Cor_ PB_PP,2.417129,101.883533,31,Coral,East,Cor_Pulau_Tinggi,2.312019,104.091371,TRUE,FALSE,FALSE,Same habitat / different coast,"Same habitat
different coast"
S20,S32,0.5951703855318838,S20__S32,20,Coral,West,Cor_ PB_PP,2.417129,101.883533,32,Coral,East,Cor_Pulau_Tinggi,2.309456,104.09154,TRUE,FALSE,FALSE,Same habitat / different coast,"Same habitat
different coast"
S20,S33,0.5749366073532138,S20__S33,20,Coral,West,Cor_ PB_PP,2.417129,101.883533,33,Coral,East,Cor_Pulau_Tinggi,2.302878,104.092553,TRUE,FALSE,FALSE,Same habitat / different coast,"Same habitat
different coast"
S20,S34,0.5621282340616498,S20__S34,20,Coral,West,Cor_ PB_PP,2.417129,101.883533,34,Coral,East,Cor_Pulau_Tinggi,2.303181,104.092958,TRUE,FALSE,FALSE,Same habitat / different coast,"Same habitat
different coast"
S20,S35,0.4513335850016576,S20__S35,20,Coral,West,Cor_ PB_PP,2.417129,101.883533,35,Coral,East,Cor_Pulau_Tinggi,2.301022,104.093701,TRUE,FALSE,FALSE,Same habitat / different coast,"Same habitat
different coast"
S20,S41,0.4962789499356314,S20__S41,20,Coral,West,Cor_ PB_PP,2.417129,101.883533,41,Coral,East,Cor_Pulau_Ular,4.053491,103.404452,TRUE,FALSE,FALSE,Same habitat / different coast,"Same habitat
different coast"
S20,S42,0.4391538157447061,S20__S42,20,Coral,West,Cor_ PB_PP,2.417129,101.883533,42,Coral,East,Cor_Pulau_Ular,4.054416,103.409527,TRUE,FALSE,FALSE,Same habitat / different coast,"Same habitat
different coast"
S20,S43,0.502049152182664,S20__S43,20,Coral,West,Cor_ PB_PP,2.417129,101.883533,43,Coral,East,Cor_Pulau_Ular,4.057277,103.409519,TRUE,FALSE,FALSE,Same habitat / different coast,"Same habitat
different coast"
S20,S44,0.4158051339508096,S20__S44,20,Coral,West,Cor_ PB_PP,2.417129,101.883533,44,Coral,East,Cor_Pulau_Ular,4.058469,103.407966,TRUE,FALSE,FALSE,Same habitat / different coast,"Same habitat
different coast"
S20,S45,0.438444893110997,S20__S45,20,Coral,West,Cor_ PB_PP,2.417129,101.883533,45,Coral,East,Cor_Pulau_Ular,4.05599,103.405705,TRUE,FALSE,FALSE,Same habitat / different coast,"Same habitat
different coast"
S20,S61,0.3895366292106215,S20__S61,20,Coral,West,Cor_ PB_PP,2.417129,101.883533,61,Mangrove,West,Man_Selat_Nyior,6.217682,99.829402,FALSE,TRUE,FALSE,Different habitat / same coast,"Different habitat
same coast"
S20,S62,0.4404609075614739,S20__S62,20,Coral,West,Cor_ PB_PP,2.417129,101.883533,62,Mangrove,West,Man_Selat_Nyior,6.220929,99.825029,FALSE,TRUE,FALSE,Different habitat / same coast,"Different habitat
same coast"
S20,S63,0.43071405747044766,S20__S63,20,Coral,West,Cor_ PB_PP,2.417129,101.883533,63,Mangrove,West,Man_Selat_Nyior,6.224728,99.821968,FALSE,TRUE,FALSE,Different habitat / same coast,"Different habitat
same coast"
S20,S64,0.4752106209889276,S20__S64,20,Coral,West,Cor_ PB_PP,2.417129,101.883533,64,Mangrove,West,Man_Selat_Nyior,6.228636,99.820188,FALSE,TRUE,FALSE,Different habitat / same coast,"Different habitat
same coast"
S20,S65,0.45744520148553497,S20__S65,20,Coral,West,Cor_ PB_PP,2.417129,101.883533,65,Mangrove,West,Man_Selat_Nyior,6.235251,99.818035,FALSE,TRUE,FALSE,Different habitat / same coast,"Different habitat
same coast"
S20,S66,0.43725801792163943,S20__S66,20,Coral,West,Cor_ PB_PP,2.417129,101.883533,66,Seagrass,West,SeG_Tanjung_Rhu,6.460722,99.827135,FALSE,TRUE,FALSE,Different habitat / same coast,"Different habitat
same coast"
S20,S67,0.41262917658720427,S20__S67,20,Coral,West,Cor_ PB_PP,2.417129,101.883533,67,Seagrass,West,SeG_Tanjung_Rhu,6.460835,99.825327,FALSE,TRUE,FALSE,Different habitat / same coast,"Different habitat
same coast"
S20,S68,0.4033306530828204,S20__S68,20,Coral,West,Cor_ PB_PP,2.417129,101.883533,68,Seagrass,West,SeG_Tanjung_Rhu,6.461043,99.823702,FALSE,TRUE,FALSE,Different habitat / same coast,"Different habitat
same coast"
S20,S69,0.3702627940345029,S20__S69,20,Coral,West,Cor_ PB_PP,2.417129,101.883533,69,Seagrass,West,SeG_Tanjung_Rhu,6.461208,99.823448,FALSE,TRUE,FALSE,Different habitat / same coast,"Different habitat
same coast"
S20,S70,0.42250900786187273,S20__S70,20,Coral,West,Cor_ PB_PP,2.417129,101.883533,70,Seagrass,West,SeG_Tanjung_Rhu,6.461547,99.819962,FALSE,TRUE,FALSE,Different habitat / same coast,"Different habitat
same coast"
S20,S71,0.9871021479131463,S20__S71,20,Coral,West,Cor_ PB_PP,2.417129,101.883533,71,Coral,East,Cor_Pulau_Redang,5.814393,103.009382,TRUE,FALSE,FALSE,Same habitat / different coast,"Same habitat
different coast"
S20,S73,0.8107250428839379,S20__S73,20,Coral,West,Cor_ PB_PP,2.417129,101.883533,73,Coral,East,Cor_Pulau_Redang,5.816677,103.007751,TRUE,FALSE,FALSE,Same habitat / different coast,"Same habitat
different coast"
S20,S74,0.6912201999091481,S20__S74,20,Coral,West,Cor_ PB_PP,2.417129,101.883533,74,Coral,East,Cor_Pulau_Redang,5.816281,103.005989,TRUE,FALSE,FALSE,Same habitat / different coast,"Same habitat
different coast"
S20,S75,0.714004793670304,S20__S75,20,Coral,West,Cor_ PB_PP,2.417129,101.883533,75,Coral,East,Cor_Pulau_Redang,5.814536,103.006378,TRUE,FALSE,FALSE,Same habitat / different coast,"Same habitat
different coast"
S20,S77,0.5718915828242094,S20__S77,20,Coral,West,Cor_ PB_PP,2.417129,101.883533,77,Coral,East,Cor_Pulau_Bidong,5.624215,103.056647,TRUE,FALSE,FALSE,Same habitat / different coast,"Same habitat
different coast"
S20,S78,0.6222058418802349,S20__S78,20,Coral,West,Cor_ PB_PP,2.417129,101.883533,78,Coral,East,Cor_Pulau_Bidong,5.625977,103.057468,TRUE,FALSE,FALSE,Same habitat / different coast,"Same habitat
different coast"
S20,S80,0.6627124447512632,S20__S80,20,Coral,West,Cor_ PB_PP,2.417129,101.883533,80,Coral,East,Cor_Pulau_Bidong,5.627685,103.059864,TRUE,FALSE,FALSE,Same habitat / different coast,"Same habitat
different coast"
S20,S86,0.5510133373988582,S20__S86,20,Coral,West,Cor_ PB_PP,2.417129,101.883533,86,Mangrove,West,Man_Penaga,5.517253,100.364968,FALSE,TRUE,FALSE,Different habitat / same coast,"Different habitat
same coast"
S20,S87,0.4907459982637983,S20__S87,20,Coral,West,Cor_ PB_PP,2.417129,101.883533,87,Mangrove,West,Man_Penaga,5.51815,100.366985,FALSE,TRUE,FALSE,Different habitat / same coast,"Different habitat
same coast"
S20,S88,0.645889134808607,S20__S88,20,Coral,West,Cor_ PB_PP,2.417129,101.883533,88,Mangrove,West,Man_Penaga,5.519453,100.369366,FALSE,TRUE,FALSE,Different habitat / same coast,"Different habitat
same coast"
S20,S89,0.699338453834102,S20__S89,20,Coral,West,Cor_ PB_PP,2.417129,101.883533,89,Mangrove,West,Man_Penaga,5.520585,100.371383,FALSE,TRUE,FALSE,Different habitat / same coast,"Different habitat
same coast"
S20,S90,0.7569359432560784,S20__S90,20,Coral,West,Cor_ PB_PP,2.417129,101.883533,90,Mangrove,West,Man_Penaga,5.522977,100.372478,FALSE,TRUE,FALSE,Different habitat / same coast,"Different habitat
same coast"
S20,S91,0.3598300193766716,S20__S91,20,Coral,West,Cor_ PB_PP,2.417129,101.883533,91,Seagrass,West,SeG_Pulau_Kezambo,5.363009,100.324704,FALSE,TRUE,FALSE,Different habitat / same coast,"Different habitat
same coast"
S20,S92,0.3357520389827644,S20__S92,20,Coral,West,Cor_ PB_PP,2.417129,101.883533,92,Seagrass,West,SeG_Pulau_Kezambo,5.364814,100.324618,FALSE,TRUE,FALSE,Different habitat / same coast,"Different habitat
same coast"
S20,S93,0.3549886902090192,S20__S93,20,Coral,West,Cor_ PB_PP,2.417129,101.883533,93,Seagrass,West,SeG_Pulau_Kezambo,5.365017,100.326968,FALSE,TRUE,FALSE,Different habitat / same coast,"Different habitat
same coast"
S20,S94,0.3980659779491383,S20__S94,20,Coral,West,Cor_ PB_PP,2.417129,101.883533,94,Seagrass,West,SeG_Pulau_Kezambo,5.36303,100.327461,FALSE,TRUE,FALSE,Different habitat / same coast,"Different habitat
same coast"
S20,S95,0.3480525108886107,S20__S95,20,Coral,West,Cor_ PB_PP,2.417129,101.883533,95,Seagrass,West,SeG_Pulau_Kezambo,5.361535,100.325841,FALSE,TRUE,FALSE,Different habitat / same coast,"Different habitat
same coast"
S20,S96,0.7019910508136961,S20__S96,20,Coral,West,Cor_ PB_PP,2.417129,101.883533,96,Mangrove,West,Man_Kuala_Sepetang,4.78359,100.607457,FALSE,TRUE,FALSE,Different habitat / same coast,"Different habitat
same coast"
S20,S97,0.7027789189733545,S20__S97,20,Coral,West,Cor_ PB_PP,2.417129,101.883533,97,Mangrove,West,Man_Kuala_Sepetang,4.787012,100.612692,FALSE,TRUE,FALSE,Different habitat / same coast,"Different habitat
same coast"
S20,S98,0.6507529689259146,S20__S98,20,Coral,West,Cor_ PB_PP,2.417129,101.883533,98,Mangrove,West,Man_Kuala_Sepetang,4.788979,100.618615,FALSE,TRUE,FALSE,Different habitat / same coast,"Different habitat
same coast"
S20,S99,0.6348485695921933,S20__S99,20,Coral,West,Cor_ PB_PP,2.417129,101.883533,99,Mangrove,West,Man_Kuala_Sepetang,4.791801,100.624022,FALSE,TRUE,FALSE,Different habitat / same coast,"Different habitat
same coast"
S20,S100,0.6527201404266872,S100__S20,20,Coral,West,Cor_ PB_PP,2.417129,101.883533,100,Mangrove,West,Man_Kuala_Sepetang,4.797275,100.62634,FALSE,TRUE,FALSE,Different habitat / same coast,"Different habitat
same coast"
S20,S106,0.5588296027016867,S106__S20,20,Coral,West,Cor_ PB_PP,2.417129,101.883533,106,Mangrove,West,Man_Pulau_Ketam,3.024487,101.320359,FALSE,TRUE,FALSE,Different habitat / same coast,"Different habitat
same coast"
S20,S107,0.5436708167176633,S107__S20,20,Coral,West,Cor_ PB_PP,2.417129,101.883533,107,Mangrove,West,Man_Pulau_Ketam,3.021921,101.326184,FALSE,TRUE,FALSE,Different habitat / same coast,"Different habitat
same coast"
S20,S108,0.4474507818416104,S108__S20,20,Coral,West,Cor_ PB_PP,2.417129,101.883533,108,Mangrove,West,Man_Pulau_Ketam,3.014735,101.325529,FALSE,TRUE,FALSE,Different habitat / same coast,"Different habitat
same coast"
S20,S109,0.5728551003405633,S109__S20,20,Coral,West,Cor_ PB_PP,2.417129,101.883533,109,Mangrove,West,Man_Pulau_Ketam,3.016972,101.333548,FALSE,TRUE,FALSE,Different habitat / same coast,"Different habitat
same coast"
S20,S110,0.43517420013641117,S110__S20,20,Coral,West,Cor_ PB_PP,2.417129,101.883533,110,Mangrove,West,Man_Pulau_Ketam,3.01341,101.336968,FALSE,TRUE,FALSE,Different habitat / same coast,"Different habitat
same coast"
S21,S26,0.5361166230892075,S21__S26,21,Mangrove,East,Man_Pulau_Tinggi,2.287462,104.109177,26,Seagrass,East,SeG_PulauTinggi,2.280441,104.113867,FALSE,TRUE,FALSE,Different habitat / same coast,"Different habitat
same coast"
S21,S27,0.4264534058225388,S21__S27,21,Mangrove,East,Man_Pulau_Tinggi,2.287462,104.109177,27,Seagrass,East,SeG_PulauTinggi,2.279617,104.11021,FALSE,TRUE,FALSE,Different habitat / same coast,"Different habitat
same coast"
S21,S28,0.4179007102324445,S21__S28,21,Mangrove,East,Man_Pulau_Tinggi,2.287462,104.109177,28,Seagrass,East,SeG_PulauTinggi,2.282247,104.106545,FALSE,TRUE,FALSE,Different habitat / same coast,"Different habitat
same coast"
S21,S29,0.326011707388871,S21__S29,21,Mangrove,East,Man_Pulau_Tinggi,2.287462,104.109177,29,Seagrass,East,SeG_PulauTinggi,2.28497,104.105134,FALSE,TRUE,FALSE,Different habitat / same coast,"Different habitat
same coast"
S21,S30,0.4395467593906899,S21__S30,21,Mangrove,East,Man_Pulau_Tinggi,2.287462,104.109177,30,Seagrass,East,SeG_PulauTinggi,2.288352,104.10363,FALSE,TRUE,FALSE,Different habitat / same coast,"Different habitat
same coast"
S21,S31,0.528362677040326,S21__S31,21,Mangrove,East,Man_Pulau_Tinggi,2.287462,104.109177,31,Coral,East,Cor_Pulau_Tinggi,2.312019,104.091371,FALSE,TRUE,FALSE,Different habitat / same coast,"Different habitat
same coast"
S21,S32,0.48539934996112666,S21__S32,21,Mangrove,East,Man_Pulau_Tinggi,2.287462,104.109177,32,Coral,East,Cor_Pulau_Tinggi,2.309456,104.09154,FALSE,TRUE,FALSE,Different habitat / same coast,"Different habitat
same coast"
S21,S33,0.56083679244233,S21__S33,21,Mangrove,East,Man_Pulau_Tinggi,2.287462,104.109177,33,Coral,East,Cor_Pulau_Tinggi,2.302878,104.092553,FALSE,TRUE,FALSE,Different habitat / same coast,"Different habitat
same coast"
S21,S34,0.32139207660443553,S21__S34,21,Mangrove,East,Man_Pulau_Tinggi,2.287462,104.109177,34,Coral,East,Cor_Pulau_Tinggi,2.303181,104.092958,FALSE,TRUE,FALSE,Different habitat / same coast,"Different habitat
same coast"
S21,S35,0.4079363965895538,S21__S35,21,Mangrove,East,Man_Pulau_Tinggi,2.287462,104.109177,35,Coral,East,Cor_Pulau_Tinggi,2.301022,104.093701,FALSE,TRUE,FALSE,Different habitat / same coast,"Different habitat
same coast"
S21,S41,0.8392983916939745,S21__S41,21,Mangrove,East,Man_Pulau_Tinggi,2.287462,104.109177,41,Coral,East,Cor_Pulau_Ular,4.053491,103.404452,FALSE,TRUE,FALSE,Different habitat / same coast,"Different habitat
same coast"
S21,S42,0.8488450285264916,S21__S42,21,Mangrove,East,Man_Pulau_Tinggi,2.287462,104.109177,42,Coral,East,Cor_Pulau_Ular,4.054416,103.409527,FALSE,TRUE,FALSE,Different habitat / same coast,"Different habitat
same coast"
S21,S43,0.7874800412156117,S21__S43,21,Mangrove,East,Man_Pulau_Tinggi,2.287462,104.109177,43,Coral,East,Cor_Pulau_Ular,4.057277,103.409519,FALSE,TRUE,FALSE,Different habitat / same coast,"Different habitat
same coast"
S21,S44,0.7936510197239939,S21__S44,21,Mangrove,East,Man_Pulau_Tinggi,2.287462,104.109177,44,Coral,East,Cor_Pulau_Ular,4.058469,103.407966,FALSE,TRUE,FALSE,Different habitat / same coast,"Different habitat
same coast"
S21,S45,0.7999070679859731,S21__S45,21,Mangrove,East,Man_Pulau_Tinggi,2.287462,104.109177,45,Coral,East,Cor_Pulau_Ular,4.05599,103.405705,FALSE,TRUE,FALSE,Different habitat / same coast,"Different habitat
same coast"
S21,S51,0.845761377573843,S21__S51,21,Mangrove,East,Man_Pulau_Tinggi,2.287462,104.109177,51,Seagrass,East,ManSeG_Paka,4.657741,103.438562,FALSE,TRUE,FALSE,Different habitat / same coast,"Different habitat
same coast"
S21,S52,0.8605348970278616,S21__S52,21,Mangrove,East,Man_Pulau_Tinggi,2.287462,104.109177,52,Seagrass,East,ManSeG_Paka,4.656438,103.436615,FALSE,TRUE,FALSE,Different habitat / same coast,"Different habitat
same coast"
S21,S53,0.8669582154691652,S21__S53,21,Mangrove,East,Man_Pulau_Tinggi,2.287462,104.109177,53,Seagrass,East,ManSeG_Paka,4.653916,103.433807,FALSE,TRUE,FALSE,Different habitat / same coast,"Different habitat
same coast"
S21,S54,0.8785237896912198,S21__S54,21,Mangrove,East,Man_Pulau_Tinggi,2.287462,104.109177,54,Seagrass,East,ManSeG_Paka,4.648234,103.435003,FALSE,TRUE,FALSE,Different habitat / same coast,"Different habitat
same coast"
S21,S55,0.8845489763262308,S21__S55,21,Mangrove,East,Man_Pulau_Tinggi,2.287462,104.109177,55,Seagrass,East,ManSeG_Paka,4.644799,103.436867,FALSE,TRUE,FALSE,Different habitat / same coast,"Different habitat
same coast"
S21,S61,0.7247900310064387,S21__S61,21,Mangrove,East,Man_Pulau_Tinggi,2.287462,104.109177,61,Mangrove,West,Man_Selat_Nyior,6.217682,99.829402,TRUE,FALSE,FALSE,Same habitat / different coast,"Same habitat
different coast"
S21,S62,0.7356945427673461,S21__S62,21,Mangrove,East,Man_Pulau_Tinggi,2.287462,104.109177,62,Mangrove,West,Man_Selat_Nyior,6.220929,99.825029,TRUE,FALSE,FALSE,Same habitat / different coast,"Same habitat
different coast"
S21,S63,0.7253279445561215,S21__S63,21,Mangrove,East,Man_Pulau_Tinggi,2.287462,104.109177,63,Mangrove,West,Man_Selat_Nyior,6.224728,99.821968,TRUE,FALSE,FALSE,Same habitat / different coast,"Same habitat
different coast"
S21,S64,0.7824668570816178,S21__S64,21,Mangrove,East,Man_Pulau_Tinggi,2.287462,104.109177,64,Mangrove,West,Man_Selat_Nyior,6.228636,99.820188,TRUE,FALSE,FALSE,Same habitat / different coast,"Same habitat
different coast"
S21,S65,0.7797633698437642,S21__S65,21,Mangrove,East,Man_Pulau_Tinggi,2.287462,104.109177,65,Mangrove,West,Man_Selat_Nyior,6.235251,99.818035,TRUE,FALSE,FALSE,Same habitat / different coast,"Same habitat
different coast"
S21,S71,0.9257328710236248,S21__S71,21,Mangrove,East,Man_Pulau_Tinggi,2.287462,104.109177,71,Coral,East,Cor_Pulau_Redang,5.814393,103.009382,FALSE,TRUE,FALSE,Different habitat / same coast,"Different habitat
same coast"
S21,S73,0.948053734935831,S21__S73,21,Mangrove,East,Man_Pulau_Tinggi,2.287462,104.109177,73,Coral,East,Cor_Pulau_Redang,5.816677,103.007751,FALSE,TRUE,FALSE,Different habitat / same coast,"Different habitat
same coast"
S21,S74,0.9330006552081953,S21__S74,21,Mangrove,East,Man_Pulau_Tinggi,2.287462,104.109177,74,Coral,East,Cor_Pulau_Redang,5.816281,103.005989,FALSE,TRUE,FALSE,Different habitat / same coast,"Different habitat
same coast"
S21,S75,0.9169181691061395,S21__S75,21,Mangrove,East,Man_Pulau_Tinggi,2.287462,104.109177,75,Coral,East,Cor_Pulau_Redang,5.814536,103.006378,FALSE,TRUE,FALSE,Different habitat / same coast,"Different habitat
same coast"
S21,S77,0.7557853680571203,S21__S77,21,Mangrove,East,Man_Pulau_Tinggi,2.287462,104.109177,77,Coral,East,Cor_Pulau_Bidong,5.624215,103.056647,FALSE,TRUE,FALSE,Different habitat / same coast,"Different habitat
same coast"
S21,S78,0.8162543641825286,S21__S78,21,Mangrove,East,Man_Pulau_Tinggi,2.287462,104.109177,78,Coral,East,Cor_Pulau_Bidong,5.625977,103.057468,FALSE,TRUE,FALSE,Different habitat / same coast,"Different habitat
same coast"
S21,S80,0.7864536811273788,S21__S80,21,Mangrove,East,Man_Pulau_Tinggi,2.287462,104.109177,80,Coral,East,Cor_Pulau_Bidong,5.627685,103.059864,FALSE,TRUE,FALSE,Different habitat / same coast,"Different habitat
same coast"
S21,S86,0.8277549944464223,S21__S86,21,Mangrove,East,Man_Pulau_Tinggi,2.287462,104.109177,86,Mangrove,West,Man_Penaga,5.517253,100.364968,TRUE,FALSE,FALSE,Same habitat / different coast,"Same habitat
different coast"
S21,S87,0.78745763825118,S21__S87,21,Mangrove,East,Man_Pulau_Tinggi,2.287462,104.109177,87,Mangrove,West,Man_Penaga,5.51815,100.366985,TRUE,FALSE,FALSE,Same habitat / different coast,"Same habitat
different coast"
S21,S88,0.886833002058745,S21__S88,21,Mangrove,East,Man_Pulau_Tinggi,2.287462,104.109177,88,Mangrove,West,Man_Penaga,5.519453,100.369366,TRUE,FALSE,FALSE,Same habitat / different coast,"Same habitat
different coast"
S21,S89,0.9004370820892029,S21__S89,21,Mangrove,East,Man_Pulau_Tinggi,2.287462,104.109177,89,Mangrove,West,Man_Penaga,5.520585,100.371383,TRUE,FALSE,FALSE,Same habitat / different coast,"Same habitat
different coast"
S21,S90,0.9125142766366264,S21__S90,21,Mangrove,East,Man_Pulau_Tinggi,2.287462,104.109177,90,Mangrove,West,Man_Penaga,5.522977,100.372478,TRUE,FALSE,FALSE,Same habitat / different coast,"Same habitat
different coast"
S21,S96,0.8736558029601625,S21__S96,21,Mangrove,East,Man_Pulau_Tinggi,2.287462,104.109177,96,Mangrove,West,Man_Kuala_Sepetang,4.78359,100.607457,TRUE,FALSE,FALSE,Same habitat / different coast,"Same habitat
different coast"
S21,S97,0.8742517623683314,S21__S97,21,Mangrove,East,Man_Pulau_Tinggi,2.287462,104.109177,97,Mangrove,West,Man_Kuala_Sepetang,4.787012,100.612692,TRUE,FALSE,FALSE,Same habitat / different coast,"Same habitat
different coast"
S21,S98,0.8860352597499955,S21__S98,21,Mangrove,East,Man_Pulau_Tinggi,2.287462,104.109177,98,Mangrove,West,Man_Kuala_Sepetang,4.788979,100.618615,TRUE,FALSE,FALSE,Same habitat / different coast,"Same habitat
different coast"
S21,S99,0.9039470003070408,S21__S99,21,Mangrove,East,Man_Pulau_Tinggi,2.287462,104.109177,99,Mangrove,West,Man_Kuala_Sepetang,4.791801,100.624022,TRUE,FALSE,FALSE,Same habitat / different coast,"Same habitat
different coast"
S21,S100,0.8836834807006082,S100__S21,21,Mangrove,East,Man_Pulau_Tinggi,2.287462,104.109177,100,Mangrove,West,Man_Kuala_Sepetang,4.797275,100.62634,TRUE,FALSE,FALSE,Same habitat / different coast,"Same habitat
different coast"
S21,S106,0.8305684086931597,S106__S21,21,Mangrove,East,Man_Pulau_Tinggi,2.287462,104.109177,106,Mangrove,West,Man_Pulau_Ketam,3.024487,101.320359,TRUE,FALSE,FALSE,Same habitat / different coast,"Same habitat
different coast"
S21,S107,0.8096146913664463,S107__S21,21,Mangrove,East,Man_Pulau_Tinggi,2.287462,104.109177,107,Mangrove,West,Man_Pulau_Ketam,3.021921,101.326184,TRUE,FALSE,FALSE,Same habitat / different coast,"Same habitat
different coast"
S21,S108,0.7613345105044712,S108__S21,21,Mangrove,East,Man_Pulau_Tinggi,2.287462,104.109177,108,Mangrove,West,Man_Pulau_Ketam,3.014735,101.325529,TRUE,FALSE,FALSE,Same habitat / different coast,"Same habitat
different coast"
S21,S109,0.7485817084355295,S109__S21,21,Mangrove,East,Man_Pulau_Tinggi,2.287462,104.109177,109,Mangrove,West,Man_Pulau_Ketam,3.016972,101.333548,TRUE,FALSE,FALSE,Same habitat / different coast,"Same habitat
different coast"
S21,S110,0.7022842767783685,S110__S21,21,Mangrove,East,Man_Pulau_Tinggi,2.287462,104.109177,110,Mangrove,West,Man_Pulau_Ketam,3.01341,101.336968,TRUE,FALSE,FALSE,Same habitat / different coast,"Same habitat
different coast"
S22,S26,0.6433794878911188,S22__S26,22,Mangrove,East,Man_Pulau_Tinggi,2.289198,104.110969,26,Seagrass,East,SeG_PulauTinggi,2.280441,104.113867,FALSE,TRUE,FALSE,Different habitat / same coast,"Different habitat
same coast"
S22,S27,0.4927832069099768,S22__S27,22,Mangrove,East,Man_Pulau_Tinggi,2.289198,104.110969,27,Seagrass,East,SeG_PulauTinggi,2.279617,104.11021,FALSE,TRUE,FALSE,Different habitat / same coast,"Different habitat
same coast"
S22,S28,0.7243850378572937,S22__S28,22,Mangrove,East,Man_Pulau_Tinggi,2.289198,104.110969,28,Seagrass,East,SeG_PulauTinggi,2.282247,104.106545,FALSE,TRUE,FALSE,Different habitat / same coast,"Different habitat
same coast"
S22,S29,0.7306476898643174,S22__S29,22,Mangrove,East,Man_Pulau_Tinggi,2.289198,104.110969,29,Seagrass,East,SeG_PulauTinggi,2.28497,104.105134,FALSE,TRUE,FALSE,Different habitat / same coast,"Different habitat
same coast"
S22,S30,0.49178047117528667,S22__S30,22,Mangrove,East,Man_Pulau_Tinggi,2.289198,104.110969,30,Seagrass,East,SeG_PulauTinggi,2.288352,104.10363,FALSE,TRUE,FALSE,Different habitat / same coast,"Different habitat
same coast"
S22,S31,0.49910644451834213,S22__S31,22,Mangrove,East,Man_Pulau_Tinggi,2.289198,104.110969,31,Coral,East,Cor_Pulau_Tinggi,2.312019,104.091371,FALSE,TRUE,FALSE,Different habitat / same coast,"Different habitat
same coast"
S22,S32,0.6118523182269417,S22__S32,22,Mangrove,East,Man_Pulau_Tinggi,2.289198,104.110969,32,Coral,East,Cor_Pulau_Tinggi,2.309456,104.09154,FALSE,TRUE,FALSE,Different habitat / same coast,"Different habitat
same coast"
S22,S33,0.55705734235517,S22__S33,22,Mangrove,East,Man_Pulau_Tinggi,2.289198,104.110969,33,Coral,East,Cor_Pulau_Tinggi,2.302878,104.092553,FALSE,TRUE,FALSE,Different habitat / same coast,"Different habitat
same coast"
S22,S34,0.6009840625746933,S22__S34,22,Mangrove,East,Man_Pulau_Tinggi,2.289198,104.110969,34,Coral,East,Cor_Pulau_Tinggi,2.303181,104.092958,FALSE,TRUE,FALSE,Different habitat / same coast,"Different habitat
same coast"
S22,S35,0.4813464807675298,S22__S35,22,Mangrove,East,Man_Pulau_Tinggi,2.289198,104.110969,35,Coral,East,Cor_Pulau_Tinggi,2.301022,104.093701,FALSE,TRUE,FALSE,Different habitat / same coast,"Different habitat
same coast"
S22,S41,0.5578603461902139,S22__S41,22,Mangrove,East,Man_Pulau_Tinggi,2.289198,104.110969,41,Coral,East,Cor_Pulau_Ular,4.053491,103.404452,FALSE,TRUE,FALSE,Different habitat / same coast,"Different habitat
same coast"
S22,S42,0.5428815612923897,S22__S42,22,Mangrove,East,Man_Pulau_Tinggi,2.289198,104.110969,42,Coral,East,Cor_Pulau_Ular,4.054416,103.409527,FALSE,TRUE,FALSE,Different habitat / same coast,"Different habitat
same coast"
S22,S43,0.5329097881991605,S22__S43,22,Mangrove,East,Man_Pulau_Tinggi,2.289198,104.110969,43,Coral,East,Cor_Pulau_Ular,4.057277,103.409519,FALSE,TRUE,FALSE,Different habitat / same coast,"Different habitat
same coast"
S22,S44,0.5022237801003887,S22__S44,22,Mangrove,East,Man_Pulau_Tinggi,2.289198,104.110969,44,Coral,East,Cor_Pulau_Ular,4.058469,103.407966,FALSE,TRUE,FALSE,Different habitat / same coast,"Different habitat
same coast"
S22,S45,0.5276995041670592,S22__S45,22,Mangrove,East,Man_Pulau_Tinggi,2.289198,104.110969,45,Coral,East,Cor_Pulau_Ular,4.05599,103.405705,FALSE,TRUE,FALSE,Different habitat / same coast,"Different habitat
same coast"
S22,S51,0.45990190452653484,S22__S51,22,Mangrove,East,Man_Pulau_Tinggi,2.289198,104.110969,51,Seagrass,East,ManSeG_Paka,4.657741,103.438562,FALSE,TRUE,FALSE,Different habitat / same coast,"Different habitat
same coast"
S22,S52,0.49510510284676673,S22__S52,22,Mangrove,East,Man_Pulau_Tinggi,2.289198,104.110969,52,Seagrass,East,ManSeG_Paka,4.656438,103.436615,FALSE,TRUE,FALSE,Different habitat / same coast,"Different habitat
same coast"
S22,S53,0.47254735390096503,S22__S53,22,Mangrove,East,Man_Pulau_Tinggi,2.289198,104.110969,53,Seagrass,East,ManSeG_Paka,4.653916,103.433807,FALSE,TRUE,FALSE,Different habitat / same coast,"Different habitat
same coast"
S22,S54,0.4881737554168869,S22__S54,22,Mangrove,East,Man_Pulau_Tinggi,2.289198,104.110969,54,Seagrass,East,ManSeG_Paka,4.648234,103.435003,FALSE,TRUE,FALSE,Different habitat / same coast,"Different habitat
same coast"
S22,S55,0.47028261582252784,S22__S55,22,Mangrove,East,Man_Pulau_Tinggi,2.289198,104.110969,55,Seagrass,East,ManSeG_Paka,4.644799,103.436867,FALSE,TRUE,FALSE,Different habitat / same coast,"Different habitat
same coast"
S22,S61,0.42050327767647816,S22__S61,22,Mangrove,East,Man_Pulau_Tinggi,2.289198,104.110969,61,Mangrove,West,Man_Selat_Nyior,6.217682,99.829402,TRUE,FALSE,FALSE,Same habitat / different coast,"Same habitat
different coast"
S22,S62,0.4223677969128022,S22__S62,22,Mangrove,East,Man_Pulau_Tinggi,2.289198,104.110969,62,Mangrove,West,Man_Selat_Nyior,6.220929,99.825029,TRUE,FALSE,FALSE,Same habitat / different coast,"Same habitat
different coast"
S22,S63,0.4131980192255822,S22__S63,22,Mangrove,East,Man_Pulau_Tinggi,2.289198,104.110969,63,Mangrove,West,Man_Selat_Nyior,6.224728,99.821968,TRUE,FALSE,FALSE,Same habitat / different coast,"Same habitat
different coast"
S22,S64,0.47175598468760493,S22__S64,22,Mangrove,East,Man_Pulau_Tinggi,2.289198,104.110969,64,Mangrove,West,Man_Selat_Nyior,6.228636,99.820188,TRUE,FALSE,FALSE,Same habitat / different coast,"Same habitat
different coast"
S22,S65,0.45721367340174196,S22__S65,22,Mangrove,East,Man_Pulau_Tinggi,2.289198,104.110969,65,Mangrove,West,Man_Selat_Nyior,6.235251,99.818035,TRUE,FALSE,FALSE,Same habitat / different coast,"Same habitat
different coast"
S22,S71,0.9903448123098365,S22__S71,22,Mangrove,East,Man_Pulau_Tinggi,2.289198,104.110969,71,Coral,East,Cor_Pulau_Redang,5.814393,103.009382,FALSE,TRUE,FALSE,Different habitat / same coast,"Different habitat
same coast"
S22,S73,0.8500461621669602,S22__S73,22,Mangrove,East,Man_Pulau_Tinggi,2.289198,104.110969,73,Coral,East,Cor_Pulau_Redang,5.816677,103.007751,FALSE,TRUE,FALSE,Different habitat / same coast,"Different habitat
same coast"
S22,S74,0.7048070294719688,S22__S74,22,Mangrove,East,Man_Pulau_Tinggi,2.289198,104.110969,74,Coral,East,Cor_Pulau_Redang,5.816281,103.005989,FALSE,TRUE,FALSE,Different habitat / same coast,"Different habitat
same coast"
S22,S75,0.7704306376925231,S22__S75,22,Mangrove,East,Man_Pulau_Tinggi,2.289198,104.110969,75,Coral,East,Cor_Pulau_Redang,5.814536,103.006378,FALSE,TRUE,FALSE,Different habitat / same coast,"Different habitat
same coast"
S22,S77,0.6086857992368515,S22__S77,22,Mangrove,East,Man_Pulau_Tinggi,2.289198,104.110969,77,Coral,East,Cor_Pulau_Bidong,5.624215,103.056647,FALSE,TRUE,FALSE,Different habitat / same coast,"Different habitat
same coast"
S22,S78,0.6953537113908703,S22__S78,22,Mangrove,East,Man_Pulau_Tinggi,2.289198,104.110969,78,Coral,East,Cor_Pulau_Bidong,5.625977,103.057468,FALSE,TRUE,FALSE,Different habitat / same coast,"Different habitat
same coast"
S22,S80,0.7056292540851316,S22__S80,22,Mangrove,East,Man_Pulau_Tinggi,2.289198,104.110969,80,Coral,East,Cor_Pulau_Bidong,5.627685,103.059864,FALSE,TRUE,FALSE,Different habitat / same coast,"Different habitat
same coast"
S22,S86,0.5956414923339377,S22__S86,22,Mangrove,East,Man_Pulau_Tinggi,2.289198,104.110969,86,Mangrove,West,Man_Penaga,5.517253,100.364968,TRUE,FALSE,FALSE,Same habitat / different coast,"Same habitat
different coast"
S22,S87,0.5093958084594331,S22__S87,22,Mangrove,East,Man_Pulau_Tinggi,2.289198,104.110969,87,Mangrove,West,Man_Penaga,5.51815,100.366985,TRUE,FALSE,FALSE,Same habitat / different coast,"Same habitat
different coast"
S22,S88,0.6341320299520452,S22__S88,22,Mangrove,East,Man_Pulau_Tinggi,2.289198,104.110969,88,Mangrove,West,Man_Penaga,5.519453,100.369366,TRUE,FALSE,FALSE,Same habitat / different coast,"Same habitat
different coast"
S22,S89,0.6544711157563669,S22__S89,22,Mangrove,East,Man_Pulau_Tinggi,2.289198,104.110969,89,Mangrove,West,Man_Penaga,5.520585,100.371383,TRUE,FALSE,FALSE,Same habitat / different coast,"Same habitat
different coast"
S22,S90,0.6914987428003248,S22__S90,22,Mangrove,East,Man_Pulau_Tinggi,2.289198,104.110969,90,Mangrove,West,Man_Penaga,5.522977,100.372478,TRUE,FALSE,FALSE,Same habitat / different coast,"Same habitat
different coast"
S22,S96,0.7223174806601625,S22__S96,22,Mangrove,East,Man_Pulau_Tinggi,2.289198,104.110969,96,Mangrove,West,Man_Kuala_Sepetang,4.78359,100.607457,TRUE,FALSE,FALSE,Same habitat / different coast,"Same habitat
different coast"
S22,S97,0.7070857910293574,S22__S97,22,Mangrove,East,Man_Pulau_Tinggi,2.289198,104.110969,97,Mangrove,West,Man_Kuala_Sepetang,4.787012,100.612692,TRUE,FALSE,FALSE,Same habitat / different coast,"Same habitat
different coast"
S22,S98,0.6492751720044795,S22__S98,22,Mangrove,East,Man_Pulau_Tinggi,2.289198,104.110969,98,Mangrove,West,Man_Kuala_Sepetang,4.788979,100.618615,TRUE,FALSE,FALSE,Same habitat / different coast,"Same habitat
different coast"
S22,S99,0.6199835882861567,S22__S99,22,Mangrove,East,Man_Pulau_Tinggi,2.289198,104.110969,99,Mangrove,West,Man_Kuala_Sepetang,4.791801,100.624022,TRUE,FALSE,FALSE,Same habitat / different coast,"Same habitat
different coast"
S22,S100,0.6373996909513534,S100__S22,22,Mangrove,East,Man_Pulau_Tinggi,2.289198,104.110969,100,Mangrove,West,Man_Kuala_Sepetang,4.797275,100.62634,TRUE,FALSE,FALSE,Same habitat / different coast,"Same habitat
different coast"
S22,S106,0.5086935843505709,S106__S22,22,Mangrove,East,Man_Pulau_Tinggi,2.289198,104.110969,106,Mangrove,West,Man_Pulau_Ketam,3.024487,101.320359,TRUE,FALSE,FALSE,Same habitat / different coast,"Same habitat
different coast"
S22,S107,0.5086622251474813,S107__S22,22,Mangrove,East,Man_Pulau_Tinggi,2.289198,104.110969,107,Mangrove,West,Man_Pulau_Ketam,3.021921,101.326184,TRUE,FALSE,FALSE,Same habitat / different coast,"Same habitat
different coast"
S22,S108,0.4219897387122419,S108__S22,22,Mangrove,East,Man_Pulau_Tinggi,2.289198,104.110969,108,Mangrove,West,Man_Pulau_Ketam,3.014735,101.325529,TRUE,FALSE,FALSE,Same habitat / different coast,"Same habitat
different coast"
S22,S109,0.4998428468424694,S109__S22,22,Mangrove,East,Man_Pulau_Tinggi,2.289198,104.110969,109,Mangrove,West,Man_Pulau_Ketam,3.016972,101.333548,TRUE,FALSE,FALSE,Same habitat / different coast,"Same habitat
different coast"
S22,S110,0.4263100102259922,S110__S22,22,Mangrove,East,Man_Pulau_Tinggi,2.289198,104.110969,110,Mangrove,West,Man_Pulau_Ketam,3.01341,101.336968,TRUE,FALSE,FALSE,Same habitat / different coast,"Same habitat
different coast"
S23,S26,0.40245975037361614,S23__S26,23,Mangrove,East,Man_Pulau_Tinggi,2.290686,104.110262,26,Seagrass,East,SeG_PulauTinggi,2.280441,104.113867,FALSE,TRUE,FALSE,Different habitat / same coast,"Different habitat
same coast"
S23,S27,0.4668449539299575,S23__S27,23,Mangrove,East,Man_Pulau_Tinggi,2.290686,104.110262,27,Seagrass,East,SeG_PulauTinggi,2.279617,104.11021,FALSE,TRUE,FALSE,Different habitat / same coast,"Different habitat
same coast"
S23,S28,0.5290882065950758,S23__S28,23,Mangrove,East,Man_Pulau_Tinggi,2.290686,104.110262,28,Seagrass,East,SeG_PulauTinggi,2.282247,104.106545,FALSE,TRUE,FALSE,Different habitat / same coast,"Different habitat
same coast"
S23,S29,0.5910409594374383,S23__S29,23,Mangrove,East,Man_Pulau_Tinggi,2.290686,104.110262,29,Seagrass,East,SeG_PulauTinggi,2.28497,104.105134,FALSE,TRUE,FALSE,Different habitat / same coast,"Different habitat
same coast"
S23,S30,0.39910587689178717,S23__S30,23,Mangrove,East,Man_Pulau_Tinggi,2.290686,104.110262,30,Seagrass,East,SeG_PulauTinggi,2.288352,104.10363,FALSE,TRUE,FALSE,Different habitat / same coast,"Different habitat
same coast"
S23,S31,0.3352891410791406,S23__S31,23,Mangrove,East,Man_Pulau_Tinggi,2.290686,104.110262,31,Coral,East,Cor_Pulau_Tinggi,2.312019,104.091371,FALSE,TRUE,FALSE,Different habitat / same coast,"Different habitat
same coast"
S23,S32,0.45030974380591265,S23__S32,23,Mangrove,East,Man_Pulau_Tinggi,2.290686,104.110262,32,Coral,East,Cor_Pulau_Tinggi,2.309456,104.09154,FALSE,TRUE,FALSE,Different habitat / same coast,"Different habitat
same coast"
S23,S33,0.3820062388688388,S23__S33,23,Mangrove,East,Man_Pulau_Tinggi,2.290686,104.110262,33,Coral,East,Cor_Pulau_Tinggi,2.302878,104.092553,FALSE,TRUE,FALSE,Different habitat / same coast,"Different habitat
same coast"
S23,S34,0.48995507320653076,S23__S34,23,Mangrove,East,Man_Pulau_Tinggi,2.290686,104.110262,34,Coral,East,Cor_Pulau_Tinggi,2.303181,104.092958,FALSE,TRUE,FALSE,Different habitat / same coast,"Different habitat
same coast"
S23,S35,0.3869871393361709,S23__S35,23,Mangrove,East,Man_Pulau_Tinggi,2.290686,104.110262,35,Coral,East,Cor_Pulau_Tinggi,2.301022,104.093701,FALSE,TRUE,FALSE,Different habitat / same coast,"Different habitat
same coast"
S23,S41,0.6303270942625433,S23__S41,23,Mangrove,East,Man_Pulau_Tinggi,2.290686,104.110262,41,Coral,East,Cor_Pulau_Ular,4.053491,103.404452,FALSE,TRUE,FALSE,Different habitat / same coast,"Different habitat
same coast"
S23,S42,0.5859621615309529,S23__S42,23,Mangrove,East,Man_Pulau_Tinggi,2.290686,104.110262,42,Coral,East,Cor_Pulau_Ular,4.054416,103.409527,FALSE,TRUE,FALSE,Different habitat / same coast,"Different habitat
same coast"
S23,S43,0.6364589636130282,S23__S43,23,Mangrove,East,Man_Pulau_Tinggi,2.290686,104.110262,43,Coral,East,Cor_Pulau_Ular,4.057277,103.409519,FALSE,TRUE,FALSE,Different habitat / same coast,"Different habitat
same coast"
S23,S44,0.5504447157340407,S23__S44,23,Mangrove,East,Man_Pulau_Tinggi,2.290686,104.110262,44,Coral,East,Cor_Pulau_Ular,4.058469,103.407966,FALSE,TRUE,FALSE,Different habitat / same coast,"Different habitat
same coast"
S23,S45,0.59211559702768,S23__S45,23,Mangrove,East,Man_Pulau_Tinggi,2.290686,104.110262,45,Coral,East,Cor_Pulau_Ular,4.05599,103.405705,FALSE,TRUE,FALSE,Different habitat / same coast,"Different habitat
same coast"
S23,S51,0.5661864816816333,S23__S51,23,Mangrove,East,Man_Pulau_Tinggi,2.290686,104.110262,51,Seagrass,East,ManSeG_Paka,4.657741,103.438562,FALSE,TRUE,FALSE,Different habitat / same coast,"Different habitat
same coast"
S23,S52,0.5775837588874168,S23__S52,23,Mangrove,East,Man_Pulau_Tinggi,2.290686,104.110262,52,Seagrass,East,ManSeG_Paka,4.656438,103.436615,FALSE,TRUE,FALSE,Different habitat / same coast,"Different habitat
same coast"
S23,S53,0.5808895711235571,S23__S53,23,Mangrove,East,Man_Pulau_Tinggi,2.290686,104.110262,53,Seagrass,East,ManSeG_Paka,4.653916,103.433807,FALSE,TRUE,FALSE,Different habitat / same coast,"Different habitat
same coast"
S23,S54,0.6142118797760417,S23__S54,23,Mangrove,East,Man_Pulau_Tinggi,2.290686,104.110262,54,Seagrass,East,ManSeG_Paka,4.648234,103.435003,FALSE,TRUE,FALSE,Different habitat / same coast,"Different habitat
same coast"
S23,S55,0.6013723711725294,S23__S55,23,Mangrove,East,Man_Pulau_Tinggi,2.290686,104.110262,55,Seagrass,East,ManSeG_Paka,4.644799,103.436867,FALSE,TRUE,FALSE,Different habitat / same coast,"Different habitat
same coast"
S23,S61,0.4325088674957047,S23__S61,23,Mangrove,East,Man_Pulau_Tinggi,2.290686,104.110262,61,Mangrove,West,Man_Selat_Nyior,6.217682,99.829402,TRUE,FALSE,FALSE,Same habitat / different coast,"Same habitat
different coast"
S23,S62,0.4508984321802632,S23__S62,23,Mangrove,East,Man_Pulau_Tinggi,2.290686,104.110262,62,Mangrove,West,Man_Selat_Nyior,6.220929,99.825029,TRUE,FALSE,FALSE,Same habitat / different coast,"Same habitat
different coast"
S23,S63,0.44646992001769265,S23__S63,23,Mangrove,East,Man_Pulau_Tinggi,2.290686,104.110262,63,Mangrove,West,Man_Selat_Nyior,6.224728,99.821968,TRUE,FALSE,FALSE,Same habitat / different coast,"Same habitat
different coast"
S23,S64,0.49257534642587775,S23__S64,23,Mangrove,East,Man_Pulau_Tinggi,2.290686,104.110262,64,Mangrove,West,Man_Selat_Nyior,6.228636,99.820188,TRUE,FALSE,FALSE,Same habitat / different coast,"Same habitat
different coast"
S23,S65,0.4890937618916994,S23__S65,23,Mangrove,East,Man_Pulau_Tinggi,2.290686,104.110262,65,Mangrove,West,Man_Selat_Nyior,6.235251,99.818035,TRUE,FALSE,FALSE,Same habitat / different coast,"Same habitat
different coast"
S23,S71,0.9120047192475275,S23__S71,23,Mangrove,East,Man_Pulau_Tinggi,2.290686,104.110262,71,Coral,East,Cor_Pulau_Redang,5.814393,103.009382,FALSE,TRUE,FALSE,Different habitat / same coast,"Different habitat
same coast"
S23,S73,0.8870042845416026,S23__S73,23,Mangrove,East,Man_Pulau_Tinggi,2.290686,104.110262,73,Coral,East,Cor_Pulau_Redang,5.816677,103.007751,FALSE,TRUE,FALSE,Different habitat / same coast,"Different habitat
same coast"
S23,S74,0.7948940680746589,S23__S74,23,Mangrove,East,Man_Pulau_Tinggi,2.290686,104.110262,74,Coral,East,Cor_Pulau_Redang,5.816281,103.005989,FALSE,TRUE,FALSE,Different habitat / same coast,"Different habitat
same coast"
S23,S75,0.8035238151689494,S23__S75,23,Mangrove,East,Man_Pulau_Tinggi,2.290686,104.110262,75,Coral,East,Cor_Pulau_Redang,5.814536,103.006378,FALSE,TRUE,FALSE,Different habitat / same coast,"Different habitat
same coast"
S23,S77,0.5983475383566451,S23__S77,23,Mangrove,East,Man_Pulau_Tinggi,2.290686,104.110262,77,Coral,East,Cor_Pulau_Bidong,5.624215,103.056647,FALSE,TRUE,FALSE,Different habitat / same coast,"Different habitat
same coast"
S23,S78,0.6362403187444499,S23__S78,23,Mangrove,East,Man_Pulau_Tinggi,2.290686,104.110262,78,Coral,East,Cor_Pulau_Bidong,5.625977,103.057468,FALSE,TRUE,FALSE,Different habitat / same coast,"Different habitat
same coast"
S23,S80,0.737178049197964,S23__S80,23,Mangrove,East,Man_Pulau_Tinggi,2.290686,104.110262,80,Coral,East,Cor_Pulau_Bidong,5.627685,103.059864,FALSE,TRUE,FALSE,Different habitat / same coast,"Different habitat
same coast"
S23,S86,0.6282944382201545,S23__S86,23,Mangrove,East,Man_Pulau_Tinggi,2.290686,104.110262,86,Mangrove,West,Man_Penaga,5.517253,100.364968,TRUE,FALSE,FALSE,Same habitat / different coast,"Same habitat
different coast"
S23,S87,0.583668997191656,S23__S87,23,Mangrove,East,Man_Pulau_Tinggi,2.290686,104.110262,87,Mangrove,West,Man_Penaga,5.51815,100.366985,TRUE,FALSE,FALSE,Same habitat / different coast,"Same habitat
different coast"
S23,S88,0.7142115091619039,S23__S88,23,Mangrove,East,Man_Pulau_Tinggi,2.290686,104.110262,88,Mangrove,West,Man_Penaga,5.519453,100.369366,TRUE,FALSE,FALSE,Same habitat / different coast,"Same habitat
different coast"
S23,S89,0.7311775609934559,S23__S89,23,Mangrove,East,Man_Pulau_Tinggi,2.290686,104.110262,89,Mangrove,West,Man_Penaga,5.520585,100.371383,TRUE,FALSE,FALSE,Same habitat / different coast,"Same habitat
different coast"
S23,S90,0.7705325982520599,S23__S90,23,Mangrove,East,Man_Pulau_Tinggi,2.290686,104.110262,90,Mangrove,West,Man_Penaga,5.522977,100.372478,TRUE,FALSE,FALSE,Same habitat / different coast,"Same habitat
different coast"
S23,S96,0.6674001780394586,S23__S96,23,Mangrove,East,Man_Pulau_Tinggi,2.290686,104.110262,96,Mangrove,West,Man_Kuala_Sepetang,4.78359,100.607457,TRUE,FALSE,FALSE,Same habitat / different coast,"Same habitat
different coast"
S23,S97,0.6569443451783713,S23__S97,23,Mangrove,East,Man_Pulau_Tinggi,2.290686,104.110262,97,Mangrove,West,Man_Kuala_Sepetang,4.787012,100.612692,TRUE,FALSE,FALSE,Same habitat / different coast,"Same habitat
different coast"
S23,S98,0.6467059879726945,S23__S98,23,Mangrove,East,Man_Pulau_Tinggi,2.290686,104.110262,98,Mangrove,West,Man_Kuala_Sepetang,4.788979,100.618615,TRUE,FALSE,FALSE,Same habitat / different coast,"Same habitat
different coast"
S23,S99,0.6703152131059951,S23__S99,23,Mangrove,East,Man_Pulau_Tinggi,2.290686,104.110262,99,Mangrove,West,Man_Kuala_Sepetang,4.791801,100.624022,TRUE,FALSE,FALSE,Same habitat / different coast,"Same habitat
different coast"
S23,S100,0.6799749403587525,S100__S23,23,Mangrove,East,Man_Pulau_Tinggi,2.290686,104.110262,100,Mangrove,West,Man_Kuala_Sepetang,4.797275,100.62634,TRUE,FALSE,FALSE,Same habitat / different coast,"Same habitat
different coast"
S23,S106,0.5841704786101674,S106__S23,23,Mangrove,East,Man_Pulau_Tinggi,2.290686,104.110262,106,Mangrove,West,Man_Pulau_Ketam,3.024487,101.320359,TRUE,FALSE,FALSE,Same habitat / different coast,"Same habitat
different coast"
S23,S107,0.5591929818857138,S107__S23,23,Mangrove,East,Man_Pulau_Tinggi,2.290686,104.110262,107,Mangrove,West,Man_Pulau_Ketam,3.021921,101.326184,TRUE,FALSE,FALSE,Same habitat / different coast,"Same habitat
different coast"
S23,S108,0.4807260792632164,S108__S23,23,Mangrove,East,Man_Pulau_Tinggi,2.290686,104.110262,108,Mangrove,West,Man_Pulau_Ketam,3.014735,101.325529,TRUE,FALSE,FALSE,Same habitat / different coast,"Same habitat
different coast"
S23,S109,0.5462915968145943,S109__S23,23,Mangrove,East,Man_Pulau_Tinggi,2.290686,104.110262,109,Mangrove,West,Man_Pulau_Ketam,3.016972,101.333548,TRUE,FALSE,FALSE,Same habitat / different coast,"Same habitat
different coast"
S23,S110,0.4828222187049721,S110__S23,23,Mangrove,East,Man_Pulau_Tinggi,2.290686,104.110262,110,Mangrove,West,Man_Pulau_Ketam,3.01341,101.336968,TRUE,FALSE,FALSE,Same habitat / different coast,"Same habitat
different coast"
S24,S26,0.4261550191977307,S24__S26,24,Mangrove,East,Man_Pulau_Tinggi,2.290271,104.108844,26,Seagrass,East,SeG_PulauTinggi,2.280441,104.113867,FALSE,TRUE,FALSE,Different habitat / same coast,"Different habitat
same coast"
S24,S27,0.3071920835667678,S24__S27,24,Mangrove,East,Man_Pulau_Tinggi,2.290271,104.108844,27,Seagrass,East,SeG_PulauTinggi,2.279617,104.11021,FALSE,TRUE,FALSE,Different habitat / same coast,"Different habitat
same coast"
S24,S28,0.4837914122718089,S24__S28,24,Mangrove,East,Man_Pulau_Tinggi,2.290271,104.108844,28,Seagrass,East,SeG_PulauTinggi,2.282247,104.106545,FALSE,TRUE,FALSE,Different habitat / same coast,"Different habitat
same coast"
S24,S29,0.5648767698988152,S24__S29,24,Mangrove,East,Man_Pulau_Tinggi,2.290271,104.108844,29,Seagrass,East,SeG_PulauTinggi,2.28497,104.105134,FALSE,TRUE,FALSE,Different habitat / same coast,"Different habitat
same coast"
S24,S30,0.22896310974433462,S24__S30,24,Mangrove,East,Man_Pulau_Tinggi,2.290271,104.108844,30,Seagrass,East,SeG_PulauTinggi,2.288352,104.10363,FALSE,TRUE,FALSE,Different habitat / same coast,"Different habitat
same coast"
S24,S31,0.2543767602730161,S24__S31,24,Mangrove,East,Man_Pulau_Tinggi,2.290271,104.108844,31,Coral,East,Cor_Pulau_Tinggi,2.312019,104.091371,FALSE,TRUE,FALSE,Different habitat / same coast,"Different habitat
same coast"
S24,S32,0.40922437116380567,S24__S32,24,Mangrove,East,Man_Pulau_Tinggi,2.290271,104.108844,32,Coral,East,Cor_Pulau_Tinggi,2.309456,104.09154,FALSE,TRUE,FALSE,Different habitat / same coast,"Different habitat
same coast"
S24,S33,0.3681536812036794,S24__S33,24,Mangrove,East,Man_Pulau_Tinggi,2.290271,104.108844,33,Coral,East,Cor_Pulau_Tinggi,2.302878,104.092553,FALSE,TRUE,FALSE,Different habitat / same coast,"Different habitat
same coast"
S24,S34,0.4139587017018387,S24__S34,24,Mangrove,East,Man_Pulau_Tinggi,2.290271,104.108844,34,Coral,East,Cor_Pulau_Tinggi,2.303181,104.092958,FALSE,TRUE,FALSE,Different habitat / same coast,"Different habitat
same coast"
S24,S35,0.2766594637532948,S24__S35,24,Mangrove,East,Man_Pulau_Tinggi,2.290271,104.108844,35,Coral,East,Cor_Pulau_Tinggi,2.301022,104.093701,FALSE,TRUE,FALSE,Different habitat / same coast,"Different habitat
same coast"
S24,S41,0.5296443512754082,S24__S41,24,Mangrove,East,Man_Pulau_Tinggi,2.290271,104.108844,41,Coral,East,Cor_Pulau_Ular,4.053491,103.404452,FALSE,TRUE,FALSE,Different habitat / same coast,"Different habitat
same coast"
S24,S42,0.4747425575508924,S24__S42,24,Mangrove,East,Man_Pulau_Tinggi,2.290271,104.108844,42,Coral,East,Cor_Pulau_Ular,4.054416,103.409527,FALSE,TRUE,FALSE,Different habitat / same coast,"Different habitat
same coast"
S24,S43,0.5101697638515825,S24__S43,24,Mangrove,East,Man_Pulau_Tinggi,2.290271,104.108844,43,Coral,East,Cor_Pulau_Ular,4.057277,103.409519,FALSE,TRUE,FALSE,Different habitat / same coast,"Different habitat
same coast"
S24,S44,0.4295259572304996,S24__S44,24,Mangrove,East,Man_Pulau_Tinggi,2.290271,104.108844,44,Coral,East,Cor_Pulau_Ular,4.058469,103.407966,FALSE,TRUE,FALSE,Different habitat / same coast,"Different habitat
same coast"
S24,S45,0.4763824530643894,S24__S45,24,Mangrove,East,Man_Pulau_Tinggi,2.290271,104.108844,45,Coral,East,Cor_Pulau_Ular,4.05599,103.405705,FALSE,TRUE,FALSE,Different habitat / same coast,"Different habitat
same coast"
S24,S51,0.5064281251977603,S24__S51,24,Mangrove,East,Man_Pulau_Tinggi,2.290271,104.108844,51,Seagrass,East,ManSeG_Paka,4.657741,103.438562,FALSE,TRUE,FALSE,Different habitat / same coast,"Different habitat
same coast"
S24,S52,0.5175481570841602,S24__S52,24,Mangrove,East,Man_Pulau_Tinggi,2.290271,104.108844,52,Seagrass,East,ManSeG_Paka,4.656438,103.436615,FALSE,TRUE,FALSE,Different habitat / same coast,"Different habitat
same coast"
S24,S53,0.5415326735862818,S24__S53,24,Mangrove,East,Man_Pulau_Tinggi,2.290271,104.108844,53,Seagrass,East,ManSeG_Paka,4.653916,103.433807,FALSE,TRUE,FALSE,Different habitat / same coast,"Different habitat
same coast"
S24,S54,0.5696894735562676,S24__S54,24,Mangrove,East,Man_Pulau_Tinggi,2.290271,104.108844,54,Seagrass,East,ManSeG_Paka,4.648234,103.435003,FALSE,TRUE,FALSE,Different habitat / same coast,"Different habitat
same coast"
S24,S55,0.5659775848663076,S24__S55,24,Mangrove,East,Man_Pulau_Tinggi,2.290271,104.108844,55,Seagrass,East,ManSeG_Paka,4.644799,103.436867,FALSE,TRUE,FALSE,Different habitat / same coast,"Different habitat
same coast"
S24,S61,0.512665959867619,S24__S61,24,Mangrove,East,Man_Pulau_Tinggi,2.290271,104.108844,61,Mangrove,West,Man_Selat_Nyior,6.217682,99.829402,TRUE,FALSE,FALSE,Same habitat / different coast,"Same habitat
different coast"
S24,S62,0.5415338751471108,S24__S62,24,Mangrove,East,Man_Pulau_Tinggi,2.290271,104.108844,62,Mangrove,West,Man_Selat_Nyior,6.220929,99.825029,TRUE,FALSE,FALSE,Same habitat / different coast,"Same habitat
different coast"
S24,S63,0.5378196397493595,S24__S63,24,Mangrove,East,Man_Pulau_Tinggi,2.290271,104.108844,63,Mangrove,West,Man_Selat_Nyior,6.224728,99.821968,TRUE,FALSE,FALSE,Same habitat / different coast,"Same habitat
different coast"
S24,S64,0.5805598385017704,S24__S64,24,Mangrove,East,Man_Pulau_Tinggi,2.290271,104.108844,64,Mangrove,West,Man_Selat_Nyior,6.228636,99.820188,TRUE,FALSE,FALSE,Same habitat / different coast,"Same habitat
different coast"
S24,S65,0.578641575649625,S24__S65,24,Mangrove,East,Man_Pulau_Tinggi,2.290271,104.108844,65,Mangrove,West,Man_Selat_Nyior,6.235251,99.818035,TRUE,FALSE,FALSE,Same habitat / different coast,"Same habitat
different coast"
S24,S71,0.9193465085237471,S24__S71,24,Mangrove,East,Man_Pulau_Tinggi,2.290271,104.108844,71,Coral,East,Cor_Pulau_Redang,5.814393,103.009382,FALSE,TRUE,FALSE,Different habitat / same coast,"Different habitat
same coast"
S24,S73,0.8185098873160408,S24__S73,24,Mangrove,East,Man_Pulau_Tinggi,2.290271,104.108844,73,Coral,East,Cor_Pulau_Redang,5.816677,103.007751,FALSE,TRUE,FALSE,Different habitat / same coast,"Different habitat
same coast"
S24,S74,0.6804204466342348,S24__S74,24,Mangrove,East,Man_Pulau_Tinggi,2.290271,104.108844,74,Coral,East,Cor_Pulau_Redang,5.816281,103.005989,FALSE,TRUE,FALSE,Different habitat / same coast,"Different habitat
same coast"
S24,S75,0.7163377198502553,S24__S75,24,Mangrove,East,Man_Pulau_Tinggi,2.290271,104.108844,75,Coral,East,Cor_Pulau_Redang,5.814536,103.006378,FALSE,TRUE,FALSE,Different habitat / same coast,"Different habitat
same coast"
S24,S77,0.5363503985069802,S24__S77,24,Mangrove,East,Man_Pulau_Tinggi,2.290271,104.108844,77,Coral,East,Cor_Pulau_Bidong,5.624215,103.056647,FALSE,TRUE,FALSE,Different habitat / same coast,"Different habitat
same coast"
S24,S78,0.6255493301949329,S24__S78,24,Mangrove,East,Man_Pulau_Tinggi,2.290271,104.108844,78,Coral,East,Cor_Pulau_Bidong,5.625977,103.057468,FALSE,TRUE,FALSE,Different habitat / same coast,"Different habitat
same coast"
S24,S80,0.6641179374593194,S24__S80,24,Mangrove,East,Man_Pulau_Tinggi,2.290271,104.108844,80,Coral,East,Cor_Pulau_Bidong,5.627685,103.059864,FALSE,TRUE,FALSE,Different habitat / same coast,"Different habitat
same coast"
S24,S86,0.6875050208000615,S24__S86,24,Mangrove,East,Man_Pulau_Tinggi,2.290271,104.108844,86,Mangrove,West,Man_Penaga,5.517253,100.364968,TRUE,FALSE,FALSE,Same habitat / different coast,"Same habitat
different coast"
S24,S87,0.657236002101544,S24__S87,24,Mangrove,East,Man_Pulau_Tinggi,2.290271,104.108844,87,Mangrove,West,Man_Penaga,5.51815,100.366985,TRUE,FALSE,FALSE,Same habitat / different coast,"Same habitat
different coast"
S24,S88,0.766025850715969,S24__S88,24,Mangrove,East,Man_Pulau_Tinggi,2.290271,104.108844,88,Mangrove,West,Man_Penaga,5.519453,100.369366,TRUE,FALSE,FALSE,Same habitat / different coast,"Same habitat
different coast"
S24,S89,0.7939257083407334,S24__S89,24,Mangrove,East,Man_Pulau_Tinggi,2.290271,104.108844,89,Mangrove,West,Man_Penaga,5.520585,100.371383,TRUE,FALSE,FALSE,Same habitat / different coast,"Same habitat
different coast"
S24,S90,0.8357337037568967,S24__S90,24,Mangrove,East,Man_Pulau_Tinggi,2.290271,104.108844,90,Mangrove,West,Man_Penaga,5.522977,100.372478,TRUE,FALSE,FALSE,Same habitat / different coast,"Same habitat
different coast"
S24,S96,0.7184700292694594,S24__S96,24,Mangrove,East,Man_Pulau_Tinggi,2.290271,104.108844,96,Mangrove,West,Man_Kuala_Sepetang,4.78359,100.607457,TRUE,FALSE,FALSE,Same habitat / different coast,"Same habitat
different coast"
S24,S97,0.7206596987448545,S24__S97,24,Mangrove,East,Man_Pulau_Tinggi,2.290271,104.108844,97,Mangrove,West,Man_Kuala_Sepetang,4.787012,100.612692,TRUE,FALSE,FALSE,Same habitat / different coast,"Same habitat
different coast"
S24,S98,0.7139392630001502,S24__S98,24,Mangrove,East,Man_Pulau_Tinggi,2.290271,104.108844,98,Mangrove,West,Man_Kuala_Sepetang,4.788979,100.618615,TRUE,FALSE,FALSE,Same habitat / different coast,"Same habitat
different coast"
S24,S99,0.7436298143952813,S24__S99,24,Mangrove,East,Man_Pulau_Tinggi,2.290271,104.108844,99,Mangrove,West,Man_Kuala_Sepetang,4.791801,100.624022,TRUE,FALSE,FALSE,Same habitat / different coast,"Same habitat
different coast"
S24,S100,0.7486838879368019,S100__S24,24,Mangrove,East,Man_Pulau_Tinggi,2.290271,104.108844,100,Mangrove,West,Man_Kuala_Sepetang,4.797275,100.62634,TRUE,FALSE,FALSE,Same habitat / different coast,"Same habitat
different coast"
S24,S106,0.670550673398761,S106__S24,24,Mangrove,East,Man_Pulau_Tinggi,2.290271,104.108844,106,Mangrove,West,Man_Pulau_Ketam,3.024487,101.320359,TRUE,FALSE,FALSE,Same habitat / different coast,"Same habitat
different coast"
S24,S107,0.6538673983630117,S107__S24,24,Mangrove,East,Man_Pulau_Tinggi,2.290271,104.108844,107,Mangrove,West,Man_Pulau_Ketam,3.021921,101.326184,TRUE,FALSE,FALSE,Same habitat / different coast,"Same habitat
different coast"
S24,S108,0.5619726030385376,S108__S24,24,Mangrove,East,Man_Pulau_Tinggi,2.290271,104.108844,108,Mangrove,West,Man_Pulau_Ketam,3.014735,101.325529,TRUE,FALSE,FALSE,Same habitat / different coast,"Same habitat
different coast"
S24,S109,0.6387843443615824,S109__S24,24,Mangrove,East,Man_Pulau_Tinggi,2.290271,104.108844,109,Mangrove,West,Man_Pulau_Ketam,3.016972,101.333548,TRUE,FALSE,FALSE,Same habitat / different coast,"Same habitat
different coast"
S24,S110,0.5326961680924748,S110__S24,24,Mangrove,East,Man_Pulau_Tinggi,2.290271,104.108844,110,Mangrove,West,Man_Pulau_Ketam,3.01341,101.336968,TRUE,FALSE,FALSE,Same habitat / different coast,"Same habitat
different coast"
S25,S26,0.4101810651447226,S25__S26,25,Mangrove,East,Man_Pulau_Tinggi,2.289627,104.110053,26,Seagrass,East,SeG_PulauTinggi,2.280441,104.113867,FALSE,TRUE,FALSE,Different habitat / same coast,"Different habitat
same coast"
S25,S27,0.38337222210823885,S25__S27,25,Mangrove,East,Man_Pulau_Tinggi,2.289627,104.110053,27,Seagrass,East,SeG_PulauTinggi,2.279617,104.11021,FALSE,TRUE,FALSE,Different habitat / same coast,"Different habitat
same coast"
S25,S28,0.5377401105662009,S25__S28,25,Mangrove,East,Man_Pulau_Tinggi,2.289627,104.110053,28,Seagrass,East,SeG_PulauTinggi,2.282247,104.106545,FALSE,TRUE,FALSE,Different habitat / same coast,"Different habitat
same coast"
S25,S29,0.6253060661420984,S25__S29,25,Mangrove,East,Man_Pulau_Tinggi,2.289627,104.110053,29,Seagrass,East,SeG_PulauTinggi,2.28497,104.105134,FALSE,TRUE,FALSE,Different habitat / same coast,"Different habitat
same coast"
S25,S30,0.30664497226159637,S25__S30,25,Mangrove,East,Man_Pulau_Tinggi,2.289627,104.110053,30,Seagrass,East,SeG_PulauTinggi,2.288352,104.10363,FALSE,TRUE,FALSE,Different habitat / same coast,"Different habitat
same coast"
S25,S31,0.2543431520677419,S25__S31,25,Mangrove,East,Man_Pulau_Tinggi,2.289627,104.110053,31,Coral,East,Cor_Pulau_Tinggi,2.312019,104.091371,FALSE,TRUE,FALSE,Different habitat / same coast,"Different habitat
same coast"
S25,S32,0.4218239361585951,S25__S32,25,Mangrove,East,Man_Pulau_Tinggi,2.289627,104.110053,32,Coral,East,Cor_Pulau_Tinggi,2.309456,104.09154,FALSE,TRUE,FALSE,Different habitat / same coast,"Different habitat
same coast"
S25,S33,0.342676038379921,S25__S33,25,Mangrove,East,Man_Pulau_Tinggi,2.289627,104.110053,33,Coral,East,Cor_Pulau_Tinggi,2.302878,104.092553,FALSE,TRUE,FALSE,Different habitat / same coast,"Different habitat
same coast"
S25,S34,0.46817013585983774,S25__S34,25,Mangrove,East,Man_Pulau_Tinggi,2.289627,104.110053,34,Coral,East,Cor_Pulau_Tinggi,2.303181,104.092958,FALSE,TRUE,FALSE,Different habitat / same coast,"Different habitat
same coast"
S25,S35,0.3016442273020421,S25__S35,25,Mangrove,East,Man_Pulau_Tinggi,2.289627,104.110053,35,Coral,East,Cor_Pulau_Tinggi,2.301022,104.093701,FALSE,TRUE,FALSE,Different habitat / same coast,"Different habitat
same coast"
S25,S41,0.4818900720219638,S25__S41,25,Mangrove,East,Man_Pulau_Tinggi,2.289627,104.110053,41,Coral,East,Cor_Pulau_Ular,4.053491,103.404452,FALSE,TRUE,FALSE,Different habitat / same coast,"Different habitat
same coast"
S25,S42,0.4292430005767198,S25__S42,25,Mangrove,East,Man_Pulau_Tinggi,2.289627,104.110053,42,Coral,East,Cor_Pulau_Ular,4.054416,103.409527,FALSE,TRUE,FALSE,Different habitat / same coast,"Different habitat
same coast"
S25,S43,0.49499308479958753,S25__S43,25,Mangrove,East,Man_Pulau_Tinggi,2.289627,104.110053,43,Coral,East,Cor_Pulau_Ular,4.057277,103.409519,FALSE,TRUE,FALSE,Different habitat / same coast,"Different habitat
same coast"
S25,S44,0.3920387006598239,S25__S44,25,Mangrove,East,Man_Pulau_Tinggi,2.289627,104.110053,44,Coral,East,Cor_Pulau_Ular,4.058469,103.407966,FALSE,TRUE,FALSE,Different habitat / same coast,"Different habitat
same coast"
S25,S45,0.42168807015644416,S25__S45,25,Mangrove,East,Man_Pulau_Tinggi,2.289627,104.110053,45,Coral,East,Cor_Pulau_Ular,4.05599,103.405705,FALSE,TRUE,FALSE,Different habitat / same coast,"Different habitat
same coast"
S25,S51,0.49172002909878115,S25__S51,25,Mangrove,East,Man_Pulau_Tinggi,2.289627,104.110053,51,Seagrass,East,ManSeG_Paka,4.657741,103.438562,FALSE,TRUE,FALSE,Different habitat / same coast,"Different habitat
same coast"
S25,S52,0.48570802019483583,S25__S52,25,Mangrove,East,Man_Pulau_Tinggi,2.289627,104.110053,52,Seagrass,East,ManSeG_Paka,4.656438,103.436615,FALSE,TRUE,FALSE,Different habitat / same coast,"Different habitat
same coast"
S25,S53,0.49618368774175986,S25__S53,25,Mangrove,East,Man_Pulau_Tinggi,2.289627,104.110053,53,Seagrass,East,ManSeG_Paka,4.653916,103.433807,FALSE,TRUE,FALSE,Different habitat / same coast,"Different habitat
same coast"
S25,S54,0.5330091130278244,S25__S54,25,Mangrove,East,Man_Pulau_Tinggi,2.289627,104.110053,54,Seagrass,East,ManSeG_Paka,4.648234,103.435003,FALSE,TRUE,FALSE,Different habitat / same coast,"Different habitat
same coast"
S25,S55,0.5251580149960324,S25__S55,25,Mangrove,East,Man_Pulau_Tinggi,2.289627,104.110053,55,Seagrass,East,ManSeG_Paka,4.644799,103.436867,FALSE,TRUE,FALSE,Different habitat / same coast,"Different habitat
same coast"
S25,S61,0.48592656876795426,S25__S61,25,Mangrove,East,Man_Pulau_Tinggi,2.289627,104.110053,61,Mangrove,West,Man_Selat_Nyior,6.217682,99.829402,TRUE,FALSE,FALSE,Same habitat / different coast,"Same habitat
different coast"
S25,S62,0.5350893013496877,S25__S62,25,Mangrove,East,Man_Pulau_Tinggi,2.289627,104.110053,62,Mangrove,West,Man_Selat_Nyior,6.220929,99.825029,TRUE,FALSE,FALSE,Same habitat / different coast,"Same habitat
different coast"
S25,S63,0.5288674127555936,S25__S63,25,Mangrove,East,Man_Pulau_Tinggi,2.289627,104.110053,63,Mangrove,West,Man_Selat_Nyior,6.224728,99.821968,TRUE,FALSE,FALSE,Same habitat / different coast,"Same habitat
different coast"
S25,S64,0.548954441446084,S25__S64,25,Mangrove,East,Man_Pulau_Tinggi,2.289627,104.110053,64,Mangrove,West,Man_Selat_Nyior,6.228636,99.820188,TRUE,FALSE,FALSE,Same habitat / different coast,"Same habitat
different coast"
S25,S65,0.5598974757979436,S25__S65,25,Mangrove,East,Man_Pulau_Tinggi,2.289627,104.110053,65,Mangrove,West,Man_Selat_Nyior,6.235251,99.818035,TRUE,FALSE,FALSE,Same habitat / different coast,"Same habitat
different coast"
S25,S71,0.9218713542166853,S25__S71,25,Mangrove,East,Man_Pulau_Tinggi,2.289627,104.110053,71,Coral,East,Cor_Pulau_Redang,5.814393,103.009382,FALSE,TRUE,FALSE,Different habitat / same coast,"Different habitat
same coast"
S25,S73,0.8180893464021979,S25__S73,25,Mangrove,East,Man_Pulau_Tinggi,2.289627,104.110053,73,Coral,East,Cor_Pulau_Redang,5.816677,103.007751,FALSE,TRUE,FALSE,Different habitat / same coast,"Different habitat
same coast"
S25,S74,0.6667039755568466,S25__S74,25,Mangrove,East,Man_Pulau_Tinggi,2.289627,104.110053,74,Coral,East,Cor_Pulau_Redang,5.816281,103.005989,FALSE,TRUE,FALSE,Different habitat / same coast,"Different habitat
same coast"
S25,S75,0.6890755051009873,S25__S75,25,Mangrove,East,Man_Pulau_Tinggi,2.289627,104.110053,75,Coral,East,Cor_Pulau_Redang,5.814536,103.006378,FALSE,TRUE,FALSE,Different habitat / same coast,"Different habitat
same coast"
S25,S77,0.4951164829553427,S25__S77,25,Mangrove,East,Man_Pulau_Tinggi,2.289627,104.110053,77,Coral,East,Cor_Pulau_Bidong,5.624215,103.056647,FALSE,TRUE,FALSE,Different habitat / same coast,"Different habitat
same coast"
S25,S78,0.578456042558641,S25__S78,25,Mangrove,East,Man_Pulau_Tinggi,2.289627,104.110053,78,Coral,East,Cor_Pulau_Bidong,5.625977,103.057468,FALSE,TRUE,FALSE,Different habitat / same coast,"Different habitat
same coast"
S25,S80,0.6553424102992375,S25__S80,25,Mangrove,East,Man_Pulau_Tinggi,2.289627,104.110053,80,Coral,East,Cor_Pulau_Bidong,5.627685,103.059864,FALSE,TRUE,FALSE,Different habitat / same coast,"Different habitat
same coast"
S25,S86,0.653337510260541,S25__S86,25,Mangrove,East,Man_Pulau_Tinggi,2.289627,104.110053,86,Mangrove,West,Man_Penaga,5.517253,100.364968,TRUE,FALSE,FALSE,Same habitat / different coast,"Same habitat
different coast"
S25,S87,0.645370999154116,S25__S87,25,Mangrove,East,Man_Pulau_Tinggi,2.289627,104.110053,87,Mangrove,West,Man_Penaga,5.51815,100.366985,TRUE,FALSE,FALSE,Same habitat / different coast,"Same habitat
different coast"
S25,S88,0.7658022316364085,S25__S88,25,Mangrove,East,Man_Pulau_Tinggi,2.289627,104.110053,88,Mangrove,West,Man_Penaga,5.519453,100.369366,TRUE,FALSE,FALSE,Same habitat / different coast,"Same habitat
different coast"
S25,S89,0.8166311693020004,S25__S89,25,Mangrove,East,Man_Pulau_Tinggi,2.289627,104.110053,89,Mangrove,West,Man_Penaga,5.520585,100.371383,TRUE,FALSE,FALSE,Same habitat / different coast,"Same habitat
different coast"
S25,S90,0.8535939180548575,S25__S90,25,Mangrove,East,Man_Pulau_Tinggi,2.289627,104.110053,90,Mangrove,West,Man_Penaga,5.522977,100.372478,TRUE,FALSE,FALSE,Same habitat / different coast,"Same habitat
different coast"
S25,S96,0.7076972539802644,S25__S96,25,Mangrove,East,Man_Pulau_Tinggi,2.289627,104.110053,96,Mangrove,West,Man_Kuala_Sepetang,4.78359,100.607457,TRUE,FALSE,FALSE,Same habitat / different coast,"Same habitat
different coast"
S25,S97,0.7149932622489961,S25__S97,25,Mangrove,East,Man_Pulau_Tinggi,2.289627,104.110053,97,Mangrove,West,Man_Kuala_Sepetang,4.787012,100.612692,TRUE,FALSE,FALSE,Same habitat / different coast,"Same habitat
different coast"
S25,S98,0.7005463811469499,S25__S98,25,Mangrove,East,Man_Pulau_Tinggi,2.289627,104.110053,98,Mangrove,West,Man_Kuala_Sepetang,4.788979,100.618615,TRUE,FALSE,FALSE,Same habitat / different coast,"Same habitat
different coast"
S25,S99,0.7264641314062057,S25__S99,25,Mangrove,East,Man_Pulau_Tinggi,2.289627,104.110053,99,Mangrove,West,Man_Kuala_Sepetang,4.791801,100.624022,TRUE,FALSE,FALSE,Same habitat / different coast,"Same habitat
different coast"
S25,S100,0.7394061506228452,S100__S25,25,Mangrove,East,Man_Pulau_Tinggi,2.289627,104.110053,100,Mangrove,West,Man_Kuala_Sepetang,4.797275,100.62634,TRUE,FALSE,FALSE,Same habitat / different coast,"Same habitat
different coast"
S25,S106,0.6610551360875367,S106__S25,25,Mangrove,East,Man_Pulau_Tinggi,2.289627,104.110053,106,Mangrove,West,Man_Pulau_Ketam,3.024487,101.320359,TRUE,FALSE,FALSE,Same habitat / different coast,"Same habitat
different coast"
S25,S107,0.6458038421066762,S107__S25,25,Mangrove,East,Man_Pulau_Tinggi,2.289627,104.110053,107,Mangrove,West,Man_Pulau_Ketam,3.021921,101.326184,TRUE,FALSE,FALSE,Same habitat / different coast,"Same habitat
different coast"
S25,S108,0.5684465924461474,S108__S25,25,Mangrove,East,Man_Pulau_Tinggi,2.289627,104.110053,108,Mangrove,West,Man_Pulau_Ketam,3.014735,101.325529,TRUE,FALSE,FALSE,Same habitat / different coast,"Same habitat
different coast"
S25,S109,0.641209036816251,S109__S25,25,Mangrove,East,Man_Pulau_Tinggi,2.289627,104.110053,109,Mangrove,West,Man_Pulau_Ketam,3.016972,101.333548,TRUE,FALSE,FALSE,Same habitat / different coast,"Same habitat
different coast"
S25,S110,0.5349874060606418,S110__S25,25,Mangrove,East,Man_Pulau_Tinggi,2.289627,104.110053,110,Mangrove,West,Man_Pulau_Ketam,3.01341,101.336968,TRUE,FALSE,FALSE,Same habitat / different coast,"Same habitat
different coast"
S26,S31,0.2500016956297485,S26__S31,26,Seagrass,East,SeG_PulauTinggi,2.280441,104.113867,31,Coral,East,Cor_Pulau_Tinggi,2.312019,104.091371,FALSE,TRUE,FALSE,Different habitat / same coast,"Different habitat
same coast"
S26,S32,0.22215722401063648,S26__S32,26,Seagrass,East,SeG_PulauTinggi,2.280441,104.113867,32,Coral,East,Cor_Pulau_Tinggi,2.309456,104.09154,FALSE,TRUE,FALSE,Different habitat / same coast,"Different habitat
same coast"
S26,S33,0.15659058318486102,S26__S33,26,Seagrass,East,SeG_PulauTinggi,2.280441,104.113867,33,Coral,East,Cor_Pulau_Tinggi,2.302878,104.092553,FALSE,TRUE,FALSE,Different habitat / same coast,"Different habitat
same coast"
S26,S34,0.4018307136446773,S26__S34,26,Seagrass,East,SeG_PulauTinggi,2.280441,104.113867,34,Coral,East,Cor_Pulau_Tinggi,2.303181,104.092958,FALSE,TRUE,FALSE,Different habitat / same coast,"Different habitat
same coast"
S26,S35,0.4235193969303201,S26__S35,26,Seagrass,East,SeG_PulauTinggi,2.280441,104.113867,35,Coral,East,Cor_Pulau_Tinggi,2.301022,104.093701,FALSE,TRUE,FALSE,Different habitat / same coast,"Different habitat
same coast"
S26,S36,0.9433709197638046,S26__S36,26,Seagrass,East,SeG_PulauTinggi,2.280441,104.113867,36,Mangrove,East,Man_Nenasi,3.109037,103.443207,FALSE,TRUE,FALSE,Different habitat / same coast,"Different habitat
same coast"
S26,S37,0.9485944723276066,S26__S37,26,Seagrass,East,SeG_PulauTinggi,2.280441,104.113867,37,Mangrove,East,Man_Nenasi,3.101512,103.446143,FALSE,TRUE,FALSE,Different habitat / same coast,"Different habitat
same coast"
S26,S38,0.9463549712168117,S26__S38,26,Seagrass,East,SeG_PulauTinggi,2.280441,104.113867,38,Mangrove,East,Man_Nenasi,3.094182,103.442717,FALSE,TRUE,FALSE,Different habitat / same coast,"Different habitat
same coast"
S26,S39,0.9507017679534709,S26__S39,26,Seagrass,East,SeG_PulauTinggi,2.280441,104.113867,39,Mangrove,East,Man_Nenasi,3.087342,103.44027,FALSE,TRUE,FALSE,Different habitat / same coast,"Different habitat
same coast"
S26,S40,0.9294166492566364,S26__S40,26,Seagrass,East,SeG_PulauTinggi,2.280441,104.113867,40,Mangrove,East,Man_Nenasi,3.078358,103.442128,FALSE,TRUE,FALSE,Different habitat / same coast,"Different habitat
same coast"
S26,S41,0.6274636848788135,S26__S41,26,Seagrass,East,SeG_PulauTinggi,2.280441,104.113867,41,Coral,East,Cor_Pulau_Ular,4.053491,103.404452,FALSE,TRUE,FALSE,Different habitat / same coast,"Different habitat
same coast"
S26,S42,0.6075789835776682,S26__S42,26,Seagrass,East,SeG_PulauTinggi,2.280441,104.113867,42,Coral,East,Cor_Pulau_Ular,4.054416,103.409527,FALSE,TRUE,FALSE,Different habitat / same coast,"Different habitat
same coast"
S26,S43,0.5763591337665668,S26__S43,26,Seagrass,East,SeG_PulauTinggi,2.280441,104.113867,43,Coral,East,Cor_Pulau_Ular,4.057277,103.409519,FALSE,TRUE,FALSE,Different habitat / same coast,"Different habitat
same coast"
S26,S44,0.5522213589525148,S26__S44,26,Seagrass,East,SeG_PulauTinggi,2.280441,104.113867,44,Coral,East,Cor_Pulau_Ular,4.058469,103.407966,FALSE,TRUE,FALSE,Different habitat / same coast,"Different habitat
same coast"
S26,S45,0.5755896655069812,S26__S45,26,Seagrass,East,SeG_PulauTinggi,2.280441,104.113867,45,Coral,East,Cor_Pulau_Ular,4.05599,103.405705,FALSE,TRUE,FALSE,Different habitat / same coast,"Different habitat
same coast"
S26,S46,0.85823330247533125,S26__S46,26,Seagrass,East,SeG_PulauTinggi,2.280441,104.113867,46,Mangrove,East,Man_Sungai_Ular,4.04739,103.39389,FALSE,TRUE,FALSE,Different habitat / same coast,"Different habitat
same coast"
S26,S47,0.8825141141852587,S26__S47,26,Seagrass,East,SeG_PulauTinggi,2.280441,104.113867,47,Mangrove,East,Man_Sungai_Ular,4.047681,103.395217,FALSE,TRUE,FALSE,Different habitat / same coast,"Different habitat
same coast"
S26,S48,0.8453802217682719,S26__S48,26,Seagrass,East,SeG_PulauTinggi,2.280441,104.113867,48,Mangrove,East,Man_Sungai_Ular,4.048489,103.395758,FALSE,TRUE,FALSE,Different habitat / same coast,"Different habitat
same coast"
S26,S49,0.8847802100635955,S26__S49,26,Seagrass,East,SeG_PulauTinggi,2.280441,104.113867,49,Mangrove,East,Man_Sungai_Ular,4.04984,103.395527,FALSE,TRUE,FALSE,Different habitat / same coast,"Different habitat
same coast"
S26,S50,0.8519621277285777,S26__S50,26,Seagrass,East,SeG_PulauTinggi,2.280441,104.113867,50,Mangrove,East,Man_Sungai_Ular,4.050552,103.395166,FALSE,TRUE,FALSE,Different habitat / same coast,"Different habitat
same coast"
S26,S66,0.567374084075829,S26__S66,26,Seagrass,East,SeG_PulauTinggi,2.280441,104.113867,66,Seagrass,West,SeG_Tanjung_Rhu,6.460722,99.827135,TRUE,FALSE,FALSE,Same habitat / different coast,"Same habitat
different coast"
S26,S67,0.5410599689331931,S26__S67,26,Seagrass,East,SeG_PulauTinggi,2.280441,104.113867,67,Seagrass,West,SeG_Tanjung_Rhu,6.460835,99.825327,TRUE,FALSE,FALSE,Same habitat / different coast,"Same habitat
different coast"
S26,S68,0.5555684521978442,S26__S68,26,Seagrass,East,SeG_PulauTinggi,2.280441,104.113867,68,Seagrass,West,SeG_Tanjung_Rhu,6.461043,99.823702,TRUE,FALSE,FALSE,Same habitat / different coast,"Same habitat
different coast"
S26,S69,0.5561464850608335,S26__S69,26,Seagrass,East,SeG_PulauTinggi,2.280441,104.113867,69,Seagrass,West,SeG_Tanjung_Rhu,6.461208,99.823448,TRUE,FALSE,FALSE,Same habitat / different coast,"Same habitat
different coast"
S26,S70,0.5459999341748444,S26__S70,26,Seagrass,East,SeG_PulauTinggi,2.280441,104.113867,70,Seagrass,West,SeG_Tanjung_Rhu,6.461547,99.819962,TRUE,FALSE,FALSE,Same habitat / different coast,"Same habitat
different coast"
S26,S71,0.8275593339743349,S26__S71,26,Seagrass,East,SeG_PulauTinggi,2.280441,104.113867,71,Coral,East,Cor_Pulau_Redang,5.814393,103.009382,FALSE,TRUE,FALSE,Different habitat / same coast,"Different habitat
same coast"
S26,S73,0.9273491580996104,S26__S73,26,Seagrass,East,SeG_PulauTinggi,2.280441,104.113867,73,Coral,East,Cor_Pulau_Redang,5.816677,103.007751,FALSE,TRUE,FALSE,Different habitat / same coast,"Different habitat
same coast"
S26,S74,0.8030262365350234,S26__S74,26,Seagrass,East,SeG_PulauTinggi,2.280441,104.113867,74,Coral,East,Cor_Pulau_Redang,5.816281,103.005989,FALSE,TRUE,FALSE,Different habitat / same coast,"Different habitat
same coast"
S26,S75,0.7791534790284241,S26__S75,26,Seagrass,East,SeG_PulauTinggi,2.280441,104.113867,75,Coral,East,Cor_Pulau_Redang,5.814536,103.006378,FALSE,TRUE,FALSE,Different habitat / same coast,"Different habitat
same coast"
S26,S77,0.4741635309668494,S26__S77,26,Seagrass,East,SeG_PulauTinggi,2.280441,104.113867,77,Coral,East,Cor_Pulau_Bidong,5.624215,103.056647,FALSE,TRUE,FALSE,Different habitat / same coast,"Different habitat
same coast"
S26,S78,0.5652699533784304,S26__S78,26,Seagrass,East,SeG_PulauTinggi,2.280441,104.113867,78,Coral,East,Cor_Pulau_Bidong,5.625977,103.057468,FALSE,TRUE,FALSE,Different habitat / same coast,"Different habitat
same coast"
S26,S80,0.6359561314004099,S26__S80,26,Seagrass,East,SeG_PulauTinggi,2.280441,104.113867,80,Coral,East,Cor_Pulau_Bidong,5.627685,103.059864,FALSE,TRUE,FALSE,Different habitat / same coast,"Different habitat
same coast"
S26,S81,0.6933113582972446,S26__S81,26,Seagrass,East,SeG_PulauTinggi,2.280441,104.113867,81,Mangrove,East,Man_Merang,5.527989,102.944516,FALSE,TRUE,FALSE,Different habitat / same coast,"Different habitat
same coast"
S26,S82,0.7137845671316202,S26__S82,26,Seagrass,East,SeG_PulauTinggi,2.280441,104.113867,82,Mangrove,East,Man_Merang,5.526065,102.943286,FALSE,TRUE,FALSE,Different habitat / same coast,"Different habitat
same coast"
S26,S83,0.6826618873271605,S26__S83,26,Seagrass,East,SeG_PulauTinggi,2.280441,104.113867,83,Mangrove,East,Man_Merang,5.526248,102.941049,FALSE,TRUE,FALSE,Different habitat / same coast,"Different habitat
same coast"
S26,S84,0.7081035770719494,S26__S84,26,Seagrass,East,SeG_PulauTinggi,2.280441,104.113867,84,Mangrove,East,Man_Merang,5.528314,102.940522,FALSE,TRUE,FALSE,Different habitat / same coast,"Different habitat
same coast"
S26,S85,0.7357511608033017,S26__S85,26,Seagrass,East,SeG_PulauTinggi,2.280441,104.113867,85,Mangrove,East,Man_Merang,5.528731,102.938759,FALSE,TRUE,FALSE,Different habitat / same coast,"Different habitat
same coast"
S26,S91,0.7087717532362925,S26__S91,26,Seagrass,East,SeG_PulauTinggi,2.280441,104.113867,91,Seagrass,West,SeG_Pulau_Kezambo,5.363009,100.324704,TRUE,FALSE,FALSE,Same habitat / different coast,"Same habitat
different coast"
S26,S92,0.6685650418922703,S26__S92,26,Seagrass,East,SeG_PulauTinggi,2.280441,104.113867,92,Seagrass,West,SeG_Pulau_Kezambo,5.364814,100.324618,TRUE,FALSE,FALSE,Same habitat / different coast,"Same habitat
different coast"
S26,S93,0.6491335104597651,S26__S93,26,Seagrass,East,SeG_PulauTinggi,2.280441,104.113867,93,Seagrass,West,SeG_Pulau_Kezambo,5.365017,100.326968,TRUE,FALSE,FALSE,Same habitat / different coast,"Same habitat
different coast"
S26,S94,0.6422317023810271,S26__S94,26,Seagrass,East,SeG_PulauTinggi,2.280441,104.113867,94,Seagrass,West,SeG_Pulau_Kezambo,5.36303,100.327461,TRUE,FALSE,FALSE,Same habitat / different coast,"Same habitat
different coast"
S26,S95,0.7252644487971099,S26__S95,26,Seagrass,East,SeG_PulauTinggi,2.280441,104.113867,95,Seagrass,West,SeG_Pulau_Kezambo,5.361535,100.325841,TRUE,FALSE,FALSE,Same habitat / different coast,"Same habitat
different coast"
S27,S31,0.2732317227891894,S27__S31,27,Seagrass,East,SeG_PulauTinggi,2.279617,104.11021,31,Coral,East,Cor_Pulau_Tinggi,2.312019,104.091371,FALSE,TRUE,FALSE,Different habitat / same coast,"Different habitat
same coast"
S27,S32,0.3338393586480058,S27__S32,27,Seagrass,East,SeG_PulauTinggi,2.279617,104.11021,32,Coral,East,Cor_Pulau_Tinggi,2.309456,104.09154,FALSE,TRUE,FALSE,Different habitat / same coast,"Different habitat
same coast"
S27,S33,0.2704028424483437,S27__S33,27,Seagrass,East,SeG_PulauTinggi,2.279617,104.11021,33,Coral,East,Cor_Pulau_Tinggi,2.302878,104.092553,FALSE,TRUE,FALSE,Different habitat / same coast,"Different habitat
same coast"
S27,S34,0.25148295253056374,S27__S34,27,Seagrass,East,SeG_PulauTinggi,2.279617,104.11021,34,Coral,East,Cor_Pulau_Tinggi,2.303181,104.092958,FALSE,TRUE,FALSE,Different habitat / same coast,"Different habitat
same coast"
S27,S35,0.2533168862729984,S27__S35,27,Seagrass,East,SeG_PulauTinggi,2.279617,104.11021,35,Coral,East,Cor_Pulau_Tinggi,2.301022,104.093701,FALSE,TRUE,FALSE,Different habitat / same coast,"Different habitat
same coast"
S27,S36,0.9239116241444721,S27__S36,27,Seagrass,East,SeG_PulauTinggi,2.279617,104.11021,36,Mangrove,East,Man_Nenasi,3.109037,103.443207,FALSE,TRUE,FALSE,Different habitat / same coast,"Different habitat
same coast"
S27,S37,0.9285639302976667,S27__S37,27,Seagrass,East,SeG_PulauTinggi,2.279617,104.11021,37,Mangrove,East,Man_Nenasi,3.101512,103.446143,FALSE,TRUE,FALSE,Different habitat / same coast,"Different habitat
same coast"
S27,S38,0.9289250147452843,S27__S38,27,Seagrass,East,SeG_PulauTinggi,2.279617,104.11021,38,Mangrove,East,Man_Nenasi,3.094182,103.442717,FALSE,TRUE,FALSE,Different habitat / same coast,"Different habitat
same coast"
S27,S39,0.9314997890462776,S27__S39,27,Seagrass,East,SeG_PulauTinggi,2.279617,104.11021,39,Mangrove,East,Man_Nenasi,3.087342,103.44027,FALSE,TRUE,FALSE,Different habitat / same coast,"Different habitat
same coast"
S27,S40,0.9090928901211459,S27__S40,27,Seagrass,East,SeG_PulauTinggi,2.279617,104.11021,40,Mangrove,East,Man_Nenasi,3.078358,103.442128,FALSE,TRUE,FALSE,Different habitat / same coast,"Different habitat
same coast"
S27,S41,0.4544658875684832,S27__S41,27,Seagrass,East,SeG_PulauTinggi,2.279617,104.11021,41,Coral,East,Cor_Pulau_Ular,4.053491,103.404452,FALSE,TRUE,FALSE,Different habitat / same coast,"Different habitat
same coast"
S27,S42,0.47137059973816786,S27__S42,27,Seagrass,East,SeG_PulauTinggi,2.279617,104.11021,42,Coral,East,Cor_Pulau_Ular,4.054416,103.409527,FALSE,TRUE,FALSE,Different habitat / same coast,"Different habitat
same coast"
S27,S43,0.3938234337885496,S27__S43,27,Seagrass,East,SeG_PulauTinggi,2.279617,104.11021,43,Coral,East,Cor_Pulau_Ular,4.057277,103.409519,FALSE,TRUE,FALSE,Different habitat / same coast,"Different habitat
same coast"
S27,S44,0.4287041502407406,S27__S44,27,Seagrass,East,SeG_PulauTinggi,2.279617,104.11021,44,Coral,East,Cor_Pulau_Ular,4.058469,103.407966,FALSE,TRUE,FALSE,Different habitat / same coast,"Different habitat
same coast"
S27,S45,0.4050705105105824,S27__S45,27,Seagrass,East,SeG_PulauTinggi,2.279617,104.11021,45,Coral,East,Cor_Pulau_Ular,4.05599,103.405705,FALSE,TRUE,FALSE,Different habitat / same coast,"Different habitat
same coast"
S27,S46,0.8147519160396942,S27__S46,27,Seagrass,East,SeG_PulauTinggi,2.279617,104.11021,46,Mangrove,East,Man_Sungai_Ular,4.04739,103.39389,FALSE,TRUE,FALSE,Different habitat / same coast,"Different habitat
same coast"
S27,S47,0.8477163639988653,S27__S47,27,Seagrass,East,SeG_PulauTinggi,2.279617,104.11021,47,Mangrove,East,Man_Sungai_Ular,4.047681,103.395217,FALSE,TRUE,FALSE,Different habitat / same coast,"Different habitat
same coast"
S27,S48,0.7680982966321133,S27__S48,27,Seagrass,East,SeG_PulauTinggi,2.279617,104.11021,48,Mangrove,East,Man_Sungai_Ular,4.048489,103.395758,FALSE,TRUE,FALSE,Different habitat / same coast,"Different habitat
same coast"
S27,S49,0.781746878655501,S27__S49,27,Seagrass,East,SeG_PulauTinggi,2.279617,104.11021,49,Mangrove,East,Man_Sungai_Ular,4.04984,103.395527,FALSE,TRUE,FALSE,Different habitat / same coast,"Different habitat
same coast"
S27,S50,0.7628553404574149,S27__S50,27,Seagrass,East,SeG_PulauTinggi,2.279617,104.11021,50,Mangrove,East,Man_Sungai_Ular,4.050552,103.395166,FALSE,TRUE,FALSE,Different habitat / same coast,"Different habitat
same coast"
S27,S66,0.45385766272889033,S27__S66,27,Seagrass,East,SeG_PulauTinggi,2.279617,104.11021,66,Seagrass,West,SeG_Tanjung_Rhu,6.460722,99.827135,TRUE,FALSE,FALSE,Same habitat / different coast,"Same habitat
different coast"
S27,S67,0.4391204156831788,S27__S67,27,Seagrass,East,SeG_PulauTinggi,2.279617,104.11021,67,Seagrass,West,SeG_Tanjung_Rhu,6.460835,99.825327,TRUE,FALSE,FALSE,Same habitat / different coast,"Same habitat
different coast"
S27,S68,0.4652618320413706,S27__S68,27,Seagrass,East,SeG_PulauTinggi,2.279617,104.11021,68,Seagrass,West,SeG_Tanjung_Rhu,6.461043,99.823702,TRUE,FALSE,FALSE,Same habitat / different coast,"Same habitat
different coast"
S27,S69,0.4718502182148145,S27__S69,27,Seagrass,East,SeG_PulauTinggi,2.279617,104.11021,69,Seagrass,West,SeG_Tanjung_Rhu,6.461208,99.823448,TRUE,FALSE,FALSE,Same habitat / different coast,"Same habitat
different coast"
S27,S70,0.4230623394417576,S27__S70,27,Seagrass,East,SeG_PulauTinggi,2.279617,104.11021,70,Seagrass,West,SeG_Tanjung_Rhu,6.461547,99.819962,TRUE,FALSE,FALSE,Same habitat / different coast,"Same habitat
different coast"
S27,S71,0.9528826412597642,S27__S71,27,Seagrass,East,SeG_PulauTinggi,2.279617,104.11021,71,Coral,East,Cor_Pulau_Redang,5.814393,103.009382,FALSE,TRUE,FALSE,Different habitat / same coast,"Different habitat
same coast"
S27,S73,0.8440306149064183,S27__S73,27,Seagrass,East,SeG_PulauTinggi,2.279617,104.11021,73,Coral,East,Cor_Pulau_Redang,5.816677,103.007751,FALSE,TRUE,FALSE,Different habitat / same coast,"Different habitat
same coast"
S27,S74,0.6957462672222553,S27__S74,27,Seagrass,East,SeG_PulauTinggi,2.279617,104.11021,74,Coral,East,Cor_Pulau_Redang,5.816281,103.005989,FALSE,TRUE,FALSE,Different habitat / same coast,"Different habitat
same coast"
S27,S75,0.7334214248412827,S27__S75,27,Seagrass,East,SeG_PulauTinggi,2.279617,104.11021,75,Coral,East,Cor_Pulau_Redang,5.814536,103.006378,FALSE,TRUE,FALSE,Different habitat / same coast,"Different habitat
same coast"
S27,S77,0.4498891724551881,S27__S77,27,Seagrass,East,SeG_PulauTinggi,2.279617,104.11021,77,Coral,East,Cor_Pulau_Bidong,5.624215,103.056647,FALSE,TRUE,FALSE,Different habitat / same coast,"Different habitat
same coast"
S27,S78,0.6151116955617809,S27__S78,27,Seagrass,East,SeG_PulauTinggi,2.279617,104.11021,78,Coral,East,Cor_Pulau_Bidong,5.625977,103.057468,FALSE,TRUE,FALSE,Different habitat / same coast,"Different habitat
same coast"
S27,S80,0.5471142028720928,S27__S80,27,Seagrass,East,SeG_PulauTinggi,2.279617,104.11021,80,Coral,East,Cor_Pulau_Bidong,5.627685,103.059864,FALSE,TRUE,FALSE,Different habitat / same coast,"Different habitat
same coast"
S27,S81,0.6173248274053065,S27__S81,27,Seagrass,East,SeG_PulauTinggi,2.279617,104.11021,81,Mangrove,East,Man_Merang,5.527989,102.944516,FALSE,TRUE,FALSE,Different habitat / same coast,"Different habitat
same coast"
S27,S82,0.6357919327063518,S27__S82,27,Seagrass,East,SeG_PulauTinggi,2.279617,104.11021,82,Mangrove,East,Man_Merang,5.526065,102.943286,FALSE,TRUE,FALSE,Different habitat / same coast,"Different habitat
same coast"
S27,S83,0.6145924350019515,S27__S83,27,Seagrass,East,SeG_PulauTinggi,2.279617,104.11021,83,Mangrove,East,Man_Merang,5.526248,102.941049,FALSE,TRUE,FALSE,Different habitat / same coast,"Different habitat
same coast"
S27,S84,0.6367016202408515,S27__S84,27,Seagrass,East,SeG_PulauTinggi,2.279617,104.11021,84,Mangrove,East,Man_Merang,5.528314,102.940522,FALSE,TRUE,FALSE,Different habitat / same coast,"Different habitat
same coast"
S27,S85,0.6660806315579975,S27__S85,27,Seagrass,East,SeG_PulauTinggi,2.279617,104.11021,85,Mangrove,East,Man_Merang,5.528731,102.938759,FALSE,TRUE,FALSE,Different habitat / same coast,"Different habitat
same coast"
S27,S91,0.6361162664719348,S27__S91,27,Seagrass,East,SeG_PulauTinggi,2.279617,104.11021,91,Seagrass,West,SeG_Pulau_Kezambo,5.363009,100.324704,TRUE,FALSE,FALSE,Same habitat / different coast,"Same habitat
different coast"
S27,S92,0.6066087133888678,S27__S92,27,Seagrass,East,SeG_PulauTinggi,2.279617,104.11021,92,Seagrass,West,SeG_Pulau_Kezambo,5.364814,100.324618,TRUE,FALSE,FALSE,Same habitat / different coast,"Same habitat
different coast"
S27,S93,0.5626827253529414,S27__S93,27,Seagrass,East,SeG_PulauTinggi,2.279617,104.11021,93,Seagrass,West,SeG_Pulau_Kezambo,5.365017,100.326968,TRUE,FALSE,FALSE,Same habitat / different coast,"Same habitat
different coast"
S27,S94,0.58910766086339,S27__S94,27,Seagrass,East,SeG_PulauTinggi,2.279617,104.11021,94,Seagrass,West,SeG_Pulau_Kezambo,5.36303,100.327461,TRUE,FALSE,FALSE,Same habitat / different coast,"Same habitat
different coast"
S27,S95,0.6318170281435185,S27__S95,27,Seagrass,East,SeG_PulauTinggi,2.279617,104.11021,95,Seagrass,West,SeG_Pulau_Kezambo,5.361535,100.325841,TRUE,FALSE,FALSE,Same habitat / different coast,"Same habitat
different coast"
S28,S31,0.359936512864395,S28__S31,28,Seagrass,East,SeG_PulauTinggi,2.282247,104.106545,31,Coral,East,Cor_Pulau_Tinggi,2.312019,104.091371,FALSE,TRUE,FALSE,Different habitat / same coast,"Different habitat
same coast"
S28,S32,0.2198439350816907,S28__S32,28,Seagrass,East,SeG_PulauTinggi,2.282247,104.106545,32,Coral,East,Cor_Pulau_Tinggi,2.309456,104.09154,FALSE,TRUE,FALSE,Different habitat / same coast,"Different habitat
same coast"
S28,S33,0.3096924698905988,S28__S33,28,Seagrass,East,SeG_PulauTinggi,2.282247,104.106545,33,Coral,East,Cor_Pulau_Tinggi,2.302878,104.092553,FALSE,TRUE,FALSE,Different habitat / same coast,"Different habitat
same coast"
S28,S34,0.34195809705324226,S28__S34,28,Seagrass,East,SeG_PulauTinggi,2.282247,104.106545,34,Coral,East,Cor_Pulau_Tinggi,2.303181,104.092958,FALSE,TRUE,FALSE,Different habitat / same coast,"Different habitat
same coast"
S28,S35,0.4543355387125881,S28__S35,28,Seagrass,East,SeG_PulauTinggi,2.282247,104.106545,35,Coral,East,Cor_Pulau_Tinggi,2.301022,104.093701,FALSE,TRUE,FALSE,Different habitat / same coast,"Different habitat
same coast"
S28,S36,0.9415471404057477,S28__S36,28,Seagrass,East,SeG_PulauTinggi,2.282247,104.106545,36,Mangrove,East,Man_Nenasi,3.109037,103.443207,FALSE,TRUE,FALSE,Different habitat / same coast,"Different habitat
same coast"
S28,S37,0.9432764787948993,S28__S37,28,Seagrass,East,SeG_PulauTinggi,2.282247,104.106545,37,Mangrove,East,Man_Nenasi,3.101512,103.446143,FALSE,TRUE,FALSE,Different habitat / same coast,"Different habitat
same coast"
S28,S38,0.9408863325191242,S28__S38,28,Seagrass,East,SeG_PulauTinggi,2.282247,104.106545,38,Mangrove,East,Man_Nenasi,3.094182,103.442717,FALSE,TRUE,FALSE,Different habitat / same coast,"Different habitat
same coast"
S28,S39,0.9456379367279554,S28__S39,28,Seagrass,East,SeG_PulauTinggi,2.282247,104.106545,39,Mangrove,East,Man_Nenasi,3.087342,103.44027,FALSE,TRUE,FALSE,Different habitat / same coast,"Different habitat
same coast"
S28,S40,0.9419425094283909,S28__S40,28,Seagrass,East,SeG_PulauTinggi,2.282247,104.106545,40,Mangrove,East,Man_Nenasi,3.078358,103.442128,FALSE,TRUE,FALSE,Different habitat / same coast,"Different habitat
same coast"
S28,S41,0.7516998819549348,S28__S41,28,Seagrass,East,SeG_PulauTinggi,2.282247,104.106545,41,Coral,East,Cor_Pulau_Ular,4.053491,103.404452,FALSE,TRUE,FALSE,Different habitat / same coast,"Different habitat
same coast"
S28,S42,0.7290461363970435,S28__S42,28,Seagrass,East,SeG_PulauTinggi,2.282247,104.106545,42,Coral,East,Cor_Pulau_Ular,4.054416,103.409527,FALSE,TRUE,FALSE,Different habitat / same coast,"Different habitat
same coast"
S28,S43,0.6827471401991598,S28__S43,28,Seagrass,East,SeG_PulauTinggi,2.282247,104.106545,43,Coral,East,Cor_Pulau_Ular,4.057277,103.409519,FALSE,TRUE,FALSE,Different habitat / same coast,"Different habitat
same coast"
S28,S44,0.6806113659853036,S28__S44,28,Seagrass,East,SeG_PulauTinggi,2.282247,104.106545,44,Coral,East,Cor_Pulau_Ular,4.058469,103.407966,FALSE,TRUE,FALSE,Different habitat / same coast,"Different habitat
same coast"
S28,S45,0.6900313913269805,S28__S45,28,Seagrass,East,SeG_PulauTinggi,2.282247,104.106545,45,Coral,East,Cor_Pulau_Ular,4.05599,103.405705,FALSE,TRUE,FALSE,Different habitat / same coast,"Different habitat
same coast"
S28,S46,0.9264105465734365,S28__S46,28,Seagrass,East,SeG_PulauTinggi,2.282247,104.106545,46,Mangrove,East,Man_Sungai_Ular,4.04739,103.39389,FALSE,TRUE,FALSE,Different habitat / same coast,"Different habitat
same coast"
S28,S47,0.9425371145399941,S28__S47,28,Seagrass,East,SeG_PulauTinggi,2.282247,104.106545,47,Mangrove,East,Man_Sungai_Ular,4.047681,103.395217,FALSE,TRUE,FALSE,Different habitat / same coast,"Different habitat
same coast"
S28,S48,0.9272319367538474,S28__S48,28,Seagrass,East,SeG_PulauTinggi,2.282247,104.106545,48,Mangrove,East,Man_Sungai_Ular,4.048489,103.395758,FALSE,TRUE,FALSE,Different habitat / same coast,"Different habitat
same coast"
S28,S49,0.9410726841235868,S28__S49,28,Seagrass,East,SeG_PulauTinggi,2.282247,104.106545,49,Mangrove,East,Man_Sungai_Ular,4.04984,103.395527,FALSE,TRUE,FALSE,Different habitat / same coast,"Different habitat
same coast"
S28,S50,0.9237453204104755,S28__S50,28,Seagrass,East,SeG_PulauTinggi,2.282247,104.106545,50,Mangrove,East,Man_Sungai_Ular,4.050552,103.395166,FALSE,TRUE,FALSE,Different habitat / same coast,"Different habitat
same coast"
S28,S66,0.5308594711781747,S28__S66,28,Seagrass,East,SeG_PulauTinggi,2.282247,104.106545,66,Seagrass,West,SeG_Tanjung_Rhu,6.460722,99.827135,TRUE,FALSE,FALSE,Same habitat / different coast,"Same habitat
different coast"
S28,S67,0.5369518174215934,S28__S67,28,Seagrass,East,SeG_PulauTinggi,2.282247,104.106545,67,Seagrass,West,SeG_Tanjung_Rhu,6.460835,99.825327,TRUE,FALSE,FALSE,Same habitat / different coast,"Same habitat
different coast"
S28,S68,0.5606251843124758,S28__S68,28,Seagrass,East,SeG_PulauTinggi,2.282247,104.106545,68,Seagrass,West,SeG_Tanjung_Rhu,6.461043,99.823702,TRUE,FALSE,FALSE,Same habitat / different coast,"Same habitat
different coast"
S28,S69,0.5760940008900058,S28__S69,28,Seagrass,East,SeG_PulauTinggi,2.282247,104.106545,69,Seagrass,West,SeG_Tanjung_Rhu,6.461208,99.823448,TRUE,FALSE,FALSE,Same habitat / different coast,"Same habitat
different coast"
S28,S70,0.5277030045404872,S28__S70,28,Seagrass,East,SeG_PulauTinggi,2.282247,104.106545,70,Seagrass,West,SeG_Tanjung_Rhu,6.461547,99.819962,TRUE,FALSE,FALSE,Same habitat / different coast,"Same habitat
different coast"
S28,S71,0.79390353062722,S28__S71,28,Seagrass,East,SeG_PulauTinggi,2.282247,104.106545,71,Coral,East,Cor_Pulau_Redang,5.814393,103.009382,FALSE,TRUE,FALSE,Different habitat / same coast,"Different habitat
same coast"
S28,S73,0.9636159154686509,S28__S73,28,Seagrass,East,SeG_PulauTinggi,2.282247,104.106545,73,Coral,East,Cor_Pulau_Redang,5.816677,103.007751,FALSE,TRUE,FALSE,Different habitat / same coast,"Different habitat
same coast"
S28,S74,0.9486318721358694,S28__S74,28,Seagrass,East,SeG_PulauTinggi,2.282247,104.106545,74,Coral,East,Cor_Pulau_Redang,5.816281,103.005989,FALSE,TRUE,FALSE,Different habitat / same coast,"Different habitat
same coast"
S28,S75,0.8736191357999359,S28__S75,28,Seagrass,East,SeG_PulauTinggi,2.282247,104.106545,75,Coral,East,Cor_Pulau_Redang,5.814536,103.006378,FALSE,TRUE,FALSE,Different habitat / same coast,"Different habitat
same coast"
S28,S77,0.6217765343786844,S28__S77,28,Seagrass,East,SeG_PulauTinggi,2.282247,104.106545,77,Coral,East,Cor_Pulau_Bidong,5.624215,103.056647,FALSE,TRUE,FALSE,Different habitat / same coast,"Different habitat
same coast"
S28,S78,0.6949793740682604,S28__S78,28,Seagrass,East,SeG_PulauTinggi,2.282247,104.106545,78,Coral,East,Cor_Pulau_Bidong,5.625977,103.057468,FALSE,TRUE,FALSE,Different habitat / same coast,"Different habitat
same coast"
S28,S80,0.6804438359724855,S28__S80,28,Seagrass,East,SeG_PulauTinggi,2.282247,104.106545,80,Coral,East,Cor_Pulau_Bidong,5.627685,103.059864,FALSE,TRUE,FALSE,Different habitat / same coast,"Different habitat
same coast"
S28,S81,0.8042583013185675,S28__S81,28,Seagrass,East,SeG_PulauTinggi,2.282247,104.106545,81,Mangrove,East,Man_Merang,5.527989,102.944516,FALSE,TRUE,FALSE,Different habitat / same coast,"Different habitat
same coast"
S28,S82,0.8101781862134785,S28__S82,28,Seagrass,East,SeG_PulauTinggi,2.282247,104.106545,82,Mangrove,East,Man_Merang,5.526065,102.943286,FALSE,TRUE,FALSE,Different habitat / same coast,"Different habitat
same coast"
S28,S83,0.7945988299844886,S28__S83,28,Seagrass,East,SeG_PulauTinggi,2.282247,104.106545,83,Mangrove,East,Man_Merang,5.526248,102.941049,FALSE,TRUE,FALSE,Different habitat / same coast,"Different habitat
same coast"
S28,S84,0.8084979332619145,S28__S84,28,Seagrass,East,SeG_PulauTinggi,2.282247,104.106545,84,Mangrove,East,Man_Merang,5.528314,102.940522,FALSE,TRUE,FALSE,Different habitat / same coast,"Different habitat
same coast"
S28,S85,0.8340242854827964,S28__S85,28,Seagrass,East,SeG_PulauTinggi,2.282247,104.106545,85,Mangrove,East,Man_Merang,5.528731,102.938759,FALSE,TRUE,FALSE,Different habitat / same coast,"Different habitat
same coast"
S28,S91,0.7778385116799604,S28__S91,28,Seagrass,East,SeG_PulauTinggi,2.282247,104.106545,91,Seagrass,West,SeG_Pulau_Kezambo,5.363009,100.324704,TRUE,FALSE,FALSE,Same habitat / different coast,"Same habitat
different coast"
S28,S92,0.7357312518742479,S28__S92,28,Seagrass,East,SeG_PulauTinggi,2.282247,104.106545,92,Seagrass,West,SeG_Pulau_Kezambo,5.364814,100.324618,TRUE,FALSE,FALSE,Same habitat / different coast,"Same habitat
different coast"
S28,S93,0.7087378514062961,S28__S93,28,Seagrass,East,SeG_PulauTinggi,2.282247,104.106545,93,Seagrass,West,SeG_Pulau_Kezambo,5.365017,100.326968,TRUE,FALSE,FALSE,Same habitat / different coast,"Same habitat
different coast"
S28,S94,0.6930180899855761,S28__S94,28,Seagrass,East,SeG_PulauTinggi,2.282247,104.106545,94,Seagrass,West,SeG_Pulau_Kezambo,5.36303,100.327461,TRUE,FALSE,FALSE,Same habitat / different coast,"Same habitat
different coast"
S28,S95,0.79840666709554875,S28__S95,28,Seagrass,East,SeG_PulauTinggi,2.282247,104.106545,95,Seagrass,West,SeG_Pulau_Kezambo,5.361535,100.325841,TRUE,FALSE,FALSE,Same habitat / different coast,"Same habitat
different coast"
S29,S31,0.5310396486148937,S29__S31,29,Seagrass,East,SeG_PulauTinggi,2.28497,104.105134,31,Coral,East,Cor_Pulau_Tinggi,2.312019,104.091371,FALSE,TRUE,FALSE,Different habitat / same coast,"Different habitat
same coast"
S29,S32,0.5542029846742926,S29__S32,29,Seagrass,East,SeG_PulauTinggi,2.28497,104.105134,32,Coral,East,Cor_Pulau_Tinggi,2.309456,104.09154,FALSE,TRUE,FALSE,Different habitat / same coast,"Different habitat
same coast"
S29,S33,0.5453117137428994,S29__S33,29,Seagrass,East,SeG_PulauTinggi,2.28497,104.105134,33,Coral,East,Cor_Pulau_Tinggi,2.302878,104.092553,FALSE,TRUE,FALSE,Different habitat / same coast,"Different habitat
same coast"
S29,S34,0.3853655069230967,S29__S34,29,Seagrass,East,SeG_PulauTinggi,2.28497,104.105134,34,Coral,East,Cor_Pulau_Tinggi,2.303181,104.092958,FALSE,TRUE,FALSE,Different habitat / same coast,"Different habitat
same coast"
S29,S35,0.41731326659340034,S29__S35,29,Seagrass,East,SeG_PulauTinggi,2.28497,104.105134,35,Coral,East,Cor_Pulau_Tinggi,2.301022,104.093701,FALSE,TRUE,FALSE,Different habitat / same coast,"Different habitat
same coast"
S29,S36,0.9365150649809217,S29__S36,29,Seagrass,East,SeG_PulauTinggi,2.28497,104.105134,36,Mangrove,East,Man_Nenasi,3.109037,103.443207,FALSE,TRUE,FALSE,Different habitat / same coast,"Different habitat
same coast"
S29,S37,0.9383498107698078,S29__S37,29,Seagrass,East,SeG_PulauTinggi,2.28497,104.105134,37,Mangrove,East,Man_Nenasi,3.101512,103.446143,FALSE,TRUE,FALSE,Different habitat / same coast,"Different habitat
same coast"
S29,S38,0.9358118540686143,S29__S38,29,Seagrass,East,SeG_PulauTinggi,2.28497,104.105134,38,Mangrove,East,Man_Nenasi,3.094182,103.442717,FALSE,TRUE,FALSE,Different habitat / same coast,"Different habitat
same coast"
S29,S39,0.9409574734514902,S29__S39,29,Seagrass,East,SeG_PulauTinggi,2.28497,104.105134,39,Mangrove,East,Man_Nenasi,3.087342,103.44027,FALSE,TRUE,FALSE,Different habitat / same coast,"Different habitat
same coast"
S29,S40,0.936931950698354,S29__S40,29,Seagrass,East,SeG_PulauTinggi,2.28497,104.105134,40,Mangrove,East,Man_Nenasi,3.078358,103.442128,FALSE,TRUE,FALSE,Different habitat / same coast,"Different habitat
same coast"
S29,S41,0.8240996511238208,S29__S41,29,Seagrass,East,SeG_PulauTinggi,2.28497,104.105134,41,Coral,East,Cor_Pulau_Ular,4.053491,103.404452,FALSE,TRUE,FALSE,Different habitat / same coast,"Different habitat
same coast"
S29,S42,0.8527932177853389,S29__S42,29,Seagrass,East,SeG_PulauTinggi,2.28497,104.105134,42,Coral,East,Cor_Pulau_Ular,4.054416,103.409527,FALSE,TRUE,FALSE,Different habitat / same coast,"Different habitat
same coast"
S29,S43,0.8100142396599188,S29__S43,29,Seagrass,East,SeG_PulauTinggi,2.28497,104.105134,43,Coral,East,Cor_Pulau_Ular,4.057277,103.409519,FALSE,TRUE,FALSE,Different habitat / same coast,"Different habitat
same coast"
S29,S44,0.7958304852471038,S29__S44,29,Seagrass,East,SeG_PulauTinggi,2.28497,104.105134,44,Coral,East,Cor_Pulau_Ular,4.058469,103.407966,FALSE,TRUE,FALSE,Different habitat / same coast,"Different habitat
same coast"
S29,S45,0.8062585563085551,S29__S45,29,Seagrass,East,SeG_PulauTinggi,2.28497,104.105134,45,Coral,East,Cor_Pulau_Ular,4.05599,103.405705,FALSE,TRUE,FALSE,Different habitat / same coast,"Different habitat
same coast"
S29,S46,0.9239506902834073,S29__S46,29,Seagrass,East,SeG_PulauTinggi,2.28497,104.105134,46,Mangrove,East,Man_Sungai_Ular,4.04739,103.39389,FALSE,TRUE,FALSE,Different habitat / same coast,"Different habitat
same coast"
S29,S47,0.9375370069424772,S29__S47,29,Seagrass,East,SeG_PulauTinggi,2.28497,104.105134,47,Mangrove,East,Man_Sungai_Ular,4.047681,103.395217,FALSE,TRUE,FALSE,Different habitat / same coast,"Different habitat
same coast"
S29,S48,0.9244294507306509,S29__S48,29,Seagrass,East,SeG_PulauTinggi,2.28497,104.105134,48,Mangrove,East,Man_Sungai_Ular,4.048489,103.395758,FALSE,TRUE,FALSE,Different habitat / same coast,"Different habitat
same coast"
S29,S49,0.9359129719890862,S29__S49,29,Seagrass,East,SeG_PulauTinggi,2.28497,104.105134,49,Mangrove,East,Man_Sungai_Ular,4.04984,103.395527,FALSE,TRUE,FALSE,Different habitat / same coast,"Different habitat
same coast"
S29,S50,0.9183316862176353,S29__S50,29,Seagrass,East,SeG_PulauTinggi,2.28497,104.105134,50,Mangrove,East,Man_Sungai_Ular,4.050552,103.395166,FALSE,TRUE,FALSE,Different habitat / same coast,"Different habitat
same coast"
S29,S66,0.4835492242991626,S29__S66,29,Seagrass,East,SeG_PulauTinggi,2.28497,104.105134,66,Seagrass,West,SeG_Tanjung_Rhu,6.460722,99.827135,TRUE,FALSE,FALSE,Same habitat / different coast,"Same habitat
different coast"
S29,S67,0.5450499886886275,S29__S67,29,Seagrass,East,SeG_PulauTinggi,2.28497,104.105134,67,Seagrass,West,SeG_Tanjung_Rhu,6.460835,99.825327,TRUE,FALSE,FALSE,Same habitat / different coast,"Same habitat
different coast"
S29,S68,0.5653155710103396,S29__S68,29,Seagrass,East,SeG_PulauTinggi,2.28497,104.105134,68,Seagrass,West,SeG_Tanjung_Rhu,6.461043,99.823702,TRUE,FALSE,FALSE,Same habitat / different coast,"Same habitat
different coast"
S29,S69,0.5811632837877982,S29__S69,29,Seagrass,East,SeG_PulauTinggi,2.28497,104.105134,69,Seagrass,West,SeG_Tanjung_Rhu,6.461208,99.823448,TRUE,FALSE,FALSE,Same habitat / different coast,"Same habitat
different coast"
S29,S70,0.5332938799814829,S29__S70,29,Seagrass,East,SeG_PulauTinggi,2.28497,104.105134,70,Seagrass,West,SeG_Tanjung_Rhu,6.461547,99.819962,TRUE,FALSE,FALSE,Same habitat / different coast,"Same habitat
different coast"
S29,S71,0.9322526515881757,S29__S71,29,Seagrass,East,SeG_PulauTinggi,2.28497,104.105134,71,Coral,East,Cor_Pulau_Redang,5.814393,103.009382,FALSE,TRUE,FALSE,Different habitat / same coast,"Different habitat
same coast"
S29,S73,0.9604491438186428,S29__S73,29,Seagrass,East,SeG_PulauTinggi,2.28497,104.105134,73,Coral,East,Cor_Pulau_Redang,5.816677,103.007751,FALSE,TRUE,FALSE,Different habitat / same coast,"Different habitat
same coast"
S29,S74,0.8808829281978212,S29__S74,29,Seagrass,East,SeG_PulauTinggi,2.28497,104.105134,74,Coral,East,Cor_Pulau_Redang,5.816281,103.005989,FALSE,TRUE,FALSE,Different habitat / same coast,"Different habitat
same coast"
S29,S75,0.8641814445897864,S29__S75,29,Seagrass,East,SeG_PulauTinggi,2.28497,104.105134,75,Coral,East,Cor_Pulau_Redang,5.814536,103.006378,FALSE,TRUE,FALSE,Different habitat / same coast,"Different habitat
same coast"
S29,S77,0.5929163108839705,S29__S77,29,Seagrass,East,SeG_PulauTinggi,2.28497,104.105134,77,Coral,East,Cor_Pulau_Bidong,5.624215,103.056647,FALSE,TRUE,FALSE,Different habitat / same coast,"Different habitat
same coast"
S29,S78,0.6421201360040785,S29__S78,29,Seagrass,East,SeG_PulauTinggi,2.28497,104.105134,78,Coral,East,Cor_Pulau_Bidong,5.625977,103.057468,FALSE,TRUE,FALSE,Different habitat / same coast,"Different habitat
same coast"
S29,S80,0.8029403661606445,S29__S80,29,Seagrass,East,SeG_PulauTinggi,2.28497,104.105134,80,Coral,East,Cor_Pulau_Bidong,5.627685,103.059864,FALSE,TRUE,FALSE,Different habitat / same coast,"Different habitat
same coast"
S29,S81,0.8526901103462253,S29__S81,29,Seagrass,East,SeG_PulauTinggi,2.28497,104.105134,81,Mangrove,East,Man_Merang,5.527989,102.944516,FALSE,TRUE,FALSE,Different habitat / same coast,"Different habitat
same coast"
S29,S82,0.8724604229780026,S29__S82,29,Seagrass,East,SeG_PulauTinggi,2.28497,104.105134,82,Mangrove,East,Man_Merang,5.526065,102.943286,FALSE,TRUE,FALSE,Different habitat / same coast,"Different habitat
same coast"
S29,S83,0.8509221825571267,S29__S83,29,Seagrass,East,SeG_PulauTinggi,2.28497,104.105134,83,Mangrove,East,Man_Merang,5.526248,102.941049,FALSE,TRUE,FALSE,Different habitat / same coast,"Different habitat
same coast"
S29,S84,0.8693835091532379,S29__S84,29,Seagrass,East,SeG_PulauTinggi,2.28497,104.105134,84,Mangrove,East,Man_Merang,5.528314,102.940522,FALSE,TRUE,FALSE,Different habitat / same coast,"Different habitat
same coast"
S29,S85,0.8544436229466916,S29__S85,29,Seagrass,East,SeG_PulauTinggi,2.28497,104.105134,85,Mangrove,East,Man_Merang,5.528731,102.938759,FALSE,TRUE,FALSE,Different habitat / same coast,"Different habitat
same coast"
S29,S91,0.8136440207225667,S29__S91,29,Seagrass,East,SeG_PulauTinggi,2.28497,104.105134,91,Seagrass,West,SeG_Pulau_Kezambo,5.363009,100.324704,TRUE,FALSE,FALSE,Same habitat / different coast,"Same habitat
different coast"
S29,S92,0.7558951008305338,S29__S92,29,Seagrass,East,SeG_PulauTinggi,2.28497,104.105134,92,Seagrass,West,SeG_Pulau_Kezambo,5.364814,100.324618,TRUE,FALSE,FALSE,Same habitat / different coast,"Same habitat
different coast"
S29,S93,0.7117092335567435,S29__S93,29,Seagrass,East,SeG_PulauTinggi,2.28497,104.105134,93,Seagrass,West,SeG_Pulau_Kezambo,5.365017,100.326968,TRUE,FALSE,FALSE,Same habitat / different coast,"Same habitat
different coast"
S29,S94,0.7257162234764415,S29__S94,29,Seagrass,East,SeG_PulauTinggi,2.28497,104.105134,94,Seagrass,West,SeG_Pulau_Kezambo,5.36303,100.327461,TRUE,FALSE,FALSE,Same habitat / different coast,"Same habitat
different coast"
S29,S95,0.810154106376445,S29__S95,29,Seagrass,East,SeG_PulauTinggi,2.28497,104.105134,95,Seagrass,West,SeG_Pulau_Kezambo,5.361535,100.325841,TRUE,FALSE,FALSE,Same habitat / different coast,"Same habitat
different coast"
S30,S31,0.19196614913387464,S30__S31,30,Seagrass,East,SeG_PulauTinggi,2.288352,104.10363,31,Coral,East,Cor_Pulau_Tinggi,2.312019,104.091371,FALSE,TRUE,FALSE,Different habitat / same coast,"Different habitat
same coast"
S30,S32,0.3002112222091547,S30__S32,30,Seagrass,East,SeG_PulauTinggi,2.288352,104.10363,32,Coral,East,Cor_Pulau_Tinggi,2.309456,104.09154,FALSE,TRUE,FALSE,Different habitat / same coast,"Different habitat
same coast"
S30,S33,0.28395499940668856,S30__S33,30,Seagrass,East,SeG_PulauTinggi,2.288352,104.10363,33,Coral,East,Cor_Pulau_Tinggi,2.302878,104.092553,FALSE,TRUE,FALSE,Different habitat / same coast,"Different habitat
same coast"
S30,S34,0.3036944287762968,S30__S34,30,Seagrass,East,SeG_PulauTinggi,2.288352,104.10363,34,Coral,East,Cor_Pulau_Tinggi,2.303181,104.092958,FALSE,TRUE,FALSE,Different habitat / same coast,"Different habitat
same coast"
S30,S35,0.2645442612255188,S30__S35,30,Seagrass,East,SeG_PulauTinggi,2.288352,104.10363,35,Coral,East,Cor_Pulau_Tinggi,2.301022,104.093701,FALSE,TRUE,FALSE,Different habitat / same coast,"Different habitat
same coast"
S30,S36,0.9312727436323853,S30__S36,30,Seagrass,East,SeG_PulauTinggi,2.288352,104.10363,36,Mangrove,East,Man_Nenasi,3.109037,103.443207,FALSE,TRUE,FALSE,Different habitat / same coast,"Different habitat
same coast"
S30,S37,0.9366734916398032,S30__S37,30,Seagrass,East,SeG_PulauTinggi,2.288352,104.10363,37,Mangrove,East,Man_Nenasi,3.101512,103.446143,FALSE,TRUE,FALSE,Different habitat / same coast,"Different habitat
same coast"
S30,S38,0.9341840137833229,S30__S38,30,Seagrass,East,SeG_PulauTinggi,2.288352,104.10363,38,Mangrove,East,Man_Nenasi,3.094182,103.442717,FALSE,TRUE,FALSE,Different habitat / same coast,"Different habitat
same coast"
S30,S39,0.9392691070250968,S30__S39,30,Seagrass,East,SeG_PulauTinggi,2.288352,104.10363,39,Mangrove,East,Man_Nenasi,3.087342,103.44027,FALSE,TRUE,FALSE,Different habitat / same coast,"Different habitat
same coast"
S30,S40,0.9173550093224121,S30__S40,30,Seagrass,East,SeG_PulauTinggi,2.288352,104.10363,40,Mangrove,East,Man_Nenasi,3.078358,103.442128,FALSE,TRUE,FALSE,Different habitat / same coast,"Different habitat
same coast"
S30,S41,0.5048617002379524,S30__S41,30,Seagrass,East,SeG_PulauTinggi,2.288352,104.10363,41,Coral,East,Cor_Pulau_Ular,4.053491,103.404452,FALSE,TRUE,FALSE,Different habitat / same coast,"Different habitat
same coast"
S30,S42,0.5126470735635317,S30__S42,30,Seagrass,East,SeG_PulauTinggi,2.288352,104.10363,42,Coral,East,Cor_Pulau_Ular,4.054416,103.409527,FALSE,TRUE,FALSE,Different habitat / same coast,"Different habitat
same coast"
S30,S43,0.47343375608682914,S30__S43,30,Seagrass,East,SeG_PulauTinggi,2.288352,104.10363,43,Coral,East,Cor_Pulau_Ular,4.057277,103.409519,FALSE,TRUE,FALSE,Different habitat / same coast,"Different habitat
same coast"
S30,S44,0.45740517359868255,S30__S44,30,Seagrass,East,SeG_PulauTinggi,2.288352,104.10363,44,Coral,East,Cor_Pulau_Ular,4.058469,103.407966,FALSE,TRUE,FALSE,Different habitat / same coast,"Different habitat
same coast"
S30,S45,0.44944674003269014,S30__S45,30,Seagrass,East,SeG_PulauTinggi,2.288352,104.10363,45,Coral,East,Cor_Pulau_Ular,4.05599,103.405705,FALSE,TRUE,FALSE,Different habitat / same coast,"Different habitat
same coast"
S30,S46,0.8090083221811947,S30__S46,30,Seagrass,East,SeG_PulauTinggi,2.288352,104.10363,46,Mangrove,East,Man_Sungai_Ular,4.04739,103.39389,FALSE,TRUE,FALSE,Different habitat / same coast,"Different habitat
same coast"
S30,S47,0.8435844498136181,S30__S47,30,Seagrass,East,SeG_PulauTinggi,2.288352,104.10363,47,Mangrove,East,Man_Sungai_Ular,4.047681,103.395217,FALSE,TRUE,FALSE,Different habitat / same coast,"Different habitat
same coast"
S30,S48,0.7611777449732732,S30__S48,30,Seagrass,East,SeG_PulauTinggi,2.288352,104.10363,48,Mangrove,East,Man_Sungai_Ular,4.048489,103.395758,FALSE,TRUE,FALSE,Different habitat / same coast,"Different habitat
same coast"
S30,S49,0.7685187325406188,S30__S49,30,Seagrass,East,SeG_PulauTinggi,2.288352,104.10363,49,Mangrove,East,Man_Sungai_Ular,4.04984,103.395527,FALSE,TRUE,FALSE,Different habitat / same coast,"Different habitat
same coast"
S30,S50,0.7529575077975627,S30__S50,30,Seagrass,East,SeG_PulauTinggi,2.288352,104.10363,50,Mangrove,East,Man_Sungai_Ular,4.050552,103.395166,FALSE,TRUE,FALSE,Different habitat / same coast,"Different habitat
same coast"
S30,S66,0.46158431644050946,S30__S66,30,Seagrass,East,SeG_PulauTinggi,2.288352,104.10363,66,Seagrass,West,SeG_Tanjung_Rhu,6.460722,99.827135,TRUE,FALSE,FALSE,Same habitat / different coast,"Same habitat
different coast"
S30,S67,0.43306260786029166,S30__S67,30,Seagrass,East,SeG_PulauTinggi,2.288352,104.10363,67,Seagrass,West,SeG_Tanjung_Rhu,6.460835,99.825327,TRUE,FALSE,FALSE,Same habitat / different coast,"Same habitat
different coast"
S30,S68,0.4601428449974076,S30__S68,30,Seagrass,East,SeG_PulauTinggi,2.288352,104.10363,68,Seagrass,West,SeG_Tanjung_Rhu,6.461043,99.823702,TRUE,FALSE,FALSE,Same habitat / different coast,"Same habitat
different coast"
S30,S69,0.4670928459551378,S30__S69,30,Seagrass,East,SeG_PulauTinggi,2.288352,104.10363,69,Seagrass,West,SeG_Tanjung_Rhu,6.461208,99.823448,TRUE,FALSE,FALSE,Same habitat / different coast,"Same habitat
different coast"
S30,S70,0.4202371818429336,S30__S70,30,Seagrass,East,SeG_PulauTinggi,2.288352,104.10363,70,Seagrass,West,SeG_Tanjung_Rhu,6.461547,99.819962,TRUE,FALSE,FALSE,Same habitat / different coast,"Same habitat
different coast"
S30,S71,0.8675187339796967,S30__S71,30,Seagrass,East,SeG_PulauTinggi,2.288352,104.10363,71,Coral,East,Cor_Pulau_Redang,5.814393,103.009382,FALSE,TRUE,FALSE,Different habitat / same coast,"Different habitat
same coast"
S30,S73,0.8409276831812686,S30__S73,30,Seagrass,East,SeG_PulauTinggi,2.288352,104.10363,73,Coral,East,Cor_Pulau_Redang,5.816677,103.007751,FALSE,TRUE,FALSE,Different habitat / same coast,"Different habitat
same coast"
S30,S74,0.7000662358988029,S30__S74,30,Seagrass,East,SeG_PulauTinggi,2.288352,104.10363,74,Coral,East,Cor_Pulau_Redang,5.816281,103.005989,FALSE,TRUE,FALSE,Different habitat / same coast,"Different habitat
same coast"
S30,S75,0.7096529102101968,S30__S75,30,Seagrass,East,SeG_PulauTinggi,2.288352,104.10363,75,Coral,East,Cor_Pulau_Redang,5.814536,103.006378,FALSE,TRUE,FALSE,Different habitat / same coast,"Different habitat
same coast"
S30,S77,0.47410590159775334,S30__S77,30,Seagrass,East,SeG_PulauTinggi,2.288352,104.10363,77,Coral,East,Cor_Pulau_Bidong,5.624215,103.056647,FALSE,TRUE,FALSE,Different habitat / same coast,"Different habitat
same coast"
S30,S78,0.616260365969917,S30__S78,30,Seagrass,East,SeG_PulauTinggi,2.288352,104.10363,78,Coral,East,Cor_Pulau_Bidong,5.625977,103.057468,FALSE,TRUE,FALSE,Different habitat / same coast,"Different habitat
same coast"
S30,S80,0.6306122876924114,S30__S80,30,Seagrass,East,SeG_PulauTinggi,2.288352,104.10363,80,Coral,East,Cor_Pulau_Bidong,5.627685,103.059864,FALSE,TRUE,FALSE,Different habitat / same coast,"Different habitat
same coast"
S30,S81,0.5825054128948777,S30__S81,30,Seagrass,East,SeG_PulauTinggi,2.288352,104.10363,81,Mangrove,East,Man_Merang,5.527989,102.944516,FALSE,TRUE,FALSE,Different habitat / same coast,"Different habitat
same coast"
S30,S82,0.601202154536707,S30__S82,30,Seagrass,East,SeG_PulauTinggi,2.288352,104.10363,82,Mangrove,East,Man_Merang,5.526065,102.943286,FALSE,TRUE,FALSE,Different habitat / same coast,"Different habitat
same coast"
S30,S83,0.5764945577855057,S30__S83,30,Seagrass,East,SeG_PulauTinggi,2.288352,104.10363,83,Mangrove,East,Man_Merang,5.526248,102.941049,FALSE,TRUE,FALSE,Different habitat / same coast,"Different habitat
same coast"
S30,S84,0.5961121132101546,S30__S84,30,Seagrass,East,SeG_PulauTinggi,2.288352,104.10363,84,Mangrove,East,Man_Merang,5.528314,102.940522,FALSE,TRUE,FALSE,Different habitat / same coast,"Different habitat
same coast"
S30,S85,0.6440541483796532,S30__S85,30,Seagrass,East,SeG_PulauTinggi,2.288352,104.10363,85,Mangrove,East,Man_Merang,5.528731,102.938759,FALSE,TRUE,FALSE,Different habitat / same coast,"Different habitat
same coast"
S30,S91,0.6276722227110059,S30__S91,30,Seagrass,East,SeG_PulauTinggi,2.288352,104.10363,91,Seagrass,West,SeG_Pulau_Kezambo,5.363009,100.324704,TRUE,FALSE,FALSE,Same habitat / different coast,"Same habitat
different coast"
S30,S92,0.6041618339880448,S30__S92,30,Seagrass,East,SeG_PulauTinggi,2.288352,104.10363,92,Seagrass,West,SeG_Pulau_Kezambo,5.364814,100.324618,TRUE,FALSE,FALSE,Same habitat / different coast,"Same habitat
different coast"
S30,S93,0.5717072723752245,S30__S93,30,Seagrass,East,SeG_PulauTinggi,2.288352,104.10363,93,Seagrass,West,SeG_Pulau_Kezambo,5.365017,100.326968,TRUE,FALSE,FALSE,Same habitat / different coast,"Same habitat
different coast"
S30,S94,0.5963851483667779,S30__S94,30,Seagrass,East,SeG_PulauTinggi,2.288352,104.10363,94,Seagrass,West,SeG_Pulau_Kezambo,5.36303,100.327461,TRUE,FALSE,FALSE,Same habitat / different coast,"Same habitat
different coast"
S30,S95,0.6318391959237029,S30__S95,30,Seagrass,East,SeG_PulauTinggi,2.288352,104.10363,95,Seagrass,West,SeG_Pulau_Kezambo,5.361535,100.325841,TRUE,FALSE,FALSE,Same habitat / different coast,"Same habitat
different coast"
S31,S36,0.9264429666765623,S31__S36,31,Coral,East,Cor_Pulau_Tinggi,2.312019,104.091371,36,Mangrove,East,Man_Nenasi,3.109037,103.443207,FALSE,TRUE,FALSE,Different habitat / same coast,"Different habitat
same coast"
S31,S37,0.9376106613731786,S31__S37,31,Coral,East,Cor_Pulau_Tinggi,2.312019,104.091371,37,Mangrove,East,Man_Nenasi,3.101512,103.446143,FALSE,TRUE,FALSE,Different habitat / same coast,"Different habitat
same coast"
S31,S38,0.9293193603461811,S31__S38,31,Coral,East,Cor_Pulau_Tinggi,2.312019,104.091371,38,Mangrove,East,Man_Nenasi,3.094182,103.442717,FALSE,TRUE,FALSE,Different habitat / same coast,"Different habitat
same coast"
S31,S39,0.9358362697533417,S31__S39,31,Coral,East,Cor_Pulau_Tinggi,2.312019,104.091371,39,Mangrove,East,Man_Nenasi,3.087342,103.44027,FALSE,TRUE,FALSE,Different habitat / same coast,"Different habitat
same coast"
S31,S40,0.910821644413673,S31__S40,31,Coral,East,Cor_Pulau_Tinggi,2.312019,104.091371,40,Mangrove,East,Man_Nenasi,3.078358,103.442128,FALSE,TRUE,FALSE,Different habitat / same coast,"Different habitat
same coast"
S31,S46,0.7754918407852612,S31__S46,31,Coral,East,Cor_Pulau_Tinggi,2.312019,104.091371,46,Mangrove,East,Man_Sungai_Ular,4.04739,103.39389,FALSE,TRUE,FALSE,Different habitat / same coast,"Different habitat
same coast"
S31,S47,0.8281964472790343,S31__S47,31,Coral,East,Cor_Pulau_Tinggi,2.312019,104.091371,47,Mangrove,East,Man_Sungai_Ular,4.047681,103.395217,FALSE,TRUE,FALSE,Different habitat / same coast,"Different habitat
same coast"
S31,S48,0.7299155814110093,S31__S48,31,Coral,East,Cor_Pulau_Tinggi,2.312019,104.091371,48,Mangrove,East,Man_Sungai_Ular,4.048489,103.395758,FALSE,TRUE,FALSE,Different habitat / same coast,"Different habitat
same coast"
S31,S49,0.7890055643210233,S31__S49,31,Coral,East,Cor_Pulau_Tinggi,2.312019,104.091371,49,Mangrove,East,Man_Sungai_Ular,4.04984,103.395527,FALSE,TRUE,FALSE,Different habitat / same coast,"Different habitat
same coast"
S31,S50,0.7398841852022722,S31__S50,31,Coral,East,Cor_Pulau_Tinggi,2.312019,104.091371,50,Mangrove,East,Man_Sungai_Ular,4.050552,103.395166,FALSE,TRUE,FALSE,Different habitat / same coast,"Different habitat
same coast"
S31,S51,0.6275838143011094,S31__S51,31,Coral,East,Cor_Pulau_Tinggi,2.312019,104.091371,51,Seagrass,East,ManSeG_Paka,4.657741,103.438562,FALSE,TRUE,FALSE,Different habitat / same coast,"Different habitat
same coast"
S31,S52,0.6213747964920139,S31__S52,31,Coral,East,Cor_Pulau_Tinggi,2.312019,104.091371,52,Seagrass,East,ManSeG_Paka,4.656438,103.436615,FALSE,TRUE,FALSE,Different habitat / same coast,"Different habitat
same coast"
S31,S53,0.6429356113423689,S31__S53,31,Coral,East,Cor_Pulau_Tinggi,2.312019,104.091371,53,Seagrass,East,ManSeG_Paka,4.653916,103.433807,FALSE,TRUE,FALSE,Different habitat / same coast,"Different habitat
same coast"
S31,S54,0.6654315734663894,S31__S54,31,Coral,East,Cor_Pulau_Tinggi,2.312019,104.091371,54,Seagrass,East,ManSeG_Paka,4.648234,103.435003,FALSE,TRUE,FALSE,Different habitat / same coast,"Different habitat
same coast"
S31,S55,0.6729922235561363,S31__S55,31,Coral,East,Cor_Pulau_Tinggi,2.312019,104.091371,55,Seagrass,East,ManSeG_Paka,4.644799,103.436867,FALSE,TRUE,FALSE,Different habitat / same coast,"Different habitat
same coast"
S31,S56,0.3824881105185487,S31__S56,31,Coral,East,Cor_Pulau_Tinggi,2.312019,104.091371,56,Coral,West,Cor_Pulau_Intan,6.231933,99.71668,TRUE,FALSE,FALSE,Same habitat / different coast,"Same habitat
different coast"
S31,S57,0.37361801288303625,S31__S57,31,Coral,East,Cor_Pulau_Tinggi,2.312019,104.091371,57,Coral,West,Cor_Pulau_Intan,6.235042,99.713494,TRUE,FALSE,FALSE,Same habitat / different coast,"Same habitat
different coast"
S31,S58,0.3986525744657855,S31__S58,31,Coral,East,Cor_Pulau_Tinggi,2.312019,104.091371,58,Coral,West,Cor_Pulau_Intan,6.241277,99.713092,TRUE,FALSE,FALSE,Same habitat / different coast,"Same habitat
different coast"
S31,S59,0.37639572788682607,S31__S59,31,Coral,East,Cor_Pulau_Tinggi,2.312019,104.091371,59,Coral,West,Cor_Pulau_Intan,6.242925,99.71689,TRUE,FALSE,FALSE,Same habitat / different coast,"Same habitat
different coast"
S31,S60,0.4115436864413767,S31__S60,31,Coral,East,Cor_Pulau_Tinggi,2.312019,104.091371,60,Coral,West,Cor_Pulau_Intan,6.239442,99.719555,TRUE,FALSE,FALSE,Same habitat / different coast,"Same habitat
different coast"
S31,S81,0.5592252933130201,S31__S81,31,Coral,East,Cor_Pulau_Tinggi,2.312019,104.091371,81,Mangrove,East,Man_Merang,5.527989,102.944516,FALSE,TRUE,FALSE,Different habitat / same coast,"Different habitat
same coast"
S31,S82,0.5772775406422034,S31__S82,31,Coral,East,Cor_Pulau_Tinggi,2.312019,104.091371,82,Mangrove,East,Man_Merang,5.526065,102.943286,FALSE,TRUE,FALSE,Different habitat / same coast,"Different habitat
same coast"
S31,S83,0.5449121157092474,S31__S83,31,Coral,East,Cor_Pulau_Tinggi,2.312019,104.091371,83,Mangrove,East,Man_Merang,5.526248,102.941049,FALSE,TRUE,FALSE,Different habitat / same coast,"Different habitat
same coast"
S31,S84,0.5694926522150757,S31__S84,31,Coral,East,Cor_Pulau_Tinggi,2.312019,104.091371,84,Mangrove,East,Man_Merang,5.528314,102.940522,FALSE,TRUE,FALSE,Different habitat / same coast,"Different habitat
same coast"
S31,S85,0.6238414783237594,S31__S85,31,Coral,East,Cor_Pulau_Tinggi,2.312019,104.091371,85,Mangrove,East,Man_Merang,5.528731,102.938759,FALSE,TRUE,FALSE,Different habitat / same coast,"Different habitat
same coast"
S31,S101,0.4323192420804884,S101__S31,31,Coral,East,Cor_Pulau_Tinggi,2.312019,104.091371,101,Coral,West,Cor_Pulau_Pangkor,4.190014,100.572274,TRUE,FALSE,FALSE,Same habitat / different coast,"Same habitat
different coast"
S31,S102,0.43897411197855357,S102__S31,31,Coral,East,Cor_Pulau_Tinggi,2.312019,104.091371,102,Coral,West,Cor_Pulau_Pangkor,4.187189,100.543949,TRUE,FALSE,FALSE,Same habitat / different coast,"Same habitat
different coast"
S31,S103,0.5187041896311902,S103__S31,31,Coral,East,Cor_Pulau_Tinggi,2.312019,104.091371,103,Coral,West,Cor_Pulau_Pangkor,4.192025,100.537855,TRUE,FALSE,FALSE,Same habitat / different coast,"Same habitat
different coast"
S31,S104,0.47879186449048977,S104__S31,31,Coral,East,Cor_Pulau_Tinggi,2.312019,104.091371,104,Coral,West,Cor_Pulau_Pangkor,4.203476,100.545476,TRUE,FALSE,FALSE,Same habitat / different coast,"Same habitat
different coast"
S31,S105,0.40641042500330826,S105__S31,31,Coral,East,Cor_Pulau_Tinggi,2.312019,104.091371,105,Coral,West,Cor_Pulau_Pangkor,4.194839,100.559803,TRUE,FALSE,FALSE,Same habitat / different coast,"Same habitat
different coast"
S32,S36,0.9443608846024425,S32__S36,32,Coral,East,Cor_Pulau_Tinggi,2.309456,104.09154,36,Mangrove,East,Man_Nenasi,3.109037,103.443207,FALSE,TRUE,FALSE,Different habitat / same coast,"Different habitat
same coast"
S32,S37,0.9495890899216042,S32__S37,32,Coral,East,Cor_Pulau_Tinggi,2.309456,104.09154,37,Mangrove,East,Man_Nenasi,3.101512,103.446143,FALSE,TRUE,FALSE,Different habitat / same coast,"Different habitat
same coast"
S32,S38,0.9473621190483292,S32__S38,32,Coral,East,Cor_Pulau_Tinggi,2.309456,104.09154,38,Mangrove,East,Man_Nenasi,3.094182,103.442717,FALSE,TRUE,FALSE,Different habitat / same coast,"Different habitat
same coast"
S32,S39,0.9516629227383981,S32__S39,32,Coral,East,Cor_Pulau_Tinggi,2.309456,104.09154,39,Mangrove,East,Man_Nenasi,3.087342,103.44027,FALSE,TRUE,FALSE,Different habitat / same coast,"Different habitat
same coast"
S32,S40,0.9303516806481791,S32__S40,32,Coral,East,Cor_Pulau_Tinggi,2.309456,104.09154,40,Mangrove,East,Man_Nenasi,3.078358,103.442128,FALSE,TRUE,FALSE,Different habitat / same coast,"Different habitat
same coast"
S32,S46,0.8478490734771366,S32__S46,32,Coral,East,Cor_Pulau_Tinggi,2.309456,104.09154,46,Mangrove,East,Man_Sungai_Ular,4.04739,103.39389,FALSE,TRUE,FALSE,Different habitat / same coast,"Different habitat
same coast"
S32,S47,0.8708095891882669,S32__S47,32,Coral,East,Cor_Pulau_Tinggi,2.309456,104.09154,47,Mangrove,East,Man_Sungai_Ular,4.047681,103.395217,FALSE,TRUE,FALSE,Different habitat / same coast,"Different habitat
same coast"
S32,S48,0.8329908307054904,S32__S48,32,Coral,East,Cor_Pulau_Tinggi,2.309456,104.09154,48,Mangrove,East,Man_Sungai_Ular,4.048489,103.395758,FALSE,TRUE,FALSE,Different habitat / same coast,"Different habitat
same coast"
S32,S49,0.871627811073023,S32__S49,32,Coral,East,Cor_Pulau_Tinggi,2.309456,104.09154,49,Mangrove,East,Man_Sungai_Ular,4.04984,103.395527,FALSE,TRUE,FALSE,Different habitat / same coast,"Different habitat
same coast"
S32,S50,0.8422701735841291,S32__S50,32,Coral,East,Cor_Pulau_Tinggi,2.309456,104.09154,50,Mangrove,East,Man_Sungai_Ular,4.050552,103.395166,FALSE,TRUE,FALSE,Different habitat / same coast,"Different habitat
same coast"
S32,S51,0.7435375658279509,S32__S51,32,Coral,East,Cor_Pulau_Tinggi,2.309456,104.09154,51,Seagrass,East,ManSeG_Paka,4.657741,103.438562,FALSE,TRUE,FALSE,Different habitat / same coast,"Different habitat
same coast"
S32,S52,0.7496834797084604,S32__S52,32,Coral,East,Cor_Pulau_Tinggi,2.309456,104.09154,52,Seagrass,East,ManSeG_Paka,4.656438,103.436615,FALSE,TRUE,FALSE,Different habitat / same coast,"Different habitat
same coast"
S32,S53,0.7638804124777715,S32__S53,32,Coral,East,Cor_Pulau_Tinggi,2.309456,104.09154,53,Seagrass,East,ManSeG_Paka,4.653916,103.433807,FALSE,TRUE,FALSE,Different habitat / same coast,"Different habitat
same coast"
S32,S54,0.7860928106767113,S32__S54,32,Coral,East,Cor_Pulau_Tinggi,2.309456,104.09154,54,Seagrass,East,ManSeG_Paka,4.648234,103.435003,FALSE,TRUE,FALSE,Different habitat / same coast,"Different habitat
same coast"
S32,S55,0.7893194829558606,S32__S55,32,Coral,East,Cor_Pulau_Tinggi,2.309456,104.09154,55,Seagrass,East,ManSeG_Paka,4.644799,103.436867,FALSE,TRUE,FALSE,Different habitat / same coast,"Different habitat
same coast"
S32,S56,0.473779336163864,S32__S56,32,Coral,East,Cor_Pulau_Tinggi,2.309456,104.09154,56,Coral,West,Cor_Pulau_Intan,6.231933,99.71668,TRUE,FALSE,FALSE,Same habitat / different coast,"Same habitat
different coast"
S32,S57,0.4937421601149747,S32__S57,32,Coral,East,Cor_Pulau_Tinggi,2.309456,104.09154,57,Coral,West,Cor_Pulau_Intan,6.235042,99.713494,TRUE,FALSE,FALSE,Same habitat / different coast,"Same habitat
different coast"
S32,S58,0.5052319429222332,S32__S58,32,Coral,East,Cor_Pulau_Tinggi,2.309456,104.09154,58,Coral,West,Cor_Pulau_Intan,6.241277,99.713092,TRUE,FALSE,FALSE,Same habitat / different coast,"Same habitat
different coast"
S32,S59,0.46719007560954545,S32__S59,32,Coral,East,Cor_Pulau_Tinggi,2.309456,104.09154,59,Coral,West,Cor_Pulau_Intan,6.242925,99.71689,TRUE,FALSE,FALSE,Same habitat / different coast,"Same habitat
different coast"
S32,S60,0.5059992754952344,S32__S60,32,Coral,East,Cor_Pulau_Tinggi,2.309456,104.09154,60,Coral,West,Cor_Pulau_Intan,6.239442,99.719555,TRUE,FALSE,FALSE,Same habitat / different coast,"Same habitat
different coast"
S32,S81,0.7044886359409736,S32__S81,32,Coral,East,Cor_Pulau_Tinggi,2.309456,104.09154,81,Mangrove,East,Man_Merang,5.527989,102.944516,FALSE,TRUE,FALSE,Different habitat / same coast,"Different habitat
same coast"
S32,S82,0.7148797820824632,S32__S82,32,Coral,East,Cor_Pulau_Tinggi,2.309456,104.09154,82,Mangrove,East,Man_Merang,5.526065,102.943286,FALSE,TRUE,FALSE,Different habitat / same coast,"Different habitat
same coast"
S32,S83,0.6969147692340484,S32__S83,32,Coral,East,Cor_Pulau_Tinggi,2.309456,104.09154,83,Mangrove,East,Man_Merang,5.526248,102.941049,FALSE,TRUE,FALSE,Different habitat / same coast,"Different habitat
same coast"
S32,S84,0.7138130796029163,S32__S84,32,Coral,East,Cor_Pulau_Tinggi,2.309456,104.09154,84,Mangrove,East,Man_Merang,5.528314,102.940522,FALSE,TRUE,FALSE,Different habitat / same coast,"Different habitat
same coast"
S32,S85,0.7474371825041322,S32__S85,32,Coral,East,Cor_Pulau_Tinggi,2.309456,104.09154,85,Mangrove,East,Man_Merang,5.528731,102.938759,FALSE,TRUE,FALSE,Different habitat / same coast,"Different habitat
same coast"
S32,S101,0.5016482766435661,S101__S32,32,Coral,East,Cor_Pulau_Tinggi,2.309456,104.09154,101,Coral,West,Cor_Pulau_Pangkor,4.190014,100.572274,TRUE,FALSE,FALSE,Same habitat / different coast,"Same habitat
different coast"
S32,S102,0.524438961390729,S102__S32,32,Coral,East,Cor_Pulau_Tinggi,2.309456,104.09154,102,Coral,West,Cor_Pulau_Pangkor,4.187189,100.543949,TRUE,FALSE,FALSE,Same habitat / different coast,"Same habitat
different coast"
S32,S103,0.5294905431443974,S103__S32,32,Coral,East,Cor_Pulau_Tinggi,2.309456,104.09154,103,Coral,West,Cor_Pulau_Pangkor,4.192025,100.537855,TRUE,FALSE,FALSE,Same habitat / different coast,"Same habitat
different coast"
S32,S104,0.5190656025560904,S104__S32,32,Coral,East,Cor_Pulau_Tinggi,2.309456,104.09154,104,Coral,West,Cor_Pulau_Pangkor,4.203476,100.545476,TRUE,FALSE,FALSE,Same habitat / different coast,"Same habitat
different coast"
S32,S105,0.49352101300121887,S105__S32,32,Coral,East,Cor_Pulau_Tinggi,2.309456,104.09154,105,Coral,West,Cor_Pulau_Pangkor,4.194839,100.559803,TRUE,FALSE,FALSE,Same habitat / different coast,"Same habitat
different coast"
S33,S36,0.9380949864946891,S33__S36,33,Coral,East,Cor_Pulau_Tinggi,2.302878,104.092553,36,Mangrove,East,Man_Nenasi,3.109037,103.443207,FALSE,TRUE,FALSE,Different habitat / same coast,"Different habitat
same coast"
S33,S37,0.9433716926695932,S33__S37,33,Coral,East,Cor_Pulau_Tinggi,2.302878,104.092553,37,Mangrove,East,Man_Nenasi,3.101512,103.446143,FALSE,TRUE,FALSE,Different habitat / same coast,"Different habitat
same coast"
S33,S38,0.9410335776786568,S33__S38,33,Coral,East,Cor_Pulau_Tinggi,2.302878,104.092553,38,Mangrove,East,Man_Nenasi,3.094182,103.442717,FALSE,TRUE,FALSE,Different habitat / same coast,"Different habitat
same coast"
S33,S39,0.9456828128954201,S33__S39,33,Coral,East,Cor_Pulau_Tinggi,2.302878,104.092553,39,Mangrove,East,Man_Nenasi,3.087342,103.44027,FALSE,TRUE,FALSE,Different habitat / same coast,"Different habitat
same coast"
S33,S40,0.9235081103482485,S33__S40,33,Coral,East,Cor_Pulau_Tinggi,2.302878,104.092553,40,Mangrove,East,Man_Nenasi,3.078358,103.442128,FALSE,TRUE,FALSE,Different habitat / same coast,"Different habitat
same coast"
S33,S46,0.8292117660070087,S33__S46,33,Coral,East,Cor_Pulau_Tinggi,2.302878,104.092553,46,Mangrove,East,Man_Sungai_Ular,4.04739,103.39389,FALSE,TRUE,FALSE,Different habitat / same coast,"Different habitat
same coast"
S33,S47,0.8654343582541505,S33__S47,33,Coral,East,Cor_Pulau_Tinggi,2.302878,104.092553,47,Mangrove,East,Man_Sungai_Ular,4.047681,103.395217,FALSE,TRUE,FALSE,Different habitat / same coast,"Different habitat
same coast"
S33,S48,0.7979689837717245,S33__S48,33,Coral,East,Cor_Pulau_Tinggi,2.302878,104.092553,48,Mangrove,East,Man_Sungai_Ular,4.048489,103.395758,FALSE,TRUE,FALSE,Different habitat / same coast,"Different habitat
same coast"
S33,S49,0.83980971635048,S33__S49,33,Coral,East,Cor_Pulau_Tinggi,2.302878,104.092553,49,Mangrove,East,Man_Sungai_Ular,4.04984,103.395527,FALSE,TRUE,FALSE,Different habitat / same coast,"Different habitat
same coast"
S33,S50,0.8079768507644371,S33__S50,33,Coral,East,Cor_Pulau_Tinggi,2.302878,104.092553,50,Mangrove,East,Man_Sungai_Ular,4.050552,103.395166,FALSE,TRUE,FALSE,Different habitat / same coast,"Different habitat
same coast"
S33,S51,0.7064774118039227,S33__S51,33,Coral,East,Cor_Pulau_Tinggi,2.302878,104.092553,51,Seagrass,East,ManSeG_Paka,4.657741,103.438562,FALSE,TRUE,FALSE,Different habitat / same coast,"Different habitat
same coast"
S33,S52,0.7025586483794493,S33__S52,33,Coral,East,Cor_Pulau_Tinggi,2.302878,104.092553,52,Seagrass,East,ManSeG_Paka,4.656438,103.436615,FALSE,TRUE,FALSE,Different habitat / same coast,"Different habitat
same coast"
S33,S53,0.7289968975331991,S33__S53,33,Coral,East,Cor_Pulau_Tinggi,2.302878,104.092553,53,Seagrass,East,ManSeG_Paka,4.653916,103.433807,FALSE,TRUE,FALSE,Different habitat / same coast,"Different habitat
same coast"
S33,S54,0.7553371724575861,S33__S54,33,Coral,East,Cor_Pulau_Tinggi,2.302878,104.092553,54,Seagrass,East,ManSeG_Paka,4.648234,103.435003,FALSE,TRUE,FALSE,Different habitat / same coast,"Different habitat
same coast"
S33,S55,0.7533559458280698,S33__S55,33,Coral,East,Cor_Pulau_Tinggi,2.302878,104.092553,55,Seagrass,East,ManSeG_Paka,4.644799,103.436867,FALSE,TRUE,FALSE,Different habitat / same coast,"Different habitat
same coast"
S33,S56,0.4819164174100735,S33__S56,33,Coral,East,Cor_Pulau_Tinggi,2.302878,104.092553,56,Coral,West,Cor_Pulau_Intan,6.231933,99.71668,TRUE,FALSE,FALSE,Same habitat / different coast,"Same habitat
different coast"
S33,S57,0.5022567150715598,S33__S57,33,Coral,East,Cor_Pulau_Tinggi,2.302878,104.092553,57,Coral,West,Cor_Pulau_Intan,6.235042,99.713494,TRUE,FALSE,FALSE,Same habitat / different coast,"Same habitat
different coast"
S33,S58,0.4904096437316408,S33__S58,33,Coral,East,Cor_Pulau_Tinggi,2.302878,104.092553,58,Coral,West,Cor_Pulau_Intan,6.241277,99.713092,TRUE,FALSE,FALSE,Same habitat / different coast,"Same habitat
different coast"
S33,S59,0.47852859624957556,S33__S59,33,Coral,East,Cor_Pulau_Tinggi,2.302878,104.092553,59,Coral,West,Cor_Pulau_Intan,6.242925,99.71689,TRUE,FALSE,FALSE,Same habitat / different coast,"Same habitat
different coast"
S33,S60,0.5120041767622602,S33__S60,33,Coral,East,Cor_Pulau_Tinggi,2.302878,104.092553,60,Coral,West,Cor_Pulau_Intan,6.239442,99.719555,TRUE,FALSE,FALSE,Same habitat / different coast,"Same habitat
different coast"
S33,S81,0.6351669844204946,S33__S81,33,Coral,East,Cor_Pulau_Tinggi,2.302878,104.092553,81,Mangrove,East,Man_Merang,5.527989,102.944516,FALSE,TRUE,FALSE,Different habitat / same coast,"Different habitat
same coast"
S33,S82,0.6626572828113799,S33__S82,33,Coral,East,Cor_Pulau_Tinggi,2.302878,104.092553,82,Mangrove,East,Man_Merang,5.526065,102.943286,FALSE,TRUE,FALSE,Different habitat / same coast,"Different habitat
same coast"
S33,S83,0.6276129899830668,S33__S83,33,Coral,East,Cor_Pulau_Tinggi,2.302878,104.092553,83,Mangrove,East,Man_Merang,5.526248,102.941049,FALSE,TRUE,FALSE,Different habitat / same coast,"Different habitat
same coast"
S33,S84,0.6531740971969447,S33__S84,33,Coral,East,Cor_Pulau_Tinggi,2.302878,104.092553,84,Mangrove,East,Man_Merang,5.528314,102.940522,FALSE,TRUE,FALSE,Different habitat / same coast,"Different habitat
same coast"
S33,S85,0.6833192559291236,S33__S85,33,Coral,East,Cor_Pulau_Tinggi,2.302878,104.092553,85,Mangrove,East,Man_Merang,5.528731,102.938759,FALSE,TRUE,FALSE,Different habitat / same coast,"Different habitat
same coast"
S33,S101,0.506141162730869,S101__S33,33,Coral,East,Cor_Pulau_Tinggi,2.302878,104.092553,101,Coral,West,Cor_Pulau_Pangkor,4.190014,100.572274,TRUE,FALSE,FALSE,Same habitat / different coast,"Same habitat
different coast"
S33,S102,0.5140102583894965,S102__S33,33,Coral,East,Cor_Pulau_Tinggi,2.302878,104.092553,102,Coral,West,Cor_Pulau_Pangkor,4.187189,100.543949,TRUE,FALSE,FALSE,Same habitat / different coast,"Same habitat
different coast"
S33,S103,0.5464482648649559,S103__S33,33,Coral,East,Cor_Pulau_Tinggi,2.302878,104.092553,103,Coral,West,Cor_Pulau_Pangkor,4.192025,100.537855,TRUE,FALSE,FALSE,Same habitat / different coast,"Same habitat
different coast"
S33,S104,0.5361082775512971,S104__S33,33,Coral,East,Cor_Pulau_Tinggi,2.302878,104.092553,104,Coral,West,Cor_Pulau_Pangkor,4.203476,100.545476,TRUE,FALSE,FALSE,Same habitat / different coast,"Same habitat
different coast"
S33,S105,0.4963663139964515,S105__S33,33,Coral,East,Cor_Pulau_Tinggi,2.302878,104.092553,105,Coral,West,Cor_Pulau_Pangkor,4.194839,100.559803,TRUE,FALSE,FALSE,Same habitat / different coast,"Same habitat
different coast"
S34,S36,0.9169591122258479,S34__S36,34,Coral,East,Cor_Pulau_Tinggi,2.303181,104.092958,36,Mangrove,East,Man_Nenasi,3.109037,103.443207,FALSE,TRUE,FALSE,Different habitat / same coast,"Different habitat
same coast"
S34,S37,0.9216278353419495,S34__S37,34,Coral,East,Cor_Pulau_Tinggi,2.303181,104.092958,37,Mangrove,East,Man_Nenasi,3.101512,103.446143,FALSE,TRUE,FALSE,Different habitat / same coast,"Different habitat
same coast"
S34,S38,0.9220836066067402,S34__S38,34,Coral,East,Cor_Pulau_Tinggi,2.303181,104.092958,38,Mangrove,East,Man_Nenasi,3.094182,103.442717,FALSE,TRUE,FALSE,Different habitat / same coast,"Different habitat
same coast"
S34,S39,0.9249415389009159,S34__S39,34,Coral,East,Cor_Pulau_Tinggi,2.303181,104.092958,39,Mangrove,East,Man_Nenasi,3.087342,103.44027,FALSE,TRUE,FALSE,Different habitat / same coast,"Different habitat
same coast"
S34,S40,0.8980900662644594,S34__S40,34,Coral,East,Cor_Pulau_Tinggi,2.303181,104.092958,40,Mangrove,East,Man_Nenasi,3.078358,103.442128,FALSE,TRUE,FALSE,Different habitat / same coast,"Different habitat
same coast"
S34,S46,0.8122018014580935,S34__S46,34,Coral,East,Cor_Pulau_Tinggi,2.303181,104.092958,46,Mangrove,East,Man_Sungai_Ular,4.04739,103.39389,FALSE,TRUE,FALSE,Different habitat / same coast,"Different habitat
same coast"
S34,S47,0.8387934676130234,S34__S47,34,Coral,East,Cor_Pulau_Tinggi,2.303181,104.092958,47,Mangrove,East,Man_Sungai_Ular,4.047681,103.395217,FALSE,TRUE,FALSE,Different habitat / same coast,"Different habitat
same coast"
S34,S48,0.8093018291137528,S34__S48,34,Coral,East,Cor_Pulau_Tinggi,2.303181,104.092958,48,Mangrove,East,Man_Sungai_Ular,4.048489,103.395758,FALSE,TRUE,FALSE,Different habitat / same coast,"Different habitat
same coast"
S34,S49,0.8407528420781682,S34__S49,34,Coral,East,Cor_Pulau_Tinggi,2.303181,104.092958,49,Mangrove,East,Man_Sungai_Ular,4.04984,103.395527,FALSE,TRUE,FALSE,Different habitat / same coast,"Different habitat
same coast"
S34,S50,0.8121649255290662,S34__S50,34,Coral,East,Cor_Pulau_Tinggi,2.303181,104.092958,50,Mangrove,East,Man_Sungai_Ular,4.050552,103.395166,FALSE,TRUE,FALSE,Different habitat / same coast,"Different habitat
same coast"
S34,S51,0.738663844034055,S34__S51,34,Coral,East,Cor_Pulau_Tinggi,2.303181,104.092958,51,Seagrass,East,ManSeG_Paka,4.657741,103.438562,FALSE,TRUE,FALSE,Different habitat / same coast,"Different habitat
same coast"
S34,S52,0.7400125930556504,S34__S52,34,Coral,East,Cor_Pulau_Tinggi,2.303181,104.092958,52,Seagrass,East,ManSeG_Paka,4.656438,103.436615,FALSE,TRUE,FALSE,Different habitat / same coast,"Different habitat
same coast"
S34,S53,0.751355796897481,S34__S53,34,Coral,East,Cor_Pulau_Tinggi,2.303181,104.092958,53,Seagrass,East,ManSeG_Paka,4.653916,103.433807,FALSE,TRUE,FALSE,Different habitat / same coast,"Different habitat
same coast"
S34,S54,0.7706763347703507,S34__S54,34,Coral,East,Cor_Pulau_Tinggi,2.303181,104.092958,54,Seagrass,East,ManSeG_Paka,4.648234,103.435003,FALSE,TRUE,FALSE,Different habitat / same coast,"Different habitat
same coast"
S34,S55,0.77423135480035,S34__S55,34,Coral,East,Cor_Pulau_Tinggi,2.303181,104.092958,55,Seagrass,East,ManSeG_Paka,4.644799,103.436867,FALSE,TRUE,FALSE,Different habitat / same coast,"Different habitat
same coast"
S34,S56,0.3693774402586464,S34__S56,34,Coral,East,Cor_Pulau_Tinggi,2.303181,104.092958,56,Coral,West,Cor_Pulau_Intan,6.231933,99.71668,TRUE,FALSE,FALSE,Same habitat / different coast,"Same habitat
different coast"
S34,S57,0.45762727046852547,S34__S57,34,Coral,East,Cor_Pulau_Tinggi,2.303181,104.092958,57,Coral,West,Cor_Pulau_Intan,6.235042,99.713494,TRUE,FALSE,FALSE,Same habitat / different coast,"Same habitat
different coast"
S34,S58,0.4787715490813239,S34__S58,34,Coral,East,Cor_Pulau_Tinggi,2.303181,104.092958,58,Coral,West,Cor_Pulau_Intan,6.241277,99.713092,TRUE,FALSE,FALSE,Same habitat / different coast,"Same habitat
different coast"
S34,S59,0.40827236992531474,S34__S59,34,Coral,East,Cor_Pulau_Tinggi,2.303181,104.092958,59,Coral,West,Cor_Pulau_Intan,6.242925,99.71689,TRUE,FALSE,FALSE,Same habitat / different coast,"Same habitat
different coast"
S34,S60,0.4755364616998781,S34__S60,34,Coral,East,Cor_Pulau_Tinggi,2.303181,104.092958,60,Coral,West,Cor_Pulau_Intan,6.239442,99.719555,TRUE,FALSE,FALSE,Same habitat / different coast,"Same habitat
different coast"
S34,S81,0.6914679762353911,S34__S81,34,Coral,East,Cor_Pulau_Tinggi,2.303181,104.092958,81,Mangrove,East,Man_Merang,5.527989,102.944516,FALSE,TRUE,FALSE,Different habitat / same coast,"Different habitat
same coast"
S34,S82,0.6932471481348849,S34__S82,34,Coral,East,Cor_Pulau_Tinggi,2.303181,104.092958,82,Mangrove,East,Man_Merang,5.526065,102.943286,FALSE,TRUE,FALSE,Different habitat / same coast,"Different habitat
same coast"
S34,S83,0.6840395244548039,S34__S83,34,Coral,East,Cor_Pulau_Tinggi,2.303181,104.092958,83,Mangrove,East,Man_Merang,5.526248,102.941049,FALSE,TRUE,FALSE,Different habitat / same coast,"Different habitat
same coast"
S34,S84,0.7007490049254586,S34__S84,34,Coral,East,Cor_Pulau_Tinggi,2.303181,104.092958,84,Mangrove,East,Man_Merang,5.528314,102.940522,FALSE,TRUE,FALSE,Different habitat / same coast,"Different habitat
same coast"
S34,S85,0.7280766407964371,S34__S85,34,Coral,East,Cor_Pulau_Tinggi,2.303181,104.092958,85,Mangrove,East,Man_Merang,5.528731,102.938759,FALSE,TRUE,FALSE,Different habitat / same coast,"Different habitat
same coast"
S34,S101,0.5127845223391297,S101__S34,34,Coral,East,Cor_Pulau_Tinggi,2.303181,104.092958,101,Coral,West,Cor_Pulau_Pangkor,4.190014,100.572274,TRUE,FALSE,FALSE,Same habitat / different coast,"Same habitat
different coast"
S34,S102,0.30431760525137075,S102__S34,34,Coral,East,Cor_Pulau_Tinggi,2.303181,104.092958,102,Coral,West,Cor_Pulau_Pangkor,4.187189,100.543949,TRUE,FALSE,FALSE,Same habitat / different coast,"Same habitat
different coast"
S34,S103,0.26376176866814127,S103__S34,34,Coral,East,Cor_Pulau_Tinggi,2.303181,104.092958,103,Coral,West,Cor_Pulau_Pangkor,4.192025,100.537855,TRUE,FALSE,FALSE,Same habitat / different coast,"Same habitat
different coast"
S34,S104,0.2520429865408962,S104__S34,34,Coral,East,Cor_Pulau_Tinggi,2.303181,104.092958,104,Coral,West,Cor_Pulau_Pangkor,4.203476,100.545476,TRUE,FALSE,FALSE,Same habitat / different coast,"Same habitat
different coast"
S34,S105,0.2714453316300203,S105__S34,34,Coral,East,Cor_Pulau_Tinggi,2.303181,104.092958,105,Coral,West,Cor_Pulau_Pangkor,4.194839,100.559803,TRUE,FALSE,FALSE,Same habitat / different coast,"Same habitat
different coast"
S35,S36,0.9061682925825939,S35__S36,35,Coral,East,Cor_Pulau_Tinggi,2.301022,104.093701,36,Mangrove,East,Man_Nenasi,3.109037,103.443207,FALSE,TRUE,FALSE,Different habitat / same coast,"Different habitat
same coast"
S35,S37,0.9153717091675102,S35__S37,35,Coral,East,Cor_Pulau_Tinggi,2.301022,104.093701,37,Mangrove,East,Man_Nenasi,3.101512,103.446143,FALSE,TRUE,FALSE,Different habitat / same coast,"Different habitat
same coast"
S35,S38,0.9111433785177133,S35__S38,35,Coral,East,Cor_Pulau_Tinggi,2.301022,104.093701,38,Mangrove,East,Man_Nenasi,3.094182,103.442717,FALSE,TRUE,FALSE,Different habitat / same coast,"Different habitat
same coast"
S35,S39,0.9141783717441864,S35__S39,35,Coral,East,Cor_Pulau_Tinggi,2.301022,104.093701,39,Mangrove,East,Man_Nenasi,3.087342,103.44027,FALSE,TRUE,FALSE,Different habitat / same coast,"Different habitat
same coast"
S35,S40,0.8844252441946081,S35__S40,35,Coral,East,Cor_Pulau_Tinggi,2.301022,104.093701,40,Mangrove,East,Man_Nenasi,3.078358,103.442128,FALSE,TRUE,FALSE,Different habitat / same coast,"Different habitat
same coast"
S35,S46,0.7565906993757634,S35__S46,35,Coral,East,Cor_Pulau_Tinggi,2.301022,104.093701,46,Mangrove,East,Man_Sungai_Ular,4.04739,103.39389,FALSE,TRUE,FALSE,Different habitat / same coast,"Different habitat
same coast"
S35,S47,0.8014556232118333,S35__S47,35,Coral,East,Cor_Pulau_Tinggi,2.301022,104.093701,47,Mangrove,East,Man_Sungai_Ular,4.047681,103.395217,FALSE,TRUE,FALSE,Different habitat / same coast,"Different habitat
same coast"
S35,S48,0.7015447492028287,S35__S48,35,Coral,East,Cor_Pulau_Tinggi,2.301022,104.093701,48,Mangrove,East,Man_Sungai_Ular,4.048489,103.395758,FALSE,TRUE,FALSE,Different habitat / same coast,"Different habitat
same coast"
S35,S49,0.765437577127413,S35__S49,35,Coral,East,Cor_Pulau_Tinggi,2.301022,104.093701,49,Mangrove,East,Man_Sungai_Ular,4.04984,103.395527,FALSE,TRUE,FALSE,Different habitat / same coast,"Different habitat
same coast"
S35,S50,0.7112870615743311,S35__S50,35,Coral,East,Cor_Pulau_Tinggi,2.301022,104.093701,50,Mangrove,East,Man_Sungai_Ular,4.050552,103.395166,FALSE,TRUE,FALSE,Different habitat / same coast,"Different habitat
same coast"
S35,S51,0.6177145802233429,S35__S51,35,Coral,East,Cor_Pulau_Tinggi,2.301022,104.093701,51,Seagrass,East,ManSeG_Paka,4.657741,103.438562,FALSE,TRUE,FALSE,Different habitat / same coast,"Different habitat
same coast"
S35,S52,0.6168355565630312,S35__S52,35,Coral,East,Cor_Pulau_Tinggi,2.301022,104.093701,52,Seagrass,East,ManSeG_Paka,4.656438,103.436615,FALSE,TRUE,FALSE,Different habitat / same coast,"Different habitat
same coast"
S35,S53,0.6290032411663369,S35__S53,35,Coral,East,Cor_Pulau_Tinggi,2.301022,104.093701,53,Seagrass,East,ManSeG_Paka,4.653916,103.433807,FALSE,TRUE,FALSE,Different habitat / same coast,"Different habitat
same coast"
S35,S54,0.6643316936002555,S35__S54,35,Coral,East,Cor_Pulau_Tinggi,2.301022,104.093701,54,Seagrass,East,ManSeG_Paka,4.648234,103.435003,FALSE,TRUE,FALSE,Different habitat / same coast,"Different habitat
same coast"
S35,S55,0.6525236623298714,S35__S55,35,Coral,East,Cor_Pulau_Tinggi,2.301022,104.093701,55,Seagrass,East,ManSeG_Paka,4.644799,103.436867,FALSE,TRUE,FALSE,Different habitat / same coast,"Different habitat
same coast"
S35,S56,0.3006972919085698,S35__S56,35,Coral,East,Cor_Pulau_Tinggi,2.301022,104.093701,56,Coral,West,Cor_Pulau_Intan,6.231933,99.71668,TRUE,FALSE,FALSE,Same habitat / different coast,"Same habitat
different coast"
S35,S57,0.37222962451375147,S35__S57,35,Coral,East,Cor_Pulau_Tinggi,2.301022,104.093701,57,Coral,West,Cor_Pulau_Intan,6.235042,99.713494,TRUE,FALSE,FALSE,Same habitat / different coast,"Same habitat
different coast"
S35,S58,0.40143690573008733,S35__S58,35,Coral,East,Cor_Pulau_Tinggi,2.301022,104.093701,58,Coral,West,Cor_Pulau_Intan,6.241277,99.713092,TRUE,FALSE,FALSE,Same habitat / different coast,"Same habitat
different coast"
S35,S59,0.3414234048518104,S35__S59,35,Coral,East,Cor_Pulau_Tinggi,2.301022,104.093701,59,Coral,West,Cor_Pulau_Intan,6.242925,99.71689,TRUE,FALSE,FALSE,Same habitat / different coast,"Same habitat
different coast"
S35,S60,0.41026016664468845,S35__S60,35,Coral,East,Cor_Pulau_Tinggi,2.301022,104.093701,60,Coral,West,Cor_Pulau_Intan,6.239442,99.719555,TRUE,FALSE,FALSE,Same habitat / different coast,"Same habitat
different coast"
S35,S81,0.5601869727462385,S35__S81,35,Coral,East,Cor_Pulau_Tinggi,2.301022,104.093701,81,Mangrove,East,Man_Merang,5.527989,102.944516,FALSE,TRUE,FALSE,Different habitat / same coast,"Different habitat
same coast"
S35,S82,0.5818113623741237,S35__S82,35,Coral,East,Cor_Pulau_Tinggi,2.301022,104.093701,82,Mangrove,East,Man_Merang,5.526065,102.943286,FALSE,TRUE,FALSE,Different habitat / same coast,"Different habitat
same coast"
S35,S83,0.5555235445286248,S35__S83,35,Coral,East,Cor_Pulau_Tinggi,2.301022,104.093701,83,Mangrove,East,Man_Merang,5.526248,102.941049,FALSE,TRUE,FALSE,Different habitat / same coast,"Different habitat
same coast"
S35,S84,0.5811137508874076,S35__S84,35,Coral,East,Cor_Pulau_Tinggi,2.301022,104.093701,84,Mangrove,East,Man_Merang,5.528314,102.940522,FALSE,TRUE,FALSE,Different habitat / same coast,"Different habitat
same coast"
S35,S85,0.6120097139700674,S35__S85,35,Coral,East,Cor_Pulau_Tinggi,2.301022,104.093701,85,Mangrove,East,Man_Merang,5.528731,102.938759,FALSE,TRUE,FALSE,Different habitat / same coast,"Different habitat
same coast"
S35,S101,0.45199220843589516,S101__S35,35,Coral,East,Cor_Pulau_Tinggi,2.301022,104.093701,101,Coral,West,Cor_Pulau_Pangkor,4.190014,100.572274,TRUE,FALSE,FALSE,Same habitat / different coast,"Same habitat
different coast"
S35,S102,0.27106965555129436,S102__S35,35,Coral,East,Cor_Pulau_Tinggi,2.301022,104.093701,102,Coral,West,Cor_Pulau_Pangkor,4.187189,100.543949,TRUE,FALSE,FALSE,Same habitat / different coast,"Same habitat
different coast"
S35,S103,0.33042565552405606,S103__S35,35,Coral,East,Cor_Pulau_Tinggi,2.301022,104.093701,103,Coral,West,Cor_Pulau_Pangkor,4.192025,100.537855,TRUE,FALSE,FALSE,Same habitat / different coast,"Same habitat
different coast"
S35,S104,0.31615274331866994,S104__S35,35,Coral,East,Cor_Pulau_Tinggi,2.301022,104.093701,104,Coral,West,Cor_Pulau_Pangkor,4.203476,100.545476,TRUE,FALSE,FALSE,Same habitat / different coast,"Same habitat
different coast"
S35,S105,0.24965720417641601,S105__S35,35,Coral,East,Cor_Pulau_Tinggi,2.301022,104.093701,105,Coral,West,Cor_Pulau_Pangkor,4.194839,100.559803,TRUE,FALSE,FALSE,Same habitat / different coast,"Same habitat
different coast"
S36,S41,0.9075023056285263,S36__S41,36,Mangrove,East,Man_Nenasi,3.109037,103.443207,41,Coral,East,Cor_Pulau_Ular,4.053491,103.404452,FALSE,TRUE,FALSE,Different habitat / same coast,"Different habitat
same coast"
S36,S42,0.883874051105935,S36__S42,36,Mangrove,East,Man_Nenasi,3.109037,103.443207,42,Coral,East,Cor_Pulau_Ular,4.054416,103.409527,FALSE,TRUE,FALSE,Different habitat / same coast,"Different habitat
same coast"
S36,S43,0.9189302576729965,S36__S43,36,Mangrove,East,Man_Nenasi,3.109037,103.443207,43,Coral,East,Cor_Pulau_Ular,4.057277,103.409519,FALSE,TRUE,FALSE,Different habitat / same coast,"Different habitat
same coast"
S36,S44,0.8891366473100953,S36__S44,36,Mangrove,East,Man_Nenasi,3.109037,103.443207,44,Coral,East,Cor_Pulau_Ular,4.058469,103.407966,FALSE,TRUE,FALSE,Different habitat / same coast,"Different habitat
same coast"
S36,S45,0.9155787603742436,S36__S45,36,Mangrove,East,Man_Nenasi,3.109037,103.443207,45,Coral,East,Cor_Pulau_Ular,4.05599,103.405705,FALSE,TRUE,FALSE,Different habitat / same coast,"Different habitat
same coast"
S36,S51,0.8145543354058091,S36__S51,36,Mangrove,East,Man_Nenasi,3.109037,103.443207,51,Seagrass,East,ManSeG_Paka,4.657741,103.438562,FALSE,TRUE,FALSE,Different habitat / same coast,"Different habitat
same coast"
S36,S52,0.8333861700171648,S36__S52,36,Mangrove,East,Man_Nenasi,3.109037,103.443207,52,Seagrass,East,ManSeG_Paka,4.656438,103.436615,FALSE,TRUE,FALSE,Different habitat / same coast,"Different habitat
same coast"
S36,S53,0.7962022669812518,S36__S53,36,Mangrove,East,Man_Nenasi,3.109037,103.443207,53,Seagrass,East,ManSeG_Paka,4.653916,103.433807,FALSE,TRUE,FALSE,Different habitat / same coast,"Different habitat
same coast"
S36,S54,0.8002525826067337,S36__S54,36,Mangrove,East,Man_Nenasi,3.109037,103.443207,54,Seagrass,East,ManSeG_Paka,4.648234,103.435003,FALSE,TRUE,FALSE,Different habitat / same coast,"Different habitat
same coast"
S36,S55,0.769459593562978,S36__S55,36,Mangrove,East,Man_Nenasi,3.109037,103.443207,55,Seagrass,East,ManSeG_Paka,4.644799,103.436867,FALSE,TRUE,FALSE,Different habitat / same coast,"Different habitat
same coast"
S36,S61,0.7826886067126969,S36__S61,36,Mangrove,East,Man_Nenasi,3.109037,103.443207,61,Mangrove,West,Man_Selat_Nyior,6.217682,99.829402,TRUE,FALSE,FALSE,Same habitat / different coast,"Same habitat
different coast"
S36,S62,0.7631733032290843,S36__S62,36,Mangrove,East,Man_Nenasi,3.109037,103.443207,62,Mangrove,West,Man_Selat_Nyior,6.220929,99.825029,TRUE,FALSE,FALSE,Same habitat / different coast,"Same habitat
different coast"
S36,S63,0.7389107758488693,S36__S63,36,Mangrove,East,Man_Nenasi,3.109037,103.443207,63,Mangrove,West,Man_Selat_Nyior,6.224728,99.821968,TRUE,FALSE,FALSE,Same habitat / different coast,"Same habitat
different coast"
S36,S64,0.7498944179919593,S36__S64,36,Mangrove,East,Man_Nenasi,3.109037,103.443207,64,Mangrove,West,Man_Selat_Nyior,6.228636,99.820188,TRUE,FALSE,FALSE,Same habitat / different coast,"Same habitat
different coast"
S36,S65,0.7452772858514531,S36__S65,36,Mangrove,East,Man_Nenasi,3.109037,103.443207,65,Mangrove,West,Man_Selat_Nyior,6.235251,99.818035,TRUE,FALSE,FALSE,Same habitat / different coast,"Same habitat
different coast"
S36,S71,0.9991986733359898,S36__S71,36,Mangrove,East,Man_Nenasi,3.109037,103.443207,71,Coral,East,Cor_Pulau_Redang,5.814393,103.009382,FALSE,TRUE,FALSE,Different habitat / same coast,"Different habitat
same coast"
S36,S73,0.9460075442046758,S36__S73,36,Mangrove,East,Man_Nenasi,3.109037,103.443207,73,Coral,East,Cor_Pulau_Redang,5.816677,103.007751,FALSE,TRUE,FALSE,Different habitat / same coast,"Different habitat
same coast"
S36,S74,0.9471329874177353,S36__S74,36,Mangrove,East,Man_Nenasi,3.109037,103.443207,74,Coral,East,Cor_Pulau_Redang,5.816281,103.005989,FALSE,TRUE,FALSE,Different habitat / same coast,"Different habitat
same coast"
S36,S75,0.9462328450552464,S36__S75,36,Mangrove,East,Man_Nenasi,3.109037,103.443207,75,Coral,East,Cor_Pulau_Redang,5.814536,103.006378,FALSE,TRUE,FALSE,Different habitat / same coast,"Different habitat
same coast"
S36,S77,0.936335479045573,S36__S77,36,Mangrove,East,Man_Nenasi,3.109037,103.443207,77,Coral,East,Cor_Pulau_Bidong,5.624215,103.056647,FALSE,TRUE,FALSE,Different habitat / same coast,"Different habitat
same coast"
S36,S78,0.9024551523754814,S36__S78,36,Mangrove,East,Man_Nenasi,3.109037,103.443207,78,Coral,East,Cor_Pulau_Bidong,5.625977,103.057468,FALSE,TRUE,FALSE,Different habitat / same coast,"Different habitat
same coast"
S36,S80,0.9308708129818659,S36__S80,36,Mangrove,East,Man_Nenasi,3.109037,103.443207,80,Coral,East,Cor_Pulau_Bidong,5.627685,103.059864,FALSE,TRUE,FALSE,Different habitat / same coast,"Different habitat
same coast"
S36,S86,0.7800327438072323,S36__S86,36,Mangrove,East,Man_Nenasi,3.109037,103.443207,86,Mangrove,West,Man_Penaga,5.517253,100.364968,TRUE,FALSE,FALSE,Same habitat / different coast,"Same habitat
different coast"
S36,S87,0.759391541673873,S36__S87,36,Mangrove,East,Man_Nenasi,3.109037,103.443207,87,Mangrove,West,Man_Penaga,5.51815,100.366985,TRUE,FALSE,FALSE,Same habitat / different coast,"Same habitat
different coast"
S36,S88,0.7206591520893397,S36__S88,36,Mangrove,East,Man_Nenasi,3.109037,103.443207,88,Mangrove,West,Man_Penaga,5.519453,100.369366,TRUE,FALSE,FALSE,Same habitat / different coast,"Same habitat
different coast"
S36,S89,0.700009704507413,S36__S89,36,Mangrove,East,Man_Nenasi,3.109037,103.443207,89,Mangrove,West,Man_Penaga,5.520585,100.371383,TRUE,FALSE,FALSE,Same habitat / different coast,"Same habitat
different coast"
S36,S90,0.6305821171355709,S36__S90,36,Mangrove,East,Man_Nenasi,3.109037,103.443207,90,Mangrove,West,Man_Penaga,5.522977,100.372478,TRUE,FALSE,FALSE,Same habitat / different coast,"Same habitat
different coast"
S36,S96,0.8167733759930361,S36__S96,36,Mangrove,East,Man_Nenasi,3.109037,103.443207,96,Mangrove,West,Man_Kuala_Sepetang,4.78359,100.607457,TRUE,FALSE,FALSE,Same habitat / different coast,"Same habitat
different coast"
S36,S97,0.7903471490466656,S36__S97,36,Mangrove,East,Man_Nenasi,3.109037,103.443207,97,Mangrove,West,Man_Kuala_Sepetang,4.787012,100.612692,TRUE,FALSE,FALSE,Same habitat / different coast,"Same habitat
different coast"
S36,S98,0.773450516136332,S36__S98,36,Mangrove,East,Man_Nenasi,3.109037,103.443207,98,Mangrove,West,Man_Kuala_Sepetang,4.788979,100.618615,TRUE,FALSE,FALSE,Same habitat / different coast,"Same habitat
different coast"
S36,S99,0.7480618628543394,S36__S99,36,Mangrove,East,Man_Nenasi,3.109037,103.443207,99,Mangrove,West,Man_Kuala_Sepetang,4.791801,100.624022,TRUE,FALSE,FALSE,Same habitat / different coast,"Same habitat
different coast"
S36,S100,0.7263279581384614,S100__S36,36,Mangrove,East,Man_Nenasi,3.109037,103.443207,100,Mangrove,West,Man_Kuala_Sepetang,4.797275,100.62634,TRUE,FALSE,FALSE,Same habitat / different coast,"Same habitat
different coast"
S36,S106,0.6792532169264414,S106__S36,36,Mangrove,East,Man_Nenasi,3.109037,103.443207,106,Mangrove,West,Man_Pulau_Ketam,3.024487,101.320359,TRUE,FALSE,FALSE,Same habitat / different coast,"Same habitat
different coast"
S36,S107,0.702491194149096,S107__S36,36,Mangrove,East,Man_Nenasi,3.109037,103.443207,107,Mangrove,West,Man_Pulau_Ketam,3.021921,101.326184,TRUE,FALSE,FALSE,Same habitat / different coast,"Same habitat
different coast"
S36,S108,0.7522329111320373,S108__S36,36,Mangrove,East,Man_Nenasi,3.109037,103.443207,108,Mangrove,West,Man_Pulau_Ketam,3.014735,101.325529,TRUE,FALSE,FALSE,Same habitat / different coast,"Same habitat
different coast"
S36,S109,0.7180915831131259,S109__S36,36,Mangrove,East,Man_Nenasi,3.109037,103.443207,109,Mangrove,West,Man_Pulau_Ketam,3.016972,101.333548,TRUE,FALSE,FALSE,Same habitat / different coast,"Same habitat
different coast"
S36,S110,0.7837776741070439,S110__S36,36,Mangrove,East,Man_Nenasi,3.109037,103.443207,110,Mangrove,West,Man_Pulau_Ketam,3.01341,101.336968,TRUE,FALSE,FALSE,Same habitat / different coast,"Same habitat
different coast"
S37,S41,0.9243959172559412,S37__S41,37,Mangrove,East,Man_Nenasi,3.101512,103.446143,41,Coral,East,Cor_Pulau_Ular,4.053491,103.404452,FALSE,TRUE,FALSE,Different habitat / same coast,"Different habitat
same coast"
S37,S42,0.8951034141852415,S37__S42,37,Mangrove,East,Man_Nenasi,3.101512,103.446143,42,Coral,East,Cor_Pulau_Ular,4.054416,103.409527,FALSE,TRUE,FALSE,Different habitat / same coast,"Different habitat
same coast"
S37,S43,0.9261066353941196,S37__S43,37,Mangrove,East,Man_Nenasi,3.101512,103.446143,43,Coral,East,Cor_Pulau_Ular,4.057277,103.409519,FALSE,TRUE,FALSE,Different habitat / same coast,"Different habitat
same coast"
S37,S44,0.9006114881445374,S37__S44,37,Mangrove,East,Man_Nenasi,3.101512,103.446143,44,Coral,East,Cor_Pulau_Ular,4.058469,103.407966,FALSE,TRUE,FALSE,Different habitat / same coast,"Different habitat
same coast"
S37,S45,0.9193585074889322,S37__S45,37,Mangrove,East,Man_Nenasi,3.101512,103.446143,45,Coral,East,Cor_Pulau_Ular,4.05599,103.405705,FALSE,TRUE,FALSE,Different habitat / same coast,"Different habitat
same coast"
S37,S51,0.8413393850943501,S37__S51,37,Mangrove,East,Man_Nenasi,3.101512,103.446143,51,Seagrass,East,ManSeG_Paka,4.657741,103.438562,FALSE,TRUE,FALSE,Different habitat / same coast,"Different habitat
same coast"
S37,S52,0.8623945780909458,S37__S52,37,Mangrove,East,Man_Nenasi,3.101512,103.446143,52,Seagrass,East,ManSeG_Paka,4.656438,103.436615,FALSE,TRUE,FALSE,Different habitat / same coast,"Different habitat
same coast"
S37,S53,0.8200992458457721,S37__S53,37,Mangrove,East,Man_Nenasi,3.101512,103.446143,53,Seagrass,East,ManSeG_Paka,4.653916,103.433807,FALSE,TRUE,FALSE,Different habitat / same coast,"Different habitat
same coast"
S37,S54,0.8264053035861944,S37__S54,37,Mangrove,East,Man_Nenasi,3.101512,103.446143,54,Seagrass,East,ManSeG_Paka,4.648234,103.435003,FALSE,TRUE,FALSE,Different habitat / same coast,"Different habitat
same coast"
S37,S55,0.8000963341426292,S37__S55,37,Mangrove,East,Man_Nenasi,3.101512,103.446143,55,Seagrass,East,ManSeG_Paka,4.644799,103.436867,FALSE,TRUE,FALSE,Different habitat / same coast,"Different habitat
same coast"
S37,S61,0.8086998538711824,S37__S61,37,Mangrove,East,Man_Nenasi,3.101512,103.446143,61,Mangrove,West,Man_Selat_Nyior,6.217682,99.829402,TRUE,FALSE,FALSE,Same habitat / different coast,"Same habitat
different coast"
S37,S62,0.7827789308767468,S37__S62,37,Mangrove,East,Man_Nenasi,3.101512,103.446143,62,Mangrove,West,Man_Selat_Nyior,6.220929,99.825029,TRUE,FALSE,FALSE,Same habitat / different coast,"Same habitat
different coast"
S37,S63,0.7631559158144343,S37__S63,37,Mangrove,East,Man_Nenasi,3.101512,103.446143,63,Mangrove,West,Man_Selat_Nyior,6.224728,99.821968,TRUE,FALSE,FALSE,Same habitat / different coast,"Same habitat
different coast"
S37,S64,0.7726937704345507,S37__S64,37,Mangrove,East,Man_Nenasi,3.101512,103.446143,64,Mangrove,West,Man_Selat_Nyior,6.228636,99.820188,TRUE,FALSE,FALSE,Same habitat / different coast,"Same habitat
different coast"
S37,S65,0.7695805232450624,S37__S65,37,Mangrove,East,Man_Nenasi,3.101512,103.446143,65,Mangrove,West,Man_Selat_Nyior,6.235251,99.818035,TRUE,FALSE,FALSE,Same habitat / different coast,"Same habitat
different coast"
S37,S71,1.0000000000000002,S37__S71,37,Mangrove,East,Man_Nenasi,3.101512,103.446143,71,Coral,East,Cor_Pulau_Redang,5.814393,103.009382,FALSE,TRUE,FALSE,Different habitat / same coast,"Different habitat
same coast"
S37,S73,0.9452240512760733,S37__S73,37,Mangrove,East,Man_Nenasi,3.101512,103.446143,73,Coral,East,Cor_Pulau_Redang,5.816677,103.007751,FALSE,TRUE,FALSE,Different habitat / same coast,"Different habitat
same coast"
S37,S74,0.9509287292205991,S37__S74,37,Mangrove,East,Man_Nenasi,3.101512,103.446143,74,Coral,East,Cor_Pulau_Redang,5.816281,103.005989,FALSE,TRUE,FALSE,Different habitat / same coast,"Different habitat
same coast"
S37,S75,0.9512315601482354,S37__S75,37,Mangrove,East,Man_Nenasi,3.101512,103.446143,75,Coral,East,Cor_Pulau_Redang,5.814536,103.006378,FALSE,TRUE,FALSE,Different habitat / same coast,"Different habitat
same coast"
S37,S77,0.9440098008409151,S37__S77,37,Mangrove,East,Man_Nenasi,3.101512,103.446143,77,Coral,East,Cor_Pulau_Bidong,5.624215,103.056647,FALSE,TRUE,FALSE,Different habitat / same coast,"Different habitat
same coast"
S37,S78,0.9080992565651836,S37__S78,37,Mangrove,East,Man_Nenasi,3.101512,103.446143,78,Coral,East,Cor_Pulau_Bidong,5.625977,103.057468,FALSE,TRUE,FALSE,Different habitat / same coast,"Different habitat
same coast"
S37,S80,0.9303036726169192,S37__S80,37,Mangrove,East,Man_Nenasi,3.101512,103.446143,80,Coral,East,Cor_Pulau_Bidong,5.627685,103.059864,FALSE,TRUE,FALSE,Different habitat / same coast,"Different habitat
same coast"
S37,S86,0.8134907992910726,S37__S86,37,Mangrove,East,Man_Nenasi,3.101512,103.446143,86,Mangrove,West,Man_Penaga,5.517253,100.364968,TRUE,FALSE,FALSE,Same habitat / different coast,"Same habitat
different coast"
S37,S87,0.7953250971618098,S37__S87,37,Mangrove,East,Man_Nenasi,3.101512,103.446143,87,Mangrove,West,Man_Penaga,5.51815,100.366985,TRUE,FALSE,FALSE,Same habitat / different coast,"Same habitat
different coast"
S37,S88,0.760999524779288,S37__S88,37,Mangrove,East,Man_Nenasi,3.101512,103.446143,88,Mangrove,West,Man_Penaga,5.519453,100.369366,TRUE,FALSE,FALSE,Same habitat / different coast,"Same habitat
different coast"
S37,S89,0.7395384012375481,S37__S89,37,Mangrove,East,Man_Nenasi,3.101512,103.446143,89,Mangrove,West,Man_Penaga,5.520585,100.371383,TRUE,FALSE,FALSE,Same habitat / different coast,"Same habitat
different coast"
S37,S90,0.6714224989621664,S37__S90,37,Mangrove,East,Man_Nenasi,3.101512,103.446143,90,Mangrove,West,Man_Penaga,5.522977,100.372478,TRUE,FALSE,FALSE,Same habitat / different coast,"Same habitat
different coast"
S37,S96,0.8590345916803469,S37__S96,37,Mangrove,East,Man_Nenasi,3.101512,103.446143,96,Mangrove,West,Man_Kuala_Sepetang,4.78359,100.607457,TRUE,FALSE,FALSE,Same habitat / different coast,"Same habitat
different coast"
S37,S97,0.8291419593083849,S37__S97,37,Mangrove,East,Man_Nenasi,3.101512,103.446143,97,Mangrove,West,Man_Kuala_Sepetang,4.787012,100.612692,TRUE,FALSE,FALSE,Same habitat / different coast,"Same habitat
different coast"
S37,S98,0.8147373254935896,S37__S98,37,Mangrove,East,Man_Nenasi,3.101512,103.446143,98,Mangrove,West,Man_Kuala_Sepetang,4.788979,100.618615,TRUE,FALSE,FALSE,Same habitat / different coast,"Same habitat
different coast"
S37,S99,0.7878656849452463,S37__S99,37,Mangrove,East,Man_Nenasi,3.101512,103.446143,99,Mangrove,West,Man_Kuala_Sepetang,4.791801,100.624022,TRUE,FALSE,FALSE,Same habitat / different coast,"Same habitat
different coast"
S37,S100,0.7696992969882828,S100__S37,37,Mangrove,East,Man_Nenasi,3.101512,103.446143,100,Mangrove,West,Man_Kuala_Sepetang,4.797275,100.62634,TRUE,FALSE,FALSE,Same habitat / different coast,"Same habitat
different coast"
S37,S106,0.7077746606763147,S106__S37,37,Mangrove,East,Man_Nenasi,3.101512,103.446143,106,Mangrove,West,Man_Pulau_Ketam,3.024487,101.320359,TRUE,FALSE,FALSE,Same habitat / different coast,"Same habitat
different coast"
S37,S107,0.7293035770786399,S107__S37,37,Mangrove,East,Man_Nenasi,3.101512,103.446143,107,Mangrove,West,Man_Pulau_Ketam,3.021921,101.326184,TRUE,FALSE,FALSE,Same habitat / different coast,"Same habitat
different coast"
S37,S108,0.7785538422317994,S108__S37,37,Mangrove,East,Man_Nenasi,3.101512,103.446143,108,Mangrove,West,Man_Pulau_Ketam,3.014735,101.325529,TRUE,FALSE,FALSE,Same habitat / different coast,"Same habitat
different coast"
S37,S109,0.7244780662575888,S109__S37,37,Mangrove,East,Man_Nenasi,3.101512,103.446143,109,Mangrove,West,Man_Pulau_Ketam,3.016972,101.333548,TRUE,FALSE,FALSE,Same habitat / different coast,"Same habitat
different coast"
S37,S110,0.7963784164485375,S110__S37,37,Mangrove,East,Man_Nenasi,3.101512,103.446143,110,Mangrove,West,Man_Pulau_Ketam,3.01341,101.336968,TRUE,FALSE,FALSE,Same habitat / different coast,"Same habitat
different coast"
S38,S41,0.9122314434083973,S38__S41,38,Mangrove,East,Man_Nenasi,3.094182,103.442717,41,Coral,East,Cor_Pulau_Ular,4.053491,103.404452,FALSE,TRUE,FALSE,Different habitat / same coast,"Different habitat
same coast"
S38,S42,0.888482855365077,S38__S42,38,Mangrove,East,Man_Nenasi,3.094182,103.442717,42,Coral,East,Cor_Pulau_Ular,4.054416,103.409527,FALSE,TRUE,FALSE,Different habitat / same coast,"Different habitat
same coast"
S38,S43,0.9237447774391813,S38__S43,38,Mangrove,East,Man_Nenasi,3.094182,103.442717,43,Coral,East,Cor_Pulau_Ular,4.057277,103.409519,FALSE,TRUE,FALSE,Different habitat / same coast,"Different habitat
same coast"
S38,S44,0.8937886759740387,S38__S44,38,Mangrove,East,Man_Nenasi,3.094182,103.442717,44,Coral,East,Cor_Pulau_Ular,4.058469,103.407966,FALSE,TRUE,FALSE,Different habitat / same coast,"Different habitat
same coast"
S38,S45,0.9203597763692587,S38__S45,38,Mangrove,East,Man_Nenasi,3.094182,103.442717,45,Coral,East,Cor_Pulau_Ular,4.05599,103.405705,FALSE,TRUE,FALSE,Different habitat / same coast,"Different habitat
same coast"
S38,S51,0.8148161130257867,S38__S51,38,Mangrove,East,Man_Nenasi,3.094182,103.442717,51,Seagrass,East,ManSeG_Paka,4.657741,103.438562,FALSE,TRUE,FALSE,Different habitat / same coast,"Different habitat
same coast"
S38,S52,0.8337550272973953,S38__S52,38,Mangrove,East,Man_Nenasi,3.094182,103.442717,52,Seagrass,East,ManSeG_Paka,4.656438,103.436615,FALSE,TRUE,FALSE,Different habitat / same coast,"Different habitat
same coast"
S38,S53,0.7963579655427085,S38__S53,38,Mangrove,East,Man_Nenasi,3.094182,103.442717,53,Seagrass,East,ManSeG_Paka,4.653916,103.433807,FALSE,TRUE,FALSE,Different habitat / same coast,"Different habitat
same coast"
S38,S54,0.8004358511724426,S38__S54,38,Mangrove,East,Man_Nenasi,3.094182,103.442717,54,Seagrass,East,ManSeG_Paka,4.648234,103.435003,FALSE,TRUE,FALSE,Different habitat / same coast,"Different habitat
same coast"
S38,S55,0.7694432638821899,S38__S55,38,Mangrove,East,Man_Nenasi,3.094182,103.442717,55,Seagrass,East,ManSeG_Paka,4.644799,103.436867,FALSE,TRUE,FALSE,Different habitat / same coast,"Different habitat
same coast"
S38,S61,0.7792107451480464,S38__S61,38,Mangrove,East,Man_Nenasi,3.094182,103.442717,61,Mangrove,West,Man_Selat_Nyior,6.217682,99.829402,TRUE,FALSE,FALSE,Same habitat / different coast,"Same habitat
different coast"
S38,S62,0.7618749565778855,S38__S62,38,Mangrove,East,Man_Nenasi,3.094182,103.442717,62,Mangrove,West,Man_Selat_Nyior,6.220929,99.825029,TRUE,FALSE,FALSE,Same habitat / different coast,"Same habitat
different coast"
S38,S63,0.7383560815814607,S38__S63,38,Mangrove,East,Man_Nenasi,3.094182,103.442717,63,Mangrove,West,Man_Selat_Nyior,6.224728,99.821968,TRUE,FALSE,FALSE,Same habitat / different coast,"Same habitat
different coast"
S38,S64,0.7485298271245451,S38__S64,38,Mangrove,East,Man_Nenasi,3.094182,103.442717,64,Mangrove,West,Man_Selat_Nyior,6.228636,99.820188,TRUE,FALSE,FALSE,Same habitat / different coast,"Same habitat
different coast"
S38,S65,0.743874017405081,S38__S65,38,Mangrove,East,Man_Nenasi,3.094182,103.442717,65,Mangrove,West,Man_Selat_Nyior,6.235251,99.818035,TRUE,FALSE,FALSE,Same habitat / different coast,"Same habitat
different coast"
S38,S71,0.9989124483855991,S38__S71,38,Mangrove,East,Man_Nenasi,3.094182,103.442717,71,Coral,East,Cor_Pulau_Redang,5.814393,103.009382,FALSE,TRUE,FALSE,Different habitat / same coast,"Different habitat
same coast"
S38,S73,0.9511074057839112,S38__S73,38,Mangrove,East,Man_Nenasi,3.094182,103.442717,73,Coral,East,Cor_Pulau_Redang,5.816677,103.007751,FALSE,TRUE,FALSE,Different habitat / same coast,"Different habitat
same coast"
S38,S74,0.9520703435181296,S38__S74,38,Mangrove,East,Man_Nenasi,3.094182,103.442717,74,Coral,East,Cor_Pulau_Redang,5.816281,103.005989,FALSE,TRUE,FALSE,Different habitat / same coast,"Different habitat
same coast"
S38,S75,0.9493806827140239,S38__S75,38,Mangrove,East,Man_Nenasi,3.094182,103.442717,75,Coral,East,Cor_Pulau_Redang,5.814536,103.006378,FALSE,TRUE,FALSE,Different habitat / same coast,"Different habitat
same coast"
S38,S77,0.9392237605611957,S38__S77,38,Mangrove,East,Man_Nenasi,3.094182,103.442717,77,Coral,East,Cor_Pulau_Bidong,5.624215,103.056647,FALSE,TRUE,FALSE,Different habitat / same coast,"Different habitat
same coast"
S38,S78,0.9051543046140951,S38__S78,38,Mangrove,East,Man_Nenasi,3.094182,103.442717,78,Coral,East,Cor_Pulau_Bidong,5.625977,103.057468,FALSE,TRUE,FALSE,Different habitat / same coast,"Different habitat
same coast"
S38,S80,0.9359259317967044,S38__S80,38,Mangrove,East,Man_Nenasi,3.094182,103.442717,80,Coral,East,Cor_Pulau_Bidong,5.627685,103.059864,FALSE,TRUE,FALSE,Different habitat / same coast,"Different habitat
same coast"
S38,S86,0.7766519476691552,S38__S86,38,Mangrove,East,Man_Nenasi,3.094182,103.442717,86,Mangrove,West,Man_Penaga,5.517253,100.364968,TRUE,FALSE,FALSE,Same habitat / different coast,"Same habitat
different coast"
S38,S87,0.7569325805394359,S38__S87,38,Mangrove,East,Man_Nenasi,3.094182,103.442717,87,Mangrove,West,Man_Penaga,5.51815,100.366985,TRUE,FALSE,FALSE,Same habitat / different coast,"Same habitat
different coast"
S38,S88,0.7128721492711928,S38__S88,38,Mangrove,East,Man_Nenasi,3.094182,103.442717,88,Mangrove,West,Man_Penaga,5.519453,100.369366,TRUE,FALSE,FALSE,Same habitat / different coast,"Same habitat
different coast"
S38,S89,0.6920171732547475,S38__S89,38,Mangrove,East,Man_Nenasi,3.094182,103.442717,89,Mangrove,West,Man_Penaga,5.520585,100.371383,TRUE,FALSE,FALSE,Same habitat / different coast,"Same habitat
different coast"
S38,S90,0.6223716272098707,S38__S90,38,Mangrove,East,Man_Nenasi,3.094182,103.442717,90,Mangrove,West,Man_Penaga,5.522977,100.372478,TRUE,FALSE,FALSE,Same habitat / different coast,"Same habitat
different coast"
S38,S96,0.8080240779936454,S38__S96,38,Mangrove,East,Man_Nenasi,3.094182,103.442717,96,Mangrove,West,Man_Kuala_Sepetang,4.78359,100.607457,TRUE,FALSE,FALSE,Same habitat / different coast,"Same habitat
different coast"
S38,S97,0.7861412227869106,S38__S97,38,Mangrove,East,Man_Nenasi,3.094182,103.442717,97,Mangrove,West,Man_Kuala_Sepetang,4.787012,100.612692,TRUE,FALSE,FALSE,Same habitat / different coast,"Same habitat
different coast"
S38,S98,0.7666758334442321,S38__S98,38,Mangrove,East,Man_Nenasi,3.094182,103.442717,98,Mangrove,West,Man_Kuala_Sepetang,4.788979,100.618615,TRUE,FALSE,FALSE,Same habitat / different coast,"Same habitat
different coast"
S38,S99,0.7403752321508251,S38__S99,38,Mangrove,East,Man_Nenasi,3.094182,103.442717,99,Mangrove,West,Man_Kuala_Sepetang,4.791801,100.624022,TRUE,FALSE,FALSE,Same habitat / different coast,"Same habitat
different coast"
S38,S100,0.7185443645007263,S100__S38,38,Mangrove,East,Man_Nenasi,3.094182,103.442717,100,Mangrove,West,Man_Kuala_Sepetang,4.797275,100.62634,TRUE,FALSE,FALSE,Same habitat / different coast,"Same habitat
different coast"
S38,S106,0.6774562793414183,S106__S38,38,Mangrove,East,Man_Nenasi,3.094182,103.442717,106,Mangrove,West,Man_Pulau_Ketam,3.024487,101.320359,TRUE,FALSE,FALSE,Same habitat / different coast,"Same habitat
different coast"
S38,S107,0.7002534016537368,S107__S38,38,Mangrove,East,Man_Nenasi,3.094182,103.442717,107,Mangrove,West,Man_Pulau_Ketam,3.021921,101.326184,TRUE,FALSE,FALSE,Same habitat / different coast,"Same habitat
different coast"
S38,S108,0.7499686161898392,S108__S38,38,Mangrove,East,Man_Nenasi,3.094182,103.442717,108,Mangrove,West,Man_Pulau_Ketam,3.014735,101.325529,TRUE,FALSE,FALSE,Same habitat / different coast,"Same habitat
different coast"
S38,S109,0.7174225351452699,S109__S38,38,Mangrove,East,Man_Nenasi,3.094182,103.442717,109,Mangrove,West,Man_Pulau_Ketam,3.016972,101.333548,TRUE,FALSE,FALSE,Same habitat / different coast,"Same habitat
different coast"
S38,S110,0.7838598846192348,S110__S38,38,Mangrove,East,Man_Nenasi,3.094182,103.442717,110,Mangrove,West,Man_Pulau_Ketam,3.01341,101.336968,TRUE,FALSE,FALSE,Same habitat / different coast,"Same habitat
different coast"
S39,S41,0.9231347668390129,S39__S41,39,Mangrove,East,Man_Nenasi,3.087342,103.44027,41,Coral,East,Cor_Pulau_Ular,4.053491,103.404452,FALSE,TRUE,FALSE,Different habitat / same coast,"Different habitat
same coast"
S39,S42,0.9012952181130163,S39__S42,39,Mangrove,East,Man_Nenasi,3.087342,103.44027,42,Coral,East,Cor_Pulau_Ular,4.054416,103.409527,FALSE,TRUE,FALSE,Different habitat / same coast,"Different habitat
same coast"
S39,S43,0.9234528138904209,S39__S43,39,Mangrove,East,Man_Nenasi,3.087342,103.44027,43,Coral,East,Cor_Pulau_Ular,4.057277,103.409519,FALSE,TRUE,FALSE,Different habitat / same coast,"Different habitat
same coast"
S39,S44,0.9057364724370731,S39__S44,39,Mangrove,East,Man_Nenasi,3.087342,103.44027,44,Coral,East,Cor_Pulau_Ular,4.058469,103.407966,FALSE,TRUE,FALSE,Different habitat / same coast,"Different habitat
same coast"
S39,S45,0.9207470218782978,S39__S45,39,Mangrove,East,Man_Nenasi,3.087342,103.44027,45,Coral,East,Cor_Pulau_Ular,4.05599,103.405705,FALSE,TRUE,FALSE,Different habitat / same coast,"Different habitat
same coast"
S39,S51,0.844030712770601,S39__S51,39,Mangrove,East,Man_Nenasi,3.087342,103.44027,51,Seagrass,East,ManSeG_Paka,4.657741,103.438562,FALSE,TRUE,FALSE,Different habitat / same coast,"Different habitat
same coast"
S39,S52,0.8564828833469026,S39__S52,39,Mangrove,East,Man_Nenasi,3.087342,103.44027,52,Seagrass,East,ManSeG_Paka,4.656438,103.436615,FALSE,TRUE,FALSE,Different habitat / same coast,"Different habitat
same coast"
S39,S53,0.8257189825686717,S39__S53,39,Mangrove,East,Man_Nenasi,3.087342,103.44027,53,Seagrass,East,ManSeG_Paka,4.653916,103.433807,FALSE,TRUE,FALSE,Different habitat / same coast,"Different habitat
same coast"
S39,S54,0.8331620162997716,S39__S54,39,Mangrove,East,Man_Nenasi,3.087342,103.44027,54,Seagrass,East,ManSeG_Paka,4.648234,103.435003,FALSE,TRUE,FALSE,Different habitat / same coast,"Different habitat
same coast"
S39,S55,0.8085497786194703,S39__S55,39,Mangrove,East,Man_Nenasi,3.087342,103.44027,55,Seagrass,East,ManSeG_Paka,4.644799,103.436867,FALSE,TRUE,FALSE,Different habitat / same coast,"Different habitat
same coast"
S39,S61,0.8254300977216197,S39__S61,39,Mangrove,East,Man_Nenasi,3.087342,103.44027,61,Mangrove,West,Man_Selat_Nyior,6.217682,99.829402,TRUE,FALSE,FALSE,Same habitat / different coast,"Same habitat
different coast"
S39,S62,0.8004299178576397,S39__S62,39,Mangrove,East,Man_Nenasi,3.087342,103.44027,62,Mangrove,West,Man_Selat_Nyior,6.220929,99.825029,TRUE,FALSE,FALSE,Same habitat / different coast,"Same habitat
different coast"
S39,S63,0.7784171379169947,S39__S63,39,Mangrove,East,Man_Nenasi,3.087342,103.44027,63,Mangrove,West,Man_Selat_Nyior,6.224728,99.821968,TRUE,FALSE,FALSE,Same habitat / different coast,"Same habitat
different coast"
S39,S64,0.786732484234668,S39__S64,39,Mangrove,East,Man_Nenasi,3.087342,103.44027,64,Mangrove,West,Man_Selat_Nyior,6.228636,99.820188,TRUE,FALSE,FALSE,Same habitat / different coast,"Same habitat
different coast"
S39,S65,0.7874250901275427,S39__S65,39,Mangrove,East,Man_Nenasi,3.087342,103.44027,65,Mangrove,West,Man_Selat_Nyior,6.235251,99.818035,TRUE,FALSE,FALSE,Same habitat / different coast,"Same habitat
different coast"
S39,S71,1.0000000000000002,S39__S71,39,Mangrove,East,Man_Nenasi,3.087342,103.44027,71,Coral,East,Cor_Pulau_Redang,5.814393,103.009382,FALSE,TRUE,FALSE,Different habitat / same coast,"Different habitat
same coast"
S39,S73,0.9474563001391306,S39__S73,39,Mangrove,East,Man_Nenasi,3.087342,103.44027,73,Coral,East,Cor_Pulau_Redang,5.816677,103.007751,FALSE,TRUE,FALSE,Different habitat / same coast,"Different habitat
same coast"
S39,S74,0.952866116038493,S39__S74,39,Mangrove,East,Man_Nenasi,3.087342,103.44027,74,Coral,East,Cor_Pulau_Redang,5.816281,103.005989,FALSE,TRUE,FALSE,Different habitat / same coast,"Different habitat
same coast"
S39,S75,0.9531630391831255,S39__S75,39,Mangrove,East,Man_Nenasi,3.087342,103.44027,75,Coral,East,Cor_Pulau_Redang,5.814536,103.006378,FALSE,TRUE,FALSE,Different habitat / same coast,"Different habitat
same coast"
S39,S77,0.9418126179673277,S39__S77,39,Mangrove,East,Man_Nenasi,3.087342,103.44027,77,Coral,East,Cor_Pulau_Bidong,5.624215,103.056647,FALSE,TRUE,FALSE,Different habitat / same coast,"Different habitat
same coast"
S39,S78,0.9160031758970396,S39__S78,39,Mangrove,East,Man_Nenasi,3.087342,103.44027,78,Coral,East,Cor_Pulau_Bidong,5.625977,103.057468,FALSE,TRUE,FALSE,Different habitat / same coast,"Different habitat
same coast"
S39,S80,0.9331680317980936,S39__S80,39,Mangrove,East,Man_Nenasi,3.087342,103.44027,80,Coral,East,Cor_Pulau_Bidong,5.627685,103.059864,FALSE,TRUE,FALSE,Different habitat / same coast,"Different habitat
same coast"
S39,S86,0.8226177642656941,S39__S86,39,Mangrove,East,Man_Nenasi,3.087342,103.44027,86,Mangrove,West,Man_Penaga,5.517253,100.364968,TRUE,FALSE,FALSE,Same habitat / different coast,"Same habitat
different coast"
S39,S87,0.8056463741086914,S39__S87,39,Mangrove,East,Man_Nenasi,3.087342,103.44027,87,Mangrove,West,Man_Penaga,5.51815,100.366985,TRUE,FALSE,FALSE,Same habitat / different coast,"Same habitat
different coast"
S39,S88,0.7577741691472027,S39__S88,39,Mangrove,East,Man_Nenasi,3.087342,103.44027,88,Mangrove,West,Man_Penaga,5.519453,100.369366,TRUE,FALSE,FALSE,Same habitat / different coast,"Same habitat
different coast"
S39,S89,0.7371662816723249,S39__S89,39,Mangrove,East,Man_Nenasi,3.087342,103.44027,89,Mangrove,West,Man_Penaga,5.520585,100.371383,TRUE,FALSE,FALSE,Same habitat / different coast,"Same habitat
different coast"
S39,S90,0.6547645928925534,S39__S90,39,Mangrove,East,Man_Nenasi,3.087342,103.44027,90,Mangrove,West,Man_Penaga,5.522977,100.372478,TRUE,FALSE,FALSE,Same habitat / different coast,"Same habitat
different coast"
S39,S96,0.8596516796079644,S39__S96,39,Mangrove,East,Man_Nenasi,3.087342,103.44027,96,Mangrove,West,Man_Kuala_Sepetang,4.78359,100.607457,TRUE,FALSE,FALSE,Same habitat / different coast,"Same habitat
different coast"
S39,S97,0.8359371592615701,S39__S97,39,Mangrove,East,Man_Nenasi,3.087342,103.44027,97,Mangrove,West,Man_Kuala_Sepetang,4.787012,100.612692,TRUE,FALSE,FALSE,Same habitat / different coast,"Same habitat
different coast"
S39,S98,0.8229056126425544,S39__S98,39,Mangrove,East,Man_Nenasi,3.087342,103.44027,98,Mangrove,West,Man_Kuala_Sepetang,4.788979,100.618615,TRUE,FALSE,FALSE,Same habitat / different coast,"Same habitat
different coast"
S39,S99,0.7990535223665262,S39__S99,39,Mangrove,East,Man_Nenasi,3.087342,103.44027,99,Mangrove,West,Man_Kuala_Sepetang,4.791801,100.624022,TRUE,FALSE,FALSE,Same habitat / different coast,"Same habitat
different coast"
S39,S100,0.7746316805163882,S100__S39,39,Mangrove,East,Man_Nenasi,3.087342,103.44027,100,Mangrove,West,Man_Kuala_Sepetang,4.797275,100.62634,TRUE,FALSE,FALSE,Same habitat / different coast,"Same habitat
different coast"
S39,S106,0.7277549088593387,S106__S39,39,Mangrove,East,Man_Nenasi,3.087342,103.44027,106,Mangrove,West,Man_Pulau_Ketam,3.024487,101.320359,TRUE,FALSE,FALSE,Same habitat / different coast,"Same habitat
different coast"
S39,S107,0.7492059153792487,S107__S39,39,Mangrove,East,Man_Nenasi,3.087342,103.44027,107,Mangrove,West,Man_Pulau_Ketam,3.021921,101.326184,TRUE,FALSE,FALSE,Same habitat / different coast,"Same habitat
different coast"
S39,S108,0.796473933259223,S108__S39,39,Mangrove,East,Man_Nenasi,3.087342,103.44027,108,Mangrove,West,Man_Pulau_Ketam,3.014735,101.325529,TRUE,FALSE,FALSE,Same habitat / different coast,"Same habitat
different coast"
S39,S109,0.7481923906052561,S109__S39,39,Mangrove,East,Man_Nenasi,3.087342,103.44027,109,Mangrove,West,Man_Pulau_Ketam,3.016972,101.333548,TRUE,FALSE,FALSE,Same habitat / different coast,"Same habitat
different coast"
S39,S110,0.8131754485139447,S110__S39,39,Mangrove,East,Man_Nenasi,3.087342,103.44027,110,Mangrove,West,Man_Pulau_Ketam,3.01341,101.336968,TRUE,FALSE,FALSE,Same habitat / different coast,"Same habitat
different coast"
S40,S41,0.8827973844109671,S40__S41,40,Mangrove,East,Man_Nenasi,3.078358,103.442128,41,Coral,East,Cor_Pulau_Ular,4.053491,103.404452,FALSE,TRUE,FALSE,Different habitat / same coast,"Different habitat
same coast"
S40,S42,0.8590337031083539,S40__S42,40,Mangrove,East,Man_Nenasi,3.078358,103.442128,42,Coral,East,Cor_Pulau_Ular,4.054416,103.409527,FALSE,TRUE,FALSE,Different habitat / same coast,"Different habitat
same coast"
S40,S43,0.8956808556133579,S40__S43,40,Mangrove,East,Man_Nenasi,3.078358,103.442128,43,Coral,East,Cor_Pulau_Ular,4.057277,103.409519,FALSE,TRUE,FALSE,Different habitat / same coast,"Different habitat
same coast"
S40,S44,0.8649865418713674,S40__S44,40,Mangrove,East,Man_Nenasi,3.078358,103.442128,44,Coral,East,Cor_Pulau_Ular,4.058469,103.407966,FALSE,TRUE,FALSE,Different habitat / same coast,"Different habitat
same coast"
S40,S45,0.8918072638979148,S40__S45,40,Mangrove,East,Man_Nenasi,3.078358,103.442128,45,Coral,East,Cor_Pulau_Ular,4.05599,103.405705,FALSE,TRUE,FALSE,Different habitat / same coast,"Different habitat
same coast"
S40,S51,0.7885164492249077,S40__S51,40,Mangrove,East,Man_Nenasi,3.078358,103.442128,51,Seagrass,East,ManSeG_Paka,4.657741,103.438562,FALSE,TRUE,FALSE,Different habitat / same coast,"Different habitat
same coast"
S40,S52,0.8080312635589176,S40__S52,40,Mangrove,East,Man_Nenasi,3.078358,103.442128,52,Seagrass,East,ManSeG_Paka,4.656438,103.436615,FALSE,TRUE,FALSE,Different habitat / same coast,"Different habitat
same coast"
S40,S53,0.7686886709926537,S40__S53,40,Mangrove,East,Man_Nenasi,3.078358,103.442128,53,Seagrass,East,ManSeG_Paka,4.653916,103.433807,FALSE,TRUE,FALSE,Different habitat / same coast,"Different habitat
same coast"
S40,S54,0.77468592842833806,S40__S54,40,Mangrove,East,Man_Nenasi,3.078358,103.442128,54,Seagrass,East,ManSeG_Paka,4.648234,103.435003,FALSE,TRUE,FALSE,Different habitat / same coast,"Different habitat
same coast"
S40,S55,0.7455327991400386,S40__S55,40,Mangrove,East,Man_Nenasi,3.078358,103.442128,55,Seagrass,East,ManSeG_Paka,4.644799,103.436867,FALSE,TRUE,FALSE,Different habitat / same coast,"Different habitat
same coast"
S40,S61,0.7612875726128772,S40__S61,40,Mangrove,East,Man_Nenasi,3.078358,103.442128,61,Mangrove,West,Man_Selat_Nyior,6.217682,99.829402,TRUE,FALSE,FALSE,Same habitat / different coast,"Same habitat
different coast"
S40,S62,0.739328128777216,S40__S62,40,Mangrove,East,Man_Nenasi,3.078358,103.442128,62,Mangrove,West,Man_Selat_Nyior,6.220929,99.825029,TRUE,FALSE,FALSE,Same habitat / different coast,"Same habitat
different coast"
S40,S63,0.7152892281045904,S40__S63,40,Mangrove,East,Man_Nenasi,3.078358,103.442128,63,Mangrove,West,Man_Selat_Nyior,6.224728,99.821968,TRUE,FALSE,FALSE,Same habitat / different coast,"Same habitat
different coast"
S40,S64,0.7263320941198147,S40__S64,40,Mangrove,East,Man_Nenasi,3.078358,103.442128,64,Mangrove,West,Man_Selat_Nyior,6.228636,99.820188,TRUE,FALSE,FALSE,Same habitat / different coast,"Same habitat
different coast"
S40,S65,0.7238281880517163,S40__S65,40,Mangrove,East,Man_Nenasi,3.078358,103.442128,65,Mangrove,West,Man_Selat_Nyior,6.235251,99.818035,TRUE,FALSE,FALSE,Same habitat / different coast,"Same habitat
different coast"
S40,S71,0.9994094456712599,S40__S71,40,Mangrove,East,Man_Nenasi,3.078358,103.442128,71,Coral,East,Cor_Pulau_Redang,5.814393,103.009382,FALSE,TRUE,FALSE,Different habitat / same coast,"Different habitat
same coast"
S40,S73,0.9384160590337762,S40__S73,40,Mangrove,East,Man_Nenasi,3.078358,103.442128,73,Coral,East,Cor_Pulau_Redang,5.816677,103.007751,FALSE,TRUE,FALSE,Different habitat / same coast,"Different habitat
same coast"
S40,S74,0.9325231005368554,S40__S74,40,Mangrove,East,Man_Nenasi,3.078358,103.442128,74,Coral,East,Cor_Pulau_Redang,5.816281,103.005989,FALSE,TRUE,FALSE,Different habitat / same coast,"Different habitat
same coast"
S40,S75,0.9376171424561879,S40__S75,40,Mangrove,East,Man_Nenasi,3.078358,103.442128,75,Coral,East,Cor_Pulau_Redang,5.814536,103.006378,FALSE,TRUE,FALSE,Different habitat / same coast,"Different habitat
same coast"
S40,S77,0.9204299846094106,S40__S77,40,Mangrove,East,Man_Nenasi,3.078358,103.442128,77,Coral,East,Cor_Pulau_Bidong,5.624215,103.056647,FALSE,TRUE,FALSE,Different habitat / same coast,"Different habitat
same coast"
S40,S78,0.8871944893145124,S40__S78,40,Mangrove,East,Man_Nenasi,3.078358,103.442128,78,Coral,East,Cor_Pulau_Bidong,5.625977,103.057468,FALSE,TRUE,FALSE,Different habitat / same coast,"Different habitat
same coast"
S40,S80,0.9232546807811115,S40__S80,40,Mangrove,East,Man_Nenasi,3.078358,103.442128,80,Coral,East,Cor_Pulau_Bidong,5.627685,103.059864,FALSE,TRUE,FALSE,Different habitat / same coast,"Different habitat
same coast"
S40,S86,0.7597121708047929,S40__S86,40,Mangrove,East,Man_Nenasi,3.078358,103.442128,86,Mangrove,West,Man_Penaga,5.517253,100.364968,TRUE,FALSE,FALSE,Same habitat / different coast,"Same habitat
different coast"
S40,S87,0.7390051231635865,S40__S87,40,Mangrove,East,Man_Nenasi,3.078358,103.442128,87,Mangrove,West,Man_Penaga,5.51815,100.366985,TRUE,FALSE,FALSE,Same habitat / different coast,"Same habitat
different coast"
S40,S88,0.6990422217559153,S40__S88,40,Mangrove,East,Man_Nenasi,3.078358,103.442128,88,Mangrove,West,Man_Penaga,5.519453,100.369366,TRUE,FALSE,FALSE,Same habitat / different coast,"Same habitat
different coast"
S40,S89,0.6766051939959459,S40__S89,40,Mangrove,East,Man_Nenasi,3.078358,103.442128,89,Mangrove,West,Man_Penaga,5.520585,100.371383,TRUE,FALSE,FALSE,Same habitat / different coast,"Same habitat
different coast"
S40,S90,0.6171912787149413,S40__S90,40,Mangrove,East,Man_Nenasi,3.078358,103.442128,90,Mangrove,West,Man_Penaga,5.522977,100.372478,TRUE,FALSE,FALSE,Same habitat / different coast,"Same habitat
different coast"
S40,S96,0.8046420636998993,S40__S96,40,Mangrove,East,Man_Nenasi,3.078358,103.442128,96,Mangrove,West,Man_Kuala_Sepetang,4.78359,100.607457,TRUE,FALSE,FALSE,Same habitat / different coast,"Same habitat
different coast"
S40,S97,0.7750601125836327,S40__S97,40,Mangrove,East,Man_Nenasi,3.078358,103.442128,97,Mangrove,West,Man_Kuala_Sepetang,4.787012,100.612692,TRUE,FALSE,FALSE,Same habitat / different coast,"Same habitat
different coast"
S40,S98,0.7564478295175022,S40__S98,40,Mangrove,East,Man_Nenasi,3.078358,103.442128,98,Mangrove,West,Man_Kuala_Sepetang,4.788979,100.618615,TRUE,FALSE,FALSE,Same habitat / different coast,"Same habitat
different coast"
S40,S99,0.7265824540367337,S40__S99,40,Mangrove,East,Man_Nenasi,3.078358,103.442128,99,Mangrove,West,Man_Kuala_Sepetang,4.791801,100.624022,TRUE,FALSE,FALSE,Same habitat / different coast,"Same habitat
different coast"
S40,S100,0.7031816625046289,S100__S40,40,Mangrove,East,Man_Nenasi,3.078358,103.442128,100,Mangrove,West,Man_Kuala_Sepetang,4.797275,100.62634,TRUE,FALSE,FALSE,Same habitat / different coast,"Same habitat
different coast"
S40,S106,0.6558661552225877,S106__S40,40,Mangrove,East,Man_Nenasi,3.078358,103.442128,106,Mangrove,West,Man_Pulau_Ketam,3.024487,101.320359,TRUE,FALSE,FALSE,Same habitat / different coast,"Same habitat
different coast"
S40,S107,0.6787486545758062,S107__S40,40,Mangrove,East,Man_Nenasi,3.078358,103.442128,107,Mangrove,West,Man_Pulau_Ketam,3.021921,101.326184,TRUE,FALSE,FALSE,Same habitat / different coast,"Same habitat
different coast"
S40,S108,0.7292497450064414,S108__S40,40,Mangrove,East,Man_Nenasi,3.078358,103.442128,108,Mangrove,West,Man_Pulau_Ketam,3.014735,101.325529,TRUE,FALSE,FALSE,Same habitat / different coast,"Same habitat
different coast"
S40,S109,0.7035424332888538,S109__S40,40,Mangrove,East,Man_Nenasi,3.078358,103.442128,109,Mangrove,West,Man_Pulau_Ketam,3.016972,101.333548,TRUE,FALSE,FALSE,Same habitat / different coast,"Same habitat
different coast"
S40,S110,0.7587826756223955,S110__S40,40,Mangrove,East,Man_Nenasi,3.078358,103.442128,110,Mangrove,West,Man_Pulau_Ketam,3.01341,101.336968,TRUE,FALSE,FALSE,Same habitat / different coast,"Same habitat
different coast"
S41,S46,0.7588598392802994,S41__S46,41,Coral,East,Cor_Pulau_Ular,4.053491,103.404452,46,Mangrove,East,Man_Sungai_Ular,4.04739,103.39389,FALSE,TRUE,FALSE,Different habitat / same coast,"Different habitat
same coast"
S41,S47,0.804006220145651,S41__S47,41,Coral,East,Cor_Pulau_Ular,4.053491,103.404452,47,Mangrove,East,Man_Sungai_Ular,4.047681,103.395217,FALSE,TRUE,FALSE,Different habitat / same coast,"Different habitat
same coast"
S41,S48,0.7032841878548136,S41__S48,41,Coral,East,Cor_Pulau_Ular,4.053491,103.404452,48,Mangrove,East,Man_Sungai_Ular,4.048489,103.395758,FALSE,TRUE,FALSE,Different habitat / same coast,"Different habitat
same coast"
S41,S49,0.7038758115879739,S41__S49,41,Coral,East,Cor_Pulau_Ular,4.053491,103.404452,49,Mangrove,East,Man_Sungai_Ular,4.04984,103.395527,FALSE,TRUE,FALSE,Different habitat / same coast,"Different habitat
same coast"
S41,S50,0.69244202414686,S41__S50,41,Coral,East,Cor_Pulau_Ular,4.053491,103.404452,50,Mangrove,East,Man_Sungai_Ular,4.050552,103.395166,FALSE,TRUE,FALSE,Different habitat / same coast,"Different habitat
same coast"
S41,S51,0.5100168512845294,S41__S51,41,Coral,East,Cor_Pulau_Ular,4.053491,103.404452,51,Seagrass,East,ManSeG_Paka,4.657741,103.438562,FALSE,TRUE,FALSE,Different habitat / same coast,"Different habitat
same coast"
S41,S52,0.477726008884185,S41__S52,41,Coral,East,Cor_Pulau_Ular,4.053491,103.404452,52,Seagrass,East,ManSeG_Paka,4.656438,103.436615,FALSE,TRUE,FALSE,Different habitat / same coast,"Different habitat
same coast"
S41,S53,0.5551063996256738,S41__S53,41,Coral,East,Cor_Pulau_Ular,4.053491,103.404452,53,Seagrass,East,ManSeG_Paka,4.653916,103.433807,FALSE,TRUE,FALSE,Different habitat / same coast,"Different habitat
same coast"
S41,S54,0.5882745267246638,S41__S54,41,Coral,East,Cor_Pulau_Ular,4.053491,103.404452,54,Seagrass,East,ManSeG_Paka,4.648234,103.435003,FALSE,TRUE,FALSE,Different habitat / same coast,"Different habitat
same coast"
S41,S55,0.6037705581508265,S41__S55,41,Coral,East,Cor_Pulau_Ular,4.053491,103.404452,55,Seagrass,East,ManSeG_Paka,4.644799,103.436867,FALSE,TRUE,FALSE,Different habitat / same coast,"Different habitat
same coast"
S41,S56,0.6548662473406975,S41__S56,41,Coral,East,Cor_Pulau_Ular,4.053491,103.404452,56,Coral,West,Cor_Pulau_Intan,6.231933,99.71668,TRUE,FALSE,FALSE,Same habitat / different coast,"Same habitat
different coast"
S41,S57,0.6106716513975802,S41__S57,41,Coral,East,Cor_Pulau_Ular,4.053491,103.404452,57,Coral,West,Cor_Pulau_Intan,6.235042,99.713494,TRUE,FALSE,FALSE,Same habitat / different coast,"Same habitat
different coast"
S41,S58,0.6355158446696612,S41__S58,41,Coral,East,Cor_Pulau_Ular,4.053491,103.404452,58,Coral,West,Cor_Pulau_Intan,6.241277,99.713092,TRUE,FALSE,FALSE,Same habitat / different coast,"Same habitat
different coast"
S41,S59,0.6468127947239525,S41__S59,41,Coral,East,Cor_Pulau_Ular,4.053491,103.404452,59,Coral,West,Cor_Pulau_Intan,6.242925,99.71689,TRUE,FALSE,FALSE,Same habitat / different coast,"Same habitat
different coast"
S41,S60,0.6637926366777155,S41__S60,41,Coral,East,Cor_Pulau_Ular,4.053491,103.404452,60,Coral,West,Cor_Pulau_Intan,6.239442,99.719555,TRUE,FALSE,FALSE,Same habitat / different coast,"Same habitat
different coast"
S41,S81,0.4709370231636988,S41__S81,41,Coral,East,Cor_Pulau_Ular,4.053491,103.404452,81,Mangrove,East,Man_Merang,5.527989,102.944516,FALSE,TRUE,FALSE,Different habitat / same coast,"Different habitat
same coast"
S41,S82,0.5266683368661407,S41__S82,41,Coral,East,Cor_Pulau_Ular,4.053491,103.404452,82,Mangrove,East,Man_Merang,5.526065,102.943286,FALSE,TRUE,FALSE,Different habitat / same coast,"Different habitat
same coast"
S41,S83,0.4880839905698304,S41__S83,41,Coral,East,Cor_Pulau_Ular,4.053491,103.404452,83,Mangrove,East,Man_Merang,5.526248,102.941049,FALSE,TRUE,FALSE,Different habitat / same coast,"Different habitat
same coast"
S41,S84,0.5033344202524938,S41__S84,41,Coral,East,Cor_Pulau_Ular,4.053491,103.404452,84,Mangrove,East,Man_Merang,5.528314,102.940522,FALSE,TRUE,FALSE,Different habitat / same coast,"Different habitat
same coast"
S41,S85,0.60260874741733506,S41__S85,41,Coral,East,Cor_Pulau_Ular,4.053491,103.404452,85,Mangrove,East,Man_Merang,5.528731,102.938759,FALSE,TRUE,FALSE,Different habitat / same coast,"Different habitat
same coast"
S41,S101,0.5666810541802126,S101__S41,41,Coral,East,Cor_Pulau_Ular,4.053491,103.404452,101,Coral,West,Cor_Pulau_Pangkor,4.190014,100.572274,TRUE,FALSE,FALSE,Same habitat / different coast,"Same habitat
different coast"
S41,S102,0.5712494988113042,S102__S41,41,Coral,East,Cor_Pulau_Ular,4.053491,103.404452,102,Coral,West,Cor_Pulau_Pangkor,4.187189,100.543949,TRUE,FALSE,FALSE,Same habitat / different coast,"Same habitat
different coast"
S41,S103,0.7022395374016778,S103__S41,41,Coral,East,Cor_Pulau_Ular,4.053491,103.404452,103,Coral,West,Cor_Pulau_Pangkor,4.192025,100.537855,TRUE,FALSE,FALSE,Same habitat / different coast,"Same habitat
different coast"
S41,S104,0.6858241680758909,S104__S41,41,Coral,East,Cor_Pulau_Ular,4.053491,103.404452,104,Coral,West,Cor_Pulau_Pangkor,4.203476,100.545476,TRUE,FALSE,FALSE,Same habitat / different coast,"Same habitat
different coast"
S41,S105,0.5884021617425259,S105__S41,41,Coral,East,Cor_Pulau_Ular,4.053491,103.404452,105,Coral,West,Cor_Pulau_Pangkor,4.194839,100.559803,TRUE,FALSE,FALSE,Same habitat / different coast,"Same habitat
different coast"
S42,S46,0.7085920054302692,S42__S46,42,Coral,East,Cor_Pulau_Ular,4.054416,103.409527,46,Mangrove,East,Man_Sungai_Ular,4.04739,103.39389,FALSE,TRUE,FALSE,Different habitat / same coast,"Different habitat
same coast"
S42,S47,0.7731689633723066,S42__S47,42,Coral,East,Cor_Pulau_Ular,4.054416,103.409527,47,Mangrove,East,Man_Sungai_Ular,4.047681,103.395217,FALSE,TRUE,FALSE,Different habitat / same coast,"Different habitat
same coast"
S42,S48,0.6519357562558779,S42__S48,42,Coral,East,Cor_Pulau_Ular,4.054416,103.409527,48,Mangrove,East,Man_Sungai_Ular,4.048489,103.395758,FALSE,TRUE,FALSE,Different habitat / same coast,"Different habitat
same coast"
S42,S49,0.6717128421257776,S42__S49,42,Coral,East,Cor_Pulau_Ular,4.054416,103.409527,49,Mangrove,East,Man_Sungai_Ular,4.04984,103.395527,FALSE,TRUE,FALSE,Different habitat / same coast,"Different habitat
same coast"
S42,S50,0.6543730163935593,S42__S50,42,Coral,East,Cor_Pulau_Ular,4.054416,103.409527,50,Mangrove,East,Man_Sungai_Ular,4.050552,103.395166,FALSE,TRUE,FALSE,Different habitat / same coast,"Different habitat
same coast"
S42,S51,0.4540122105511983,S42__S51,42,Coral,East,Cor_Pulau_Ular,4.054416,103.409527,51,Seagrass,East,ManSeG_Paka,4.657741,103.438562,FALSE,TRUE,FALSE,Different habitat / same coast,"Different habitat
same coast"
S42,S52,0.42021565874034367,S42__S52,42,Coral,East,Cor_Pulau_Ular,4.054416,103.409527,52,Seagrass,East,ManSeG_Paka,4.656438,103.436615,FALSE,TRUE,FALSE,Different habitat / same coast,"Different habitat
same coast"
S42,S53,0.48464416193997484,S42__S53,42,Coral,East,Cor_Pulau_Ular,4.054416,103.409527,53,Seagrass,East,ManSeG_Paka,4.653916,103.433807,FALSE,TRUE,FALSE,Different habitat / same coast,"Different habitat
same coast"
S42,S54,0.5239476198427514,S42__S54,42,Coral,East,Cor_Pulau_Ular,4.054416,103.409527,54,Seagrass,East,ManSeG_Paka,4.648234,103.435003,FALSE,TRUE,FALSE,Different habitat / same coast,"Different habitat
same coast"
S42,S55,0.5408621025878712,S42__S55,42,Coral,East,Cor_Pulau_Ular,4.054416,103.409527,55,Seagrass,East,ManSeG_Paka,4.644799,103.436867,FALSE,TRUE,FALSE,Different habitat / same coast,"Different habitat
same coast"
S42,S56,0.6083277930924554,S42__S56,42,Coral,East,Cor_Pulau_Ular,4.054416,103.409527,56,Coral,West,Cor_Pulau_Intan,6.231933,99.71668,TRUE,FALSE,FALSE,Same habitat / different coast,"Same habitat
different coast"
S42,S57,0.567009822004876,S42__S57,42,Coral,East,Cor_Pulau_Ular,4.054416,103.409527,57,Coral,West,Cor_Pulau_Intan,6.235042,99.713494,TRUE,FALSE,FALSE,Same habitat / different coast,"Same habitat
different coast"
S42,S58,0.5826484526996706,S42__S58,42,Coral,East,Cor_Pulau_Ular,4.054416,103.409527,58,Coral,West,Cor_Pulau_Intan,6.241277,99.713092,TRUE,FALSE,FALSE,Same habitat / different coast,"Same habitat
different coast"
S42,S59,0.5925025507575007,S42__S59,42,Coral,East,Cor_Pulau_Ular,4.054416,103.409527,59,Coral,West,Cor_Pulau_Intan,6.242925,99.71689,TRUE,FALSE,FALSE,Same habitat / different coast,"Same habitat
different coast"
S42,S60,0.6292890216051714,S42__S60,42,Coral,East,Cor_Pulau_Ular,4.054416,103.409527,60,Coral,West,Cor_Pulau_Intan,6.239442,99.719555,TRUE,FALSE,FALSE,Same habitat / different coast,"Same habitat
different coast"
S42,S81,0.40027170300111076,S42__S81,42,Coral,East,Cor_Pulau_Ular,4.054416,103.409527,81,Mangrove,East,Man_Merang,5.527989,102.944516,FALSE,TRUE,FALSE,Different habitat / same coast,"Different habitat
same coast"
S42,S82,0.448303098921751,S42__S82,42,Coral,East,Cor_Pulau_Ular,4.054416,103.409527,82,Mangrove,East,Man_Merang,5.526065,102.943286,FALSE,TRUE,FALSE,Different habitat / same coast,"Different habitat
same coast"
S42,S83,0.4123521964568964,S42__S83,42,Coral,East,Cor_Pulau_Ular,4.054416,103.409527,83,Mangrove,East,Man_Merang,5.526248,102.941049,FALSE,TRUE,FALSE,Different habitat / same coast,"Different habitat
same coast"
S42,S84,0.4300818248816228,S42__S84,42,Coral,East,Cor_Pulau_Ular,4.054416,103.409527,84,Mangrove,East,Man_Merang,5.528314,102.940522,FALSE,TRUE,FALSE,Different habitat / same coast,"Different habitat
same coast"
S42,S85,0.5433634482081271,S42__S85,42,Coral,East,Cor_Pulau_Ular,4.054416,103.409527,85,Mangrove,East,Man_Merang,5.528731,102.938759,FALSE,TRUE,FALSE,Different habitat / same coast,"Different habitat
same coast"
S42,S101,0.5615689141382659,S101__S42,42,Coral,East,Cor_Pulau_Ular,4.054416,103.409527,101,Coral,West,Cor_Pulau_Pangkor,4.190014,100.572274,TRUE,FALSE,FALSE,Same habitat / different coast,"Same habitat
different coast"
S42,S102,0.6022370801748469,S102__S42,42,Coral,East,Cor_Pulau_Ular,4.054416,103.409527,102,Coral,West,Cor_Pulau_Pangkor,4.187189,100.543949,TRUE,FALSE,FALSE,Same habitat / different coast,"Same habitat
different coast"
S42,S103,0.7214857676312885,S103__S42,42,Coral,East,Cor_Pulau_Ular,4.054416,103.409527,103,Coral,West,Cor_Pulau_Pangkor,4.192025,100.537855,TRUE,FALSE,FALSE,Same habitat / different coast,"Same habitat
different coast"
S42,S104,0.7032207324761685,S104__S42,42,Coral,East,Cor_Pulau_Ular,4.054416,103.409527,104,Coral,West,Cor_Pulau_Pangkor,4.203476,100.545476,TRUE,FALSE,FALSE,Same habitat / different coast,"Same habitat
different coast"
S42,S105,0.5986079321746559,S105__S42,42,Coral,East,Cor_Pulau_Ular,4.054416,103.409527,105,Coral,West,Cor_Pulau_Pangkor,4.194839,100.559803,TRUE,FALSE,FALSE,Same habitat / different coast,"Same habitat
different coast"
S43,S46,0.776079949031891,S43__S46,43,Coral,East,Cor_Pulau_Ular,4.057277,103.409519,46,Mangrove,East,Man_Sungai_Ular,4.04739,103.39389,FALSE,TRUE,FALSE,Different habitat / same coast,"Different habitat
same coast"
S43,S47,0.8090804960781804,S43__S47,43,Coral,East,Cor_Pulau_Ular,4.057277,103.409519,47,Mangrove,East,Man_Sungai_Ular,4.047681,103.395217,FALSE,TRUE,FALSE,Different habitat / same coast,"Different habitat
same coast"
S43,S48,0.722097537456212,S43__S48,43,Coral,East,Cor_Pulau_Ular,4.057277,103.409519,48,Mangrove,East,Man_Sungai_Ular,4.048489,103.395758,FALSE,TRUE,FALSE,Different habitat / same coast,"Different habitat
same coast"
S43,S49,0.7131994070709062,S43__S49,43,Coral,East,Cor_Pulau_Ular,4.057277,103.409519,49,Mangrove,East,Man_Sungai_Ular,4.04984,103.395527,FALSE,TRUE,FALSE,Different habitat / same coast,"Different habitat
same coast"
S43,S50,0.7101068815902011,S43__S50,43,Coral,East,Cor_Pulau_Ular,4.057277,103.409519,50,Mangrove,East,Man_Sungai_Ular,4.050552,103.395166,FALSE,TRUE,FALSE,Different habitat / same coast,"Different habitat
same coast"
S43,S51,0.5432230527856635,S43__S51,43,Coral,East,Cor_Pulau_Ular,4.057277,103.409519,51,Seagrass,East,ManSeG_Paka,4.657741,103.438562,FALSE,TRUE,FALSE,Different habitat / same coast,"Different habitat
same coast"
S43,S52,0.5147790490819896,S43__S52,43,Coral,East,Cor_Pulau_Ular,4.057277,103.409519,52,Seagrass,East,ManSeG_Paka,4.656438,103.436615,FALSE,TRUE,FALSE,Different habitat / same coast,"Different habitat
same coast"
S43,S53,0.5857368537809616,S43__S53,43,Coral,East,Cor_Pulau_Ular,4.057277,103.409519,53,Seagrass,East,ManSeG_Paka,4.653916,103.433807,FALSE,TRUE,FALSE,Different habitat / same coast,"Different habitat
same coast"
S43,S54,0.6140025905067948,S43__S54,43,Coral,East,Cor_Pulau_Ular,4.057277,103.409519,54,Seagrass,East,ManSeG_Paka,4.648234,103.435003,FALSE,TRUE,FALSE,Different habitat / same coast,"Different habitat
same coast"
S43,S55,0.6349857615180159,S43__S55,43,Coral,East,Cor_Pulau_Ular,4.057277,103.409519,55,Seagrass,East,ManSeG_Paka,4.644799,103.436867,FALSE,TRUE,FALSE,Different habitat / same coast,"Different habitat
same coast"
S43,S56,0.6376699854252252,S43__S56,43,Coral,East,Cor_Pulau_Ular,4.057277,103.409519,56,Coral,West,Cor_Pulau_Intan,6.231933,99.71668,TRUE,FALSE,FALSE,Same habitat / different coast,"Same habitat
different coast"
S43,S57,0.6005821601565448,S43__S57,43,Coral,East,Cor_Pulau_Ular,4.057277,103.409519,57,Coral,West,Cor_Pulau_Intan,6.235042,99.713494,TRUE,FALSE,FALSE,Same habitat / different coast,"Same habitat
different coast"
S43,S58,0.627365136544769,S43__S58,43,Coral,East,Cor_Pulau_Ular,4.057277,103.409519,58,Coral,West,Cor_Pulau_Intan,6.241277,99.713092,TRUE,FALSE,FALSE,Same habitat / different coast,"Same habitat
different coast"
S43,S59,0.6372561665295114,S43__S59,43,Coral,East,Cor_Pulau_Ular,4.057277,103.409519,59,Coral,West,Cor_Pulau_Intan,6.242925,99.71689,TRUE,FALSE,FALSE,Same habitat / different coast,"Same habitat
different coast"
S43,S60,0.6495311179402822,S43__S60,43,Coral,East,Cor_Pulau_Ular,4.057277,103.409519,60,Coral,West,Cor_Pulau_Intan,6.239442,99.719555,TRUE,FALSE,FALSE,Same habitat / different coast,"Same habitat
different coast"
S43,S81,0.524644482779219,S43__S81,43,Coral,East,Cor_Pulau_Ular,4.057277,103.409519,81,Mangrove,East,Man_Merang,5.527989,102.944516,FALSE,TRUE,FALSE,Different habitat / same coast,"Different habitat
same coast"
S43,S82,0.5748559408873873,S43__S82,43,Coral,East,Cor_Pulau_Ular,4.057277,103.409519,82,Mangrove,East,Man_Merang,5.526065,102.943286,FALSE,TRUE,FALSE,Different habitat / same coast,"Different habitat
same coast"
S43,S83,0.545060625204224,S43__S83,43,Coral,East,Cor_Pulau_Ular,4.057277,103.409519,83,Mangrove,East,Man_Merang,5.526248,102.941049,FALSE,TRUE,FALSE,Different habitat / same coast,"Different habitat
same coast"
S43,S84,0.5601185555828313,S43__S84,43,Coral,East,Cor_Pulau_Ular,4.057277,103.409519,84,Mangrove,East,Man_Merang,5.528314,102.940522,FALSE,TRUE,FALSE,Different habitat / same coast,"Different habitat
same coast"
S43,S85,0.6523780013136495,S43__S85,43,Coral,East,Cor_Pulau_Ular,4.057277,103.409519,85,Mangrove,East,Man_Merang,5.528731,102.938759,FALSE,TRUE,FALSE,Different habitat / same coast,"Different habitat
same coast"
S43,S101,0.5473469123735628,S101__S43,43,Coral,East,Cor_Pulau_Ular,4.057277,103.409519,101,Coral,West,Cor_Pulau_Pangkor,4.190014,100.572274,TRUE,FALSE,FALSE,Same habitat / different coast,"Same habitat
different coast"
S43,S102,0.5356330492604391,S102__S43,43,Coral,East,Cor_Pulau_Ular,4.057277,103.409519,102,Coral,West,Cor_Pulau_Pangkor,4.187189,100.543949,TRUE,FALSE,FALSE,Same habitat / different coast,"Same habitat
different coast"
S43,S103,0.681854437631761,S103__S43,43,Coral,East,Cor_Pulau_Ular,4.057277,103.409519,103,Coral,West,Cor_Pulau_Pangkor,4.192025,100.537855,TRUE,FALSE,FALSE,Same habitat / different coast,"Same habitat
different coast"
S43,S104,0.6394810053557756,S104__S43,43,Coral,East,Cor_Pulau_Ular,4.057277,103.409519,104,Coral,West,Cor_Pulau_Pangkor,4.203476,100.545476,TRUE,FALSE,FALSE,Same habitat / different coast,"Same habitat
different coast"
S43,S105,0.5919247894282308,S105__S43,43,Coral,East,Cor_Pulau_Ular,4.057277,103.409519,105,Coral,West,Cor_Pulau_Pangkor,4.194839,100.559803,TRUE,FALSE,FALSE,Same habitat / different coast,"Same habitat
different coast"
S44,S46,0.7160969866112159,S44__S46,44,Coral,East,Cor_Pulau_Ular,4.058469,103.407966,46,Mangrove,East,Man_Sungai_Ular,4.04739,103.39389,FALSE,TRUE,FALSE,Different habitat / same coast,"Different habitat
same coast"
S44,S47,0.7777161769891728,S44__S47,44,Coral,East,Cor_Pulau_Ular,4.058469,103.407966,47,Mangrove,East,Man_Sungai_Ular,4.047681,103.395217,FALSE,TRUE,FALSE,Different habitat / same coast,"Different habitat
same coast"
S44,S48,0.6603203803967932,S44__S48,44,Coral,East,Cor_Pulau_Ular,4.058469,103.407966,48,Mangrove,East,Man_Sungai_Ular,4.048489,103.395758,FALSE,TRUE,FALSE,Different habitat / same coast,"Different habitat
same coast"
S44,S49,0.6824777822466928,S44__S49,44,Coral,East,Cor_Pulau_Ular,4.058469,103.407966,49,Mangrove,East,Man_Sungai_Ular,4.04984,103.395527,FALSE,TRUE,FALSE,Different habitat / same coast,"Different habitat
same coast"
S44,S50,0.6658053043820203,S44__S50,44,Coral,East,Cor_Pulau_Ular,4.058469,103.407966,50,Mangrove,East,Man_Sungai_Ular,4.050552,103.395166,FALSE,TRUE,FALSE,Different habitat / same coast,"Different habitat
same coast"
S44,S51,0.4693735329043205,S44__S51,44,Coral,East,Cor_Pulau_Ular,4.058469,103.407966,51,Seagrass,East,ManSeG_Paka,4.657741,103.438562,FALSE,TRUE,FALSE,Different habitat / same coast,"Different habitat
same coast"
S44,S52,0.46265570093604735,S44__S52,44,Coral,East,Cor_Pulau_Ular,4.058469,103.407966,52,Seagrass,East,ManSeG_Paka,4.656438,103.436615,FALSE,TRUE,FALSE,Different habitat / same coast,"Different habitat
same coast"
S44,S53,0.4970321195087679,S44__S53,44,Coral,East,Cor_Pulau_Ular,4.058469,103.407966,53,Seagrass,East,ManSeG_Paka,4.653916,103.433807,FALSE,TRUE,FALSE,Different habitat / same coast,"Different habitat
same coast"
S44,S54,0.5409961313068365,S44__S54,44,Coral,East,Cor_Pulau_Ular,4.058469,103.407966,54,Seagrass,East,ManSeG_Paka,4.648234,103.435003,FALSE,TRUE,FALSE,Different habitat / same coast,"Different habitat
same coast"
S44,S55,0.5555912018108049,S44__S55,44,Coral,East,Cor_Pulau_Ular,4.058469,103.407966,55,Seagrass,East,ManSeG_Paka,4.644799,103.436867,FALSE,TRUE,FALSE,Different habitat / same coast,"Different habitat
same coast"
S44,S56,0.5683313669685919,S44__S56,44,Coral,East,Cor_Pulau_Ular,4.058469,103.407966,56,Coral,West,Cor_Pulau_Intan,6.231933,99.71668,TRUE,FALSE,FALSE,Same habitat / different coast,"Same habitat
different coast"
S44,S57,0.5263078414310092,S44__S57,44,Coral,East,Cor_Pulau_Ular,4.058469,103.407966,57,Coral,West,Cor_Pulau_Intan,6.235042,99.713494,TRUE,FALSE,FALSE,Same habitat / different coast,"Same habitat
different coast"
S44,S58,0.540002189932577,S44__S58,44,Coral,East,Cor_Pulau_Ular,4.058469,103.407966,58,Coral,West,Cor_Pulau_Intan,6.241277,99.713092,TRUE,FALSE,FALSE,Same habitat / different coast,"Same habitat
different coast"
S44,S59,0.5535017005459052,S44__S59,44,Coral,East,Cor_Pulau_Ular,4.058469,103.407966,59,Coral,West,Cor_Pulau_Intan,6.242925,99.71689,TRUE,FALSE,FALSE,Same habitat / different coast,"Same habitat
different coast"
S44,S60,0.5844008697004064,S44__S60,44,Coral,East,Cor_Pulau_Ular,4.058469,103.407966,60,Coral,West,Cor_Pulau_Intan,6.239442,99.719555,TRUE,FALSE,FALSE,Same habitat / different coast,"Same habitat
different coast"
S44,S81,0.3980120340602892,S44__S81,44,Coral,East,Cor_Pulau_Ular,4.058469,103.407966,81,Mangrove,East,Man_Merang,5.527989,102.944516,FALSE,TRUE,FALSE,Different habitat / same coast,"Different habitat
same coast"
S44,S82,0.4480724420770934,S44__S82,44,Coral,East,Cor_Pulau_Ular,4.058469,103.407966,82,Mangrove,East,Man_Merang,5.526065,102.943286,FALSE,TRUE,FALSE,Different habitat / same coast,"Different habitat
same coast"
S44,S83,0.40670691799344316,S44__S83,44,Coral,East,Cor_Pulau_Ular,4.058469,103.407966,83,Mangrove,East,Man_Merang,5.526248,102.941049,FALSE,TRUE,FALSE,Different habitat / same coast,"Different habitat
same coast"
S44,S84,0.43137424927006734,S44__S84,44,Coral,East,Cor_Pulau_Ular,4.058469,103.407966,84,Mangrove,East,Man_Merang,5.528314,102.940522,FALSE,TRUE,FALSE,Different habitat / same coast,"Different habitat
same coast"
S44,S85,0.5435626768506652,S44__S85,44,Coral,East,Cor_Pulau_Ular,4.058469,103.407966,85,Mangrove,East,Man_Merang,5.528731,102.938759,FALSE,TRUE,FALSE,Different habitat / same coast,"Different habitat
same coast"
S44,S101,0.5260765066226215,S101__S44,44,Coral,East,Cor_Pulau_Ular,4.058469,103.407966,101,Coral,West,Cor_Pulau_Pangkor,4.190014,100.572274,TRUE,FALSE,FALSE,Same habitat / different coast,"Same habitat
different coast"
S44,S102,0.5551760278956356,S102__S44,44,Coral,East,Cor_Pulau_Ular,4.058469,103.407966,102,Coral,West,Cor_Pulau_Pangkor,4.187189,100.543949,TRUE,FALSE,FALSE,Same habitat / different coast,"Same habitat
different coast"
S44,S103,0.6759682919948883,S103__S44,44,Coral,East,Cor_Pulau_Ular,4.058469,103.407966,103,Coral,West,Cor_Pulau_Pangkor,4.192025,100.537855,TRUE,FALSE,FALSE,Same habitat / different coast,"Same habitat
different coast"
S44,S104,0.6523043409541933,S104__S44,44,Coral,East,Cor_Pulau_Ular,4.058469,103.407966,104,Coral,West,Cor_Pulau_Pangkor,4.203476,100.545476,TRUE,FALSE,FALSE,Same habitat / different coast,"Same habitat
different coast"
S44,S105,0.5549470363406608,S105__S44,44,Coral,East,Cor_Pulau_Ular,4.058469,103.407966,105,Coral,West,Cor_Pulau_Pangkor,4.194839,100.559803,TRUE,FALSE,FALSE,Same habitat / different coast,"Same habitat
different coast"
S45,S46,0.7642778608255887,S45__S46,45,Coral,East,Cor_Pulau_Ular,4.05599,103.405705,46,Mangrove,East,Man_Sungai_Ular,4.04739,103.39389,FALSE,TRUE,FALSE,Different habitat / same coast,"Different habitat
same coast"
S45,S47,0.8132537280872267,S45__S47,45,Coral,East,Cor_Pulau_Ular,4.05599,103.405705,47,Mangrove,East,Man_Sungai_Ular,4.047681,103.395217,FALSE,TRUE,FALSE,Different habitat / same coast,"Different habitat
same coast"
S45,S48,0.7065633679972413,S45__S48,45,Coral,East,Cor_Pulau_Ular,4.05599,103.405705,48,Mangrove,East,Man_Sungai_Ular,4.048489,103.395758,FALSE,TRUE,FALSE,Different habitat / same coast,"Different habitat
same coast"
S45,S49,0.7067200218282902,S45__S49,45,Coral,East,Cor_Pulau_Ular,4.05599,103.405705,49,Mangrove,East,Man_Sungai_Ular,4.04984,103.395527,FALSE,TRUE,FALSE,Different habitat / same coast,"Different habitat
same coast"
S45,S50,0.7006994087723023,S45__S50,45,Coral,East,Cor_Pulau_Ular,4.05599,103.405705,50,Mangrove,East,Man_Sungai_Ular,4.050552,103.395166,FALSE,TRUE,FALSE,Different habitat / same coast,"Different habitat
same coast"
S45,S51,0.49696964167033464,S45__S51,45,Coral,East,Cor_Pulau_Ular,4.05599,103.405705,51,Seagrass,East,ManSeG_Paka,4.657741,103.438562,FALSE,TRUE,FALSE,Different habitat / same coast,"Different habitat
same coast"
S45,S52,0.46467308194348034,S45__S52,45,Coral,East,Cor_Pulau_Ular,4.05599,103.405705,52,Seagrass,East,ManSeG_Paka,4.656438,103.436615,FALSE,TRUE,FALSE,Different habitat / same coast,"Different habitat
same coast"
S45,S53,0.5364007511702005,S45__S53,45,Coral,East,Cor_Pulau_Ular,4.05599,103.405705,53,Seagrass,East,ManSeG_Paka,4.653916,103.433807,FALSE,TRUE,FALSE,Different habitat / same coast,"Different habitat
same coast"
S45,S54,0.5745354419666536,S45__S54,45,Coral,East,Cor_Pulau_Ular,4.05599,103.405705,54,Seagrass,East,ManSeG_Paka,4.648234,103.435003,FALSE,TRUE,FALSE,Different habitat / same coast,"Different habitat
same coast"
S45,S55,0.5888952744603769,S45__S55,45,Coral,East,Cor_Pulau_Ular,4.05599,103.405705,55,Seagrass,East,ManSeG_Paka,4.644799,103.436867,FALSE,TRUE,FALSE,Different habitat / same coast,"Different habitat
same coast"
S45,S56,0.6059487516938945,S45__S56,45,Coral,East,Cor_Pulau_Ular,4.05599,103.405705,56,Coral,West,Cor_Pulau_Intan,6.231933,99.71668,TRUE,FALSE,FALSE,Same habitat / different coast,"Same habitat
different coast"
S45,S57,0.5586422075148193,S45__S57,45,Coral,East,Cor_Pulau_Ular,4.05599,103.405705,57,Coral,West,Cor_Pulau_Intan,6.235042,99.713494,TRUE,FALSE,FALSE,Same habitat / different coast,"Same habitat
different coast"
S45,S58,0.584451602384516,S45__S58,45,Coral,East,Cor_Pulau_Ular,4.05599,103.405705,58,Coral,West,Cor_Pulau_Intan,6.241277,99.713092,TRUE,FALSE,FALSE,Same habitat / different coast,"Same habitat
different coast"
S45,S59,0.5933843244011155,S45__S59,45,Coral,East,Cor_Pulau_Ular,4.05599,103.405705,59,Coral,West,Cor_Pulau_Intan,6.242925,99.71689,TRUE,FALSE,FALSE,Same habitat / different coast,"Same habitat
different coast"
S45,S60,0.6154926480694222,S45__S60,45,Coral,East,Cor_Pulau_Ular,4.05599,103.405705,60,Coral,West,Cor_Pulau_Intan,6.239442,99.719555,TRUE,FALSE,FALSE,Same habitat / different coast,"Same habitat
different coast"
S45,S81,0.4617748657152035,S45__S81,45,Coral,East,Cor_Pulau_Ular,4.05599,103.405705,81,Mangrove,East,Man_Merang,5.527989,102.944516,FALSE,TRUE,FALSE,Different habitat / same coast,"Different habitat
same coast"
S45,S82,0.508181366809653,S45__S82,45,Coral,East,Cor_Pulau_Ular,4.05599,103.405705,82,Mangrove,East,Man_Merang,5.526065,102.943286,FALSE,TRUE,FALSE,Different habitat / same coast,"Different habitat
same coast"
S45,S83,0.47537935026035216,S45__S83,45,Coral,East,Cor_Pulau_Ular,4.05599,103.405705,83,Mangrove,East,Man_Merang,5.526248,102.941049,FALSE,TRUE,FALSE,Different habitat / same coast,"Different habitat
same coast"
S45,S84,0.4891913579094056,S45__S84,45,Coral,East,Cor_Pulau_Ular,4.05599,103.405705,84,Mangrove,East,Man_Merang,5.528314,102.940522,FALSE,TRUE,FALSE,Different habitat / same coast,"Different habitat
same coast"
S45,S85,0.5968422247945793,S45__S85,45,Coral,East,Cor_Pulau_Ular,4.05599,103.405705,85,Mangrove,East,Man_Merang,5.528731,102.938759,FALSE,TRUE,FALSE,Different habitat / same coast,"Different habitat
same coast"
S45,S101,0.5348805934440458,S101__S45,45,Coral,East,Cor_Pulau_Ular,4.05599,103.405705,101,Coral,West,Cor_Pulau_Pangkor,4.190014,100.572274,TRUE,FALSE,FALSE,Same habitat / different coast,"Same habitat
different coast"
S45,S102,0.5457904531290466,S102__S45,45,Coral,East,Cor_Pulau_Ular,4.05599,103.405705,102,Coral,West,Cor_Pulau_Pangkor,4.187189,100.543949,TRUE,FALSE,FALSE,Same habitat / different coast,"Same habitat
different coast"
S45,S103,0.6832416601147367,S103__S45,45,Coral,East,Cor_Pulau_Ular,4.05599,103.405705,103,Coral,West,Cor_Pulau_Pangkor,4.192025,100.537855,TRUE,FALSE,FALSE,Same habitat / different coast,"Same habitat
different coast"
S45,S104,0.6469279187388343,S104__S45,45,Coral,East,Cor_Pulau_Ular,4.05599,103.405705,104,Coral,West,Cor_Pulau_Pangkor,4.203476,100.545476,TRUE,FALSE,FALSE,Same habitat / different coast,"Same habitat
different coast"
S45,S105,0.5481239552372144,S105__S45,45,Coral,East,Cor_Pulau_Ular,4.05599,103.405705,105,Coral,West,Cor_Pulau_Pangkor,4.194839,100.559803,TRUE,FALSE,FALSE,Same habitat / different coast,"Same habitat
different coast"
S46,S51,0.5022120012599192,S46__S51,46,Mangrove,East,Man_Sungai_Ular,4.04739,103.39389,51,Seagrass,East,ManSeG_Paka,4.657741,103.438562,FALSE,TRUE,FALSE,Different habitat / same coast,"Different habitat
same coast"
S46,S52,0.5247672375481671,S46__S52,46,Mangrove,East,Man_Sungai_Ular,4.04739,103.39389,52,Seagrass,East,ManSeG_Paka,4.656438,103.436615,FALSE,TRUE,FALSE,Different habitat / same coast,"Different habitat
same coast"
S46,S53,0.44282175757783204,S46__S53,46,Mangrove,East,Man_Sungai_Ular,4.04739,103.39389,53,Seagrass,East,ManSeG_Paka,4.653916,103.433807,FALSE,TRUE,FALSE,Different habitat / same coast,"Different habitat
same coast"
S46,S54,0.457604329006721,S46__S54,46,Mangrove,East,Man_Sungai_Ular,4.04739,103.39389,54,Seagrass,East,ManSeG_Paka,4.648234,103.435003,FALSE,TRUE,FALSE,Different habitat / same coast,"Different habitat
same coast"
S46,S55,0.41576695679340997,S46__S55,46,Mangrove,East,Man_Sungai_Ular,4.04739,103.39389,55,Seagrass,East,ManSeG_Paka,4.644799,103.436867,FALSE,TRUE,FALSE,Different habitat / same coast,"Different habitat
same coast"
S46,S61,0.5295471783457687,S46__S61,46,Mangrove,East,Man_Sungai_Ular,4.04739,103.39389,61,Mangrove,West,Man_Selat_Nyior,6.217682,99.829402,TRUE,FALSE,FALSE,Same habitat / different coast,"Same habitat
different coast"
S46,S62,0.510750839491878,S46__S62,46,Mangrove,East,Man_Sungai_Ular,4.04739,103.39389,62,Mangrove,West,Man_Selat_Nyior,6.220929,99.825029,TRUE,FALSE,FALSE,Same habitat / different coast,"Same habitat
different coast"
S46,S63,0.5045500742310551,S46__S63,46,Mangrove,East,Man_Sungai_Ular,4.04739,103.39389,63,Mangrove,West,Man_Selat_Nyior,6.224728,99.821968,TRUE,FALSE,FALSE,Same habitat / different coast,"Same habitat
different coast"
S46,S64,0.5016408477504032,S46__S64,46,Mangrove,East,Man_Sungai_Ular,4.04739,103.39389,64,Mangrove,West,Man_Selat_Nyior,6.228636,99.820188,TRUE,FALSE,FALSE,Same habitat / different coast,"Same habitat
different coast"
S46,S65,0.4837048871771042,S46__S65,46,Mangrove,East,Man_Sungai_Ular,4.04739,103.39389,65,Mangrove,West,Man_Selat_Nyior,6.235251,99.818035,TRUE,FALSE,FALSE,Same habitat / different coast,"Same habitat
different coast"
S46,S71,0.999432971904911,S46__S71,46,Mangrove,East,Man_Sungai_Ular,4.04739,103.39389,71,Coral,East,Cor_Pulau_Redang,5.814393,103.009382,FALSE,TRUE,FALSE,Different habitat / same coast,"Different habitat
same coast"
S46,S73,0.8849389149907576,S46__S73,46,Mangrove,East,Man_Sungai_Ular,4.04739,103.39389,73,Coral,East,Cor_Pulau_Redang,5.816677,103.007751,FALSE,TRUE,FALSE,Different habitat / same coast,"Different habitat
same coast"
S46,S74,0.8420064143871323,S46__S74,46,Mangrove,East,Man_Sungai_Ular,4.04739,103.39389,74,Coral,East,Cor_Pulau_Redang,5.816281,103.005989,FALSE,TRUE,FALSE,Different habitat / same coast,"Different habitat
same coast"
S46,S75,0.847702732231591,S46__S75,46,Mangrove,East,Man_Sungai_Ular,4.04739,103.39389,75,Coral,East,Cor_Pulau_Redang,5.814536,103.006378,FALSE,TRUE,FALSE,Different habitat / same coast,"Different habitat
same coast"
S46,S77,0.8303601955044189,S46__S77,46,Mangrove,East,Man_Sungai_Ular,4.04739,103.39389,77,Coral,East,Cor_Pulau_Bidong,5.624215,103.056647,FALSE,TRUE,FALSE,Different habitat / same coast,"Different habitat
same coast"
S46,S78,0.7704382046536975,S46__S78,46,Mangrove,East,Man_Sungai_Ular,4.04739,103.39389,78,Coral,East,Cor_Pulau_Bidong,5.625977,103.057468,FALSE,TRUE,FALSE,Different habitat / same coast,"Different habitat
same coast"
S46,S80,0.854251205970264,S46__S80,46,Mangrove,East,Man_Sungai_Ular,4.04739,103.39389,80,Coral,East,Cor_Pulau_Bidong,5.627685,103.059864,FALSE,TRUE,FALSE,Different habitat / same coast,"Different habitat
same coast"
S46,S86,0.5837119190314078,S46__S86,46,Mangrove,East,Man_Sungai_Ular,4.04739,103.39389,86,Mangrove,West,Man_Penaga,5.517253,100.364968,TRUE,FALSE,FALSE,Same habitat / different coast,"Same habitat
different coast"
S46,S87,0.5351154419317752,S46__S87,46,Mangrove,East,Man_Sungai_Ular,4.04739,103.39389,87,Mangrove,West,Man_Penaga,5.51815,100.366985,TRUE,FALSE,FALSE,Same habitat / different coast,"Same habitat
different coast"
S46,S88,0.5043332380709882,S46__S88,46,Mangrove,East,Man_Sungai_Ular,4.04739,103.39389,88,Mangrove,West,Man_Penaga,5.519453,100.369366,TRUE,FALSE,FALSE,Same habitat / different coast,"Same habitat
different coast"
S46,S89,0.5396221738749325,S46__S89,46,Mangrove,East,Man_Sungai_Ular,4.04739,103.39389,89,Mangrove,West,Man_Penaga,5.520585,100.371383,TRUE,FALSE,FALSE,Same habitat / different coast,"Same habitat
different coast"
S46,S90,0.5396852091133902,S46__S90,46,Mangrove,East,Man_Sungai_Ular,4.04739,103.39389,90,Mangrove,West,Man_Penaga,5.522977,100.372478,TRUE,FALSE,FALSE,Same habitat / different coast,"Same habitat
different coast"
S46,S96,0.6275034224659083,S46__S96,46,Mangrove,East,Man_Sungai_Ular,4.04739,103.39389,96,Mangrove,West,Man_Kuala_Sepetang,4.78359,100.607457,TRUE,FALSE,FALSE,Same habitat / different coast,"Same habitat
different coast"
S46,S97,0.6114159874989089,S46__S97,46,Mangrove,East,Man_Sungai_Ular,4.04739,103.39389,97,Mangrove,West,Man_Kuala_Sepetang,4.787012,100.612692,TRUE,FALSE,FALSE,Same habitat / different coast,"Same habitat
different coast"
S46,S98,0.5229008718858884,S46__S98,46,Mangrove,East,Man_Sungai_Ular,4.04739,103.39389,98,Mangrove,West,Man_Kuala_Sepetang,4.788979,100.618615,TRUE,FALSE,FALSE,Same habitat / different coast,"Same habitat
different coast"
S46,S99,0.4759008342340482,S46__S99,46,Mangrove,East,Man_Sungai_Ular,4.04739,103.39389,99,Mangrove,West,Man_Kuala_Sepetang,4.791801,100.624022,TRUE,FALSE,FALSE,Same habitat / different coast,"Same habitat
different coast"
S46,S100,0.5006100126574683,S100__S46,46,Mangrove,East,Man_Sungai_Ular,4.04739,103.39389,100,Mangrove,West,Man_Kuala_Sepetang,4.797275,100.62634,TRUE,FALSE,FALSE,Same habitat / different coast,"Same habitat
different coast"
S46,S106,0.43987306245891883,S106__S46,46,Mangrove,East,Man_Sungai_Ular,4.04739,103.39389,106,Mangrove,West,Man_Pulau_Ketam,3.024487,101.320359,TRUE,FALSE,FALSE,Same habitat / different coast,"Same habitat
different coast"
S46,S107,0.48703716161449206,S107__S46,46,Mangrove,East,Man_Sungai_Ular,4.04739,103.39389,107,Mangrove,West,Man_Pulau_Ketam,3.021921,101.326184,TRUE,FALSE,FALSE,Same habitat / different coast,"Same habitat
different coast"
S46,S108,0.5471591104157248,S108__S46,46,Mangrove,East,Man_Sungai_Ular,4.04739,103.39389,108,Mangrove,West,Man_Pulau_Ketam,3.014735,101.325529,TRUE,FALSE,FALSE,Same habitat / different coast,"Same habitat
different coast"
S46,S109,0.5761190673588503,S109__S46,46,Mangrove,East,Man_Sungai_Ular,4.04739,103.39389,109,Mangrove,West,Man_Pulau_Ketam,3.016972,101.333548,TRUE,FALSE,FALSE,Same habitat / different coast,"Same habitat
different coast"
S46,S110,0.5580251064704073,S110__S46,46,Mangrove,East,Man_Sungai_Ular,4.04739,103.39389,110,Mangrove,West,Man_Pulau_Ketam,3.01341,101.336968,TRUE,FALSE,FALSE,Same habitat / different coast,"Same habitat
different coast"
S47,S51,0.535429503027433,S47__S51,47,Mangrove,East,Man_Sungai_Ular,4.047681,103.395217,51,Seagrass,East,ManSeG_Paka,4.657741,103.438562,FALSE,TRUE,FALSE,Different habitat / same coast,"Different habitat
same coast"
S47,S52,0.5652334258257512,S47__S52,47,Mangrove,East,Man_Sungai_Ular,4.047681,103.395217,52,Seagrass,East,ManSeG_Paka,4.656438,103.436615,FALSE,TRUE,FALSE,Different habitat / same coast,"Different habitat
same coast"
S47,S53,0.5108590142538396,S47__S53,47,Mangrove,East,Man_Sungai_Ular,4.047681,103.395217,53,Seagrass,East,ManSeG_Paka,4.653916,103.433807,FALSE,TRUE,FALSE,Different habitat / same coast,"Different habitat
same coast"
S47,S54,0.47911234519293133,S47__S54,47,Mangrove,East,Man_Sungai_Ular,4.047681,103.395217,54,Seagrass,East,ManSeG_Paka,4.648234,103.435003,FALSE,TRUE,FALSE,Different habitat / same coast,"Different habitat
same coast"
S47,S55,0.46598810584386663,S47__S55,47,Mangrove,East,Man_Sungai_Ular,4.047681,103.395217,55,Seagrass,East,ManSeG_Paka,4.644799,103.436867,FALSE,TRUE,FALSE,Different habitat / same coast,"Different habitat
same coast"
S47,S61,0.62662619178382994,S47__S61,47,Mangrove,East,Man_Sungai_Ular,4.047681,103.395217,61,Mangrove,West,Man_Selat_Nyior,6.217682,99.829402,TRUE,FALSE,FALSE,Same habitat / different coast,"Same habitat
different coast"
S47,S62,0.5983571606097274,S47__S62,47,Mangrove,East,Man_Sungai_Ular,4.047681,103.395217,62,Mangrove,West,Man_Selat_Nyior,6.220929,99.825029,TRUE,FALSE,FALSE,Same habitat / different coast,"Same habitat
different coast"
S47,S63,0.5958035615125145,S47__S63,47,Mangrove,East,Man_Sungai_Ular,4.047681,103.395217,63,Mangrove,West,Man_Selat_Nyior,6.224728,99.821968,TRUE,FALSE,FALSE,Same habitat / different coast,"Same habitat
different coast"
S47,S64,0.5963936002252652,S47__S64,47,Mangrove,East,Man_Sungai_Ular,4.047681,103.395217,64,Mangrove,West,Man_Selat_Nyior,6.228636,99.820188,TRUE,FALSE,FALSE,Same habitat / different coast,"Same habitat
different coast"
S47,S65,0.5806661578757808,S47__S65,47,Mangrove,East,Man_Sungai_Ular,4.047681,103.395217,65,Mangrove,West,Man_Selat_Nyior,6.235251,99.818035,TRUE,FALSE,FALSE,Same habitat / different coast,"Same habitat
different coast"
S47,S71,0.9999542227574534,S47__S71,47,Mangrove,East,Man_Sungai_Ular,4.047681,103.395217,71,Coral,East,Cor_Pulau_Redang,5.814393,103.009382,FALSE,TRUE,FALSE,Different habitat / same coast,"Different habitat
same coast"
S47,S73,0.8920498214253719,S47__S73,47,Mangrove,East,Man_Sungai_Ular,4.047681,103.395217,73,Coral,East,Cor_Pulau_Redang,5.816677,103.007751,FALSE,TRUE,FALSE,Different habitat / same coast,"Different habitat
same coast"
S47,S74,0.8524019138358374,S47__S74,47,Mangrove,East,Man_Sungai_Ular,4.047681,103.395217,74,Coral,East,Cor_Pulau_Redang,5.816281,103.005989,FALSE,TRUE,FALSE,Different habitat / same coast,"Different habitat
same coast"
S47,S75,0.8566293089387932,S47__S75,47,Mangrove,East,Man_Sungai_Ular,4.047681,103.395217,75,Coral,East,Cor_Pulau_Redang,5.814536,103.006378,FALSE,TRUE,FALSE,Different habitat / same coast,"Different habitat
same coast"
S47,S77,0.8663580974789772,S47__S77,47,Mangrove,East,Man_Sungai_Ular,4.047681,103.395217,77,Coral,East,Cor_Pulau_Bidong,5.624215,103.056647,FALSE,TRUE,FALSE,Different habitat / same coast,"Different habitat
same coast"
S47,S78,0.8453156851374192,S47__S78,47,Mangrove,East,Man_Sungai_Ular,4.047681,103.395217,78,Coral,East,Cor_Pulau_Bidong,5.625977,103.057468,FALSE,TRUE,FALSE,Different habitat / same coast,"Different habitat
same coast"
S47,S80,0.8764748917288956,S47__S80,47,Mangrove,East,Man_Sungai_Ular,4.047681,103.395217,80,Coral,East,Cor_Pulau_Bidong,5.627685,103.059864,FALSE,TRUE,FALSE,Different habitat / same coast,"Different habitat
same coast"
S47,S86,0.6814935286656728,S47__S86,47,Mangrove,East,Man_Sungai_Ular,4.047681,103.395217,86,Mangrove,West,Man_Penaga,5.517253,100.364968,TRUE,FALSE,FALSE,Same habitat / different coast,"Same habitat
different coast"
S47,S87,0.6255668103218408,S47__S87,47,Mangrove,East,Man_Sungai_Ular,4.047681,103.395217,87,Mangrove,West,Man_Penaga,5.51815,100.366985,TRUE,FALSE,FALSE,Same habitat / different coast,"Same habitat
different coast"
S47,S88,0.5502038317412401,S47__S88,47,Mangrove,East,Man_Sungai_Ular,4.047681,103.395217,88,Mangrove,West,Man_Penaga,5.519453,100.369366,TRUE,FALSE,FALSE,Same habitat / different coast,"Same habitat
different coast"
S47,S89,0.5614326933142467,S47__S89,47,Mangrove,East,Man_Sungai_Ular,4.047681,103.395217,89,Mangrove,West,Man_Penaga,5.520585,100.371383,TRUE,FALSE,FALSE,Same habitat / different coast,"Same habitat
different coast"
S47,S90,0.5729011969875611,S47__S90,47,Mangrove,East,Man_Sungai_Ular,4.047681,103.395217,90,Mangrove,West,Man_Penaga,5.522977,100.372478,TRUE,FALSE,FALSE,Same habitat / different coast,"Same habitat
different coast"
S47,S96,0.6971536628774256,S47__S96,47,Mangrove,East,Man_Sungai_Ular,4.047681,103.395217,96,Mangrove,West,Man_Kuala_Sepetang,4.78359,100.607457,TRUE,FALSE,FALSE,Same habitat / different coast,"Same habitat
different coast"
S47,S97,0.6887639255053709,S47__S97,47,Mangrove,East,Man_Sungai_Ular,4.047681,103.395217,97,Mangrove,West,Man_Kuala_Sepetang,4.787012,100.612692,TRUE,FALSE,FALSE,Same habitat / different coast,"Same habitat
different coast"
S47,S98,0.6126720282284401,S47__S98,47,Mangrove,East,Man_Sungai_Ular,4.047681,103.395217,98,Mangrove,West,Man_Kuala_Sepetang,4.788979,100.618615,TRUE,FALSE,FALSE,Same habitat / different coast,"Same habitat
different coast"
S47,S99,0.5745371184836425,S47__S99,47,Mangrove,East,Man_Sungai_Ular,4.047681,103.395217,99,Mangrove,West,Man_Kuala_Sepetang,4.791801,100.624022,TRUE,FALSE,FALSE,Same habitat / different coast,"Same habitat
different coast"
S47,S100,0.5531651489994227,S100__S47,47,Mangrove,East,Man_Sungai_Ular,4.047681,103.395217,100,Mangrove,West,Man_Kuala_Sepetang,4.797275,100.62634,TRUE,FALSE,FALSE,Same habitat / different coast,"Same habitat
different coast"
S47,S106,0.5289721649331189,S106__S47,47,Mangrove,East,Man_Sungai_Ular,4.047681,103.395217,106,Mangrove,West,Man_Pulau_Ketam,3.024487,101.320359,TRUE,FALSE,FALSE,Same habitat / different coast,"Same habitat
different coast"
S47,S107,0.5776002066698904,S107__S47,47,Mangrove,East,Man_Sungai_Ular,4.047681,103.395217,107,Mangrove,West,Man_Pulau_Ketam,3.021921,101.326184,TRUE,FALSE,FALSE,Same habitat / different coast,"Same habitat
different coast"
S47,S108,0.6153406246363274,S108__S47,47,Mangrove,East,Man_Sungai_Ular,4.047681,103.395217,108,Mangrove,West,Man_Pulau_Ketam,3.014735,101.325529,TRUE,FALSE,FALSE,Same habitat / different coast,"Same habitat
different coast"
S47,S109,0.660041287005763,S109__S47,47,Mangrove,East,Man_Sungai_Ular,4.047681,103.395217,109,Mangrove,West,Man_Pulau_Ketam,3.016972,101.333548,TRUE,FALSE,FALSE,Same habitat / different coast,"Same habitat
different coast"
S47,S110,0.6104501994507372,S110__S47,47,Mangrove,East,Man_Sungai_Ular,4.047681,103.395217,110,Mangrove,West,Man_Pulau_Ketam,3.01341,101.336968,TRUE,FALSE,FALSE,Same habitat / different coast,"Same habitat
different coast"
S48,S51,0.4397298434740425,S48__S51,48,Mangrove,East,Man_Sungai_Ular,4.048489,103.395758,51,Seagrass,East,ManSeG_Paka,4.657741,103.438562,FALSE,TRUE,FALSE,Different habitat / same coast,"Different habitat
same coast"
S48,S52,0.4619431943019607,S48__S52,48,Mangrove,East,Man_Sungai_Ular,4.048489,103.395758,52,Seagrass,East,ManSeG_Paka,4.656438,103.436615,FALSE,TRUE,FALSE,Different habitat / same coast,"Different habitat
same coast"
S48,S53,0.37066019214958545,S48__S53,48,Mangrove,East,Man_Sungai_Ular,4.048489,103.395758,53,Seagrass,East,ManSeG_Paka,4.653916,103.433807,FALSE,TRUE,FALSE,Different habitat / same coast,"Different habitat
same coast"
S48,S54,0.3926209964475124,S48__S54,48,Mangrove,East,Man_Sungai_Ular,4.048489,103.395758,54,Seagrass,East,ManSeG_Paka,4.648234,103.435003,FALSE,TRUE,FALSE,Different habitat / same coast,"Different habitat
same coast"
S48,S55,0.3337376031856207,S48__S55,48,Mangrove,East,Man_Sungai_Ular,4.048489,103.395758,55,Seagrass,East,ManSeG_Paka,4.644799,103.436867,FALSE,TRUE,FALSE,Different habitat / same coast,"Different habitat
same coast"
S48,S61,0.5094608164703459,S48__S61,48,Mangrove,East,Man_Sungai_Ular,4.048489,103.395758,61,Mangrove,West,Man_Selat_Nyior,6.217682,99.829402,TRUE,FALSE,FALSE,Same habitat / different coast,"Same habitat
different coast"
S48,S62,0.4940085127033028,S48__S62,48,Mangrove,East,Man_Sungai_Ular,4.048489,103.395758,62,Mangrove,West,Man_Selat_Nyior,6.220929,99.825029,TRUE,FALSE,FALSE,Same habitat / different coast,"Same habitat
different coast"
S48,S63,0.504377570859006,S48__S63,48,Mangrove,East,Man_Sungai_Ular,4.048489,103.395758,63,Mangrove,West,Man_Selat_Nyior,6.224728,99.821968,TRUE,FALSE,FALSE,Same habitat / different coast,"Same habitat
different coast"
S48,S64,0.48604929215655707,S48__S64,48,Mangrove,East,Man_Sungai_Ular,4.048489,103.395758,64,Mangrove,West,Man_Selat_Nyior,6.228636,99.820188,TRUE,FALSE,FALSE,Same habitat / different coast,"Same habitat
different coast"
S48,S65,0.46135851873898165,S48__S65,48,Mangrove,East,Man_Sungai_Ular,4.048489,103.395758,65,Mangrove,West,Man_Selat_Nyior,6.235251,99.818035,TRUE,FALSE,FALSE,Same habitat / different coast,"Same habitat
different coast"
S48,S71,0.9996426165535607,S48__S71,48,Mangrove,East,Man_Sungai_Ular,4.048489,103.395758,71,Coral,East,Cor_Pulau_Redang,5.814393,103.009382,FALSE,TRUE,FALSE,Different habitat / same coast,"Different habitat
same coast"
S48,S73,0.8584899217635815,S48__S73,48,Mangrove,East,Man_Sungai_Ular,4.048489,103.395758,73,Coral,East,Cor_Pulau_Redang,5.816677,103.007751,FALSE,TRUE,FALSE,Different habitat / same coast,"Different habitat
same coast"
S48,S74,0.7874251965227128,S48__S74,48,Mangrove,East,Man_Sungai_Ular,4.048489,103.395758,74,Coral,East,Cor_Pulau_Redang,5.816281,103.005989,FALSE,TRUE,FALSE,Different habitat / same coast,"Different habitat
same coast"
S48,S75,0.8063088650601424,S48__S75,48,Mangrove,East,Man_Sungai_Ular,4.048489,103.395758,75,Coral,East,Cor_Pulau_Redang,5.814536,103.006378,FALSE,TRUE,FALSE,Different habitat / same coast,"Different habitat
same coast"
S48,S77,0.7882600990966384,S48__S77,48,Mangrove,East,Man_Sungai_Ular,4.048489,103.395758,77,Coral,East,Cor_Pulau_Bidong,5.624215,103.056647,FALSE,TRUE,FALSE,Different habitat / same coast,"Different habitat
same coast"
S48,S78,0.7481100816904275,S48__S78,48,Mangrove,East,Man_Sungai_Ular,4.048489,103.395758,78,Coral,East,Cor_Pulau_Bidong,5.625977,103.057468,FALSE,TRUE,FALSE,Different habitat / same coast,"Different habitat
same coast"
S48,S80,0.8282356272725647,S48__S80,48,Mangrove,East,Man_Sungai_Ular,4.048489,103.395758,80,Coral,East,Cor_Pulau_Bidong,5.627685,103.059864,FALSE,TRUE,FALSE,Different habitat / same coast,"Different habitat
same coast"
S48,S86,0.5722118446272058,S48__S86,48,Mangrove,East,Man_Sungai_Ular,4.048489,103.395758,86,Mangrove,West,Man_Penaga,5.517253,100.364968,TRUE,FALSE,FALSE,Same habitat / different coast,"Same habitat
different coast"
S48,S87,0.5273998121172357,S48__S87,48,Mangrove,East,Man_Sungai_Ular,4.048489,103.395758,87,Mangrove,West,Man_Penaga,5.51815,100.366985,TRUE,FALSE,FALSE,Same habitat / different coast,"Same habitat
different coast"
S48,S88,0.5245714486893399,S48__S88,48,Mangrove,East,Man_Sungai_Ular,4.048489,103.395758,88,Mangrove,West,Man_Penaga,5.519453,100.369366,TRUE,FALSE,FALSE,Same habitat / different coast,"Same habitat
different coast"
S48,S89,0.5636083667007029,S48__S89,48,Mangrove,East,Man_Sungai_Ular,4.048489,103.395758,89,Mangrove,West,Man_Penaga,5.520585,100.371383,TRUE,FALSE,FALSE,Same habitat / different coast,"Same habitat
different coast"
S48,S90,0.5856066396116643,S48__S90,48,Mangrove,East,Man_Sungai_Ular,4.048489,103.395758,90,Mangrove,West,Man_Penaga,5.522977,100.372478,TRUE,FALSE,FALSE,Same habitat / different coast,"Same habitat
different coast"
S48,S96,0.6323521181614861,S48__S96,48,Mangrove,East,Man_Sungai_Ular,4.048489,103.395758,96,Mangrove,West,Man_Kuala_Sepetang,4.78359,100.607457,TRUE,FALSE,FALSE,Same habitat / different coast,"Same habitat
different coast"
S48,S97,0.6168778094136604,S48__S97,48,Mangrove,East,Man_Sungai_Ular,4.048489,103.395758,97,Mangrove,West,Man_Kuala_Sepetang,4.787012,100.612692,TRUE,FALSE,FALSE,Same habitat / different coast,"Same habitat
different coast"
S48,S98,0.5234165653744932,S48__S98,48,Mangrove,East,Man_Sungai_Ular,4.048489,103.395758,98,Mangrove,West,Man_Kuala_Sepetang,4.788979,100.618615,TRUE,FALSE,FALSE,Same habitat / different coast,"Same habitat
different coast"
S48,S99,0.4673948001374308,S48__S99,48,Mangrove,East,Man_Sungai_Ular,4.048489,103.395758,99,Mangrove,West,Man_Kuala_Sepetang,4.791801,100.624022,TRUE,FALSE,FALSE,Same habitat / different coast,"Same habitat
different coast"
S48,S100,0.5050675494169559,S100__S48,48,Mangrove,East,Man_Sungai_Ular,4.048489,103.395758,100,Mangrove,West,Man_Kuala_Sepetang,4.797275,100.62634,TRUE,FALSE,FALSE,Same habitat / different coast,"Same habitat
different coast"
S48,S106,0.4454856396871367,S106__S48,48,Mangrove,East,Man_Sungai_Ular,4.048489,103.395758,106,Mangrove,West,Man_Pulau_Ketam,3.024487,101.320359,TRUE,FALSE,FALSE,Same habitat / different coast,"Same habitat
different coast"
S48,S107,0.4916761549149679,S107__S48,48,Mangrove,East,Man_Sungai_Ular,4.048489,103.395758,107,Mangrove,West,Man_Pulau_Ketam,3.021921,101.326184,TRUE,FALSE,FALSE,Same habitat / different coast,"Same habitat
different coast"
S48,S108,0.5478679157685518,S108__S48,48,Mangrove,East,Man_Sungai_Ular,4.048489,103.395758,108,Mangrove,West,Man_Pulau_Ketam,3.014735,101.325529,TRUE,FALSE,FALSE,Same habitat / different coast,"Same habitat
different coast"
S48,S109,0.5928254473902873,S109__S48,48,Mangrove,East,Man_Sungai_Ular,4.048489,103.395758,109,Mangrove,West,Man_Pulau_Ketam,3.016972,101.333548,TRUE,FALSE,FALSE,Same habitat / different coast,"Same habitat
different coast"
S48,S110,0.5410000883200718,S110__S48,48,Mangrove,East,Man_Sungai_Ular,4.048489,103.395758,110,Mangrove,West,Man_Pulau_Ketam,3.01341,101.336968,TRUE,FALSE,FALSE,Same habitat / different coast,"Same habitat
different coast"
S49,S51,0.46966214285032076,S49__S51,49,Mangrove,East,Man_Sungai_Ular,4.04984,103.395527,51,Seagrass,East,ManSeG_Paka,4.657741,103.438562,FALSE,TRUE,FALSE,Different habitat / same coast,"Different habitat
same coast"
S49,S52,0.5012835296937598,S49__S52,49,Mangrove,East,Man_Sungai_Ular,4.04984,103.395527,52,Seagrass,East,ManSeG_Paka,4.656438,103.436615,FALSE,TRUE,FALSE,Different habitat / same coast,"Different habitat
same coast"
S49,S53,0.4496019278161677,S49__S53,49,Mangrove,East,Man_Sungai_Ular,4.04984,103.395527,53,Seagrass,East,ManSeG_Paka,4.653916,103.433807,FALSE,TRUE,FALSE,Different habitat / same coast,"Different habitat
same coast"
S49,S54,0.42714706085238724,S49__S54,49,Mangrove,East,Man_Sungai_Ular,4.04984,103.395527,54,Seagrass,East,ManSeG_Paka,4.648234,103.435003,FALSE,TRUE,FALSE,Different habitat / same coast,"Different habitat
same coast"
S49,S55,0.40868882395219364,S49__S55,49,Mangrove,East,Man_Sungai_Ular,4.04984,103.395527,55,Seagrass,East,ManSeG_Paka,4.644799,103.436867,FALSE,TRUE,FALSE,Different habitat / same coast,"Different habitat
same coast"
S49,S61,0.6300126098498715,S49__S61,49,Mangrove,East,Man_Sungai_Ular,4.04984,103.395527,61,Mangrove,West,Man_Selat_Nyior,6.217682,99.829402,TRUE,FALSE,FALSE,Same habitat / different coast,"Same habitat
different coast"
S49,S62,0.6107272107381334,S49__S62,49,Mangrove,East,Man_Sungai_Ular,4.04984,103.395527,62,Mangrove,West,Man_Selat_Nyior,6.220929,99.825029,TRUE,FALSE,FALSE,Same habitat / different coast,"Same habitat
different coast"
S49,S63,0.6076474844955887,S49__S63,49,Mangrove,East,Man_Sungai_Ular,4.04984,103.395527,63,Mangrove,West,Man_Selat_Nyior,6.224728,99.821968,TRUE,FALSE,FALSE,Same habitat / different coast,"Same habitat
different coast"
S49,S64,0.6185992418966042,S49__S64,49,Mangrove,East,Man_Sungai_Ular,4.04984,103.395527,64,Mangrove,West,Man_Selat_Nyior,6.228636,99.820188,TRUE,FALSE,FALSE,Same habitat / different coast,"Same habitat
different coast"
S49,S65,0.5971370102983283,S49__S65,49,Mangrove,East,Man_Sungai_Ular,4.04984,103.395527,65,Mangrove,West,Man_Selat_Nyior,6.235251,99.818035,TRUE,FALSE,FALSE,Same habitat / different coast,"Same habitat
different coast"
S49,S71,0.9999999999999999,S49__S71,49,Mangrove,East,Man_Sungai_Ular,4.04984,103.395527,71,Coral,East,Cor_Pulau_Redang,5.814393,103.009382,FALSE,TRUE,FALSE,Different habitat / same coast,"Different habitat
same coast"
S49,S73,0.8266950659085112,S49__S73,49,Mangrove,East,Man_Sungai_Ular,4.04984,103.395527,73,Coral,East,Cor_Pulau_Redang,5.816677,103.007751,FALSE,TRUE,FALSE,Different habitat / same coast,"Different habitat
same coast"
S49,S74,0.7330318955605626,S49__S74,49,Mangrove,East,Man_Sungai_Ular,4.04984,103.395527,74,Coral,East,Cor_Pulau_Redang,5.816281,103.005989,FALSE,TRUE,FALSE,Different habitat / same coast,"Different habitat
same coast"
S49,S75,0.7326069383239153,S49__S75,49,Mangrove,East,Man_Sungai_Ular,4.04984,103.395527,75,Coral,East,Cor_Pulau_Redang,5.814536,103.006378,FALSE,TRUE,FALSE,Different habitat / same coast,"Different habitat
same coast"
S49,S77,0.8017344825671334,S49__S77,49,Mangrove,East,Man_Sungai_Ular,4.04984,103.395527,77,Coral,East,Cor_Pulau_Bidong,5.624215,103.056647,FALSE,TRUE,FALSE,Different habitat / same coast,"Different habitat
same coast"
S49,S78,0.7762251673027338,S49__S78,49,Mangrove,East,Man_Sungai_Ular,4.04984,103.395527,78,Coral,East,Cor_Pulau_Bidong,5.625977,103.057468,FALSE,TRUE,FALSE,Different habitat / same coast,"Different habitat
same coast"
S49,S80,0.8101154029425527,S49__S80,49,Mangrove,East,Man_Sungai_Ular,4.04984,103.395527,80,Coral,East,Cor_Pulau_Bidong,5.627685,103.059864,FALSE,TRUE,FALSE,Different habitat / same coast,"Different habitat
same coast"
S49,S86,0.6914655980618205,S49__S86,49,Mangrove,East,Man_Sungai_Ular,4.04984,103.395527,86,Mangrove,West,Man_Penaga,5.517253,100.364968,TRUE,FALSE,FALSE,Same habitat / different coast,"Same habitat
different coast"
S49,S87,0.6357226211454456,S49__S87,49,Mangrove,East,Man_Sungai_Ular,4.04984,103.395527,87,Mangrove,West,Man_Penaga,5.51815,100.366985,TRUE,FALSE,FALSE,Same habitat / different coast,"Same habitat
different coast"
S49,S88,0.6291657185412673,S49__S88,49,Mangrove,East,Man_Sungai_Ular,4.04984,103.395527,88,Mangrove,West,Man_Penaga,5.519453,100.369366,TRUE,FALSE,FALSE,Same habitat / different coast,"Same habitat
different coast"
S49,S89,0.6363840574047142,S49__S89,49,Mangrove,East,Man_Sungai_Ular,4.04984,103.395527,89,Mangrove,West,Man_Penaga,5.520585,100.371383,TRUE,FALSE,FALSE,Same habitat / different coast,"Same habitat
different coast"
S49,S90,0.6652797721435771,S49__S90,49,Mangrove,East,Man_Sungai_Ular,4.04984,103.395527,90,Mangrove,West,Man_Penaga,5.522977,100.372478,TRUE,FALSE,FALSE,Same habitat / different coast,"Same habitat
different coast"
S49,S96,0.7011262679482855,S49__S96,49,Mangrove,East,Man_Sungai_Ular,4.04984,103.395527,96,Mangrove,West,Man_Kuala_Sepetang,4.78359,100.607457,TRUE,FALSE,FALSE,Same habitat / different coast,"Same habitat
different coast"
S49,S97,0.7077984168718592,S49__S97,49,Mangrove,East,Man_Sungai_Ular,4.04984,103.395527,97,Mangrove,West,Man_Kuala_Sepetang,4.787012,100.612692,TRUE,FALSE,FALSE,Same habitat / different coast,"Same habitat
different coast"
S49,S98,0.6384553907840615,S49__S98,49,Mangrove,East,Man_Sungai_Ular,4.04984,103.395527,98,Mangrove,West,Man_Kuala_Sepetang,4.788979,100.618615,TRUE,FALSE,FALSE,Same habitat / different coast,"Same habitat
different coast"
S49,S99,0.5809526216710835,S49__S99,49,Mangrove,East,Man_Sungai_Ular,4.04984,103.395527,99,Mangrove,West,Man_Kuala_Sepetang,4.791801,100.624022,TRUE,FALSE,FALSE,Same habitat / different coast,"Same habitat
different coast"
S49,S100,0.6046136262191233,S100__S49,49,Mangrove,East,Man_Sungai_Ular,4.04984,103.395527,100,Mangrove,West,Man_Kuala_Sepetang,4.797275,100.62634,TRUE,FALSE,FALSE,Same habitat / different coast,"Same habitat
different coast"
S49,S106,0.5610135422632666,S106__S49,49,Mangrove,East,Man_Sungai_Ular,4.04984,103.395527,106,Mangrove,West,Man_Pulau_Ketam,3.024487,101.320359,TRUE,FALSE,FALSE,Same habitat / different coast,"Same habitat
different coast"
S49,S107,0.5865431221566633,S107__S49,49,Mangrove,East,Man_Sungai_Ular,4.04984,103.395527,107,Mangrove,West,Man_Pulau_Ketam,3.021921,101.326184,TRUE,FALSE,FALSE,Same habitat / different coast,"Same habitat
different coast"
S49,S108,0.628714611055976,S108__S49,49,Mangrove,East,Man_Sungai_Ular,4.04984,103.395527,108,Mangrove,West,Man_Pulau_Ketam,3.014735,101.325529,TRUE,FALSE,FALSE,Same habitat / different coast,"Same habitat
different coast"
S49,S109,0.6580884303796111,S109__S49,49,Mangrove,East,Man_Sungai_Ular,4.04984,103.395527,109,Mangrove,West,Man_Pulau_Ketam,3.016972,101.333548,TRUE,FALSE,FALSE,Same habitat / different coast,"Same habitat
different coast"
S49,S110,0.6269086714440935,S110__S49,49,Mangrove,East,Man_Sungai_Ular,4.04984,103.395527,110,Mangrove,West,Man_Pulau_Ketam,3.01341,101.336968,TRUE,FALSE,FALSE,Same habitat / different coast,"Same habitat
different coast"
S50,S51,0.43419812536637425,S50__S51,50,Mangrove,East,Man_Sungai_Ular,4.050552,103.395166,51,Seagrass,East,ManSeG_Paka,4.657741,103.438562,FALSE,TRUE,FALSE,Different habitat / same coast,"Different habitat
same coast"
S50,S52,0.460941074660618,S50__S52,50,Mangrove,East,Man_Sungai_Ular,4.050552,103.395166,52,Seagrass,East,ManSeG_Paka,4.656438,103.436615,FALSE,TRUE,FALSE,Different habitat / same coast,"Different habitat
same coast"
S50,S53,0.3990048425450678,S50__S53,50,Mangrove,East,Man_Sungai_Ular,4.050552,103.395166,53,Seagrass,East,ManSeG_Paka,4.653916,103.433807,FALSE,TRUE,FALSE,Different habitat / same coast,"Different habitat
same coast"
S50,S54,0.4053611537188108,S50__S54,50,Mangrove,East,Man_Sungai_Ular,4.050552,103.395166,54,Seagrass,East,ManSeG_Paka,4.648234,103.435003,FALSE,TRUE,FALSE,Different habitat / same coast,"Different habitat
same coast"
S50,S55,0.3733676614105926,S50__S55,50,Mangrove,East,Man_Sungai_Ular,4.050552,103.395166,55,Seagrass,East,ManSeG_Paka,4.644799,103.436867,FALSE,TRUE,FALSE,Different habitat / same coast,"Different habitat
same coast"
S50,S61,0.5436198044763235,S50__S61,50,Mangrove,East,Man_Sungai_Ular,4.050552,103.395166,61,Mangrove,West,Man_Selat_Nyior,6.217682,99.829402,TRUE,FALSE,FALSE,Same habitat / different coast,"Same habitat
different coast"
S50,S62,0.5175065281555942,S50__S62,50,Mangrove,East,Man_Sungai_Ular,4.050552,103.395166,62,Mangrove,West,Man_Selat_Nyior,6.220929,99.825029,TRUE,FALSE,FALSE,Same habitat / different coast,"Same habitat
different coast"
S50,S63,0.5212138755545114,S50__S63,50,Mangrove,East,Man_Sungai_Ular,4.050552,103.395166,63,Mangrove,West,Man_Selat_Nyior,6.224728,99.821968,TRUE,FALSE,FALSE,Same habitat / different coast,"Same habitat
different coast"
S50,S64,0.5249554044740636,S50__S64,50,Mangrove,East,Man_Sungai_Ular,4.050552,103.395166,64,Mangrove,West,Man_Selat_Nyior,6.228636,99.820188,TRUE,FALSE,FALSE,Same habitat / different coast,"Same habitat
different coast"
S50,S65,0.5038589701326671,S50__S65,50,Mangrove,East,Man_Sungai_Ular,4.050552,103.395166,65,Mangrove,West,Man_Selat_Nyior,6.235251,99.818035,TRUE,FALSE,FALSE,Same habitat / different coast,"Same habitat
different coast"
S50,S71,0.9998163311819357,S50__S71,50,Mangrove,East,Man_Sungai_Ular,4.050552,103.395166,71,Coral,East,Cor_Pulau_Redang,5.814393,103.009382,FALSE,TRUE,FALSE,Different habitat / same coast,"Different habitat
same coast"
S50,S73,0.8489370418773173,S50__S73,50,Mangrove,East,Man_Sungai_Ular,4.050552,103.395166,73,Coral,East,Cor_Pulau_Redang,5.816677,103.007751,FALSE,TRUE,FALSE,Different habitat / same coast,"Different habitat
same coast"
S50,S74,0.7652617845615638,S50__S74,50,Mangrove,East,Man_Sungai_Ular,4.050552,103.395166,74,Coral,East,Cor_Pulau_Redang,5.816281,103.005989,FALSE,TRUE,FALSE,Different habitat / same coast,"Different habitat
same coast"
S50,S75,0.7745231576679941,S50__S75,50,Mangrove,East,Man_Sungai_Ular,4.050552,103.395166,75,Coral,East,Cor_Pulau_Redang,5.814536,103.006378,FALSE,TRUE,FALSE,Different habitat / same coast,"Different habitat
same coast"
S50,S77,0.7885960995186229,S50__S77,50,Mangrove,East,Man_Sungai_Ular,4.050552,103.395166,77,Coral,East,Cor_Pulau_Bidong,5.624215,103.056647,FALSE,TRUE,FALSE,Different habitat / same coast,"Different habitat
same coast"
S50,S78,0.7607966428954581,S50__S78,50,Mangrove,East,Man_Sungai_Ular,4.050552,103.395166,78,Coral,East,Cor_Pulau_Bidong,5.625977,103.057468,FALSE,TRUE,FALSE,Different habitat / same coast,"Different habitat
same coast"
S50,S80,0.8150503755436688,S50__S80,50,Mangrove,East,Man_Sungai_Ular,4.050552,103.395166,80,Coral,East,Cor_Pulau_Bidong,5.627685,103.059864,FALSE,TRUE,FALSE,Different habitat / same coast,"Different habitat
same coast"
S50,S86,0.6230990217840507,S50__S86,50,Mangrove,East,Man_Sungai_Ular,4.050552,103.395166,86,Mangrove,West,Man_Penaga,5.517253,100.364968,TRUE,FALSE,FALSE,Same habitat / different coast,"Same habitat
different coast"
S50,S87,0.5683868359573576,S50__S87,50,Mangrove,East,Man_Sungai_Ular,4.050552,103.395166,87,Mangrove,West,Man_Penaga,5.51815,100.366985,TRUE,FALSE,FALSE,Same habitat / different coast,"Same habitat
different coast"
S50,S88,0.5585148303572698,S50__S88,50,Mangrove,East,Man_Sungai_Ular,4.050552,103.395166,88,Mangrove,West,Man_Penaga,5.519453,100.369366,TRUE,FALSE,FALSE,Same habitat / different coast,"Same habitat
different coast"
S50,S89,0.5945393733146681,S50__S89,50,Mangrove,East,Man_Sungai_Ular,4.050552,103.395166,89,Mangrove,West,Man_Penaga,5.520585,100.371383,TRUE,FALSE,FALSE,Same habitat / different coast,"Same habitat
different coast"
S50,S90,0.6281062926147587,S50__S90,50,Mangrove,East,Man_Sungai_Ular,4.050552,103.395166,90,Mangrove,West,Man_Penaga,5.522977,100.372478,TRUE,FALSE,FALSE,Same habitat / different coast,"Same habitat
different coast"
S50,S96,0.651172804570543,S50__S96,50,Mangrove,East,Man_Sungai_Ular,4.050552,103.395166,96,Mangrove,West,Man_Kuala_Sepetang,4.78359,100.607457,TRUE,FALSE,FALSE,Same habitat / different coast,"Same habitat
different coast"
S50,S97,0.6476936894706695,S50__S97,50,Mangrove,East,Man_Sungai_Ular,4.050552,103.395166,97,Mangrove,West,Man_Kuala_Sepetang,4.787012,100.612692,TRUE,FALSE,FALSE,Same habitat / different coast,"Same habitat
different coast"
S50,S98,0.5603548562324163,S50__S98,50,Mangrove,East,Man_Sungai_Ular,4.050552,103.395166,98,Mangrove,West,Man_Kuala_Sepetang,4.788979,100.618615,TRUE,FALSE,FALSE,Same habitat / different coast,"Same habitat
different coast"
S50,S99,0.5216754050227826,S50__S99,50,Mangrove,East,Man_Sungai_Ular,4.050552,103.395166,99,Mangrove,West,Man_Kuala_Sepetang,4.791801,100.624022,TRUE,FALSE,FALSE,Same habitat / different coast,"Same habitat
different coast"
S50,S100,0.5490775995530495,S100__S50,50,Mangrove,East,Man_Sungai_Ular,4.050552,103.395166,100,Mangrove,West,Man_Kuala_Sepetang,4.797275,100.62634,TRUE,FALSE,FALSE,Same habitat / different coast,"Same habitat
different coast"
S50,S106,0.45264167927494453,S106__S50,50,Mangrove,East,Man_Sungai_Ular,4.050552,103.395166,106,Mangrove,West,Man_Pulau_Ketam,3.024487,101.320359,TRUE,FALSE,FALSE,Same habitat / different coast,"Same habitat
different coast"
S50,S107,0.5052543326798895,S107__S50,50,Mangrove,East,Man_Sungai_Ular,4.050552,103.395166,107,Mangrove,West,Man_Pulau_Ketam,3.021921,101.326184,TRUE,FALSE,FALSE,Same habitat / different coast,"Same habitat
different coast"
S50,S108,0.5503912332620834,S108__S50,50,Mangrove,East,Man_Sungai_Ular,4.050552,103.395166,108,Mangrove,West,Man_Pulau_Ketam,3.014735,101.325529,TRUE,FALSE,FALSE,Same habitat / different coast,"Same habitat
different coast"
S50,S109,0.5983696490695805,S109__S50,50,Mangrove,East,Man_Sungai_Ular,4.050552,103.395166,109,Mangrove,West,Man_Pulau_Ketam,3.016972,101.333548,TRUE,FALSE,FALSE,Same habitat / different coast,"Same habitat
different coast"
S50,S110,0.5605255318747684,S110__S50,50,Mangrove,East,Man_Sungai_Ular,4.050552,103.395166,110,Mangrove,West,Man_Pulau_Ketam,3.01341,101.336968,TRUE,FALSE,FALSE,Same habitat / different coast,"Same habitat
different coast"
S51,S66,0.6184522789341419,S51__S66,51,Seagrass,East,ManSeG_Paka,4.657741,103.438562,66,Seagrass,West,SeG_Tanjung_Rhu,6.460722,99.827135,TRUE,FALSE,FALSE,Same habitat / different coast,"Same habitat
different coast"
S51,S67,0.5958624630654944,S51__S67,51,Seagrass,East,ManSeG_Paka,4.657741,103.438562,67,Seagrass,West,SeG_Tanjung_Rhu,6.460835,99.825327,TRUE,FALSE,FALSE,Same habitat / different coast,"Same habitat
different coast"
S51,S68,0.5866166623948884,S51__S68,51,Seagrass,East,ManSeG_Paka,4.657741,103.438562,68,Seagrass,West,SeG_Tanjung_Rhu,6.461043,99.823702,TRUE,FALSE,FALSE,Same habitat / different coast,"Same habitat
different coast"
S51,S69,0.5571935894150517,S51__S69,51,Seagrass,East,ManSeG_Paka,4.657741,103.438562,69,Seagrass,West,SeG_Tanjung_Rhu,6.461208,99.823448,TRUE,FALSE,FALSE,Same habitat / different coast,"Same habitat
different coast"
S51,S70,0.6113017635390989,S51__S70,51,Seagrass,East,ManSeG_Paka,4.657741,103.438562,70,Seagrass,West,SeG_Tanjung_Rhu,6.461547,99.819962,TRUE,FALSE,FALSE,Same habitat / different coast,"Same habitat
different coast"
S51,S71,0.9725975366033951,S51__S71,51,Seagrass,East,ManSeG_Paka,4.657741,103.438562,71,Coral,East,Cor_Pulau_Redang,5.814393,103.009382,FALSE,TRUE,FALSE,Different habitat / same coast,"Different habitat
same coast"
S51,S73,0.7643945552422345,S51__S73,51,Seagrass,East,ManSeG_Paka,4.657741,103.438562,73,Coral,East,Cor_Pulau_Redang,5.816677,103.007751,FALSE,TRUE,FALSE,Different habitat / same coast,"Different habitat
same coast"
S51,S74,0.6163722192068062,S51__S74,51,Seagrass,East,ManSeG_Paka,4.657741,103.438562,74,Coral,East,Cor_Pulau_Redang,5.816281,103.005989,FALSE,TRUE,FALSE,Different habitat / same coast,"Different habitat
same coast"
S51,S75,0.6486844918450998,S51__S75,51,Seagrass,East,ManSeG_Paka,4.657741,103.438562,75,Coral,East,Cor_Pulau_Redang,5.814536,103.006378,FALSE,TRUE,FALSE,Different habitat / same coast,"Different habitat
same coast"
S51,S77,0.6492400063617708,S51__S77,51,Seagrass,East,ManSeG_Paka,4.657741,103.438562,77,Coral,East,Cor_Pulau_Bidong,5.624215,103.056647,FALSE,TRUE,FALSE,Different habitat / same coast,"Different habitat
same coast"
S51,S78,0.6594834962467974,S51__S78,51,Seagrass,East,ManSeG_Paka,4.657741,103.438562,78,Coral,East,Cor_Pulau_Bidong,5.625977,103.057468,FALSE,TRUE,FALSE,Different habitat / same coast,"Different habitat
same coast"
S51,S80,0.6937298712312259,S51__S80,51,Seagrass,East,ManSeG_Paka,4.657741,103.438562,80,Coral,East,Cor_Pulau_Bidong,5.627685,103.059864,FALSE,TRUE,FALSE,Different habitat / same coast,"Different habitat
same coast"
S51,S81,0.30177553747258407,S51__S81,51,Seagrass,East,ManSeG_Paka,4.657741,103.438562,81,Mangrove,East,Man_Merang,5.527989,102.944516,FALSE,TRUE,FALSE,Different habitat / same coast,"Different habitat
same coast"
S51,S82,0.34111235777282545,S51__S82,51,Seagrass,East,ManSeG_Paka,4.657741,103.438562,82,Mangrove,East,Man_Merang,5.526065,102.943286,FALSE,TRUE,FALSE,Different habitat / same coast,"Different habitat
same coast"
S51,S83,0.33857379288968364,S51__S83,51,Seagrass,East,ManSeG_Paka,4.657741,103.438562,83,Mangrove,East,Man_Merang,5.526248,102.941049,FALSE,TRUE,FALSE,Different habitat / same coast,"Different habitat
same coast"
S51,S84,0.3181666818021272,S51__S84,51,Seagrass,East,ManSeG_Paka,4.657741,103.438562,84,Mangrove,East,Man_Merang,5.528314,102.940522,FALSE,TRUE,FALSE,Different habitat / same coast,"Different habitat
same coast"
S51,S85,0.36413166269479075,S51__S85,51,Seagrass,East,ManSeG_Paka,4.657741,103.438562,85,Mangrove,East,Man_Merang,5.528731,102.938759,FALSE,TRUE,FALSE,Different habitat / same coast,"Different habitat
same coast"
S51,S91,0.47275131463641434,S51__S91,51,Seagrass,East,ManSeG_Paka,4.657741,103.438562,91,Seagrass,West,SeG_Pulau_Kezambo,5.363009,100.324704,TRUE,FALSE,FALSE,Same habitat / different coast,"Same habitat
different coast"
S51,S92,0.5221330316267617,S51__S92,51,Seagrass,East,ManSeG_Paka,4.657741,103.438562,92,Seagrass,West,SeG_Pulau_Kezambo,5.364814,100.324618,TRUE,FALSE,FALSE,Same habitat / different coast,"Same habitat
different coast"
S51,S93,0.5559593655247548,S51__S93,51,Seagrass,East,ManSeG_Paka,4.657741,103.438562,93,Seagrass,West,SeG_Pulau_Kezambo,5.365017,100.326968,TRUE,FALSE,FALSE,Same habitat / different coast,"Same habitat
different coast"
S51,S94,0.5426262085355968,S51__S94,51,Seagrass,East,ManSeG_Paka,4.657741,103.438562,94,Seagrass,West,SeG_Pulau_Kezambo,5.36303,100.327461,TRUE,FALSE,FALSE,Same habitat / different coast,"Same habitat
different coast"
S51,S95,0.4771067488166687,S51__S95,51,Seagrass,East,ManSeG_Paka,4.657741,103.438562,95,Seagrass,West,SeG_Pulau_Kezambo,5.361535,100.325841,TRUE,FALSE,FALSE,Same habitat / different coast,"Same habitat
different coast"
S52,S66,0.6261223296974683,S52__S66,52,Seagrass,East,ManSeG_Paka,4.656438,103.436615,66,Seagrass,West,SeG_Tanjung_Rhu,6.460722,99.827135,TRUE,FALSE,FALSE,Same habitat / different coast,"Same habitat
different coast"
S52,S67,0.6016756672894222,S52__S67,52,Seagrass,East,ManSeG_Paka,4.656438,103.436615,67,Seagrass,West,SeG_Tanjung_Rhu,6.460835,99.825327,TRUE,FALSE,FALSE,Same habitat / different coast,"Same habitat
different coast"
S52,S68,0.6009683029201431,S52__S68,52,Seagrass,East,ManSeG_Paka,4.656438,103.436615,68,Seagrass,West,SeG_Tanjung_Rhu,6.461043,99.823702,TRUE,FALSE,FALSE,Same habitat / different coast,"Same habitat
different coast"
S52,S69,0.575934199385491,S52__S69,52,Seagrass,East,ManSeG_Paka,4.656438,103.436615,69,Seagrass,West,SeG_Tanjung_Rhu,6.461208,99.823448,TRUE,FALSE,FALSE,Same habitat / different coast,"Same habitat
different coast"
S52,S70,0.6262596000675978,S52__S70,52,Seagrass,East,ManSeG_Paka,4.656438,103.436615,70,Seagrass,West,SeG_Tanjung_Rhu,6.461547,99.819962,TRUE,FALSE,FALSE,Same habitat / different coast,"Same habitat
different coast"
S52,S71,0.9738680725860616,S52__S71,52,Seagrass,East,ManSeG_Paka,4.656438,103.436615,71,Coral,East,Cor_Pulau_Redang,5.814393,103.009382,FALSE,TRUE,FALSE,Different habitat / same coast,"Different habitat
same coast"
S52,S73,0.7489250464220045,S52__S73,52,Seagrass,East,ManSeG_Paka,4.656438,103.436615,73,Coral,East,Cor_Pulau_Redang,5.816677,103.007751,FALSE,TRUE,FALSE,Different habitat / same coast,"Different habitat
same coast"
S52,S74,0.5950804594584163,S52__S74,52,Seagrass,East,ManSeG_Paka,4.656438,103.436615,74,Coral,East,Cor_Pulau_Redang,5.816281,103.005989,FALSE,TRUE,FALSE,Different habitat / same coast,"Different habitat
same coast"
S52,S75,0.6214287426405086,S52__S75,52,Seagrass,East,ManSeG_Paka,4.656438,103.436615,75,Coral,East,Cor_Pulau_Redang,5.814536,103.006378,FALSE,TRUE,FALSE,Different habitat / same coast,"Different habitat
same coast"
S52,S77,0.6410940719815348,S52__S77,52,Seagrass,East,ManSeG_Paka,4.656438,103.436615,77,Coral,East,Cor_Pulau_Bidong,5.624215,103.056647,FALSE,TRUE,FALSE,Different habitat / same coast,"Different habitat
same coast"
S52,S78,0.6587041436733436,S52__S78,52,Seagrass,East,ManSeG_Paka,4.656438,103.436615,78,Coral,East,Cor_Pulau_Bidong,5.625977,103.057468,FALSE,TRUE,FALSE,Different habitat / same coast,"Different habitat
same coast"
S52,S80,0.6757492207991255,S52__S80,52,Seagrass,East,ManSeG_Paka,4.656438,103.436615,80,Coral,East,Cor_Pulau_Bidong,5.627685,103.059864,FALSE,TRUE,FALSE,Different habitat / same coast,"Different habitat
same coast"
S52,S81,0.3032425584763036,S52__S81,52,Seagrass,East,ManSeG_Paka,4.656438,103.436615,81,Mangrove,East,Man_Merang,5.527989,102.944516,FALSE,TRUE,FALSE,Different habitat / same coast,"Different habitat
same coast"
S52,S82,0.34115495674143387,S52__S82,52,Seagrass,East,ManSeG_Paka,4.656438,103.436615,82,Mangrove,East,Man_Merang,5.526065,102.943286,FALSE,TRUE,FALSE,Different habitat / same coast,"Different habitat
same coast"
S52,S83,0.33762410758024597,S52__S83,52,Seagrass,East,ManSeG_Paka,4.656438,103.436615,83,Mangrove,East,Man_Merang,5.526248,102.941049,FALSE,TRUE,FALSE,Different habitat / same coast,"Different habitat
same coast"
S52,S84,0.3203140833837112,S52__S84,52,Seagrass,East,ManSeG_Paka,4.656438,103.436615,84,Mangrove,East,Man_Merang,5.528314,102.940522,FALSE,TRUE,FALSE,Different habitat / same coast,"Different habitat
same coast"
S52,S85,0.3849948762499208,S52__S85,52,Seagrass,East,ManSeG_Paka,4.656438,103.436615,85,Mangrove,East,Man_Merang,5.528731,102.938759,FALSE,TRUE,FALSE,Different habitat / same coast,"Different habitat
same coast"
S52,S91,0.49818453240795507,S52__S91,52,Seagrass,East,ManSeG_Paka,4.656438,103.436615,91,Seagrass,West,SeG_Pulau_Kezambo,5.363009,100.324704,TRUE,FALSE,FALSE,Same habitat / different coast,"Same habitat
different coast"
S52,S92,0.5395566995781207,S52__S92,52,Seagrass,East,ManSeG_Paka,4.656438,103.436615,92,Seagrass,West,SeG_Pulau_Kezambo,5.364814,100.324618,TRUE,FALSE,FALSE,Same habitat / different coast,"Same habitat
different coast"
S52,S93,0.5763968320283949,S52__S93,52,Seagrass,East,ManSeG_Paka,4.656438,103.436615,93,Seagrass,West,SeG_Pulau_Kezambo,5.365017,100.326968,TRUE,FALSE,FALSE,Same habitat / different coast,"Same habitat
different coast"
S52,S94,0.5850619254683495,S52__S94,52,Seagrass,East,ManSeG_Paka,4.656438,103.436615,94,Seagrass,West,SeG_Pulau_Kezambo,5.36303,100.327461,TRUE,FALSE,FALSE,Same habitat / different coast,"Same habitat
different coast"
S52,S95,0.5105554930189756,S52__S95,52,Seagrass,East,ManSeG_Paka,4.656438,103.436615,95,Seagrass,West,SeG_Pulau_Kezambo,5.361535,100.325841,TRUE,FALSE,FALSE,Same habitat / different coast,"Same habitat
different coast"
S53,S66,0.601600105699913,S53__S66,53,Seagrass,East,ManSeG_Paka,4.653916,103.433807,66,Seagrass,West,SeG_Tanjung_Rhu,6.460722,99.827135,TRUE,FALSE,FALSE,Same habitat / different coast,"Same habitat
different coast"
S53,S67,0.5671231193016179,S53__S67,53,Seagrass,East,ManSeG_Paka,4.653916,103.433807,67,Seagrass,West,SeG_Tanjung_Rhu,6.460835,99.825327,TRUE,FALSE,FALSE,Same habitat / different coast,"Same habitat
different coast"
S53,S68,0.5569592998654433,S53__S68,53,Seagrass,East,ManSeG_Paka,4.653916,103.433807,68,Seagrass,West,SeG_Tanjung_Rhu,6.461043,99.823702,TRUE,FALSE,FALSE,Same habitat / different coast,"Same habitat
different coast"
S53,S69,0.5307984571725944,S53__S69,53,Seagrass,East,ManSeG_Paka,4.653916,103.433807,69,Seagrass,West,SeG_Tanjung_Rhu,6.461208,99.823448,TRUE,FALSE,FALSE,Same habitat / different coast,"Same habitat
different coast"
S53,S70,0.5956606709692295,S53__S70,53,Seagrass,East,ManSeG_Paka,4.653916,103.433807,70,Seagrass,West,SeG_Tanjung_Rhu,6.461547,99.819962,TRUE,FALSE,FALSE,Same habitat / different coast,"Same habitat
different coast"
S53,S71,0.9784266261865616,S53__S71,53,Seagrass,East,ManSeG_Paka,4.653916,103.433807,71,Coral,East,Cor_Pulau_Redang,5.814393,103.009382,FALSE,TRUE,FALSE,Different habitat / same coast,"Different habitat
same coast"
S53,S73,0.7869986121788793,S53__S73,53,Seagrass,East,ManSeG_Paka,4.653916,103.433807,73,Coral,East,Cor_Pulau_Redang,5.816677,103.007751,FALSE,TRUE,FALSE,Different habitat / same coast,"Different habitat
same coast"
S53,S74,0.6558560274530938,S53__S74,53,Seagrass,East,ManSeG_Paka,4.653916,103.433807,74,Coral,East,Cor_Pulau_Redang,5.816281,103.005989,FALSE,TRUE,FALSE,Different habitat / same coast,"Different habitat
same coast"
S53,S75,0.6707992939850433,S53__S75,53,Seagrass,East,ManSeG_Paka,4.653916,103.433807,75,Coral,East,Cor_Pulau_Redang,5.814536,103.006378,FALSE,TRUE,FALSE,Different habitat / same coast,"Different habitat
same coast"
S53,S77,0.6679201208193081,S53__S77,53,Seagrass,East,ManSeG_Paka,4.653916,103.433807,77,Coral,East,Cor_Pulau_Bidong,5.624215,103.056647,FALSE,TRUE,FALSE,Different habitat / same coast,"Different habitat
same coast"
S53,S78,0.660052365776618,S53__S78,53,Seagrass,East,ManSeG_Paka,4.653916,103.433807,78,Coral,East,Cor_Pulau_Bidong,5.625977,103.057468,FALSE,TRUE,FALSE,Different habitat / same coast,"Different habitat
same coast"
S53,S80,0.7200806409966002,S53__S80,53,Seagrass,East,ManSeG_Paka,4.653916,103.433807,80,Coral,East,Cor_Pulau_Bidong,5.627685,103.059864,FALSE,TRUE,FALSE,Different habitat / same coast,"Different habitat
same coast"
S53,S81,0.26482515429749837,S53__S81,53,Seagrass,East,ManSeG_Paka,4.653916,103.433807,81,Mangrove,East,Man_Merang,5.527989,102.944516,FALSE,TRUE,FALSE,Different habitat / same coast,"Different habitat
same coast"
S53,S82,0.2665412453021769,S53__S82,53,Seagrass,East,ManSeG_Paka,4.653916,103.433807,82,Mangrove,East,Man_Merang,5.526065,102.943286,FALSE,TRUE,FALSE,Different habitat / same coast,"Different habitat
same coast"
S53,S83,0.28390510204635966,S53__S83,53,Seagrass,East,ManSeG_Paka,4.653916,103.433807,83,Mangrove,East,Man_Merang,5.526248,102.941049,FALSE,TRUE,FALSE,Different habitat / same coast,"Different habitat
same coast"
S53,S84,0.2604956727063035,S53__S84,53,Seagrass,East,ManSeG_Paka,4.653916,103.433807,84,Mangrove,East,Man_Merang,5.528314,102.940522,FALSE,TRUE,FALSE,Different habitat / same coast,"Different habitat
same coast"
S53,S85,0.3250456492092997,S53__S85,53,Seagrass,East,ManSeG_Paka,4.653916,103.433807,85,Mangrove,East,Man_Merang,5.528731,102.938759,FALSE,TRUE,FALSE,Different habitat / same coast,"Different habitat
same coast"
S53,S91,0.442475939149365,S53__S91,53,Seagrass,East,ManSeG_Paka,4.653916,103.433807,91,Seagrass,West,SeG_Pulau_Kezambo,5.363009,100.324704,TRUE,FALSE,FALSE,Same habitat / different coast,"Same habitat
different coast"
S53,S92,0.4885942179030355,S53__S92,53,Seagrass,East,ManSeG_Paka,4.653916,103.433807,92,Seagrass,West,SeG_Pulau_Kezambo,5.364814,100.324618,TRUE,FALSE,FALSE,Same habitat / different coast,"Same habitat
different coast"
S53,S93,0.5350962211100834,S53__S93,53,Seagrass,East,ManSeG_Paka,4.653916,103.433807,93,Seagrass,West,SeG_Pulau_Kezambo,5.365017,100.326968,TRUE,FALSE,FALSE,Same habitat / different coast,"Same habitat
different coast"
S53,S94,0.5526614032662459,S53__S94,53,Seagrass,East,ManSeG_Paka,4.653916,103.433807,94,Seagrass,West,SeG_Pulau_Kezambo,5.36303,100.327461,TRUE,FALSE,FALSE,Same habitat / different coast,"Same habitat
different coast"
S53,S95,0.45919041453699977,S53__S95,53,Seagrass,East,ManSeG_Paka,4.653916,103.433807,95,Seagrass,West,SeG_Pulau_Kezambo,5.361535,100.325841,TRUE,FALSE,FALSE,Same habitat / different coast,"Same habitat
different coast"
S54,S66,0.6149601304972779,S54__S66,54,Seagrass,East,ManSeG_Paka,4.648234,103.435003,66,Seagrass,West,SeG_Tanjung_Rhu,6.460722,99.827135,TRUE,FALSE,FALSE,Same habitat / different coast,"Same habitat
different coast"
S54,S67,0.5847080824955463,S54__S67,54,Seagrass,East,ManSeG_Paka,4.648234,103.435003,67,Seagrass,West,SeG_Tanjung_Rhu,6.460835,99.825327,TRUE,FALSE,FALSE,Same habitat / different coast,"Same habitat
different coast"
S54,S68,0.5753106872338061,S54__S68,54,Seagrass,East,ManSeG_Paka,4.648234,103.435003,68,Seagrass,West,SeG_Tanjung_Rhu,6.461043,99.823702,TRUE,FALSE,FALSE,Same habitat / different coast,"Same habitat
different coast"
S54,S69,0.5558814007982349,S54__S69,54,Seagrass,East,ManSeG_Paka,4.648234,103.435003,69,Seagrass,West,SeG_Tanjung_Rhu,6.461208,99.823448,TRUE,FALSE,FALSE,Same habitat / different coast,"Same habitat
different coast"
S54,S70,0.6132785535558262,S54__S70,54,Seagrass,East,ManSeG_Paka,4.648234,103.435003,70,Seagrass,West,SeG_Tanjung_Rhu,6.461547,99.819962,TRUE,FALSE,FALSE,Same habitat / different coast,"Same habitat
different coast"
S54,S71,0.983546024865793,S54__S71,54,Seagrass,East,ManSeG_Paka,4.648234,103.435003,71,Coral,East,Cor_Pulau_Redang,5.814393,103.009382,FALSE,TRUE,FALSE,Different habitat / same coast,"Different habitat
same coast"
S54,S73,0.7929126470040123,S54__S73,54,Seagrass,East,ManSeG_Paka,4.648234,103.435003,73,Coral,East,Cor_Pulau_Redang,5.816677,103.007751,FALSE,TRUE,FALSE,Different habitat / same coast,"Different habitat
same coast"
S54,S74,0.6746528789224737,S54__S74,54,Seagrass,East,ManSeG_Paka,4.648234,103.435003,74,Coral,East,Cor_Pulau_Redang,5.816281,103.005989,FALSE,TRUE,FALSE,Different habitat / same coast,"Different habitat
same coast"
S54,S75,0.6853146045757893,S54__S75,54,Seagrass,East,ManSeG_Paka,4.648234,103.435003,75,Coral,East,Cor_Pulau_Redang,5.814536,103.006378,FALSE,TRUE,FALSE,Different habitat / same coast,"Different habitat
same coast"
S54,S77,0.6961283015727759,S54__S77,54,Seagrass,East,ManSeG_Paka,4.648234,103.435003,77,Coral,East,Cor_Pulau_Bidong,5.624215,103.056647,FALSE,TRUE,FALSE,Different habitat / same coast,"Different habitat
same coast"
S54,S78,0.6747757849220642,S54__S78,54,Seagrass,East,ManSeG_Paka,4.648234,103.435003,78,Coral,East,Cor_Pulau_Bidong,5.625977,103.057468,FALSE,TRUE,FALSE,Different habitat / same coast,"Different habitat
same coast"
S54,S80,0.7381225572958041,S54__S80,54,Seagrass,East,ManSeG_Paka,4.648234,103.435003,80,Coral,East,Cor_Pulau_Bidong,5.627685,103.059864,FALSE,TRUE,FALSE,Different habitat / same coast,"Different habitat
same coast"
S54,S81,0.3166178824115453,S54__S81,54,Seagrass,East,ManSeG_Paka,4.648234,103.435003,81,Mangrove,East,Man_Merang,5.527989,102.944516,FALSE,TRUE,FALSE,Different habitat / same coast,"Different habitat
same coast"
S54,S82,0.3162717824149075,S54__S82,54,Seagrass,East,ManSeG_Paka,4.648234,103.435003,82,Mangrove,East,Man_Merang,5.526065,102.943286,FALSE,TRUE,FALSE,Different habitat / same coast,"Different habitat
same coast"
S54,S83,0.33563137508810276,S54__S83,54,Seagrass,East,ManSeG_Paka,4.648234,103.435003,83,Mangrove,East,Man_Merang,5.526248,102.941049,FALSE,TRUE,FALSE,Different habitat / same coast,"Different habitat
same coast"
S54,S84,0.30762498014920736,S54__S84,54,Seagrass,East,ManSeG_Paka,4.648234,103.435003,84,Mangrove,East,Man_Merang,5.528314,102.940522,FALSE,TRUE,FALSE,Different habitat / same coast,"Different habitat
same coast"
S54,S85,0.36016834726360336,S54__S85,54,Seagrass,East,ManSeG_Paka,4.648234,103.435003,85,Mangrove,East,Man_Merang,5.528731,102.938759,FALSE,TRUE,FALSE,Different habitat / same coast,"Different habitat
same coast"
S54,S91,0.44285824790813394,S54__S91,54,Seagrass,East,ManSeG_Paka,4.648234,103.435003,91,Seagrass,West,SeG_Pulau_Kezambo,5.363009,100.324704,TRUE,FALSE,FALSE,Same habitat / different coast,"Same habitat
different coast"
S54,S92,0.5023142633074011,S54__S92,54,Seagrass,East,ManSeG_Paka,4.648234,103.435003,92,Seagrass,West,SeG_Pulau_Kezambo,5.364814,100.324618,TRUE,FALSE,FALSE,Same habitat / different coast,"Same habitat
different coast"
S54,S93,0.5484442312949986,S54__S93,54,Seagrass,East,ManSeG_Paka,4.648234,103.435003,93,Seagrass,West,SeG_Pulau_Kezambo,5.365017,100.326968,TRUE,FALSE,FALSE,Same habitat / different coast,"Same habitat
different coast"
S54,S94,0.5377407528320907,S54__S94,54,Seagrass,East,ManSeG_Paka,4.648234,103.435003,94,Seagrass,West,SeG_Pulau_Kezambo,5.36303,100.327461,TRUE,FALSE,FALSE,Same habitat / different coast,"Same habitat
different coast"
S54,S95,0.4489535142324792,S54__S95,54,Seagrass,East,ManSeG_Paka,4.648234,103.435003,95,Seagrass,West,SeG_Pulau_Kezambo,5.361535,100.325841,TRUE,FALSE,FALSE,Same habitat / different coast,"Same habitat
different coast"
S55,S66,0.6071241319962424,S55__S66,55,Seagrass,East,ManSeG_Paka,4.644799,103.436867,66,Seagrass,West,SeG_Tanjung_Rhu,6.460722,99.827135,TRUE,FALSE,FALSE,Same habitat / different coast,"Same habitat
different coast"
S55,S67,0.5655464867098199,S55__S67,55,Seagrass,East,ManSeG_Paka,4.644799,103.436867,67,Seagrass,West,SeG_Tanjung_Rhu,6.460835,99.825327,TRUE,FALSE,FALSE,Same habitat / different coast,"Same habitat
different coast"
S55,S68,0.557821105130889,S55__S68,55,Seagrass,East,ManSeG_Paka,4.644799,103.436867,68,Seagrass,West,SeG_Tanjung_Rhu,6.461043,99.823702,TRUE,FALSE,FALSE,Same habitat / different coast,"Same habitat
different coast"
S55,S69,0.5347996195744984,S55__S69,55,Seagrass,East,ManSeG_Paka,4.644799,103.436867,69,Seagrass,West,SeG_Tanjung_Rhu,6.461208,99.823448,TRUE,FALSE,FALSE,Same habitat / different coast,"Same habitat
different coast"
S55,S70,0.601355242026336,S55__S70,55,Seagrass,East,ManSeG_Paka,4.644799,103.436867,70,Seagrass,West,SeG_Tanjung_Rhu,6.461547,99.819962,TRUE,FALSE,FALSE,Same habitat / different coast,"Same habitat
different coast"
S55,S71,0.9850167605950433,S55__S71,55,Seagrass,East,ManSeG_Paka,4.644799,103.436867,71,Coral,East,Cor_Pulau_Redang,5.814393,103.009382,FALSE,TRUE,FALSE,Different habitat / same coast,"Different habitat
same coast"
S55,S73,0.8102879749477117,S55__S73,55,Seagrass,East,ManSeG_Paka,4.644799,103.436867,73,Coral,East,Cor_Pulau_Redang,5.816677,103.007751,FALSE,TRUE,FALSE,Different habitat / same coast,"Different habitat
same coast"
S55,S74,0.6999874814629471,S55__S74,55,Seagrass,East,ManSeG_Paka,4.644799,103.436867,74,Coral,East,Cor_Pulau_Redang,5.816281,103.005989,FALSE,TRUE,FALSE,Different habitat / same coast,"Different habitat
same coast"
S55,S75,0.7187049683287045,S55__S75,55,Seagrass,East,ManSeG_Paka,4.644799,103.436867,75,Coral,East,Cor_Pulau_Redang,5.814536,103.006378,FALSE,TRUE,FALSE,Different habitat / same coast,"Different habitat
same coast"
S55,S77,0.7043856070646293,S55__S77,55,Seagrass,East,ManSeG_Paka,4.644799,103.436867,77,Coral,East,Cor_Pulau_Bidong,5.624215,103.056647,FALSE,TRUE,FALSE,Different habitat / same coast,"Different habitat
same coast"
S55,S78,0.6802434774180561,S55__S78,55,Seagrass,East,ManSeG_Paka,4.644799,103.436867,78,Coral,East,Cor_Pulau_Bidong,5.625977,103.057468,FALSE,TRUE,FALSE,Different habitat / same coast,"Different habitat
same coast"
S55,S80,0.7580745892891877,S55__S80,55,Seagrass,East,ManSeG_Paka,4.644799,103.436867,80,Coral,East,Cor_Pulau_Bidong,5.627685,103.059864,FALSE,TRUE,FALSE,Different habitat / same coast,"Different habitat
same coast"
S55,S81,0.29864012008202767,S55__S81,55,Seagrass,East,ManSeG_Paka,4.644799,103.436867,81,Mangrove,East,Man_Merang,5.527989,102.944516,FALSE,TRUE,FALSE,Different habitat / same coast,"Different habitat
same coast"
S55,S82,0.28204876996497935,S55__S82,55,Seagrass,East,ManSeG_Paka,4.644799,103.436867,82,Mangrove,East,Man_Merang,5.526065,102.943286,FALSE,TRUE,FALSE,Different habitat / same coast,"Different habitat
same coast"
S55,S83,0.30577864272064714,S55__S83,55,Seagrass,East,ManSeG_Paka,4.644799,103.436867,83,Mangrove,East,Man_Merang,5.526248,102.941049,FALSE,TRUE,FALSE,Different habitat / same coast,"Different habitat
same coast"
S55,S84,0.2856463886155697,S55__S84,55,Seagrass,East,ManSeG_Paka,4.644799,103.436867,84,Mangrove,East,Man_Merang,5.528314,102.940522,FALSE,TRUE,FALSE,Different habitat / same coast,"Different habitat
same coast"
S55,S85,0.3175263739594334,S55__S85,55,Seagrass,East,ManSeG_Paka,4.644799,103.436867,85,Mangrove,East,Man_Merang,5.528731,102.938759,FALSE,TRUE,FALSE,Different habitat / same coast,"Different habitat
same coast"
S55,S91,0.42078252816502915,S55__S91,55,Seagrass,East,ManSeG_Paka,4.644799,103.436867,91,Seagrass,West,SeG_Pulau_Kezambo,5.363009,100.324704,TRUE,FALSE,FALSE,Same habitat / different coast,"Same habitat
different coast"
S55,S92,0.4765908248071673,S55__S92,55,Seagrass,East,ManSeG_Paka,4.644799,103.436867,92,Seagrass,West,SeG_Pulau_Kezambo,5.364814,100.324618,TRUE,FALSE,FALSE,Same habitat / different coast,"Same habitat
different coast"
S55,S93,0.5313818556484624,S55__S93,55,Seagrass,East,ManSeG_Paka,4.644799,103.436867,93,Seagrass,West,SeG_Pulau_Kezambo,5.365017,100.326968,TRUE,FALSE,FALSE,Same habitat / different coast,"Same habitat
different coast"
S55,S94,0.5410255997214395,S55__S94,55,Seagrass,East,ManSeG_Paka,4.644799,103.436867,94,Seagrass,West,SeG_Pulau_Kezambo,5.36303,100.327461,TRUE,FALSE,FALSE,Same habitat / different coast,"Same habitat
different coast"
S55,S95,0.42381212172112426,S55__S95,55,Seagrass,East,ManSeG_Paka,4.644799,103.436867,95,Seagrass,West,SeG_Pulau_Kezambo,5.361535,100.325841,TRUE,FALSE,FALSE,Same habitat / different coast,"Same habitat
different coast"
S56,S61,0.3735481854333676,S56__S61,56,Coral,West,Cor_Pulau_Intan,6.231933,99.71668,61,Mangrove,West,Man_Selat_Nyior,6.217682,99.829402,FALSE,TRUE,FALSE,Different habitat / same coast,"Different habitat
same coast"
S56,S62,0.4264905711952452,S56__S62,56,Coral,West,Cor_Pulau_Intan,6.231933,99.71668,62,Mangrove,West,Man_Selat_Nyior,6.220929,99.825029,FALSE,TRUE,FALSE,Different habitat / same coast,"Different habitat
same coast"
S56,S63,0.42857929292427466,S56__S63,56,Coral,West,Cor_Pulau_Intan,6.231933,99.71668,63,Mangrove,West,Man_Selat_Nyior,6.224728,99.821968,FALSE,TRUE,FALSE,Different habitat / same coast,"Different habitat
same coast"
S56,S64,0.46417244333516605,S56__S64,56,Coral,West,Cor_Pulau_Intan,6.231933,99.71668,64,Mangrove,West,Man_Selat_Nyior,6.228636,99.820188,FALSE,TRUE,FALSE,Different habitat / same coast,"Different habitat
same coast"
S56,S65,0.44774742391325684,S56__S65,56,Coral,West,Cor_Pulau_Intan,6.231933,99.71668,65,Mangrove,West,Man_Selat_Nyior,6.235251,99.818035,FALSE,TRUE,FALSE,Different habitat / same coast,"Different habitat
same coast"
S56,S66,0.26001415565164276,S56__S66,56,Coral,West,Cor_Pulau_Intan,6.231933,99.71668,66,Seagrass,West,SeG_Tanjung_Rhu,6.460722,99.827135,FALSE,TRUE,FALSE,Different habitat / same coast,"Different habitat
same coast"
S56,S67,0.2041660653600026,S56__S67,56,Coral,West,Cor_Pulau_Intan,6.231933,99.71668,67,Seagrass,West,SeG_Tanjung_Rhu,6.460835,99.825327,FALSE,TRUE,FALSE,Different habitat / same coast,"Different habitat
same coast"
S56,S68,0.2284523415481716,S56__S68,56,Coral,West,Cor_Pulau_Intan,6.231933,99.71668,68,Seagrass,West,SeG_Tanjung_Rhu,6.461043,99.823702,FALSE,TRUE,FALSE,Different habitat / same coast,"Different habitat
same coast"
S56,S69,0.23096096639258912,S56__S69,56,Coral,West,Cor_Pulau_Intan,6.231933,99.71668,69,Seagrass,West,SeG_Tanjung_Rhu,6.461208,99.823448,FALSE,TRUE,FALSE,Different habitat / same coast,"Different habitat
same coast"
S56,S70,0.16838612272864717,S56__S70,56,Coral,West,Cor_Pulau_Intan,6.231933,99.71668,70,Seagrass,West,SeG_Tanjung_Rhu,6.461547,99.819962,FALSE,TRUE,FALSE,Different habitat / same coast,"Different habitat
same coast"
S56,S71,0.9796282236056111,S56__S71,56,Coral,West,Cor_Pulau_Intan,6.231933,99.71668,71,Coral,East,Cor_Pulau_Redang,5.814393,103.009382,TRUE,FALSE,FALSE,Same habitat / different coast,"Same habitat
different coast"
S56,S73,0.8693051527305129,S56__S73,56,Coral,West,Cor_Pulau_Intan,6.231933,99.71668,73,Coral,East,Cor_Pulau_Redang,5.816677,103.007751,TRUE,FALSE,FALSE,Same habitat / different coast,"Same habitat
different coast"
S56,S74,0.8154948830772053,S56__S74,56,Coral,West,Cor_Pulau_Intan,6.231933,99.71668,74,Coral,East,Cor_Pulau_Redang,5.816281,103.005989,TRUE,FALSE,FALSE,Same habitat / different coast,"Same habitat
different coast"
S56,S75,0.8144982617518546,S56__S75,56,Coral,West,Cor_Pulau_Intan,6.231933,99.71668,75,Coral,East,Cor_Pulau_Redang,5.814536,103.006378,TRUE,FALSE,FALSE,Same habitat / different coast,"Same habitat
different coast"
S56,S77,0.6411598851521638,S56__S77,56,Coral,West,Cor_Pulau_Intan,6.231933,99.71668,77,Coral,East,Cor_Pulau_Bidong,5.624215,103.056647,TRUE,FALSE,FALSE,Same habitat / different coast,"Same habitat
different coast"
S56,S78,0.6543112274176298,S56__S78,56,Coral,West,Cor_Pulau_Intan,6.231933,99.71668,78,Coral,East,Cor_Pulau_Bidong,5.625977,103.057468,TRUE,FALSE,FALSE,Same habitat / different coast,"Same habitat
different coast"
S56,S80,0.7043983473838122,S56__S80,56,Coral,West,Cor_Pulau_Intan,6.231933,99.71668,80,Coral,East,Cor_Pulau_Bidong,5.627685,103.059864,TRUE,FALSE,FALSE,Same habitat / different coast,"Same habitat
different coast"
S56,S86,0.5600228731663343,S56__S86,56,Coral,West,Cor_Pulau_Intan,6.231933,99.71668,86,Mangrove,West,Man_Penaga,5.517253,100.364968,FALSE,TRUE,FALSE,Different habitat / same coast,"Different habitat
same coast"
S56,S87,0.5568927878292906,S56__S87,56,Coral,West,Cor_Pulau_Intan,6.231933,99.71668,87,Mangrove,West,Man_Penaga,5.51815,100.366985,FALSE,TRUE,FALSE,Different habitat / same coast,"Different habitat
same coast"
S56,S88,0.7385832077742756,S56__S88,56,Coral,West,Cor_Pulau_Intan,6.231933,99.71668,88,Mangrove,West,Man_Penaga,5.519453,100.369366,FALSE,TRUE,FALSE,Different habitat / same coast,"Different habitat
same coast"
S56,S89,0.7929049248088764,S56__S89,56,Coral,West,Cor_Pulau_Intan,6.231933,99.71668,89,Mangrove,West,Man_Penaga,5.520585,100.371383,FALSE,TRUE,FALSE,Different habitat / same coast,"Different habitat
same coast"
S56,S90,0.8317292190894806,S56__S90,56,Coral,West,Cor_Pulau_Intan,6.231933,99.71668,90,Mangrove,West,Man_Penaga,5.522977,100.372478,FALSE,TRUE,FALSE,Different habitat / same coast,"Different habitat
same coast"
S56,S91,0.464976657357863,S56__S91,56,Coral,West,Cor_Pulau_Intan,6.231933,99.71668,91,Seagrass,West,SeG_Pulau_Kezambo,5.363009,100.324704,FALSE,TRUE,FALSE,Different habitat / same coast,"Different habitat
same coast"
S56,S92,0.4181183252371177,S56__S92,56,Coral,West,Cor_Pulau_Intan,6.231933,99.71668,92,Seagrass,West,SeG_Pulau_Kezambo,5.364814,100.324618,FALSE,TRUE,FALSE,Different habitat / same coast,"Different habitat
same coast"
S56,S93,0.4131710012489905,S56__S93,56,Coral,West,Cor_Pulau_Intan,6.231933,99.71668,93,Seagrass,West,SeG_Pulau_Kezambo,5.365017,100.326968,FALSE,TRUE,FALSE,Different habitat / same coast,"Different habitat
same coast"
S56,S94,0.5006118559910394,S56__S94,56,Coral,West,Cor_Pulau_Intan,6.231933,99.71668,94,Seagrass,West,SeG_Pulau_Kezambo,5.36303,100.327461,FALSE,TRUE,FALSE,Different habitat / same coast,"Different habitat
same coast"
S56,S95,0.48030490600008435,S56__S95,56,Coral,West,Cor_Pulau_Intan,6.231933,99.71668,95,Seagrass,West,SeG_Pulau_Kezambo,5.361535,100.325841,FALSE,TRUE,FALSE,Different habitat / same coast,"Different habitat
same coast"
S56,S96,0.7074367414154856,S56__S96,56,Coral,West,Cor_Pulau_Intan,6.231933,99.71668,96,Mangrove,West,Man_Kuala_Sepetang,4.78359,100.607457,FALSE,TRUE,FALSE,Different habitat / same coast,"Different habitat
same coast"
S56,S97,0.7181498784142692,S56__S97,56,Coral,West,Cor_Pulau_Intan,6.231933,99.71668,97,Mangrove,West,Man_Kuala_Sepetang,4.787012,100.612692,FALSE,TRUE,FALSE,Different habitat / same coast,"Different habitat
same coast"
S56,S98,0.7061745744683211,S56__S98,56,Coral,West,Cor_Pulau_Intan,6.231933,99.71668,98,Mangrove,West,Man_Kuala_Sepetang,4.788979,100.618615,FALSE,TRUE,FALSE,Different habitat / same coast,"Different habitat
same coast"
S56,S99,0.6904343808389751,S56__S99,56,Coral,West,Cor_Pulau_Intan,6.231933,99.71668,99,Mangrove,West,Man_Kuala_Sepetang,4.791801,100.624022,FALSE,TRUE,FALSE,Different habitat / same coast,"Different habitat
same coast"
S56,S100,0.7350941327274275,S100__S56,56,Coral,West,Cor_Pulau_Intan,6.231933,99.71668,100,Mangrove,West,Man_Kuala_Sepetang,4.797275,100.62634,FALSE,TRUE,FALSE,Different habitat / same coast,"Different habitat
same coast"
S56,S106,0.5811205510448519,S106__S56,56,Coral,West,Cor_Pulau_Intan,6.231933,99.71668,106,Mangrove,West,Man_Pulau_Ketam,3.024487,101.320359,FALSE,TRUE,FALSE,Different habitat / same coast,"Different habitat
same coast"
S56,S107,0.5584132504175535,S107__S56,56,Coral,West,Cor_Pulau_Intan,6.231933,99.71668,107,Mangrove,West,Man_Pulau_Ketam,3.021921,101.326184,FALSE,TRUE,FALSE,Different habitat / same coast,"Different habitat
same coast"
S56,S108,0.475929793878233,S108__S56,56,Coral,West,Cor_Pulau_Intan,6.231933,99.71668,108,Mangrove,West,Man_Pulau_Ketam,3.014735,101.325529,FALSE,TRUE,FALSE,Different habitat / same coast,"Different habitat
same coast"
S56,S109,0.5392273854972454,S109__S56,56,Coral,West,Cor_Pulau_Intan,6.231933,99.71668,109,Mangrove,West,Man_Pulau_Ketam,3.016972,101.333548,FALSE,TRUE,FALSE,Different habitat / same coast,"Different habitat
same coast"
S56,S110,0.49591763175860804,S110__S56,56,Coral,West,Cor_Pulau_Intan,6.231933,99.71668,110,Mangrove,West,Man_Pulau_Ketam,3.01341,101.336968,FALSE,TRUE,FALSE,Different habitat / same coast,"Different habitat
same coast"
S57,S61,0.33409640989715517,S57__S61,57,Coral,West,Cor_Pulau_Intan,6.235042,99.713494,61,Mangrove,West,Man_Selat_Nyior,6.217682,99.829402,FALSE,TRUE,FALSE,Different habitat / same coast,"Different habitat
same coast"
S57,S62,0.4238499873029419,S57__S62,57,Coral,West,Cor_Pulau_Intan,6.235042,99.713494,62,Mangrove,West,Man_Selat_Nyior,6.220929,99.825029,FALSE,TRUE,FALSE,Different habitat / same coast,"Different habitat
same coast"
S57,S63,0.43218841613475684,S57__S63,57,Coral,West,Cor_Pulau_Intan,6.235042,99.713494,63,Mangrove,West,Man_Selat_Nyior,6.224728,99.821968,FALSE,TRUE,FALSE,Different habitat / same coast,"Different habitat
same coast"
S57,S64,0.44813195505567227,S57__S64,57,Coral,West,Cor_Pulau_Intan,6.235042,99.713494,64,Mangrove,West,Man_Selat_Nyior,6.228636,99.820188,FALSE,TRUE,FALSE,Different habitat / same coast,"Different habitat
same coast"
S57,S65,0.42843072680977434,S57__S65,57,Coral,West,Cor_Pulau_Intan,6.235042,99.713494,65,Mangrove,West,Man_Selat_Nyior,6.235251,99.818035,FALSE,TRUE,FALSE,Different habitat / same coast,"Different habitat
same coast"
S57,S66,0.3447758785935843,S57__S66,57,Coral,West,Cor_Pulau_Intan,6.235042,99.713494,66,Seagrass,West,SeG_Tanjung_Rhu,6.460722,99.827135,FALSE,TRUE,FALSE,Different habitat / same coast,"Different habitat
same coast"
S57,S67,0.26137870259396867,S57__S67,57,Coral,West,Cor_Pulau_Intan,6.235042,99.713494,67,Seagrass,West,SeG_Tanjung_Rhu,6.460835,99.825327,FALSE,TRUE,FALSE,Different habitat / same coast,"Different habitat
same coast"
S57,S68,0.2663075040119956,S57__S68,57,Coral,West,Cor_Pulau_Intan,6.235042,99.713494,68,Seagrass,West,SeG_Tanjung_Rhu,6.461043,99.823702,FALSE,TRUE,FALSE,Different habitat / same coast,"Different habitat
same coast"
S57,S69,0.2660415267355557,S57__S69,57,Coral,West,Cor_Pulau_Intan,6.235042,99.713494,69,Seagrass,West,SeG_Tanjung_Rhu,6.461208,99.823448,FALSE,TRUE,FALSE,Different habitat / same coast,"Different habitat
same coast"
S57,S70,0.2266686453394117,S57__S70,57,Coral,West,Cor_Pulau_Intan,6.235042,99.713494,70,Seagrass,West,SeG_Tanjung_Rhu,6.461547,99.819962,FALSE,TRUE,FALSE,Different habitat / same coast,"Different habitat
same coast"
S57,S71,0.9888545619008553,S57__S71,57,Coral,West,Cor_Pulau_Intan,6.235042,99.713494,71,Coral,East,Cor_Pulau_Redang,5.814393,103.009382,TRUE,FALSE,FALSE,Same habitat / different coast,"Same habitat
different coast"
S57,S73,0.8522298407939711,S57__S73,57,Coral,West,Cor_Pulau_Intan,6.235042,99.713494,73,Coral,East,Cor_Pulau_Redang,5.816677,103.007751,TRUE,FALSE,FALSE,Same habitat / different coast,"Same habitat
different coast"
S57,S74,0.7886370847094846,S57__S74,57,Coral,West,Cor_Pulau_Intan,6.235042,99.713494,74,Coral,East,Cor_Pulau_Redang,5.816281,103.005989,TRUE,FALSE,FALSE,Same habitat / different coast,"Same habitat
different coast"
S57,S75,0.7857311777228009,S57__S75,57,Coral,West,Cor_Pulau_Intan,6.235042,99.713494,75,Coral,East,Cor_Pulau_Redang,5.814536,103.006378,TRUE,FALSE,FALSE,Same habitat / different coast,"Same habitat
different coast"
S57,S77,0.6158615612110234,S57__S77,57,Coral,West,Cor_Pulau_Intan,6.235042,99.713494,77,Coral,East,Cor_Pulau_Bidong,5.624215,103.056647,TRUE,FALSE,FALSE,Same habitat / different coast,"Same habitat
different coast"
S57,S78,0.6428237842769355,S57__S78,57,Coral,West,Cor_Pulau_Intan,6.235042,99.713494,78,Coral,East,Cor_Pulau_Bidong,5.625977,103.057468,TRUE,FALSE,FALSE,Same habitat / different coast,"Same habitat
different coast"
S57,S80,0.6848233538987887,S57__S80,57,Coral,West,Cor_Pulau_Intan,6.235042,99.713494,80,Coral,East,Cor_Pulau_Bidong,5.627685,103.059864,TRUE,FALSE,FALSE,Same habitat / different coast,"Same habitat
different coast"
S57,S86,0.5251849339111998,S57__S86,57,Coral,West,Cor_Pulau_Intan,6.235042,99.713494,86,Mangrove,West,Man_Penaga,5.517253,100.364968,FALSE,TRUE,FALSE,Different habitat / same coast,"Different habitat
same coast"
S57,S87,0.5297725426950721,S57__S87,57,Coral,West,Cor_Pulau_Intan,6.235042,99.713494,87,Mangrove,West,Man_Penaga,5.51815,100.366985,FALSE,TRUE,FALSE,Different habitat / same coast,"Different habitat
same coast"
S57,S88,0.7315973078647705,S57__S88,57,Coral,West,Cor_Pulau_Intan,6.235042,99.713494,88,Mangrove,West,Man_Penaga,5.519453,100.369366,FALSE,TRUE,FALSE,Different habitat / same coast,"Different habitat
same coast"
S57,S89,0.7867103022956831,S57__S89,57,Coral,West,Cor_Pulau_Intan,6.235042,99.713494,89,Mangrove,West,Man_Penaga,5.520585,100.371383,FALSE,TRUE,FALSE,Different habitat / same coast,"Different habitat
same coast"
S57,S90,0.8249854046511149,S57__S90,57,Coral,West,Cor_Pulau_Intan,6.235042,99.713494,90,Mangrove,West,Man_Penaga,5.522977,100.372478,FALSE,TRUE,FALSE,Different habitat / same coast,"Different habitat
same coast"
S57,S91,0.4404984953462464,S57__S91,57,Coral,West,Cor_Pulau_Intan,6.235042,99.713494,91,Seagrass,West,SeG_Pulau_Kezambo,5.363009,100.324704,FALSE,TRUE,FALSE,Different habitat / same coast,"Different habitat
same coast"
S57,S92,0.39048052847844483,S57__S92,57,Coral,West,Cor_Pulau_Intan,6.235042,99.713494,92,Seagrass,West,SeG_Pulau_Kezambo,5.364814,100.324618,FALSE,TRUE,FALSE,Different habitat / same coast,"Different habitat
same coast"
S57,S93,0.39772639962081296,S57__S93,57,Coral,West,Cor_Pulau_Intan,6.235042,99.713494,93,Seagrass,West,SeG_Pulau_Kezambo,5.365017,100.326968,FALSE,TRUE,FALSE,Different habitat / same coast,"Different habitat
same coast"
S57,S94,0.5206114144368736,S57__S94,57,Coral,West,Cor_Pulau_Intan,6.235042,99.713494,94,Seagrass,West,SeG_Pulau_Kezambo,5.36303,100.327461,FALSE,TRUE,FALSE,Different habitat / same coast,"Different habitat
same coast"
S57,S95,0.44166574466872455,S57__S95,57,Coral,West,Cor_Pulau_Intan,6.235042,99.713494,95,Seagrass,West,SeG_Pulau_Kezambo,5.361535,100.325841,FALSE,TRUE,FALSE,Different habitat / same coast,"Different habitat
same coast"
S57,S96,0.7072616745848557,S57__S96,57,Coral,West,Cor_Pulau_Intan,6.235042,99.713494,96,Mangrove,West,Man_Kuala_Sepetang,4.78359,100.607457,FALSE,TRUE,FALSE,Different habitat / same coast,"Different habitat
same coast"
S57,S97,0.7139527440740568,S57__S97,57,Coral,West,Cor_Pulau_Intan,6.235042,99.713494,97,Mangrove,West,Man_Kuala_Sepetang,4.787012,100.612692,FALSE,TRUE,FALSE,Different habitat / same coast,"Different habitat
same coast"
S57,S98,0.6926058214145718,S57__S98,57,Coral,West,Cor_Pulau_Intan,6.235042,99.713494,98,Mangrove,West,Man_Kuala_Sepetang,4.788979,100.618615,FALSE,TRUE,FALSE,Different habitat / same coast,"Different habitat
same coast"
S57,S99,0.6704337011905618,S57__S99,57,Coral,West,Cor_Pulau_Intan,6.235042,99.713494,99,Mangrove,West,Man_Kuala_Sepetang,4.791801,100.624022,FALSE,TRUE,FALSE,Different habitat / same coast,"Different habitat
same coast"
S57,S100,0.7302700507543763,S100__S57,57,Coral,West,Cor_Pulau_Intan,6.235042,99.713494,100,Mangrove,West,Man_Kuala_Sepetang,4.797275,100.62634,FALSE,TRUE,FALSE,Different habitat / same coast,"Different habitat
same coast"
S57,S106,0.5822315625864678,S106__S57,57,Coral,West,Cor_Pulau_Intan,6.235042,99.713494,106,Mangrove,West,Man_Pulau_Ketam,3.024487,101.320359,FALSE,TRUE,FALSE,Different habitat / same coast,"Different habitat
same coast"
S57,S107,0.5570022954924908,S107__S57,57,Coral,West,Cor_Pulau_Intan,6.235042,99.713494,107,Mangrove,West,Man_Pulau_Ketam,3.021921,101.326184,FALSE,TRUE,FALSE,Different habitat / same coast,"Different habitat
same coast"
S57,S108,0.4786305258157602,S108__S57,57,Coral,West,Cor_Pulau_Intan,6.235042,99.713494,108,Mangrove,West,Man_Pulau_Ketam,3.014735,101.325529,FALSE,TRUE,FALSE,Different habitat / same coast,"Different habitat
same coast"
S57,S109,0.49415406060621947,S109__S57,57,Coral,West,Cor_Pulau_Intan,6.235042,99.713494,109,Mangrove,West,Man_Pulau_Ketam,3.016972,101.333548,FALSE,TRUE,FALSE,Different habitat / same coast,"Different habitat
same coast"
S57,S110,0.4846668471395625,S110__S57,57,Coral,West,Cor_Pulau_Intan,6.235042,99.713494,110,Mangrove,West,Man_Pulau_Ketam,3.01341,101.336968,FALSE,TRUE,FALSE,Different habitat / same coast,"Different habitat
same coast"
S58,S61,0.3166231575491564,S58__S61,58,Coral,West,Cor_Pulau_Intan,6.241277,99.713092,61,Mangrove,West,Man_Selat_Nyior,6.217682,99.829402,FALSE,TRUE,FALSE,Different habitat / same coast,"Different habitat
same coast"
S58,S62,0.3803299025636258,S58__S62,58,Coral,West,Cor_Pulau_Intan,6.241277,99.713092,62,Mangrove,West,Man_Selat_Nyior,6.220929,99.825029,FALSE,TRUE,FALSE,Different habitat / same coast,"Different habitat
same coast"
S58,S63,0.39680553034849914,S58__S63,58,Coral,West,Cor_Pulau_Intan,6.241277,99.713092,63,Mangrove,West,Man_Selat_Nyior,6.224728,99.821968,FALSE,TRUE,FALSE,Different habitat / same coast,"Different habitat
same coast"
S58,S64,0.3914459061274122,S58__S64,58,Coral,West,Cor_Pulau_Intan,6.241277,99.713092,64,Mangrove,West,Man_Selat_Nyior,6.228636,99.820188,FALSE,TRUE,FALSE,Different habitat / same coast,"Different habitat
same coast"
S58,S65,0.3737326958675639,S58__S65,58,Coral,West,Cor_Pulau_Intan,6.241277,99.713092,65,Mangrove,West,Man_Selat_Nyior,6.235251,99.818035,FALSE,TRUE,FALSE,Different habitat / same coast,"Different habitat
same coast"
S58,S66,0.3551110845475672,S58__S66,58,Coral,West,Cor_Pulau_Intan,6.241277,99.713092,66,Seagrass,West,SeG_Tanjung_Rhu,6.460722,99.827135,FALSE,TRUE,FALSE,Different habitat / same coast,"Different habitat
same coast"
S58,S67,0.27628453498130856,S58__S67,58,Coral,West,Cor_Pulau_Intan,6.241277,99.713092,67,Seagrass,West,SeG_Tanjung_Rhu,6.460835,99.825327,FALSE,TRUE,FALSE,Different habitat / same coast,"Different habitat
same coast"
S58,S68,0.2453186312565282,S58__S68,58,Coral,West,Cor_Pulau_Intan,6.241277,99.713092,68,Seagrass,West,SeG_Tanjung_Rhu,6.461043,99.823702,FALSE,TRUE,FALSE,Different habitat / same coast,"Different habitat
same coast"
S58,S69,0.2652029447794125,S58__S69,58,Coral,West,Cor_Pulau_Intan,6.241277,99.713092,69,Seagrass,West,SeG_Tanjung_Rhu,6.461208,99.823448,FALSE,TRUE,FALSE,Different habitat / same coast,"Different habitat
same coast"
S58,S70,0.2344408673349407,S58__S70,58,Coral,West,Cor_Pulau_Intan,6.241277,99.713092,70,Seagrass,West,SeG_Tanjung_Rhu,6.461547,99.819962,FALSE,TRUE,FALSE,Different habitat / same coast,"Different habitat
same coast"
S58,S71,0.9772787534599775,S58__S71,58,Coral,West,Cor_Pulau_Intan,6.241277,99.713092,71,Coral,East,Cor_Pulau_Redang,5.814393,103.009382,TRUE,FALSE,FALSE,Same habitat / different coast,"Same habitat
different coast"
S58,S73,0.8668982888608855,S58__S73,58,Coral,West,Cor_Pulau_Intan,6.241277,99.713092,73,Coral,East,Cor_Pulau_Redang,5.816677,103.007751,TRUE,FALSE,FALSE,Same habitat / different coast,"Same habitat
different coast"
S58,S74,0.8061249129931833,S58__S74,58,Coral,West,Cor_Pulau_Intan,6.241277,99.713092,74,Coral,East,Cor_Pulau_Redang,5.816281,103.005989,TRUE,FALSE,FALSE,Same habitat / different coast,"Same habitat
different coast"
S58,S75,0.8142015014660908,S58__S75,58,Coral,West,Cor_Pulau_Intan,6.241277,99.713092,75,Coral,East,Cor_Pulau_Redang,5.814536,103.006378,TRUE,FALSE,FALSE,Same habitat / different coast,"Same habitat
different coast"
S58,S77,0.6303072788822854,S58__S77,58,Coral,West,Cor_Pulau_Intan,6.241277,99.713092,77,Coral,East,Cor_Pulau_Bidong,5.624215,103.056647,TRUE,FALSE,FALSE,Same habitat / different coast,"Same habitat
different coast"
S58,S78,0.6532335669419893,S58__S78,58,Coral,West,Cor_Pulau_Intan,6.241277,99.713092,78,Coral,East,Cor_Pulau_Bidong,5.625977,103.057468,TRUE,FALSE,FALSE,Same habitat / different coast,"Same habitat
different coast"
S58,S80,0.7139308472887882,S58__S80,58,Coral,West,Cor_Pulau_Intan,6.241277,99.713092,80,Coral,East,Cor_Pulau_Bidong,5.627685,103.059864,TRUE,FALSE,FALSE,Same habitat / different coast,"Same habitat
different coast"
S58,S86,0.4805607534527497,S58__S86,58,Coral,West,Cor_Pulau_Intan,6.241277,99.713092,86,Mangrove,West,Man_Penaga,5.517253,100.364968,FALSE,TRUE,FALSE,Different habitat / same coast,"Different habitat
same coast"
S58,S87,0.47935544996662277,S58__S87,58,Coral,West,Cor_Pulau_Intan,6.241277,99.713092,87,Mangrove,West,Man_Penaga,5.51815,100.366985,FALSE,TRUE,FALSE,Different habitat / same coast,"Different habitat
same coast"
S58,S88,0.7097274090117103,S58__S88,58,Coral,West,Cor_Pulau_Intan,6.241277,99.713092,88,Mangrove,West,Man_Penaga,5.519453,100.369366,FALSE,TRUE,FALSE,Different habitat / same coast,"Different habitat
same coast"
S58,S89,0.7694892886597611,S58__S89,58,Coral,West,Cor_Pulau_Intan,6.241277,99.713092,89,Mangrove,West,Man_Penaga,5.520585,100.371383,FALSE,TRUE,FALSE,Different habitat / same coast,"Different habitat
same coast"
S58,S90,0.8078807046957359,S58__S90,58,Coral,West,Cor_Pulau_Intan,6.241277,99.713092,90,Mangrove,West,Man_Penaga,5.522977,100.372478,FALSE,TRUE,FALSE,Different habitat / same coast,"Different habitat
same coast"
S58,S91,0.38930330880193187,S58__S91,58,Coral,West,Cor_Pulau_Intan,6.241277,99.713092,91,Seagrass,West,SeG_Pulau_Kezambo,5.363009,100.324704,FALSE,TRUE,FALSE,Different habitat / same coast,"Different habitat
same coast"
S58,S92,0.3548982802333192,S58__S92,58,Coral,West,Cor_Pulau_Intan,6.241277,99.713092,92,Seagrass,West,SeG_Pulau_Kezambo,5.364814,100.324618,FALSE,TRUE,FALSE,Different habitat / same coast,"Different habitat
same coast"
S58,S93,0.3447033213313911,S58__S93,58,Coral,West,Cor_Pulau_Intan,6.241277,99.713092,93,Seagrass,West,SeG_Pulau_Kezambo,5.365017,100.326968,FALSE,TRUE,FALSE,Different habitat / same coast,"Different habitat
same coast"
S58,S94,0.4861623739349935,S58__S94,58,Coral,West,Cor_Pulau_Intan,6.241277,99.713092,94,Seagrass,West,SeG_Pulau_Kezambo,5.36303,100.327461,FALSE,TRUE,FALSE,Different habitat / same coast,"Different habitat
same coast"
S58,S95,0.41172107417324333,S58__S95,58,Coral,West,Cor_Pulau_Intan,6.241277,99.713092,95,Seagrass,West,SeG_Pulau_Kezambo,5.361535,100.325841,FALSE,TRUE,FALSE,Different habitat / same coast,"Different habitat
same coast"
S58,S96,0.6761553791530447,S58__S96,58,Coral,West,Cor_Pulau_Intan,6.241277,99.713092,96,Mangrove,West,Man_Kuala_Sepetang,4.78359,100.607457,FALSE,TRUE,FALSE,Different habitat / same coast,"Different habitat
same coast"
S58,S97,0.6872962249998377,S58__S97,58,Coral,West,Cor_Pulau_Intan,6.241277,99.713092,97,Mangrove,West,Man_Kuala_Sepetang,4.787012,100.612692,FALSE,TRUE,FALSE,Different habitat / same coast,"Different habitat
same coast"
S58,S98,0.6640404358536595,S58__S98,58,Coral,West,Cor_Pulau_Intan,6.241277,99.713092,98,Mangrove,West,Man_Kuala_Sepetang,4.788979,100.618615,FALSE,TRUE,FALSE,Different habitat / same coast,"Different habitat
same coast"
S58,S99,0.6387031475904109,S58__S99,58,Coral,West,Cor_Pulau_Intan,6.241277,99.713092,99,Mangrove,West,Man_Kuala_Sepetang,4.791801,100.624022,FALSE,TRUE,FALSE,Different habitat / same coast,"Different habitat
same coast"
S58,S100,0.7021173436845656,S100__S58,58,Coral,West,Cor_Pulau_Intan,6.241277,99.713092,100,Mangrove,West,Man_Kuala_Sepetang,4.797275,100.62634,FALSE,TRUE,FALSE,Different habitat / same coast,"Different habitat
same coast"
S58,S106,0.5576761102670257,S106__S58,58,Coral,West,Cor_Pulau_Intan,6.241277,99.713092,106,Mangrove,West,Man_Pulau_Ketam,3.024487,101.320359,FALSE,TRUE,FALSE,Different habitat / same coast,"Different habitat
same coast"
S58,S107,0.5253912631539789,S107__S58,58,Coral,West,Cor_Pulau_Intan,6.241277,99.713092,107,Mangrove,West,Man_Pulau_Ketam,3.021921,101.326184,FALSE,TRUE,FALSE,Different habitat / same coast,"Different habitat
same coast"
S58,S108,0.44524584981778065,S108__S58,58,Coral,West,Cor_Pulau_Intan,6.241277,99.713092,108,Mangrove,West,Man_Pulau_Ketam,3.014735,101.325529,FALSE,TRUE,FALSE,Different habitat / same coast,"Different habitat
same coast"
S58,S109,0.5083719457808238,S109__S58,58,Coral,West,Cor_Pulau_Intan,6.241277,99.713092,109,Mangrove,West,Man_Pulau_Ketam,3.016972,101.333548,FALSE,TRUE,FALSE,Different habitat / same coast,"Different habitat
same coast"
S58,S110,0.43321677235729295,S110__S58,58,Coral,West,Cor_Pulau_Intan,6.241277,99.713092,110,Mangrove,West,Man_Pulau_Ketam,3.01341,101.336968,FALSE,TRUE,FALSE,Different habitat / same coast,"Different habitat
same coast"
S59,S61,0.33862569975148676,S59__S61,59,Coral,West,Cor_Pulau_Intan,6.242925,99.71689,61,Mangrove,West,Man_Selat_Nyior,6.217682,99.829402,FALSE,TRUE,FALSE,Different habitat / same coast,"Different habitat
same coast"
S59,S62,0.40517869017981484,S59__S62,59,Coral,West,Cor_Pulau_Intan,6.242925,99.71689,62,Mangrove,West,Man_Selat_Nyior,6.220929,99.825029,FALSE,TRUE,FALSE,Different habitat / same coast,"Different habitat
same coast"
S59,S63,0.4149023464399205,S59__S63,59,Coral,West,Cor_Pulau_Intan,6.242925,99.71689,63,Mangrove,West,Man_Selat_Nyior,6.224728,99.821968,FALSE,TRUE,FALSE,Different habitat / same coast,"Different habitat
same coast"
S59,S64,0.4384493404234308,S59__S64,59,Coral,West,Cor_Pulau_Intan,6.242925,99.71689,64,Mangrove,West,Man_Selat_Nyior,6.228636,99.820188,FALSE,TRUE,FALSE,Different habitat / same coast,"Different habitat
same coast"
S59,S65,0.41638833444395174,S59__S65,59,Coral,West,Cor_Pulau_Intan,6.242925,99.71689,65,Mangrove,West,Man_Selat_Nyior,6.235251,99.818035,FALSE,TRUE,FALSE,Different habitat / same coast,"Different habitat
same coast"
S59,S66,0.3044716246397808,S59__S66,59,Coral,West,Cor_Pulau_Intan,6.242925,99.71689,66,Seagrass,West,SeG_Tanjung_Rhu,6.460722,99.827135,FALSE,TRUE,FALSE,Different habitat / same coast,"Different habitat
same coast"
S59,S67,0.22867427603208584,S59__S67,59,Coral,West,Cor_Pulau_Intan,6.242925,99.71689,67,Seagrass,West,SeG_Tanjung_Rhu,6.460835,99.825327,FALSE,TRUE,FALSE,Different habitat / same coast,"Different habitat
same coast"
S59,S68,0.2251452862571834,S59__S68,59,Coral,West,Cor_Pulau_Intan,6.242925,99.71689,68,Seagrass,West,SeG_Tanjung_Rhu,6.461043,99.823702,FALSE,TRUE,FALSE,Different habitat / same coast,"Different habitat
same coast"
S59,S69,0.2236858244961811,S59__S69,59,Coral,West,Cor_Pulau_Intan,6.242925,99.71689,69,Seagrass,West,SeG_Tanjung_Rhu,6.461208,99.823448,FALSE,TRUE,FALSE,Different habitat / same coast,"Different habitat
same coast"
S59,S70,0.17942636634941125,S59__S70,59,Coral,West,Cor_Pulau_Intan,6.242925,99.71689,70,Seagrass,West,SeG_Tanjung_Rhu,6.461547,99.819962,FALSE,TRUE,FALSE,Different habitat / same coast,"Different habitat
same coast"
S59,S71,0.9775775607365925,S59__S71,59,Coral,West,Cor_Pulau_Intan,6.242925,99.71689,71,Coral,East,Cor_Pulau_Redang,5.814393,103.009382,TRUE,FALSE,FALSE,Same habitat / different coast,"Same habitat
different coast"
S59,S73,0.8725393889722133,S59__S73,59,Coral,West,Cor_Pulau_Intan,6.242925,99.71689,73,Coral,East,Cor_Pulau_Redang,5.816677,103.007751,TRUE,FALSE,FALSE,Same habitat / different coast,"Same habitat
different coast"
S59,S74,0.8167712363097932,S59__S74,59,Coral,West,Cor_Pulau_Intan,6.242925,99.71689,74,Coral,East,Cor_Pulau_Redang,5.816281,103.005989,TRUE,FALSE,FALSE,Same habitat / different coast,"Same habitat
different coast"
S59,S75,0.8182875441841392,S59__S75,59,Coral,West,Cor_Pulau_Intan,6.242925,99.71689,75,Coral,East,Cor_Pulau_Redang,5.814536,103.006378,TRUE,FALSE,FALSE,Same habitat / different coast,"Same habitat
different coast"
S59,S77,0.6310141461586936,S59__S77,59,Coral,West,Cor_Pulau_Intan,6.242925,99.71689,77,Coral,East,Cor_Pulau_Bidong,5.624215,103.056647,TRUE,FALSE,FALSE,Same habitat / different coast,"Same habitat
different coast"
S59,S78,0.6517880472213675,S59__S78,59,Coral,West,Cor_Pulau_Intan,6.242925,99.71689,78,Coral,East,Cor_Pulau_Bidong,5.625977,103.057468,TRUE,FALSE,FALSE,Same habitat / different coast,"Same habitat
different coast"
S59,S80,0.706806055802321,S59__S80,59,Coral,West,Cor_Pulau_Intan,6.242925,99.71689,80,Coral,East,Cor_Pulau_Bidong,5.627685,103.059864,TRUE,FALSE,FALSE,Same habitat / different coast,"Same habitat
different coast"
S59,S86,0.5299341202625939,S59__S86,59,Coral,West,Cor_Pulau_Intan,6.242925,99.71689,86,Mangrove,West,Man_Penaga,5.517253,100.364968,FALSE,TRUE,FALSE,Different habitat / same coast,"Different habitat
same coast"
S59,S87,0.5337048925437785,S59__S87,59,Coral,West,Cor_Pulau_Intan,6.242925,99.71689,87,Mangrove,West,Man_Penaga,5.51815,100.366985,FALSE,TRUE,FALSE,Different habitat / same coast,"Different habitat
same coast"
S59,S88,0.728399834605877,S59__S88,59,Coral,West,Cor_Pulau_Intan,6.242925,99.71689,88,Mangrove,West,Man_Penaga,5.519453,100.369366,FALSE,TRUE,FALSE,Different habitat / same coast,"Different habitat
same coast"
S59,S89,0.7856156306673241,S59__S89,59,Coral,West,Cor_Pulau_Intan,6.242925,99.71689,89,Mangrove,West,Man_Penaga,5.520585,100.371383,FALSE,TRUE,FALSE,Different habitat / same coast,"Different habitat
same coast"
S59,S90,0.8232945871211064,S59__S90,59,Coral,West,Cor_Pulau_Intan,6.242925,99.71689,90,Mangrove,West,Man_Penaga,5.522977,100.372478,FALSE,TRUE,FALSE,Different habitat / same coast,"Different habitat
same coast"
S59,S91,0.43284962329752386,S59__S91,59,Coral,West,Cor_Pulau_Intan,6.242925,99.71689,91,Seagrass,West,SeG_Pulau_Kezambo,5.363009,100.324704,FALSE,TRUE,FALSE,Different habitat / same coast,"Different habitat
same coast"
S59,S92,0.39052586116612503,S59__S92,59,Coral,West,Cor_Pulau_Intan,6.242925,99.71689,92,Seagrass,West,SeG_Pulau_Kezambo,5.364814,100.324618,FALSE,TRUE,FALSE,Different habitat / same coast,"Different habitat
same coast"
S59,S93,0.3885900274362463,S59__S93,59,Coral,West,Cor_Pulau_Intan,6.242925,99.71689,93,Seagrass,West,SeG_Pulau_Kezambo,5.365017,100.326968,FALSE,TRUE,FALSE,Different habitat / same coast,"Different habitat
same coast"
S59,S94,0.49746282337771136,S59__S94,59,Coral,West,Cor_Pulau_Intan,6.242925,99.71689,94,Seagrass,West,SeG_Pulau_Kezambo,5.36303,100.327461,FALSE,TRUE,FALSE,Different habitat / same coast,"Different habitat
same coast"
S59,S95,0.4539613394370344,S59__S95,59,Coral,West,Cor_Pulau_Intan,6.242925,99.71689,95,Seagrass,West,SeG_Pulau_Kezambo,5.361535,100.325841,FALSE,TRUE,FALSE,Different habitat / same coast,"Different habitat
same coast"
S59,S96,0.6983048353159267,S59__S96,59,Coral,West,Cor_Pulau_Intan,6.242925,99.71689,96,Mangrove,West,Man_Kuala_Sepetang,4.78359,100.607457,FALSE,TRUE,FALSE,Different habitat / same coast,"Different habitat
same coast"
S59,S97,0.7081932236000918,S59__S97,59,Coral,West,Cor_Pulau_Intan,6.242925,99.71689,97,Mangrove,West,Man_Kuala_Sepetang,4.787012,100.612692,FALSE,TRUE,FALSE,Different habitat / same coast,"Different habitat
same coast"
S59,S98,0.6901649654187935,S59__S98,59,Coral,West,Cor_Pulau_Intan,6.242925,99.71689,98,Mangrove,West,Man_Kuala_Sepetang,4.788979,100.618615,FALSE,TRUE,FALSE,Different habitat / same coast,"Different habitat
same coast"
S59,S99,0.6737662420152453,S59__S99,59,Coral,West,Cor_Pulau_Intan,6.242925,99.71689,99,Mangrove,West,Man_Kuala_Sepetang,4.791801,100.624022,FALSE,TRUE,FALSE,Different habitat / same coast,"Different habitat
same coast"
S59,S100,0.7257757985022597,S100__S59,59,Coral,West,Cor_Pulau_Intan,6.242925,99.71689,100,Mangrove,West,Man_Kuala_Sepetang,4.797275,100.62634,FALSE,TRUE,FALSE,Different habitat / same coast,"Different habitat
same coast"
S59,S106,0.5759394699620766,S106__S59,59,Coral,West,Cor_Pulau_Intan,6.242925,99.71689,106,Mangrove,West,Man_Pulau_Ketam,3.024487,101.320359,FALSE,TRUE,FALSE,Different habitat / same coast,"Different habitat
same coast"
S59,S107,0.5381162651228537,S107__S59,59,Coral,West,Cor_Pulau_Intan,6.242925,99.71689,107,Mangrove,West,Man_Pulau_Ketam,3.021921,101.326184,FALSE,TRUE,FALSE,Different habitat / same coast,"Different habitat
same coast"
S59,S108,0.4487430181963038,S108__S59,59,Coral,West,Cor_Pulau_Intan,6.242925,99.71689,108,Mangrove,West,Man_Pulau_Ketam,3.014735,101.325529,FALSE,TRUE,FALSE,Different habitat / same coast,"Different habitat
same coast"
S59,S109,0.5081679415489382,S109__S59,59,Coral,West,Cor_Pulau_Intan,6.242925,99.71689,109,Mangrove,West,Man_Pulau_Ketam,3.016972,101.333548,FALSE,TRUE,FALSE,Different habitat / same coast,"Different habitat
same coast"
S59,S110,0.47471733335131394,S110__S59,59,Coral,West,Cor_Pulau_Intan,6.242925,99.71689,110,Mangrove,West,Man_Pulau_Ketam,3.01341,101.336968,FALSE,TRUE,FALSE,Different habitat / same coast,"Different habitat
same coast"
S60,S61,0.33056037232214974,S60__S61,60,Coral,West,Cor_Pulau_Intan,6.239442,99.719555,61,Mangrove,West,Man_Selat_Nyior,6.217682,99.829402,FALSE,TRUE,FALSE,Different habitat / same coast,"Different habitat
same coast"
S60,S62,0.39378603038681015,S60__S62,60,Coral,West,Cor_Pulau_Intan,6.239442,99.719555,62,Mangrove,West,Man_Selat_Nyior,6.220929,99.825029,FALSE,TRUE,FALSE,Different habitat / same coast,"Different habitat
same coast"
S60,S63,0.4174976349637098,S60__S63,60,Coral,West,Cor_Pulau_Intan,6.239442,99.719555,63,Mangrove,West,Man_Selat_Nyior,6.224728,99.821968,FALSE,TRUE,FALSE,Different habitat / same coast,"Different habitat
same coast"
S60,S64,0.40807258539446173,S60__S64,60,Coral,West,Cor_Pulau_Intan,6.239442,99.719555,64,Mangrove,West,Man_Selat_Nyior,6.228636,99.820188,FALSE,TRUE,FALSE,Different habitat / same coast,"Different habitat
same coast"
S60,S65,0.38619168296246376,S60__S65,60,Coral,West,Cor_Pulau_Intan,6.239442,99.719555,65,Mangrove,West,Man_Selat_Nyior,6.235251,99.818035,FALSE,TRUE,FALSE,Different habitat / same coast,"Different habitat
same coast"
S60,S66,0.3443125811204775,S60__S66,60,Coral,West,Cor_Pulau_Intan,6.239442,99.719555,66,Seagrass,West,SeG_Tanjung_Rhu,6.460722,99.827135,FALSE,TRUE,FALSE,Different habitat / same coast,"Different habitat
same coast"
S60,S67,0.26522058408625676,S60__S67,60,Coral,West,Cor_Pulau_Intan,6.239442,99.719555,67,Seagrass,West,SeG_Tanjung_Rhu,6.460835,99.825327,FALSE,TRUE,FALSE,Different habitat / same coast,"Different habitat
same coast"
S60,S68,0.23229455353537107,S60__S68,60,Coral,West,Cor_Pulau_Intan,6.239442,99.719555,68,Seagrass,West,SeG_Tanjung_Rhu,6.461043,99.823702,FALSE,TRUE,FALSE,Different habitat / same coast,"Different habitat
same coast"
S60,S69,0.2516300935668697,S60__S69,60,Coral,West,Cor_Pulau_Intan,6.239442,99.719555,69,Seagrass,West,SeG_Tanjung_Rhu,6.461208,99.823448,FALSE,TRUE,FALSE,Different habitat / same coast,"Different habitat
same coast"
S60,S70,0.22404485435316632,S60__S70,60,Coral,West,Cor_Pulau_Intan,6.239442,99.719555,70,Seagrass,West,SeG_Tanjung_Rhu,6.461547,99.819962,FALSE,TRUE,FALSE,Different habitat / same coast,"Different habitat
same coast"
S60,S71,0.9812365596950224,S60__S71,60,Coral,West,Cor_Pulau_Intan,6.239442,99.719555,71,Coral,East,Cor_Pulau_Redang,5.814393,103.009382,TRUE,FALSE,FALSE,Same habitat / different coast,"Same habitat
different coast"
S60,S73,0.8735788767982202,S60__S73,60,Coral,West,Cor_Pulau_Intan,6.239442,99.719555,73,Coral,East,Cor_Pulau_Redang,5.816677,103.007751,TRUE,FALSE,FALSE,Same habitat / different coast,"Same habitat
different coast"
S60,S74,0.8232459229979239,S60__S74,60,Coral,West,Cor_Pulau_Intan,6.239442,99.719555,74,Coral,East,Cor_Pulau_Redang,5.816281,103.005989,TRUE,FALSE,FALSE,Same habitat / different coast,"Same habitat
different coast"
S60,S75,0.8299641635133981,S60__S75,60,Coral,West,Cor_Pulau_Intan,6.239442,99.719555,75,Coral,East,Cor_Pulau_Redang,5.814536,103.006378,TRUE,FALSE,FALSE,Same habitat / different coast,"Same habitat
different coast"
S60,S77,0.6524775313454872,S60__S77,60,Coral,West,Cor_Pulau_Intan,6.239442,99.719555,77,Coral,East,Cor_Pulau_Bidong,5.624215,103.056647,TRUE,FALSE,FALSE,Same habitat / different coast,"Same habitat
different coast"
S60,S78,0.6846119157868726,S60__S78,60,Coral,West,Cor_Pulau_Intan,6.239442,99.719555,78,Coral,East,Cor_Pulau_Bidong,5.625977,103.057468,TRUE,FALSE,FALSE,Same habitat / different coast,"Same habitat
different coast"
S60,S80,0.7218456168309794,S60__S80,60,Coral,West,Cor_Pulau_Intan,6.239442,99.719555,80,Coral,East,Cor_Pulau_Bidong,5.627685,103.059864,TRUE,FALSE,FALSE,Same habitat / different coast,"Same habitat
different coast"
S60,S86,0.47850091692199537,S60__S86,60,Coral,West,Cor_Pulau_Intan,6.239442,99.719555,86,Mangrove,West,Man_Penaga,5.517253,100.364968,FALSE,TRUE,FALSE,Different habitat / same coast,"Different habitat
same coast"
S60,S87,0.47114963553125294,S60__S87,60,Coral,West,Cor_Pulau_Intan,6.239442,99.719555,87,Mangrove,West,Man_Penaga,5.51815,100.366985,FALSE,TRUE,FALSE,Different habitat / same coast,"Different habitat
same coast"
S60,S88,0.7133796860911715,S60__S88,60,Coral,West,Cor_Pulau_Intan,6.239442,99.719555,88,Mangrove,West,Man_Penaga,5.519453,100.369366,FALSE,TRUE,FALSE,Different habitat / same coast,"Different habitat
same coast"
S60,S89,0.7686109679598446,S60__S89,60,Coral,West,Cor_Pulau_Intan,6.239442,99.719555,89,Mangrove,West,Man_Penaga,5.520585,100.371383,FALSE,TRUE,FALSE,Different habitat / same coast,"Different habitat
same coast"
S60,S90,0.8070284343063164,S60__S90,60,Coral,West,Cor_Pulau_Intan,6.239442,99.719555,90,Mangrove,West,Man_Penaga,5.522977,100.372478,FALSE,TRUE,FALSE,Different habitat / same coast,"Different habitat
same coast"
S60,S91,0.4034219994184306,S60__S91,60,Coral,West,Cor_Pulau_Intan,6.239442,99.719555,91,Seagrass,West,SeG_Pulau_Kezambo,5.363009,100.324704,FALSE,TRUE,FALSE,Different habitat / same coast,"Different habitat
same coast"
S60,S92,0.3727831662699154,S60__S92,60,Coral,West,Cor_Pulau_Intan,6.239442,99.719555,92,Seagrass,West,SeG_Pulau_Kezambo,5.364814,100.324618,FALSE,TRUE,FALSE,Different habitat / same coast,"Different habitat
same coast"
S60,S93,0.35554266456189343,S60__S93,60,Coral,West,Cor_Pulau_Intan,6.239442,99.719555,93,Seagrass,West,SeG_Pulau_Kezambo,5.365017,100.326968,FALSE,TRUE,FALSE,Different habitat / same coast,"Different habitat
same coast"
S60,S94,0.5079184435509375,S60__S94,60,Coral,West,Cor_Pulau_Intan,6.239442,99.719555,94,Seagrass,West,SeG_Pulau_Kezambo,5.36303,100.327461,FALSE,TRUE,FALSE,Different habitat / same coast,"Different habitat
same coast"
S60,S95,0.441376338629537,S60__S95,60,Coral,West,Cor_Pulau_Intan,6.239442,99.719555,95,Seagrass,West,SeG_Pulau_Kezambo,5.361535,100.325841,FALSE,TRUE,FALSE,Different habitat / same coast,"Different habitat
same coast"
S60,S96,0.6859591825856485,S60__S96,60,Coral,West,Cor_Pulau_Intan,6.239442,99.719555,96,Mangrove,West,Man_Kuala_Sepetang,4.78359,100.607457,FALSE,TRUE,FALSE,Different habitat / same coast,"Different habitat
same coast"
S60,S97,0.7030174315070324,S60__S97,60,Coral,West,Cor_Pulau_Intan,6.239442,99.719555,97,Mangrove,West,Man_Kuala_Sepetang,4.787012,100.612692,FALSE,TRUE,FALSE,Different habitat / same coast,"Different habitat
same coast"
S60,S98,0.6813423378493891,S60__S98,60,Coral,West,Cor_Pulau_Intan,6.239442,99.719555,98,Mangrove,West,Man_Kuala_Sepetang,4.788979,100.618615,FALSE,TRUE,FALSE,Different habitat / same coast,"Different habitat
same coast"
S60,S99,0.6491696993951993,S60__S99,60,Coral,West,Cor_Pulau_Intan,6.239442,99.719555,99,Mangrove,West,Man_Kuala_Sepetang,4.791801,100.624022,FALSE,TRUE,FALSE,Different habitat / same coast,"Different habitat
same coast"
S60,S100,0.7144582321055515,S100__S60,60,Coral,West,Cor_Pulau_Intan,6.239442,99.719555,100,Mangrove,West,Man_Kuala_Sepetang,4.797275,100.62634,FALSE,TRUE,FALSE,Different habitat / same coast,"Different habitat
same coast"
S60,S106,0.5723360936063929,S106__S60,60,Coral,West,Cor_Pulau_Intan,6.239442,99.719555,106,Mangrove,West,Man_Pulau_Ketam,3.024487,101.320359,FALSE,TRUE,FALSE,Different habitat / same coast,"Different habitat
same coast"
S60,S107,0.5507154980957435,S107__S60,60,Coral,West,Cor_Pulau_Intan,6.239442,99.719555,107,Mangrove,West,Man_Pulau_Ketam,3.021921,101.326184,FALSE,TRUE,FALSE,Different habitat / same coast,"Different habitat
same coast"
S60,S108,0.4636822837790818,S108__S60,60,Coral,West,Cor_Pulau_Intan,6.239442,99.719555,108,Mangrove,West,Man_Pulau_Ketam,3.014735,101.325529,FALSE,TRUE,FALSE,Different habitat / same coast,"Different habitat
same coast"
S60,S109,0.5119735350223413,S109__S60,60,Coral,West,Cor_Pulau_Intan,6.239442,99.719555,109,Mangrove,West,Man_Pulau_Ketam,3.016972,101.333548,FALSE,TRUE,FALSE,Different habitat / same coast,"Different habitat
same coast"
S60,S110,0.42282205804646794,S110__S60,60,Coral,West,Cor_Pulau_Intan,6.239442,99.719555,110,Mangrove,West,Man_Pulau_Ketam,3.01341,101.336968,FALSE,TRUE,FALSE,Different habitat / same coast,"Different habitat
same coast"
S61,S66,0.3672243222304644,S61__S66,61,Mangrove,West,Man_Selat_Nyior,6.217682,99.829402,66,Seagrass,West,SeG_Tanjung_Rhu,6.460722,99.827135,FALSE,TRUE,FALSE,Different habitat / same coast,"Different habitat
same coast"
S61,S67,0.2763210245508297,S61__S67,61,Mangrove,West,Man_Selat_Nyior,6.217682,99.829402,67,Seagrass,West,SeG_Tanjung_Rhu,6.460835,99.825327,FALSE,TRUE,FALSE,Different habitat / same coast,"Different habitat
same coast"
S61,S68,0.2791019308356387,S61__S68,61,Mangrove,West,Man_Selat_Nyior,6.217682,99.829402,68,Seagrass,West,SeG_Tanjung_Rhu,6.461043,99.823702,FALSE,TRUE,FALSE,Different habitat / same coast,"Different habitat
same coast"
S61,S69,0.2641969686265058,S61__S69,61,Mangrove,West,Man_Selat_Nyior,6.217682,99.829402,69,Seagrass,West,SeG_Tanjung_Rhu,6.461208,99.823448,FALSE,TRUE,FALSE,Different habitat / same coast,"Different habitat
same coast"
S61,S70,0.30386475364255133,S61__S70,61,Mangrove,West,Man_Selat_Nyior,6.217682,99.829402,70,Seagrass,West,SeG_Tanjung_Rhu,6.461547,99.819962,FALSE,TRUE,FALSE,Different habitat / same coast,"Different habitat
same coast"
S61,S81,0.4939469255801932,S61__S81,61,Mangrove,West,Man_Selat_Nyior,6.217682,99.829402,81,Mangrove,East,Man_Merang,5.527989,102.944516,TRUE,FALSE,FALSE,Same habitat / different coast,"Same habitat
different coast"
S61,S82,0.45247617437522447,S61__S82,61,Mangrove,West,Man_Selat_Nyior,6.217682,99.829402,82,Mangrove,East,Man_Merang,5.526065,102.943286,TRUE,FALSE,FALSE,Same habitat / different coast,"Same habitat
different coast"
S61,S83,0.4579640587080004,S61__S83,61,Mangrove,West,Man_Selat_Nyior,6.217682,99.829402,83,Mangrove,East,Man_Merang,5.526248,102.941049,TRUE,FALSE,FALSE,Same habitat / different coast,"Same habitat
different coast"
S61,S84,0.4998465957773933,S61__S84,61,Mangrove,West,Man_Selat_Nyior,6.217682,99.829402,84,Mangrove,East,Man_Merang,5.528314,102.940522,TRUE,FALSE,FALSE,Same habitat / different coast,"Same habitat
different coast"
S61,S85,0.4957040378846641,S61__S85,61,Mangrove,West,Man_Selat_Nyior,6.217682,99.829402,85,Mangrove,East,Man_Merang,5.528731,102.938759,TRUE,FALSE,FALSE,Same habitat / different coast,"Same habitat
different coast"
S61,S91,0.3593748898747106,S61__S91,61,Mangrove,West,Man_Selat_Nyior,6.217682,99.829402,91,Seagrass,West,SeG_Pulau_Kezambo,5.363009,100.324704,FALSE,TRUE,FALSE,Different habitat / same coast,"Different habitat
same coast"
S61,S92,0.3029068426873843,S61__S92,61,Mangrove,West,Man_Selat_Nyior,6.217682,99.829402,92,Seagrass,West,SeG_Pulau_Kezambo,5.364814,100.324618,FALSE,TRUE,FALSE,Different habitat / same coast,"Different habitat
same coast"
S61,S93,0.3667699128264899,S61__S93,61,Mangrove,West,Man_Selat_Nyior,6.217682,99.829402,93,Seagrass,West,SeG_Pulau_Kezambo,5.365017,100.326968,FALSE,TRUE,FALSE,Different habitat / same coast,"Different habitat
same coast"
S61,S94,0.44103388223346934,S61__S94,61,Mangrove,West,Man_Selat_Nyior,6.217682,99.829402,94,Seagrass,West,SeG_Pulau_Kezambo,5.36303,100.327461,FALSE,TRUE,FALSE,Different habitat / same coast,"Different habitat
same coast"
S61,S95,0.36768224370293634,S61__S95,61,Mangrove,West,Man_Selat_Nyior,6.217682,99.829402,95,Seagrass,West,SeG_Pulau_Kezambo,5.361535,100.325841,FALSE,TRUE,FALSE,Different habitat / same coast,"Different habitat
same coast"
S61,S101,0.5799861868133299,S101__S61,61,Mangrove,West,Man_Selat_Nyior,6.217682,99.829402,101,Coral,West,Cor_Pulau_Pangkor,4.190014,100.572274,FALSE,TRUE,FALSE,Different habitat / same coast,"Different habitat
same coast"
S61,S102,0.6303508191127569,S102__S61,61,Mangrove,West,Man_Selat_Nyior,6.217682,99.829402,102,Coral,West,Cor_Pulau_Pangkor,4.187189,100.543949,FALSE,TRUE,FALSE,Different habitat / same coast,"Different habitat
same coast"
S61,S103,0.6072164193779324,S103__S61,61,Mangrove,West,Man_Selat_Nyior,6.217682,99.829402,103,Coral,West,Cor_Pulau_Pangkor,4.192025,100.537855,FALSE,TRUE,FALSE,Different habitat / same coast,"Different habitat
same coast"
S61,S104,0.5975363442430829,S104__S61,61,Mangrove,West,Man_Selat_Nyior,6.217682,99.829402,104,Coral,West,Cor_Pulau_Pangkor,4.203476,100.545476,FALSE,TRUE,FALSE,Different habitat / same coast,"Different habitat
same coast"
S61,S105,0.573890557485522,S105__S61,61,Mangrove,West,Man_Selat_Nyior,6.217682,99.829402,105,Coral,West,Cor_Pulau_Pangkor,4.194839,100.559803,FALSE,TRUE,FALSE,Different habitat / same coast,"Different habitat
same coast"
S62,S66,0.37929295137496577,S62__S66,62,Mangrove,West,Man_Selat_Nyior,6.220929,99.825029,66,Seagrass,West,SeG_Tanjung_Rhu,6.460722,99.827135,FALSE,TRUE,FALSE,Different habitat / same coast,"Different habitat
same coast"
S62,S67,0.324785188739721,S62__S67,62,Mangrove,West,Man_Selat_Nyior,6.220929,99.825029,67,Seagrass,West,SeG_Tanjung_Rhu,6.460835,99.825327,FALSE,TRUE,FALSE,Different habitat / same coast,"Different habitat
same coast"
S62,S68,0.3084874206639185,S62__S68,62,Mangrove,West,Man_Selat_Nyior,6.220929,99.825029,68,Seagrass,West,SeG_Tanjung_Rhu,6.461043,99.823702,FALSE,TRUE,FALSE,Different habitat / same coast,"Different habitat
same coast"
S62,S69,0.30572197714488236,S62__S69,62,Mangrove,West,Man_Selat_Nyior,6.220929,99.825029,69,Seagrass,West,SeG_Tanjung_Rhu,6.461208,99.823448,FALSE,TRUE,FALSE,Different habitat / same coast,"Different habitat
same coast"
S62,S70,0.369978121631136,S62__S70,62,Mangrove,West,Man_Selat_Nyior,6.220929,99.825029,70,Seagrass,West,SeG_Tanjung_Rhu,6.461547,99.819962,FALSE,TRUE,FALSE,Different habitat / same coast,"Different habitat
same coast"
S62,S81,0.53140904662461,S62__S81,62,Mangrove,West,Man_Selat_Nyior,6.220929,99.825029,81,Mangrove,East,Man_Merang,5.527989,102.944516,TRUE,FALSE,FALSE,Same habitat / different coast,"Same habitat
different coast"
S62,S82,0.4928374241819088,S62__S82,62,Mangrove,West,Man_Selat_Nyior,6.220929,99.825029,82,Mangrove,East,Man_Merang,5.526065,102.943286,TRUE,FALSE,FALSE,Same habitat / different coast,"Same habitat
different coast"
S62,S83,0.5021932853180012,S62__S83,62,Mangrove,West,Man_Selat_Nyior,6.220929,99.825029,83,Mangrove,East,Man_Merang,5.526248,102.941049,TRUE,FALSE,FALSE,Same habitat / different coast,"Same habitat
different coast"
S62,S84,0.5417432845407613,S62__S84,62,Mangrove,West,Man_Selat_Nyior,6.220929,99.825029,84,Mangrove,East,Man_Merang,5.528314,102.940522,TRUE,FALSE,FALSE,Same habitat / different coast,"Same habitat
different coast"
S62,S85,0.4985605758469444,S62__S85,62,Mangrove,West,Man_Selat_Nyior,6.220929,99.825029,85,Mangrove,East,Man_Merang,5.528731,102.938759,TRUE,FALSE,FALSE,Same habitat / different coast,"Same habitat
different coast"
S62,S91,0.3810777789987648,S62__S91,62,Mangrove,West,Man_Selat_Nyior,6.220929,99.825029,91,Seagrass,West,SeG_Pulau_Kezambo,5.363009,100.324704,FALSE,TRUE,FALSE,Different habitat / same coast,"Different habitat
same coast"
S62,S92,0.3611691737922608,S62__S92,62,Mangrove,West,Man_Selat_Nyior,6.220929,99.825029,92,Seagrass,West,SeG_Pulau_Kezambo,5.364814,100.324618,FALSE,TRUE,FALSE,Different habitat / same coast,"Different habitat
same coast"
S62,S93,0.40724128118826436,S62__S93,62,Mangrove,West,Man_Selat_Nyior,6.220929,99.825029,93,Seagrass,West,SeG_Pulau_Kezambo,5.365017,100.326968,FALSE,TRUE,FALSE,Different habitat / same coast,"Different habitat
same coast"
S62,S94,0.456069858188729,S62__S94,62,Mangrove,West,Man_Selat_Nyior,6.220929,99.825029,94,Seagrass,West,SeG_Pulau_Kezambo,5.36303,100.327461,FALSE,TRUE,FALSE,Different habitat / same coast,"Different habitat
same coast"
S62,S95,0.4012870570735786,S62__S95,62,Mangrove,West,Man_Selat_Nyior,6.220929,99.825029,95,Seagrass,West,SeG_Pulau_Kezambo,5.361535,100.325841,FALSE,TRUE,FALSE,Different habitat / same coast,"Different habitat
same coast"
S62,S101,0.6092483519101146,S101__S62,62,Mangrove,West,Man_Selat_Nyior,6.220929,99.825029,101,Coral,West,Cor_Pulau_Pangkor,4.190014,100.572274,FALSE,TRUE,FALSE,Different habitat / same coast,"Different habitat
same coast"
S62,S102,0.666566994809977,S102__S62,62,Mangrove,West,Man_Selat_Nyior,6.220929,99.825029,102,Coral,West,Cor_Pulau_Pangkor,4.187189,100.543949,FALSE,TRUE,FALSE,Different habitat / same coast,"Different habitat
same coast"
S62,S103,0.6437574111671438,S103__S62,62,Mangrove,West,Man_Selat_Nyior,6.220929,99.825029,103,Coral,West,Cor_Pulau_Pangkor,4.192025,100.537855,FALSE,TRUE,FALSE,Different habitat / same coast,"Different habitat
same coast"
S62,S104,0.6354372481166439,S104__S62,62,Mangrove,West,Man_Selat_Nyior,6.220929,99.825029,104,Coral,West,Cor_Pulau_Pangkor,4.203476,100.545476,FALSE,TRUE,FALSE,Different habitat / same coast,"Different habitat
same coast"
S62,S105,0.6163318425044255,S105__S62,62,Mangrove,West,Man_Selat_Nyior,6.220929,99.825029,105,Coral,West,Cor_Pulau_Pangkor,4.194839,100.559803,FALSE,TRUE,FALSE,Different habitat / same coast,"Different habitat
same coast"
S63,S66,0.3729617307214439,S63__S66,63,Mangrove,West,Man_Selat_Nyior,6.224728,99.821968,66,Seagrass,West,SeG_Tanjung_Rhu,6.460722,99.827135,FALSE,TRUE,FALSE,Different habitat / same coast,"Different habitat
same coast"
S63,S67,0.3188184579404176,S63__S67,63,Mangrove,West,Man_Selat_Nyior,6.224728,99.821968,67,Seagrass,West,SeG_Tanjung_Rhu,6.460835,99.825327,FALSE,TRUE,FALSE,Different habitat / same coast,"Different habitat
same coast"
S63,S68,0.3219868446324152,S63__S68,63,Mangrove,West,Man_Selat_Nyior,6.224728,99.821968,68,Seagrass,West,SeG_Tanjung_Rhu,6.461043,99.823702,FALSE,TRUE,FALSE,Different habitat / same coast,"Different habitat
same coast"
S63,S69,0.2852058737643237,S63__S69,63,Mangrove,West,Man_Selat_Nyior,6.224728,99.821968,69,Seagrass,West,SeG_Tanjung_Rhu,6.461208,99.823448,FALSE,TRUE,FALSE,Different habitat / same coast,"Different habitat
same coast"
S63,S70,0.3624766688903296,S63__S70,63,Mangrove,West,Man_Selat_Nyior,6.224728,99.821968,70,Seagrass,West,SeG_Tanjung_Rhu,6.461547,99.819962,FALSE,TRUE,FALSE,Different habitat / same coast,"Different habitat
same coast"
S63,S81,0.5243106415016747,S63__S81,63,Mangrove,West,Man_Selat_Nyior,6.224728,99.821968,81,Mangrove,East,Man_Merang,5.527989,102.944516,TRUE,FALSE,FALSE,Same habitat / different coast,"Same habitat
different coast"
S63,S82,0.484664024819189,S63__S82,63,Mangrove,West,Man_Selat_Nyior,6.224728,99.821968,82,Mangrove,East,Man_Merang,5.526065,102.943286,TRUE,FALSE,FALSE,Same habitat / different coast,"Same habitat
different coast"
S63,S83,0.49113367746118247,S63__S83,63,Mangrove,West,Man_Selat_Nyior,6.224728,99.821968,83,Mangrove,East,Man_Merang,5.526248,102.941049,TRUE,FALSE,FALSE,Same habitat / different coast,"Same habitat
different coast"
S63,S84,0.5287034964579802,S63__S84,63,Mangrove,West,Man_Selat_Nyior,6.224728,99.821968,84,Mangrove,East,Man_Merang,5.528314,102.940522,TRUE,FALSE,FALSE,Same habitat / different coast,"Same habitat
different coast"
S63,S85,0.483132839870832,S63__S85,63,Mangrove,West,Man_Selat_Nyior,6.224728,99.821968,85,Mangrove,East,Man_Merang,5.528731,102.938759,TRUE,FALSE,FALSE,Same habitat / different coast,"Same habitat
different coast"
S63,S91,0.4039075290237908,S63__S91,63,Mangrove,West,Man_Selat_Nyior,6.224728,99.821968,91,Seagrass,West,SeG_Pulau_Kezambo,5.363009,100.324704,FALSE,TRUE,FALSE,Different habitat / same coast,"Different habitat
same coast"
S63,S92,0.36388457987918105,S63__S92,63,Mangrove,West,Man_Selat_Nyior,6.224728,99.821968,92,Seagrass,West,SeG_Pulau_Kezambo,5.364814,100.324618,FALSE,TRUE,FALSE,Different habitat / same coast,"Different habitat
same coast"
S63,S93,0.41203234469366307,S63__S93,63,Mangrove,West,Man_Selat_Nyior,6.224728,99.821968,93,Seagrass,West,SeG_Pulau_Kezambo,5.365017,100.326968,FALSE,TRUE,FALSE,Different habitat / same coast,"Different habitat
same coast"
S63,S94,0.4458240844714328,S63__S94,63,Mangrove,West,Man_Selat_Nyior,6.224728,99.821968,94,Seagrass,West,SeG_Pulau_Kezambo,5.36303,100.327461,FALSE,TRUE,FALSE,Different habitat / same coast,"Different habitat
same coast"
S63,S95,0.41865787953950656,S63__S95,63,Mangrove,West,Man_Selat_Nyior,6.224728,99.821968,95,Seagrass,West,SeG_Pulau_Kezambo,5.361535,100.325841,FALSE,TRUE,FALSE,Different habitat / same coast,"Different habitat
same coast"
S63,S101,0.6083784512175606,S101__S63,63,Mangrove,West,Man_Selat_Nyior,6.224728,99.821968,101,Coral,West,Cor_Pulau_Pangkor,4.190014,100.572274,FALSE,TRUE,FALSE,Different habitat / same coast,"Different habitat
same coast"
S63,S102,0.6588700725138915,S102__S63,63,Mangrove,West,Man_Selat_Nyior,6.224728,99.821968,102,Coral,West,Cor_Pulau_Pangkor,4.187189,100.543949,FALSE,TRUE,FALSE,Different habitat / same coast,"Different habitat
same coast"
S63,S103,0.6247183438909121,S103__S63,63,Mangrove,West,Man_Selat_Nyior,6.224728,99.821968,103,Coral,West,Cor_Pulau_Pangkor,4.192025,100.537855,FALSE,TRUE,FALSE,Different habitat / same coast,"Different habitat
same coast"
S63,S104,0.6257338998597909,S104__S63,63,Mangrove,West,Man_Selat_Nyior,6.224728,99.821968,104,Coral,West,Cor_Pulau_Pangkor,4.203476,100.545476,FALSE,TRUE,FALSE,Different habitat / same coast,"Different habitat
same coast"
S63,S105,0.6049981546156388,S105__S63,63,Mangrove,West,Man_Selat_Nyior,6.224728,99.821968,105,Coral,West,Cor_Pulau_Pangkor,4.194839,100.559803,FALSE,TRUE,FALSE,Different habitat / same coast,"Different habitat
same coast"
S64,S66,0.43967847714851577,S64__S66,64,Mangrove,West,Man_Selat_Nyior,6.228636,99.820188,66,Seagrass,West,SeG_Tanjung_Rhu,6.460722,99.827135,FALSE,TRUE,FALSE,Different habitat / same coast,"Different habitat
same coast"
S64,S67,0.35749270555315726,S64__S67,64,Mangrove,West,Man_Selat_Nyior,6.228636,99.820188,67,Seagrass,West,SeG_Tanjung_Rhu,6.460835,99.825327,FALSE,TRUE,FALSE,Different habitat / same coast,"Different habitat
same coast"
S64,S68,0.3331621626096708,S64__S68,64,Mangrove,West,Man_Selat_Nyior,6.228636,99.820188,68,Seagrass,West,SeG_Tanjung_Rhu,6.461043,99.823702,FALSE,TRUE,FALSE,Different habitat / same coast,"Different habitat
same coast"
S64,S69,0.35208827268352355,S64__S69,64,Mangrove,West,Man_Selat_Nyior,6.228636,99.820188,69,Seagrass,West,SeG_Tanjung_Rhu,6.461208,99.823448,FALSE,TRUE,FALSE,Different habitat / same coast,"Different habitat
same coast"
S64,S70,0.40874410734009636,S64__S70,64,Mangrove,West,Man_Selat_Nyior,6.228636,99.820188,70,Seagrass,West,SeG_Tanjung_Rhu,6.461547,99.819962,FALSE,TRUE,FALSE,Different habitat / same coast,"Different habitat
same coast"
S64,S81,0.4973052199130843,S64__S81,64,Mangrove,West,Man_Selat_Nyior,6.228636,99.820188,81,Mangrove,East,Man_Merang,5.527989,102.944516,TRUE,FALSE,FALSE,Same habitat / different coast,"Same habitat
different coast"
S64,S82,0.4544857471916315,S64__S82,64,Mangrove,West,Man_Selat_Nyior,6.228636,99.820188,82,Mangrove,East,Man_Merang,5.526065,102.943286,TRUE,FALSE,FALSE,Same habitat / different coast,"Same habitat
different coast"
S64,S83,0.46284351363875725,S64__S83,64,Mangrove,West,Man_Selat_Nyior,6.228636,99.820188,83,Mangrove,East,Man_Merang,5.526248,102.941049,TRUE,FALSE,FALSE,Same habitat / different coast,"Same habitat
different coast"
S64,S84,0.503645235576481,S64__S84,64,Mangrove,West,Man_Selat_Nyior,6.228636,99.820188,84,Mangrove,East,Man_Merang,5.528314,102.940522,TRUE,FALSE,FALSE,Same habitat / different coast,"Same habitat
different coast"
S64,S85,0.47529270971560444,S64__S85,64,Mangrove,West,Man_Selat_Nyior,6.228636,99.820188,85,Mangrove,East,Man_Merang,5.528731,102.938759,TRUE,FALSE,FALSE,Same habitat / different coast,"Same habitat
different coast"
S64,S91,0.33079628469208666,S64__S91,64,Mangrove,West,Man_Selat_Nyior,6.228636,99.820188,91,Seagrass,West,SeG_Pulau_Kezambo,5.363009,100.324704,FALSE,TRUE,FALSE,Different habitat / same coast,"Different habitat
same coast"
S64,S92,0.3571781790454096,S64__S92,64,Mangrove,West,Man_Selat_Nyior,6.228636,99.820188,92,Seagrass,West,SeG_Pulau_Kezambo,5.364814,100.324618,FALSE,TRUE,FALSE,Different habitat / same coast,"Different habitat
same coast"
S64,S93,0.4112813046454037,S64__S93,64,Mangrove,West,Man_Selat_Nyior,6.228636,99.820188,93,Seagrass,West,SeG_Pulau_Kezambo,5.365017,100.326968,FALSE,TRUE,FALSE,Different habitat / same coast,"Different habitat
same coast"
S64,S94,0.5003597422909388,S64__S94,64,Mangrove,West,Man_Selat_Nyior,6.228636,99.820188,94,Seagrass,West,SeG_Pulau_Kezambo,5.36303,100.327461,FALSE,TRUE,FALSE,Different habitat / same coast,"Different habitat
same coast"
S64,S95,0.3697728471396401,S64__S95,64,Mangrove,West,Man_Selat_Nyior,6.228636,99.820188,95,Seagrass,West,SeG_Pulau_Kezambo,5.361535,100.325841,FALSE,TRUE,FALSE,Different habitat / same coast,"Different habitat
same coast"
S64,S101,0.6558855315583391,S101__S64,64,Mangrove,West,Man_Selat_Nyior,6.228636,99.820188,101,Coral,West,Cor_Pulau_Pangkor,4.190014,100.572274,FALSE,TRUE,FALSE,Different habitat / same coast,"Different habitat
same coast"
S64,S102,0.7074802385721431,S102__S64,64,Mangrove,West,Man_Selat_Nyior,6.228636,99.820188,102,Coral,West,Cor_Pulau_Pangkor,4.187189,100.543949,FALSE,TRUE,FALSE,Different habitat / same coast,"Different habitat
same coast"
S64,S103,0.6836078049996072,S103__S64,64,Mangrove,West,Man_Selat_Nyior,6.228636,99.820188,103,Coral,West,Cor_Pulau_Pangkor,4.192025,100.537855,FALSE,TRUE,FALSE,Different habitat / same coast,"Different habitat
same coast"
S64,S104,0.680950549074276,S104__S64,64,Mangrove,West,Man_Selat_Nyior,6.228636,99.820188,104,Coral,West,Cor_Pulau_Pangkor,4.203476,100.545476,FALSE,TRUE,FALSE,Different habitat / same coast,"Different habitat
same coast"
S64,S105,0.6588401572139236,S105__S64,64,Mangrove,West,Man_Selat_Nyior,6.228636,99.820188,105,Coral,West,Cor_Pulau_Pangkor,4.194839,100.559803,FALSE,TRUE,FALSE,Different habitat / same coast,"Different habitat
same coast"
S65,S66,0.43208459333654903,S65__S66,65,Mangrove,West,Man_Selat_Nyior,6.235251,99.818035,66,Seagrass,West,SeG_Tanjung_Rhu,6.460722,99.827135,FALSE,TRUE,FALSE,Different habitat / same coast,"Different habitat
same coast"
S65,S67,0.34849934141436967,S65__S67,65,Mangrove,West,Man_Selat_Nyior,6.235251,99.818035,67,Seagrass,West,SeG_Tanjung_Rhu,6.460835,99.825327,FALSE,TRUE,FALSE,Different habitat / same coast,"Different habitat
same coast"
S65,S68,0.33065887196786614,S65__S68,65,Mangrove,West,Man_Selat_Nyior,6.235251,99.818035,68,Seagrass,West,SeG_Tanjung_Rhu,6.461043,99.823702,FALSE,TRUE,FALSE,Different habitat / same coast,"Different habitat
same coast"
S65,S69,0.3236373609311806,S65__S69,65,Mangrove,West,Man_Selat_Nyior,6.235251,99.818035,69,Seagrass,West,SeG_Tanjung_Rhu,6.461208,99.823448,FALSE,TRUE,FALSE,Different habitat / same coast,"Different habitat
same coast"
S65,S70,0.38419102780728565,S65__S70,65,Mangrove,West,Man_Selat_Nyior,6.235251,99.818035,70,Seagrass,West,SeG_Tanjung_Rhu,6.461547,99.819962,FALSE,TRUE,FALSE,Different habitat / same coast,"Different habitat
same coast"
S65,S81,0.49661176672624124,S65__S81,65,Mangrove,West,Man_Selat_Nyior,6.235251,99.818035,81,Mangrove,East,Man_Merang,5.527989,102.944516,TRUE,FALSE,FALSE,Same habitat / different coast,"Same habitat
different coast"
S65,S82,0.45545404426532865,S65__S82,65,Mangrove,West,Man_Selat_Nyior,6.235251,99.818035,82,Mangrove,East,Man_Merang,5.526065,102.943286,TRUE,FALSE,FALSE,Same habitat / different coast,"Same habitat
different coast"
S65,S83,0.4707606495883178,S65__S83,65,Mangrove,West,Man_Selat_Nyior,6.235251,99.818035,83,Mangrove,East,Man_Merang,5.526248,102.941049,TRUE,FALSE,FALSE,Same habitat / different coast,"Same habitat
different coast"
S65,S84,0.5032682714582244,S65__S84,65,Mangrove,West,Man_Selat_Nyior,6.235251,99.818035,84,Mangrove,East,Man_Merang,5.528314,102.940522,TRUE,FALSE,FALSE,Same habitat / different coast,"Same habitat
different coast"
S65,S85,0.4717634463566281,S65__S85,65,Mangrove,West,Man_Selat_Nyior,6.235251,99.818035,85,Mangrove,East,Man_Merang,5.528731,102.938759,TRUE,FALSE,FALSE,Same habitat / different coast,"Same habitat
different coast"
S65,S91,0.33689016760488416,S65__S91,65,Mangrove,West,Man_Selat_Nyior,6.235251,99.818035,91,Seagrass,West,SeG_Pulau_Kezambo,5.363009,100.324704,FALSE,TRUE,FALSE,Different habitat / same coast,"Different habitat
same coast"
S65,S92,0.3514597797478446,S65__S92,65,Mangrove,West,Man_Selat_Nyior,6.235251,99.818035,92,Seagrass,West,SeG_Pulau_Kezambo,5.364814,100.324618,FALSE,TRUE,FALSE,Different habitat / same coast,"Different habitat
same coast"
S65,S93,0.40788092327692366,S65__S93,65,Mangrove,West,Man_Selat_Nyior,6.235251,99.818035,93,Seagrass,West,SeG_Pulau_Kezambo,5.365017,100.326968,FALSE,TRUE,FALSE,Different habitat / same coast,"Different habitat
same coast"
S65,S94,0.48670476891614467,S65__S94,65,Mangrove,West,Man_Selat_Nyior,6.235251,99.818035,94,Seagrass,West,SeG_Pulau_Kezambo,5.36303,100.327461,FALSE,TRUE,FALSE,Different habitat / same coast,"Different habitat
same coast"
S65,S95,0.3621463726370879,S65__S95,65,Mangrove,West,Man_Selat_Nyior,6.235251,99.818035,95,Seagrass,West,SeG_Pulau_Kezambo,5.361535,100.325841,FALSE,TRUE,FALSE,Different habitat / same coast,"Different habitat
same coast"
S65,S101,0.65051372053751,S101__S65,65,Mangrove,West,Man_Selat_Nyior,6.235251,99.818035,101,Coral,West,Cor_Pulau_Pangkor,4.190014,100.572274,FALSE,TRUE,FALSE,Different habitat / same coast,"Different habitat
same coast"
S65,S102,0.7047657237042516,S102__S65,65,Mangrove,West,Man_Selat_Nyior,6.235251,99.818035,102,Coral,West,Cor_Pulau_Pangkor,4.187189,100.543949,FALSE,TRUE,FALSE,Different habitat / same coast,"Different habitat
same coast"
S65,S103,0.6714028600400737,S103__S65,65,Mangrove,West,Man_Selat_Nyior,6.235251,99.818035,103,Coral,West,Cor_Pulau_Pangkor,4.192025,100.537855,FALSE,TRUE,FALSE,Different habitat / same coast,"Different habitat
same coast"
S65,S104,0.67281036390787,S104__S65,65,Mangrove,West,Man_Selat_Nyior,6.235251,99.818035,104,Coral,West,Cor_Pulau_Pangkor,4.203476,100.545476,FALSE,TRUE,FALSE,Different habitat / same coast,"Different habitat
same coast"
S65,S105,0.6488131324291341,S105__S65,65,Mangrove,West,Man_Selat_Nyior,6.235251,99.818035,105,Coral,West,Cor_Pulau_Pangkor,4.194839,100.559803,FALSE,TRUE,FALSE,Different habitat / same coast,"Different habitat
same coast"
S66,S86,0.5702102073028956,S66__S86,66,Seagrass,West,SeG_Tanjung_Rhu,6.460722,99.827135,86,Mangrove,West,Man_Penaga,5.517253,100.364968,FALSE,TRUE,FALSE,Different habitat / same coast,"Different habitat
same coast"
S66,S87,0.5283079826825428,S66__S87,66,Seagrass,West,SeG_Tanjung_Rhu,6.460722,99.827135,87,Mangrove,West,Man_Penaga,5.51815,100.366985,FALSE,TRUE,FALSE,Different habitat / same coast,"Different habitat
same coast"
S66,S88,0.666612162283906,S66__S88,66,Seagrass,West,SeG_Tanjung_Rhu,6.460722,99.827135,88,Mangrove,West,Man_Penaga,5.519453,100.369366,FALSE,TRUE,FALSE,Different habitat / same coast,"Different habitat
same coast"
S66,S89,0.7181454450528145,S66__S89,66,Seagrass,West,SeG_Tanjung_Rhu,6.460722,99.827135,89,Mangrove,West,Man_Penaga,5.520585,100.371383,FALSE,TRUE,FALSE,Different habitat / same coast,"Different habitat
same coast"
S66,S90,0.770021156338954,S66__S90,66,Seagrass,West,SeG_Tanjung_Rhu,6.460722,99.827135,90,Mangrove,West,Man_Penaga,5.522977,100.372478,FALSE,TRUE,FALSE,Different habitat / same coast,"Different habitat
same coast"
S66,S96,0.6265868248485721,S66__S96,66,Seagrass,West,SeG_Tanjung_Rhu,6.460722,99.827135,96,Mangrove,West,Man_Kuala_Sepetang,4.78359,100.607457,FALSE,TRUE,FALSE,Different habitat / same coast,"Different habitat
same coast"
S66,S97,0.6406007186383268,S66__S97,66,Seagrass,West,SeG_Tanjung_Rhu,6.460722,99.827135,97,Mangrove,West,Man_Kuala_Sepetang,4.787012,100.612692,FALSE,TRUE,FALSE,Different habitat / same coast,"Different habitat
same coast"
S66,S98,0.6099294795308977,S66__S98,66,Seagrass,West,SeG_Tanjung_Rhu,6.460722,99.827135,98,Mangrove,West,Man_Kuala_Sepetang,4.788979,100.618615,FALSE,TRUE,FALSE,Different habitat / same coast,"Different habitat
same coast"
S66,S99,0.5926724014090945,S66__S99,66,Seagrass,West,SeG_Tanjung_Rhu,6.460722,99.827135,99,Mangrove,West,Man_Kuala_Sepetang,4.791801,100.624022,FALSE,TRUE,FALSE,Different habitat / same coast,"Different habitat
same coast"
S66,S100,0.6446409390532063,S100__S66,66,Seagrass,West,SeG_Tanjung_Rhu,6.460722,99.827135,100,Mangrove,West,Man_Kuala_Sepetang,4.797275,100.62634,FALSE,TRUE,FALSE,Different habitat / same coast,"Different habitat
same coast"
S66,S101,0.4767117303305667,S101__S66,66,Seagrass,West,SeG_Tanjung_Rhu,6.460722,99.827135,101,Coral,West,Cor_Pulau_Pangkor,4.190014,100.572274,FALSE,TRUE,FALSE,Different habitat / same coast,"Different habitat
same coast"
S66,S102,0.37841644240644295,S102__S66,66,Seagrass,West,SeG_Tanjung_Rhu,6.460722,99.827135,102,Coral,West,Cor_Pulau_Pangkor,4.187189,100.543949,FALSE,TRUE,FALSE,Different habitat / same coast,"Different habitat
same coast"
S66,S103,0.34767996338083845,S103__S66,66,Seagrass,West,SeG_Tanjung_Rhu,6.460722,99.827135,103,Coral,West,Cor_Pulau_Pangkor,4.192025,100.537855,FALSE,TRUE,FALSE,Different habitat / same coast,"Different habitat
same coast"
S66,S104,0.3326390245866242,S104__S66,66,Seagrass,West,SeG_Tanjung_Rhu,6.460722,99.827135,104,Coral,West,Cor_Pulau_Pangkor,4.203476,100.545476,FALSE,TRUE,FALSE,Different habitat / same coast,"Different habitat
same coast"
S66,S105,0.3248325817676754,S105__S66,66,Seagrass,West,SeG_Tanjung_Rhu,6.460722,99.827135,105,Coral,West,Cor_Pulau_Pangkor,4.194839,100.559803,FALSE,TRUE,FALSE,Different habitat / same coast,"Different habitat
same coast"
S66,S106,0.48028594971779354,S106__S66,66,Seagrass,West,SeG_Tanjung_Rhu,6.460722,99.827135,106,Mangrove,West,Man_Pulau_Ketam,3.024487,101.320359,FALSE,TRUE,FALSE,Different habitat / same coast,"Different habitat
same coast"
S66,S107,0.523976873223224,S107__S66,66,Seagrass,West,SeG_Tanjung_Rhu,6.460722,99.827135,107,Mangrove,West,Man_Pulau_Ketam,3.021921,101.326184,FALSE,TRUE,FALSE,Different habitat / same coast,"Different habitat
same coast"
S66,S108,0.45317363971449565,S108__S66,66,Seagrass,West,SeG_Tanjung_Rhu,6.460722,99.827135,108,Mangrove,West,Man_Pulau_Ketam,3.014735,101.325529,FALSE,TRUE,FALSE,Different habitat / same coast,"Different habitat
same coast"
S66,S109,0.5445988069965326,S109__S66,66,Seagrass,West,SeG_Tanjung_Rhu,6.460722,99.827135,109,Mangrove,West,Man_Pulau_Ketam,3.016972,101.333548,FALSE,TRUE,FALSE,Different habitat / same coast,"Different habitat
same coast"
S66,S110,0.4535525593896649,S110__S66,66,Seagrass,West,SeG_Tanjung_Rhu,6.460722,99.827135,110,Mangrove,West,Man_Pulau_Ketam,3.01341,101.336968,FALSE,TRUE,FALSE,Different habitat / same coast,"Different habitat
same coast"
S67,S86,0.5042872580315655,S67__S86,67,Seagrass,West,SeG_Tanjung_Rhu,6.460835,99.825327,86,Mangrove,West,Man_Penaga,5.517253,100.364968,FALSE,TRUE,FALSE,Different habitat / same coast,"Different habitat
same coast"
S67,S87,0.48631123597909287,S67__S87,67,Seagrass,West,SeG_Tanjung_Rhu,6.460835,99.825327,87,Mangrove,West,Man_Penaga,5.51815,100.366985,FALSE,TRUE,FALSE,Different habitat / same coast,"Different habitat
same coast"
S67,S88,0.6746704273636424,S67__S88,67,Seagrass,West,SeG_Tanjung_Rhu,6.460835,99.825327,88,Mangrove,West,Man_Penaga,5.519453,100.369366,FALSE,TRUE,FALSE,Different habitat / same coast,"Different habitat
same coast"
S67,S89,0.7309034996281797,S67__S89,67,Seagrass,West,SeG_Tanjung_Rhu,6.460835,99.825327,89,Mangrove,West,Man_Penaga,5.520585,100.371383,FALSE,TRUE,FALSE,Different habitat / same coast,"Different habitat
same coast"
S67,S90,0.7696390268416986,S67__S90,67,Seagrass,West,SeG_Tanjung_Rhu,6.460835,99.825327,90,Mangrove,West,Man_Penaga,5.522977,100.372478,FALSE,TRUE,FALSE,Different habitat / same coast,"Different habitat
same coast"
S67,S96,0.5931090591304258,S67__S96,67,Seagrass,West,SeG_Tanjung_Rhu,6.460835,99.825327,96,Mangrove,West,Man_Kuala_Sepetang,4.78359,100.607457,FALSE,TRUE,FALSE,Different habitat / same coast,"Different habitat
same coast"
S67,S97,0.6067311491530692,S67__S97,67,Seagrass,West,SeG_Tanjung_Rhu,6.460835,99.825327,97,Mangrove,West,Man_Kuala_Sepetang,4.787012,100.612692,FALSE,TRUE,FALSE,Different habitat / same coast,"Different habitat
same coast"
S67,S98,0.5860870576032272,S67__S98,67,Seagrass,West,SeG_Tanjung_Rhu,6.460835,99.825327,98,Mangrove,West,Man_Kuala_Sepetang,4.788979,100.618615,FALSE,TRUE,FALSE,Different habitat / same coast,"Different habitat
same coast"
S67,S99,0.5578178175078905,S67__S99,67,Seagrass,West,SeG_Tanjung_Rhu,6.460835,99.825327,99,Mangrove,West,Man_Kuala_Sepetang,4.791801,100.624022,FALSE,TRUE,FALSE,Different habitat / same coast,"Different habitat
same coast"
S67,S100,0.6294571825482804,S100__S67,67,Seagrass,West,SeG_Tanjung_Rhu,6.460835,99.825327,100,Mangrove,West,Man_Kuala_Sepetang,4.797275,100.62634,FALSE,TRUE,FALSE,Different habitat / same coast,"Different habitat
same coast"
S67,S101,0.4626011137126576,S101__S67,67,Seagrass,West,SeG_Tanjung_Rhu,6.460835,99.825327,101,Coral,West,Cor_Pulau_Pangkor,4.190014,100.572274,FALSE,TRUE,FALSE,Different habitat / same coast,"Different habitat
same coast"
S67,S102,0.4287930836030044,S102__S67,67,Seagrass,West,SeG_Tanjung_Rhu,6.460835,99.825327,102,Coral,West,Cor_Pulau_Pangkor,4.187189,100.543949,FALSE,TRUE,FALSE,Different habitat / same coast,"Different habitat
same coast"
S67,S103,0.4012366013494487,S103__S67,67,Seagrass,West,SeG_Tanjung_Rhu,6.460835,99.825327,103,Coral,West,Cor_Pulau_Pangkor,4.192025,100.537855,FALSE,TRUE,FALSE,Different habitat / same coast,"Different habitat
same coast"
S67,S104,0.391287245436363,S104__S67,67,Seagrass,West,SeG_Tanjung_Rhu,6.460835,99.825327,104,Coral,West,Cor_Pulau_Pangkor,4.203476,100.545476,FALSE,TRUE,FALSE,Different habitat / same coast,"Different habitat
same coast"
S67,S105,0.3831067592255298,S105__S67,67,Seagrass,West,SeG_Tanjung_Rhu,6.460835,99.825327,105,Coral,West,Cor_Pulau_Pangkor,4.194839,100.559803,FALSE,TRUE,FALSE,Different habitat / same coast,"Different habitat
same coast"
S67,S106,0.4512319560390954,S106__S67,67,Seagrass,West,SeG_Tanjung_Rhu,6.460835,99.825327,106,Mangrove,West,Man_Pulau_Ketam,3.024487,101.320359,FALSE,TRUE,FALSE,Different habitat / same coast,"Different habitat
same coast"
S67,S107,0.48046598716253447,S107__S67,67,Seagrass,West,SeG_Tanjung_Rhu,6.460835,99.825327,107,Mangrove,West,Man_Pulau_Ketam,3.021921,101.326184,FALSE,TRUE,FALSE,Different habitat / same coast,"Different habitat
same coast"
S67,S108,0.4128801222098051,S108__S67,67,Seagrass,West,SeG_Tanjung_Rhu,6.460835,99.825327,108,Mangrove,West,Man_Pulau_Ketam,3.014735,101.325529,FALSE,TRUE,FALSE,Different habitat / same coast,"Different habitat
same coast"
S67,S109,0.49983977430166054,S109__S67,67,Seagrass,West,SeG_Tanjung_Rhu,6.460835,99.825327,109,Mangrove,West,Man_Pulau_Ketam,3.016972,101.333548,FALSE,TRUE,FALSE,Different habitat / same coast,"Different habitat
same coast"
S67,S110,0.42520643565720284,S110__S67,67,Seagrass,West,SeG_Tanjung_Rhu,6.460835,99.825327,110,Mangrove,West,Man_Pulau_Ketam,3.01341,101.336968,FALSE,TRUE,FALSE,Different habitat / same coast,"Different habitat
same coast"
S68,S86,0.4871300566899916,S68__S86,68,Seagrass,West,SeG_Tanjung_Rhu,6.461043,99.823702,86,Mangrove,West,Man_Penaga,5.517253,100.364968,FALSE,TRUE,FALSE,Different habitat / same coast,"Different habitat
same coast"
S68,S87,0.4554491808449006,S68__S87,68,Seagrass,West,SeG_Tanjung_Rhu,6.461043,99.823702,87,Mangrove,West,Man_Penaga,5.51815,100.366985,FALSE,TRUE,FALSE,Different habitat / same coast,"Different habitat
same coast"
S68,S88,0.6585481021650561,S68__S88,68,Seagrass,West,SeG_Tanjung_Rhu,6.461043,99.823702,88,Mangrove,West,Man_Penaga,5.519453,100.369366,FALSE,TRUE,FALSE,Different habitat / same coast,"Different habitat
same coast"
S68,S89,0.7180958021385471,S68__S89,68,Seagrass,West,SeG_Tanjung_Rhu,6.461043,99.823702,89,Mangrove,West,Man_Penaga,5.520585,100.371383,FALSE,TRUE,FALSE,Different habitat / same coast,"Different habitat
same coast"
S68,S90,0.757700025319741,S68__S90,68,Seagrass,West,SeG_Tanjung_Rhu,6.461043,99.823702,90,Mangrove,West,Man_Penaga,5.522977,100.372478,FALSE,TRUE,FALSE,Different habitat / same coast,"Different habitat
same coast"
S68,S96,0.5998069411872295,S68__S96,68,Seagrass,West,SeG_Tanjung_Rhu,6.461043,99.823702,96,Mangrove,West,Man_Kuala_Sepetang,4.78359,100.607457,FALSE,TRUE,FALSE,Different habitat / same coast,"Different habitat
same coast"
S68,S97,0.6164978352173354,S68__S97,68,Seagrass,West,SeG_Tanjung_Rhu,6.461043,99.823702,97,Mangrove,West,Man_Kuala_Sepetang,4.787012,100.612692,FALSE,TRUE,FALSE,Different habitat / same coast,"Different habitat
same coast"
S68,S98,0.581026910557339,S68__S98,68,Seagrass,West,SeG_Tanjung_Rhu,6.461043,99.823702,98,Mangrove,West,Man_Kuala_Sepetang,4.788979,100.618615,FALSE,TRUE,FALSE,Different habitat / same coast,"Different habitat
same coast"
S68,S99,0.5388872166852844,S68__S99,68,Seagrass,West,SeG_Tanjung_Rhu,6.461043,99.823702,99,Mangrove,West,Man_Kuala_Sepetang,4.791801,100.624022,FALSE,TRUE,FALSE,Different habitat / same coast,"Different habitat
same coast"
S68,S100,0.6260497554317926,S100__S68,68,Seagrass,West,SeG_Tanjung_Rhu,6.461043,99.823702,100,Mangrove,West,Man_Kuala_Sepetang,4.797275,100.62634,FALSE,TRUE,FALSE,Different habitat / same coast,"Different habitat
same coast"
S68,S101,0.4514907568501915,S101__S68,68,Seagrass,West,SeG_Tanjung_Rhu,6.461043,99.823702,101,Coral,West,Cor_Pulau_Pangkor,4.190014,100.572274,FALSE,TRUE,FALSE,Different habitat / same coast,"Different habitat
same coast"
S68,S102,0.448980906919517,S102__S68,68,Seagrass,West,SeG_Tanjung_Rhu,6.461043,99.823702,102,Coral,West,Cor_Pulau_Pangkor,4.187189,100.543949,FALSE,TRUE,FALSE,Different habitat / same coast,"Different habitat
same coast"
S68,S103,0.42534775350800547,S103__S68,68,Seagrass,West,SeG_Tanjung_Rhu,6.461043,99.823702,103,Coral,West,Cor_Pulau_Pangkor,4.192025,100.537855,FALSE,TRUE,FALSE,Different habitat / same coast,"Different habitat
same coast"
S68,S104,0.40478842688469735,S104__S68,68,Seagrass,West,SeG_Tanjung_Rhu,6.461043,99.823702,104,Coral,West,Cor_Pulau_Pangkor,4.203476,100.545476,FALSE,TRUE,FALSE,Different habitat / same coast,"Different habitat
same coast"
S68,S105,0.39480839498862236,S105__S68,68,Seagrass,West,SeG_Tanjung_Rhu,6.461043,99.823702,105,Coral,West,Cor_Pulau_Pangkor,4.194839,100.559803,FALSE,TRUE,FALSE,Different habitat / same coast,"Different habitat
same coast"
S68,S106,0.4520864604071318,S106__S68,68,Seagrass,West,SeG_Tanjung_Rhu,6.461043,99.823702,106,Mangrove,West,Man_Pulau_Ketam,3.024487,101.320359,FALSE,TRUE,FALSE,Different habitat / same coast,"Different habitat
same coast"
S68,S107,0.4842407443953189,S107__S68,68,Seagrass,West,SeG_Tanjung_Rhu,6.461043,99.823702,107,Mangrove,West,Man_Pulau_Ketam,3.021921,101.326184,FALSE,TRUE,FALSE,Different habitat / same coast,"Different habitat
same coast"
S68,S108,0.41891463543205415,S108__S68,68,Seagrass,West,SeG_Tanjung_Rhu,6.461043,99.823702,108,Mangrove,West,Man_Pulau_Ketam,3.014735,101.325529,FALSE,TRUE,FALSE,Different habitat / same coast,"Different habitat
same coast"
S68,S109,0.5154232443725353,S109__S68,68,Seagrass,West,SeG_Tanjung_Rhu,6.461043,99.823702,109,Mangrove,West,Man_Pulau_Ketam,3.016972,101.333548,FALSE,TRUE,FALSE,Different habitat / same coast,"Different habitat
same coast"
S68,S110,0.3965804096225594,S110__S68,68,Seagrass,West,SeG_Tanjung_Rhu,6.461043,99.823702,110,Mangrove,West,Man_Pulau_Ketam,3.01341,101.336968,FALSE,TRUE,FALSE,Different habitat / same coast,"Different habitat
same coast"
S69,S86,0.5096306960572489,S69__S86,69,Seagrass,West,SeG_Tanjung_Rhu,6.461208,99.823448,86,Mangrove,West,Man_Penaga,5.517253,100.364968,FALSE,TRUE,FALSE,Different habitat / same coast,"Different habitat
same coast"
S69,S87,0.4669144003251968,S69__S87,69,Seagrass,West,SeG_Tanjung_Rhu,6.461208,99.823448,87,Mangrove,West,Man_Penaga,5.51815,100.366985,FALSE,TRUE,FALSE,Different habitat / same coast,"Different habitat
same coast"
S69,S88,0.6419454095809356,S69__S88,69,Seagrass,West,SeG_Tanjung_Rhu,6.461208,99.823448,88,Mangrove,West,Man_Penaga,5.519453,100.369366,FALSE,TRUE,FALSE,Different habitat / same coast,"Different habitat
same coast"
S69,S89,0.6996217927959889,S69__S89,69,Seagrass,West,SeG_Tanjung_Rhu,6.461208,99.823448,89,Mangrove,West,Man_Penaga,5.520585,100.371383,FALSE,TRUE,FALSE,Different habitat / same coast,"Different habitat
same coast"
S69,S90,0.7482953495647576,S69__S90,69,Seagrass,West,SeG_Tanjung_Rhu,6.461208,99.823448,90,Mangrove,West,Man_Penaga,5.522977,100.372478,FALSE,TRUE,FALSE,Different habitat / same coast,"Different habitat
same coast"
S69,S96,0.5898441370270555,S69__S96,69,Seagrass,West,SeG_Tanjung_Rhu,6.461208,99.823448,96,Mangrove,West,Man_Kuala_Sepetang,4.78359,100.607457,FALSE,TRUE,FALSE,Different habitat / same coast,"Different habitat
same coast"
S69,S97,0.6045395068214744,S69__S97,69,Seagrass,West,SeG_Tanjung_Rhu,6.461208,99.823448,97,Mangrove,West,Man_Kuala_Sepetang,4.787012,100.612692,FALSE,TRUE,FALSE,Different habitat / same coast,"Different habitat
same coast"
S69,S98,0.5645106146090582,S69__S98,69,Seagrass,West,SeG_Tanjung_Rhu,6.461208,99.823448,98,Mangrove,West,Man_Kuala_Sepetang,4.788979,100.618615,FALSE,TRUE,FALSE,Different habitat / same coast,"Different habitat
same coast"
S69,S99,0.5452863978686078,S69__S99,69,Seagrass,West,SeG_Tanjung_Rhu,6.461208,99.823448,99,Mangrove,West,Man_Kuala_Sepetang,4.791801,100.624022,FALSE,TRUE,FALSE,Different habitat / same coast,"Different habitat
same coast"
S69,S100,0.6131164245583793,S100__S69,69,Seagrass,West,SeG_Tanjung_Rhu,6.461208,99.823448,100,Mangrove,West,Man_Kuala_Sepetang,4.797275,100.62634,FALSE,TRUE,FALSE,Different habitat / same coast,"Different habitat
same coast"
S69,S101,0.4495444465919688,S101__S69,69,Seagrass,West,SeG_Tanjung_Rhu,6.461208,99.823448,101,Coral,West,Cor_Pulau_Pangkor,4.190014,100.572274,FALSE,TRUE,FALSE,Different habitat / same coast,"Different habitat
same coast"
S69,S102,0.45418567609215477,S102__S69,69,Seagrass,West,SeG_Tanjung_Rhu,6.461208,99.823448,102,Coral,West,Cor_Pulau_Pangkor,4.187189,100.543949,FALSE,TRUE,FALSE,Different habitat / same coast,"Different habitat
same coast"
S69,S103,0.4316271392662703,S103__S69,69,Seagrass,West,SeG_Tanjung_Rhu,6.461208,99.823448,103,Coral,West,Cor_Pulau_Pangkor,4.192025,100.537855,FALSE,TRUE,FALSE,Different habitat / same coast,"Different habitat
same coast"
S69,S104,0.4127963624553301,S104__S69,69,Seagrass,West,SeG_Tanjung_Rhu,6.461208,99.823448,104,Coral,West,Cor_Pulau_Pangkor,4.203476,100.545476,FALSE,TRUE,FALSE,Different habitat / same coast,"Different habitat
same coast"
S69,S105,0.40060297743641715,S105__S69,69,Seagrass,West,SeG_Tanjung_Rhu,6.461208,99.823448,105,Coral,West,Cor_Pulau_Pangkor,4.194839,100.559803,FALSE,TRUE,FALSE,Different habitat / same coast,"Different habitat
same coast"
S69,S106,0.4419718822638251,S106__S69,69,Seagrass,West,SeG_Tanjung_Rhu,6.461208,99.823448,106,Mangrove,West,Man_Pulau_Ketam,3.024487,101.320359,FALSE,TRUE,FALSE,Different habitat / same coast,"Different habitat
same coast"
S69,S107,0.4606769276399043,S107__S69,69,Seagrass,West,SeG_Tanjung_Rhu,6.461208,99.823448,107,Mangrove,West,Man_Pulau_Ketam,3.021921,101.326184,FALSE,TRUE,FALSE,Different habitat / same coast,"Different habitat
same coast"
S69,S108,0.3829127744200138,S108__S69,69,Seagrass,West,SeG_Tanjung_Rhu,6.461208,99.823448,108,Mangrove,West,Man_Pulau_Ketam,3.014735,101.325529,FALSE,TRUE,FALSE,Different habitat / same coast,"Different habitat
same coast"
S69,S109,0.48935208377912165,S109__S69,69,Seagrass,West,SeG_Tanjung_Rhu,6.461208,99.823448,109,Mangrove,West,Man_Pulau_Ketam,3.016972,101.333548,FALSE,TRUE,FALSE,Different habitat / same coast,"Different habitat
same coast"
S69,S110,0.39723086539512126,S110__S69,69,Seagrass,West,SeG_Tanjung_Rhu,6.461208,99.823448,110,Mangrove,West,Man_Pulau_Ketam,3.01341,101.336968,FALSE,TRUE,FALSE,Different habitat / same coast,"Different habitat
same coast"
S70,S86,0.548424146822392,S70__S86,70,Seagrass,West,SeG_Tanjung_Rhu,6.461547,99.819962,86,Mangrove,West,Man_Penaga,5.517253,100.364968,FALSE,TRUE,FALSE,Different habitat / same coast,"Different habitat
same coast"
S70,S87,0.5301633429754559,S70__S87,70,Seagrass,West,SeG_Tanjung_Rhu,6.461547,99.819962,87,Mangrove,West,Man_Penaga,5.51815,100.366985,FALSE,TRUE,FALSE,Different habitat / same coast,"Different habitat
same coast"
S70,S88,0.7078872361398219,S70__S88,70,Seagrass,West,SeG_Tanjung_Rhu,6.461547,99.819962,88,Mangrove,West,Man_Penaga,5.519453,100.369366,FALSE,TRUE,FALSE,Different habitat / same coast,"Different habitat
same coast"
S70,S89,0.7573327237510982,S70__S89,70,Seagrass,West,SeG_Tanjung_Rhu,6.461547,99.819962,89,Mangrove,West,Man_Penaga,5.520585,100.371383,FALSE,TRUE,FALSE,Different habitat / same coast,"Different habitat
same coast"
S70,S90,0.8002472503292112,S70__S90,70,Seagrass,West,SeG_Tanjung_Rhu,6.461547,99.819962,90,Mangrove,West,Man_Penaga,5.522977,100.372478,FALSE,TRUE,FALSE,Different habitat / same coast,"Different habitat
same coast"
S70,S96,0.6357516359430854,S70__S96,70,Seagrass,West,SeG_Tanjung_Rhu,6.461547,99.819962,96,Mangrove,West,Man_Kuala_Sepetang,4.78359,100.607457,FALSE,TRUE,FALSE,Different habitat / same coast,"Different habitat
same coast"
S70,S97,0.654114162617716,S70__S97,70,Seagrass,West,SeG_Tanjung_Rhu,6.461547,99.819962,97,Mangrove,West,Man_Kuala_Sepetang,4.787012,100.612692,FALSE,TRUE,FALSE,Different habitat / same coast,"Different habitat
same coast"
S70,S98,0.6322528098025533,S70__S98,70,Seagrass,West,SeG_Tanjung_Rhu,6.461547,99.819962,98,Mangrove,West,Man_Kuala_Sepetang,4.788979,100.618615,FALSE,TRUE,FALSE,Different habitat / same coast,"Different habitat
same coast"
S70,S99,0.6128581249575773,S70__S99,70,Seagrass,West,SeG_Tanjung_Rhu,6.461547,99.819962,99,Mangrove,West,Man_Kuala_Sepetang,4.791801,100.624022,FALSE,TRUE,FALSE,Different habitat / same coast,"Different habitat
same coast"
S70,S100,0.6741456741900225,S100__S70,70,Seagrass,West,SeG_Tanjung_Rhu,6.461547,99.819962,100,Mangrove,West,Man_Kuala_Sepetang,4.797275,100.62634,FALSE,TRUE,FALSE,Different habitat / same coast,"Different habitat
same coast"
S70,S101,0.4439941074089404,S101__S70,70,Seagrass,West,SeG_Tanjung_Rhu,6.461547,99.819962,101,Coral,West,Cor_Pulau_Pangkor,4.190014,100.572274,FALSE,TRUE,FALSE,Different habitat / same coast,"Different habitat
same coast"
S70,S102,0.40297981868183963,S102__S70,70,Seagrass,West,SeG_Tanjung_Rhu,6.461547,99.819962,102,Coral,West,Cor_Pulau_Pangkor,4.187189,100.543949,FALSE,TRUE,FALSE,Different habitat / same coast,"Different habitat
same coast"
S70,S103,0.39141259100203535,S103__S70,70,Seagrass,West,SeG_Tanjung_Rhu,6.461547,99.819962,103,Coral,West,Cor_Pulau_Pangkor,4.192025,100.537855,FALSE,TRUE,FALSE,Different habitat / same coast,"Different habitat
same coast"
S70,S104,0.36191873843309824,S104__S70,70,Seagrass,West,SeG_Tanjung_Rhu,6.461547,99.819962,104,Coral,West,Cor_Pulau_Pangkor,4.203476,100.545476,FALSE,TRUE,FALSE,Different habitat / same coast,"Different habitat
same coast"
S70,S105,0.35406501418764086,S105__S70,70,Seagrass,West,SeG_Tanjung_Rhu,6.461547,99.819962,105,Coral,West,Cor_Pulau_Pangkor,4.194839,100.559803,FALSE,TRUE,FALSE,Different habitat / same coast,"Different habitat
same coast"
S70,S106,0.5215685122709276,S106__S70,70,Seagrass,West,SeG_Tanjung_Rhu,6.461547,99.819962,106,Mangrove,West,Man_Pulau_Ketam,3.024487,101.320359,FALSE,TRUE,FALSE,Different habitat / same coast,"Different habitat
same coast"
S70,S107,0.5053858243027312,S107__S70,70,Seagrass,West,SeG_Tanjung_Rhu,6.461547,99.819962,107,Mangrove,West,Man_Pulau_Ketam,3.021921,101.326184,FALSE,TRUE,FALSE,Different habitat / same coast,"Different habitat
same coast"
S70,S108,0.4178910901918657,S108__S70,70,Seagrass,West,SeG_Tanjung_Rhu,6.461547,99.819962,108,Mangrove,West,Man_Pulau_Ketam,3.014735,101.325529,FALSE,TRUE,FALSE,Different habitat / same coast,"Different habitat
same coast"
S70,S109,0.49049697562583294,S109__S70,70,Seagrass,West,SeG_Tanjung_Rhu,6.461547,99.819962,109,Mangrove,West,Man_Pulau_Ketam,3.016972,101.333548,FALSE,TRUE,FALSE,Different habitat / same coast,"Different habitat
same coast"
S70,S110,0.4556302641504295,S110__S70,70,Seagrass,West,SeG_Tanjung_Rhu,6.461547,99.819962,110,Mangrove,West,Man_Pulau_Ketam,3.01341,101.336968,FALSE,TRUE,FALSE,Different habitat / same coast,"Different habitat
same coast"
S71,S81,0.972579929931837,S71__S81,71,Coral,East,Cor_Pulau_Redang,5.814393,103.009382,81,Mangrove,East,Man_Merang,5.527989,102.944516,FALSE,TRUE,FALSE,Different habitat / same coast,"Different habitat
same coast"
S71,S82,0.9705156853110152,S71__S82,71,Coral,East,Cor_Pulau_Redang,5.814393,103.009382,82,Mangrove,East,Man_Merang,5.526065,102.943286,FALSE,TRUE,FALSE,Different habitat / same coast,"Different habitat
same coast"
S71,S83,0.9680284523403855,S71__S83,71,Coral,East,Cor_Pulau_Redang,5.814393,103.009382,83,Mangrove,East,Man_Merang,5.526248,102.941049,FALSE,TRUE,FALSE,Different habitat / same coast,"Different habitat
same coast"
S71,S84,0.9570398977258464,S71__S84,71,Coral,East,Cor_Pulau_Redang,5.814393,103.009382,84,Mangrove,East,Man_Merang,5.528314,102.940522,FALSE,TRUE,FALSE,Different habitat / same coast,"Different habitat
same coast"
S71,S85,0.9662472989304631,S71__S85,71,Coral,East,Cor_Pulau_Redang,5.814393,103.009382,85,Mangrove,East,Man_Merang,5.528731,102.938759,FALSE,TRUE,FALSE,Different habitat / same coast,"Different habitat
same coast"
S71,S101,0.9739781889640302,S101__S71,71,Coral,East,Cor_Pulau_Redang,5.814393,103.009382,101,Coral,West,Cor_Pulau_Pangkor,4.190014,100.572274,TRUE,FALSE,FALSE,Same habitat / different coast,"Same habitat
different coast"
S71,S102,0.9999999999999994,S102__S71,71,Coral,East,Cor_Pulau_Redang,5.814393,103.009382,102,Coral,West,Cor_Pulau_Pangkor,4.187189,100.543949,TRUE,FALSE,FALSE,Same habitat / different coast,"Same habitat
different coast"
S71,S103,0.9999999999999999,S103__S71,71,Coral,East,Cor_Pulau_Redang,5.814393,103.009382,103,Coral,West,Cor_Pulau_Pangkor,4.192025,100.537855,TRUE,FALSE,FALSE,Same habitat / different coast,"Same habitat
different coast"
S71,S104,0.9898342147580728,S104__S71,71,Coral,East,Cor_Pulau_Redang,5.814393,103.009382,104,Coral,West,Cor_Pulau_Pangkor,4.203476,100.545476,TRUE,FALSE,FALSE,Same habitat / different coast,"Same habitat
different coast"
S71,S105,0.9865503994519047,S105__S71,71,Coral,East,Cor_Pulau_Redang,5.814393,103.009382,105,Coral,West,Cor_Pulau_Pangkor,4.194839,100.559803,TRUE,FALSE,FALSE,Same habitat / different coast,"Same habitat
different coast"
S73,S81,0.8041613821879107,S73__S81,73,Coral,East,Cor_Pulau_Redang,5.816677,103.007751,81,Mangrove,East,Man_Merang,5.527989,102.944516,FALSE,TRUE,FALSE,Different habitat / same coast,"Different habitat
same coast"
S73,S82,0.8233316137727915,S73__S82,73,Coral,East,Cor_Pulau_Redang,5.816677,103.007751,82,Mangrove,East,Man_Merang,5.526065,102.943286,FALSE,TRUE,FALSE,Different habitat / same coast,"Different habitat
same coast"
S73,S83,0.8179843829036911,S73__S83,73,Coral,East,Cor_Pulau_Redang,5.816677,103.007751,83,Mangrove,East,Man_Merang,5.526248,102.941049,FALSE,TRUE,FALSE,Different habitat / same coast,"Different habitat
same coast"
S73,S84,0.8068395516315343,S73__S84,73,Coral,East,Cor_Pulau_Redang,5.816677,103.007751,84,Mangrove,East,Man_Merang,5.528314,102.940522,FALSE,TRUE,FALSE,Different habitat / same coast,"Different habitat
same coast"
S73,S85,0.8438943701477142,S73__S85,73,Coral,East,Cor_Pulau_Redang,5.816677,103.007751,85,Mangrove,East,Man_Merang,5.528731,102.938759,FALSE,TRUE,FALSE,Different habitat / same coast,"Different habitat
same coast"
S73,S101,0.8125260011723842,S101__S73,73,Coral,East,Cor_Pulau_Redang,5.816677,103.007751,101,Coral,West,Cor_Pulau_Pangkor,4.190014,100.572274,TRUE,FALSE,FALSE,Same habitat / different coast,"Same habitat
different coast"
S73,S102,0.805024938170402,S102__S73,73,Coral,East,Cor_Pulau_Redang,5.816677,103.007751,102,Coral,West,Cor_Pulau_Pangkor,4.187189,100.543949,TRUE,FALSE,FALSE,Same habitat / different coast,"Same habitat
different coast"
S73,S103,0.8891453135523769,S103__S73,73,Coral,East,Cor_Pulau_Redang,5.816677,103.007751,103,Coral,West,Cor_Pulau_Pangkor,4.192025,100.537855,TRUE,FALSE,FALSE,Same habitat / different coast,"Same habitat
different coast"
S73,S104,0.8756825850182757,S104__S73,73,Coral,East,Cor_Pulau_Redang,5.816677,103.007751,104,Coral,West,Cor_Pulau_Pangkor,4.203476,100.545476,TRUE,FALSE,FALSE,Same habitat / different coast,"Same habitat
different coast"
S73,S105,0.8479079547643458,S105__S73,73,Coral,East,Cor_Pulau_Redang,5.816677,103.007751,105,Coral,West,Cor_Pulau_Pangkor,4.194839,100.559803,TRUE,FALSE,FALSE,Same habitat / different coast,"Same habitat
different coast"
S74,S81,0.6553113334533001,S74__S81,74,Coral,East,Cor_Pulau_Redang,5.816281,103.005989,81,Mangrove,East,Man_Merang,5.527989,102.944516,FALSE,TRUE,FALSE,Different habitat / same coast,"Different habitat
same coast"
S74,S82,0.7069295272196193,S74__S82,74,Coral,East,Cor_Pulau_Redang,5.816281,103.005989,82,Mangrove,East,Man_Merang,5.526065,102.943286,FALSE,TRUE,FALSE,Different habitat / same coast,"Different habitat
same coast"
S74,S83,0.6779859191618377,S74__S83,74,Coral,East,Cor_Pulau_Redang,5.816281,103.005989,83,Mangrove,East,Man_Merang,5.526248,102.941049,FALSE,TRUE,FALSE,Different habitat / same coast,"Different habitat
same coast"
S74,S84,0.6717285581670337,S74__S84,74,Coral,East,Cor_Pulau_Redang,5.816281,103.005989,84,Mangrove,East,Man_Merang,5.528314,102.940522,FALSE,TRUE,FALSE,Different habitat / same coast,"Different habitat
same coast"
S74,S85,0.7443737608832109,S74__S85,74,Coral,East,Cor_Pulau_Redang,5.816281,103.005989,85,Mangrove,East,Man_Merang,5.528731,102.938759,FALSE,TRUE,FALSE,Different habitat / same coast,"Different habitat
same coast"
S74,S101,0.6826773185647073,S101__S74,74,Coral,East,Cor_Pulau_Redang,5.816281,103.005989,101,Coral,West,Cor_Pulau_Pangkor,4.190014,100.572274,TRUE,FALSE,FALSE,Same habitat / different coast,"Same habitat
different coast"
S74,S102,0.7370681044520354,S102__S74,74,Coral,East,Cor_Pulau_Redang,5.816281,103.005989,102,Coral,West,Cor_Pulau_Pangkor,4.187189,100.543949,TRUE,FALSE,FALSE,Same habitat / different coast,"Same habitat
different coast"
S74,S103,0.8574205150053513,S103__S74,74,Coral,East,Cor_Pulau_Redang,5.816281,103.005989,103,Coral,West,Cor_Pulau_Pangkor,4.192025,100.537855,TRUE,FALSE,FALSE,Same habitat / different coast,"Same habitat
different coast"
S74,S104,0.8281186546890809,S104__S74,74,Coral,East,Cor_Pulau_Redang,5.816281,103.005989,104,Coral,West,Cor_Pulau_Pangkor,4.203476,100.545476,TRUE,FALSE,FALSE,Same habitat / different coast,"Same habitat
different coast"
S74,S105,0.7467476407318334,S105__S74,74,Coral,East,Cor_Pulau_Redang,5.816281,103.005989,105,Coral,West,Cor_Pulau_Pangkor,4.194839,100.559803,TRUE,FALSE,FALSE,Same habitat / different coast,"Same habitat
different coast"
S75,S81,0.6314733458031399,S75__S81,75,Coral,East,Cor_Pulau_Redang,5.814536,103.006378,81,Mangrove,East,Man_Merang,5.527989,102.944516,FALSE,TRUE,FALSE,Different habitat / same coast,"Different habitat
same coast"
S75,S82,0.6735285198477797,S75__S82,75,Coral,East,Cor_Pulau_Redang,5.814536,103.006378,82,Mangrove,East,Man_Merang,5.526065,102.943286,FALSE,TRUE,FALSE,Different habitat / same coast,"Different habitat
same coast"
S75,S83,0.6513679402434395,S75__S83,75,Coral,East,Cor_Pulau_Redang,5.814536,103.006378,83,Mangrove,East,Man_Merang,5.526248,102.941049,FALSE,TRUE,FALSE,Different habitat / same coast,"Different habitat
same coast"
S75,S84,0.646739725178088,S75__S84,75,Coral,East,Cor_Pulau_Redang,5.814536,103.006378,84,Mangrove,East,Man_Merang,5.528314,102.940522,FALSE,TRUE,FALSE,Different habitat / same coast,"Different habitat
same coast"
S75,S85,0.7437556203195996,S75__S85,75,Coral,East,Cor_Pulau_Redang,5.814536,103.006378,85,Mangrove,East,Man_Merang,5.528731,102.938759,FALSE,TRUE,FALSE,Different habitat / same coast,"Different habitat
same coast"
S75,S101,0.6686094656803173,S101__S75,75,Coral,East,Cor_Pulau_Redang,5.814536,103.006378,101,Coral,West,Cor_Pulau_Pangkor,4.190014,100.572274,TRUE,FALSE,FALSE,Same habitat / different coast,"Same habitat
different coast"
S75,S102,0.7651685708897612,S102__S75,75,Coral,East,Cor_Pulau_Redang,5.814536,103.006378,102,Coral,West,Cor_Pulau_Pangkor,4.187189,100.543949,TRUE,FALSE,FALSE,Same habitat / different coast,"Same habitat
different coast"
S75,S103,0.8792344240514581,S103__S75,75,Coral,East,Cor_Pulau_Redang,5.814536,103.006378,103,Coral,West,Cor_Pulau_Pangkor,4.192025,100.537855,TRUE,FALSE,FALSE,Same habitat / different coast,"Same habitat
different coast"
S75,S104,0.8318268548036553,S104__S75,75,Coral,East,Cor_Pulau_Redang,5.814536,103.006378,104,Coral,West,Cor_Pulau_Pangkor,4.203476,100.545476,TRUE,FALSE,FALSE,Same habitat / different coast,"Same habitat
different coast"
S75,S105,0.7602274426754427,S105__S75,75,Coral,East,Cor_Pulau_Redang,5.814536,103.006378,105,Coral,West,Cor_Pulau_Pangkor,4.194839,100.559803,TRUE,FALSE,FALSE,Same habitat / different coast,"Same habitat
different coast"
S77,S81,0.5832751968623869,S77__S81,77,Coral,East,Cor_Pulau_Bidong,5.624215,103.056647,81,Mangrove,East,Man_Merang,5.527989,102.944516,FALSE,TRUE,FALSE,Different habitat / same coast,"Different habitat
same coast"
S77,S82,0.6330756056966155,S77__S82,77,Coral,East,Cor_Pulau_Bidong,5.624215,103.056647,82,Mangrove,East,Man_Merang,5.526065,102.943286,FALSE,TRUE,FALSE,Different habitat / same coast,"Different habitat
same coast"
S77,S83,0.5956753654231662,S77__S83,77,Coral,East,Cor_Pulau_Bidong,5.624215,103.056647,83,Mangrove,East,Man_Merang,5.526248,102.941049,FALSE,TRUE,FALSE,Different habitat / same coast,"Different habitat
same coast"
S77,S84,0.6118155741557618,S77__S84,77,Coral,East,Cor_Pulau_Bidong,5.624215,103.056647,84,Mangrove,East,Man_Merang,5.528314,102.940522,FALSE,TRUE,FALSE,Different habitat / same coast,"Different habitat
same coast"
S77,S85,0.6803727888137306,S77__S85,77,Coral,East,Cor_Pulau_Bidong,5.624215,103.056647,85,Mangrove,East,Man_Merang,5.528731,102.938759,FALSE,TRUE,FALSE,Different habitat / same coast,"Different habitat
same coast"
S77,S101,0.6056783537054986,S101__S77,77,Coral,East,Cor_Pulau_Bidong,5.624215,103.056647,101,Coral,West,Cor_Pulau_Pangkor,4.190014,100.572274,TRUE,FALSE,FALSE,Same habitat / different coast,"Same habitat
different coast"
S77,S102,0.5892205021168361,S102__S77,77,Coral,East,Cor_Pulau_Bidong,5.624215,103.056647,102,Coral,West,Cor_Pulau_Pangkor,4.187189,100.543949,TRUE,FALSE,FALSE,Same habitat / different coast,"Same habitat
different coast"
S77,S103,0.6782235082417086,S103__S77,77,Coral,East,Cor_Pulau_Bidong,5.624215,103.056647,103,Coral,West,Cor_Pulau_Pangkor,4.192025,100.537855,TRUE,FALSE,FALSE,Same habitat / different coast,"Same habitat
different coast"
S77,S104,0.6805306022058438,S104__S77,77,Coral,East,Cor_Pulau_Bidong,5.624215,103.056647,104,Coral,West,Cor_Pulau_Pangkor,4.203476,100.545476,TRUE,FALSE,FALSE,Same habitat / different coast,"Same habitat
different coast"
S77,S105,0.6328658095784274,S105__S77,77,Coral,East,Cor_Pulau_Bidong,5.624215,103.056647,105,Coral,West,Cor_Pulau_Pangkor,4.194839,100.559803,TRUE,FALSE,FALSE,Same habitat / different coast,"Same habitat
different coast"
S78,S81,0.560152592797786,S78__S81,78,Coral,East,Cor_Pulau_Bidong,5.625977,103.057468,81,Mangrove,East,Man_Merang,5.527989,102.944516,FALSE,TRUE,FALSE,Different habitat / same coast,"Different habitat
same coast"
S78,S82,0.582472354969884,S78__S82,78,Coral,East,Cor_Pulau_Bidong,5.625977,103.057468,82,Mangrove,East,Man_Merang,5.526065,102.943286,FALSE,TRUE,FALSE,Different habitat / same coast,"Different habitat
same coast"
S78,S83,0.546706596016096,S78__S83,78,Coral,East,Cor_Pulau_Bidong,5.625977,103.057468,83,Mangrove,East,Man_Merang,5.526248,102.941049,FALSE,TRUE,FALSE,Different habitat / same coast,"Different habitat
same coast"
S78,S84,0.5784270226718803,S78__S84,78,Coral,East,Cor_Pulau_Bidong,5.625977,103.057468,84,Mangrove,East,Man_Merang,5.528314,102.940522,FALSE,TRUE,FALSE,Different habitat / same coast,"Different habitat
same coast"
S78,S85,0.6487990530398732,S78__S85,78,Coral,East,Cor_Pulau_Bidong,5.625977,103.057468,85,Mangrove,East,Man_Merang,5.528731,102.938759,FALSE,TRUE,FALSE,Different habitat / same coast,"Different habitat
same coast"
S78,S101,0.6770097452401584,S101__S78,78,Coral,East,Cor_Pulau_Bidong,5.625977,103.057468,101,Coral,West,Cor_Pulau_Pangkor,4.190014,100.572274,TRUE,FALSE,FALSE,Same habitat / different coast,"Same habitat
different coast"
S78,S102,0.7157929894346935,S102__S78,78,Coral,East,Cor_Pulau_Bidong,5.625977,103.057468,102,Coral,West,Cor_Pulau_Pangkor,4.187189,100.543949,TRUE,FALSE,FALSE,Same habitat / different coast,"Same habitat
different coast"
S78,S103,0.7685719543812107,S103__S78,78,Coral,East,Cor_Pulau_Bidong,5.625977,103.057468,103,Coral,West,Cor_Pulau_Pangkor,4.192025,100.537855,TRUE,FALSE,FALSE,Same habitat / different coast,"Same habitat
different coast"
S78,S104,0.7758449993800003,S104__S78,78,Coral,East,Cor_Pulau_Bidong,5.625977,103.057468,104,Coral,West,Cor_Pulau_Pangkor,4.203476,100.545476,TRUE,FALSE,FALSE,Same habitat / different coast,"Same habitat
different coast"
S78,S105,0.6880652542816886,S105__S78,78,Coral,East,Cor_Pulau_Bidong,5.625977,103.057468,105,Coral,West,Cor_Pulau_Pangkor,4.194839,100.559803,TRUE,FALSE,FALSE,Same habitat / different coast,"Same habitat
different coast"
S80,S81,0.676488214258807,S80__S81,80,Coral,East,Cor_Pulau_Bidong,5.627685,103.059864,81,Mangrove,East,Man_Merang,5.527989,102.944516,FALSE,TRUE,FALSE,Different habitat / same coast,"Different habitat
same coast"
S80,S82,0.707659743474778,S80__S82,80,Coral,East,Cor_Pulau_Bidong,5.627685,103.059864,82,Mangrove,East,Man_Merang,5.526065,102.943286,FALSE,TRUE,FALSE,Different habitat / same coast,"Different habitat
same coast"
S80,S83,0.6873508959994219,S80__S83,80,Coral,East,Cor_Pulau_Bidong,5.627685,103.059864,83,Mangrove,East,Man_Merang,5.526248,102.941049,FALSE,TRUE,FALSE,Different habitat / same coast,"Different habitat
same coast"
S80,S84,0.6997850019816668,S80__S84,80,Coral,East,Cor_Pulau_Bidong,5.627685,103.059864,84,Mangrove,East,Man_Merang,5.528314,102.940522,FALSE,TRUE,FALSE,Different habitat / same coast,"Different habitat
same coast"
S80,S85,0.7554257627041406,S80__S85,80,Coral,East,Cor_Pulau_Bidong,5.627685,103.059864,85,Mangrove,East,Man_Merang,5.528731,102.938759,FALSE,TRUE,FALSE,Different habitat / same coast,"Different habitat
same coast"
S80,S101,0.6604709631286809,S101__S80,80,Coral,East,Cor_Pulau_Bidong,5.627685,103.059864,101,Coral,West,Cor_Pulau_Pangkor,4.190014,100.572274,TRUE,FALSE,FALSE,Same habitat / different coast,"Same habitat
different coast"
S80,S102,0.6465732765924884,S102__S80,80,Coral,East,Cor_Pulau_Bidong,5.627685,103.059864,102,Coral,West,Cor_Pulau_Pangkor,4.187189,100.543949,TRUE,FALSE,FALSE,Same habitat / different coast,"Same habitat
different coast"
S80,S103,0.727597693983079,S103__S80,80,Coral,East,Cor_Pulau_Bidong,5.627685,103.059864,103,Coral,West,Cor_Pulau_Pangkor,4.192025,100.537855,TRUE,FALSE,FALSE,Same habitat / different coast,"Same habitat
different coast"
S80,S104,0.7157395421328457,S104__S80,80,Coral,East,Cor_Pulau_Bidong,5.627685,103.059864,104,Coral,West,Cor_Pulau_Pangkor,4.203476,100.545476,TRUE,FALSE,FALSE,Same habitat / different coast,"Same habitat
different coast"
S80,S105,0.6910159944705745,S105__S80,80,Coral,East,Cor_Pulau_Bidong,5.627685,103.059864,105,Coral,West,Cor_Pulau_Pangkor,4.194839,100.559803,TRUE,FALSE,FALSE,Same habitat / different coast,"Same habitat
different coast"
S81,S86,0.5820194287988715,S81__S86,81,Mangrove,East,Man_Merang,5.527989,102.944516,86,Mangrove,West,Man_Penaga,5.517253,100.364968,TRUE,FALSE,FALSE,Same habitat / different coast,"Same habitat
different coast"
S81,S87,0.5744927101541905,S81__S87,81,Mangrove,East,Man_Merang,5.527989,102.944516,87,Mangrove,West,Man_Penaga,5.51815,100.366985,TRUE,FALSE,FALSE,Same habitat / different coast,"Same habitat
different coast"
S81,S88,0.5889619316448167,S81__S88,81,Mangrove,East,Man_Merang,5.527989,102.944516,88,Mangrove,West,Man_Penaga,5.519453,100.369366,TRUE,FALSE,FALSE,Same habitat / different coast,"Same habitat
different coast"
S81,S89,0.6395504146618356,S81__S89,81,Mangrove,East,Man_Merang,5.527989,102.944516,89,Mangrove,West,Man_Penaga,5.520585,100.371383,TRUE,FALSE,FALSE,Same habitat / different coast,"Same habitat
different coast"
S81,S90,0.6981160369447945,S81__S90,81,Mangrove,East,Man_Merang,5.527989,102.944516,90,Mangrove,West,Man_Penaga,5.522977,100.372478,TRUE,FALSE,FALSE,Same habitat / different coast,"Same habitat
different coast"
S81,S96,0.6085970989375322,S81__S96,81,Mangrove,East,Man_Merang,5.527989,102.944516,96,Mangrove,West,Man_Kuala_Sepetang,4.78359,100.607457,TRUE,FALSE,FALSE,Same habitat / different coast,"Same habitat
different coast"
S81,S97,0.5973330686548881,S81__S97,81,Mangrove,East,Man_Merang,5.527989,102.944516,97,Mangrove,West,Man_Kuala_Sepetang,4.787012,100.612692,TRUE,FALSE,FALSE,Same habitat / different coast,"Same habitat
different coast"
S81,S98,0.5366555319586164,S81__S98,81,Mangrove,East,Man_Merang,5.527989,102.944516,98,Mangrove,West,Man_Kuala_Sepetang,4.788979,100.618615,TRUE,FALSE,FALSE,Same habitat / different coast,"Same habitat
different coast"
S81,S99,0.5375204919482149,S81__S99,81,Mangrove,East,Man_Merang,5.527989,102.944516,99,Mangrove,West,Man_Kuala_Sepetang,4.791801,100.624022,TRUE,FALSE,FALSE,Same habitat / different coast,"Same habitat
different coast"
S81,S100,0.5597814418619476,S100__S81,81,Mangrove,East,Man_Merang,5.527989,102.944516,100,Mangrove,West,Man_Kuala_Sepetang,4.797275,100.62634,TRUE,FALSE,FALSE,Same habitat / different coast,"Same habitat
different coast"
S81,S106,0.558811442683858,S106__S81,81,Mangrove,East,Man_Merang,5.527989,102.944516,106,Mangrove,West,Man_Pulau_Ketam,3.024487,101.320359,TRUE,FALSE,FALSE,Same habitat / different coast,"Same habitat
different coast"
S81,S107,0.566647308892365,S107__S81,81,Mangrove,East,Man_Merang,5.527989,102.944516,107,Mangrove,West,Man_Pulau_Ketam,3.021921,101.326184,TRUE,FALSE,FALSE,Same habitat / different coast,"Same habitat
different coast"
S81,S108,0.5482356214486149,S108__S81,81,Mangrove,East,Man_Merang,5.527989,102.944516,108,Mangrove,West,Man_Pulau_Ketam,3.014735,101.325529,TRUE,FALSE,FALSE,Same habitat / different coast,"Same habitat
different coast"
S81,S109,0.6292076993511015,S109__S81,81,Mangrove,East,Man_Merang,5.527989,102.944516,109,Mangrove,West,Man_Pulau_Ketam,3.016972,101.333548,TRUE,FALSE,FALSE,Same habitat / different coast,"Same habitat
different coast"
S81,S110,0.5545755985362851,S110__S81,81,Mangrove,East,Man_Merang,5.527989,102.944516,110,Mangrove,West,Man_Pulau_Ketam,3.01341,101.336968,TRUE,FALSE,FALSE,Same habitat / different coast,"Same habitat
different coast"
S82,S86,0.5463525210749122,S82__S86,82,Mangrove,East,Man_Merang,5.526065,102.943286,86,Mangrove,West,Man_Penaga,5.517253,100.364968,TRUE,FALSE,FALSE,Same habitat / different coast,"Same habitat
different coast"
S82,S87,0.5353702826786814,S82__S87,82,Mangrove,East,Man_Merang,5.526065,102.943286,87,Mangrove,West,Man_Penaga,5.51815,100.366985,TRUE,FALSE,FALSE,Same habitat / different coast,"Same habitat
different coast"
S82,S88,0.5446397170643817,S82__S88,82,Mangrove,East,Man_Merang,5.526065,102.943286,88,Mangrove,West,Man_Penaga,5.519453,100.369366,TRUE,FALSE,FALSE,Same habitat / different coast,"Same habitat
different coast"
S82,S89,0.6063715775788666,S82__S89,82,Mangrove,East,Man_Merang,5.526065,102.943286,89,Mangrove,West,Man_Penaga,5.520585,100.371383,TRUE,FALSE,FALSE,Same habitat / different coast,"Same habitat
different coast"
S82,S90,0.6681349497291273,S82__S90,82,Mangrove,East,Man_Merang,5.526065,102.943286,90,Mangrove,West,Man_Penaga,5.522977,100.372478,TRUE,FALSE,FALSE,Same habitat / different coast,"Same habitat
different coast"
S82,S96,0.5713863482800804,S82__S96,82,Mangrove,East,Man_Merang,5.526065,102.943286,96,Mangrove,West,Man_Kuala_Sepetang,4.78359,100.607457,TRUE,FALSE,FALSE,Same habitat / different coast,"Same habitat
different coast"
S82,S97,0.562533866722747,S82__S97,82,Mangrove,East,Man_Merang,5.526065,102.943286,97,Mangrove,West,Man_Kuala_Sepetang,4.787012,100.612692,TRUE,FALSE,FALSE,Same habitat / different coast,"Same habitat
different coast"
S82,S98,0.48850531633195854,S82__S98,82,Mangrove,East,Man_Merang,5.526065,102.943286,98,Mangrove,West,Man_Kuala_Sepetang,4.788979,100.618615,TRUE,FALSE,FALSE,Same habitat / different coast,"Same habitat
different coast"
S82,S99,0.47561269455757266,S82__S99,82,Mangrove,East,Man_Merang,5.526065,102.943286,99,Mangrove,West,Man_Kuala_Sepetang,4.791801,100.624022,TRUE,FALSE,FALSE,Same habitat / different coast,"Same habitat
different coast"
S82,S100,0.5053622860243805,S100__S82,82,Mangrove,East,Man_Merang,5.526065,102.943286,100,Mangrove,West,Man_Kuala_Sepetang,4.797275,100.62634,TRUE,FALSE,FALSE,Same habitat / different coast,"Same habitat
different coast"
S82,S106,0.5163273163119955,S106__S82,82,Mangrove,East,Man_Merang,5.526065,102.943286,106,Mangrove,West,Man_Pulau_Ketam,3.024487,101.320359,TRUE,FALSE,FALSE,Same habitat / different coast,"Same habitat
different coast"
S82,S107,0.530421952987609,S107__S82,82,Mangrove,East,Man_Merang,5.526065,102.943286,107,Mangrove,West,Man_Pulau_Ketam,3.021921,101.326184,TRUE,FALSE,FALSE,Same habitat / different coast,"Same habitat
different coast"
S82,S108,0.522689848133987,S108__S82,82,Mangrove,East,Man_Merang,5.526065,102.943286,108,Mangrove,West,Man_Pulau_Ketam,3.014735,101.325529,TRUE,FALSE,FALSE,Same habitat / different coast,"Same habitat
different coast"
S82,S109,0.6150374354838989,S109__S82,82,Mangrove,East,Man_Merang,5.526065,102.943286,109,Mangrove,West,Man_Pulau_Ketam,3.016972,101.333548,TRUE,FALSE,FALSE,Same habitat / different coast,"Same habitat
different coast"
S82,S110,0.5244907688181536,S110__S82,82,Mangrove,East,Man_Merang,5.526065,102.943286,110,Mangrove,West,Man_Pulau_Ketam,3.01341,101.336968,TRUE,FALSE,FALSE,Same habitat / different coast,"Same habitat
different coast"
S83,S86,0.5490834760962618,S83__S86,83,Mangrove,East,Man_Merang,5.526248,102.941049,86,Mangrove,West,Man_Penaga,5.517253,100.364968,TRUE,FALSE,FALSE,Same habitat / different coast,"Same habitat
different coast"
S83,S87,0.5453440140826568,S83__S87,83,Mangrove,East,Man_Merang,5.526248,102.941049,87,Mangrove,West,Man_Penaga,5.51815,100.366985,TRUE,FALSE,FALSE,Same habitat / different coast,"Same habitat
different coast"
S83,S88,0.5721845043940165,S83__S88,83,Mangrove,East,Man_Merang,5.526248,102.941049,88,Mangrove,West,Man_Penaga,5.519453,100.369366,TRUE,FALSE,FALSE,Same habitat / different coast,"Same habitat
different coast"
S83,S89,0.6303731416734731,S83__S89,83,Mangrove,East,Man_Merang,5.526248,102.941049,89,Mangrove,West,Man_Penaga,5.520585,100.371383,TRUE,FALSE,FALSE,Same habitat / different coast,"Same habitat
different coast"
S83,S90,0.6891861941007287,S83__S90,83,Mangrove,East,Man_Merang,5.526248,102.941049,90,Mangrove,West,Man_Penaga,5.522977,100.372478,TRUE,FALSE,FALSE,Same habitat / different coast,"Same habitat
different coast"
S83,S96,0.5831813138245088,S83__S96,83,Mangrove,East,Man_Merang,5.526248,102.941049,96,Mangrove,West,Man_Kuala_Sepetang,4.78359,100.607457,TRUE,FALSE,FALSE,Same habitat / different coast,"Same habitat
different coast"
S83,S97,0.5680964617851123,S83__S97,83,Mangrove,East,Man_Merang,5.526248,102.941049,97,Mangrove,West,Man_Kuala_Sepetang,4.787012,100.612692,TRUE,FALSE,FALSE,Same habitat / different coast,"Same habitat
different coast"
S83,S98,0.5101063169923126,S83__S98,83,Mangrove,East,Man_Merang,5.526248,102.941049,98,Mangrove,West,Man_Kuala_Sepetang,4.788979,100.618615,TRUE,FALSE,FALSE,Same habitat / different coast,"Same habitat
different coast"
S83,S99,0.50646447327756,S83__S99,83,Mangrove,East,Man_Merang,5.526248,102.941049,99,Mangrove,West,Man_Kuala_Sepetang,4.791801,100.624022,TRUE,FALSE,FALSE,Same habitat / different coast,"Same habitat
different coast"
S83,S100,0.5345185202709568,S100__S83,83,Mangrove,East,Man_Merang,5.526248,102.941049,100,Mangrove,West,Man_Kuala_Sepetang,4.797275,100.62634,TRUE,FALSE,FALSE,Same habitat / different coast,"Same habitat
different coast"
S83,S106,0.530734732527572,S106__S83,83,Mangrove,East,Man_Merang,5.526248,102.941049,106,Mangrove,West,Man_Pulau_Ketam,3.024487,101.320359,TRUE,FALSE,FALSE,Same habitat / different coast,"Same habitat
different coast"
S83,S107,0.5414449660231784,S107__S83,83,Mangrove,East,Man_Merang,5.526248,102.941049,107,Mangrove,West,Man_Pulau_Ketam,3.021921,101.326184,TRUE,FALSE,FALSE,Same habitat / different coast,"Same habitat
different coast"
S83,S108,0.5244153944888887,S108__S83,83,Mangrove,East,Man_Merang,5.526248,102.941049,108,Mangrove,West,Man_Pulau_Ketam,3.014735,101.325529,TRUE,FALSE,FALSE,Same habitat / different coast,"Same habitat
different coast"
S83,S109,0.61199059599727,S109__S83,83,Mangrove,East,Man_Merang,5.526248,102.941049,109,Mangrove,West,Man_Pulau_Ketam,3.016972,101.333548,TRUE,FALSE,FALSE,Same habitat / different coast,"Same habitat
different coast"
S83,S110,0.5418712384346265,S110__S83,83,Mangrove,East,Man_Merang,5.526248,102.941049,110,Mangrove,West,Man_Pulau_Ketam,3.01341,101.336968,TRUE,FALSE,FALSE,Same habitat / different coast,"Same habitat
different coast"
S84,S86,0.5828133839022488,S84__S86,84,Mangrove,East,Man_Merang,5.528314,102.940522,86,Mangrove,West,Man_Penaga,5.517253,100.364968,TRUE,FALSE,FALSE,Same habitat / different coast,"Same habitat
different coast"
S84,S87,0.5717598696036572,S84__S87,84,Mangrove,East,Man_Merang,5.528314,102.940522,87,Mangrove,West,Man_Penaga,5.51815,100.366985,TRUE,FALSE,FALSE,Same habitat / different coast,"Same habitat
different coast"
S84,S88,0.5697733028322853,S84__S88,84,Mangrove,East,Man_Merang,5.528314,102.940522,88,Mangrove,West,Man_Penaga,5.519453,100.369366,TRUE,FALSE,FALSE,Same habitat / different coast,"Same habitat
different coast"
S84,S89,0.6339963561817825,S84__S89,84,Mangrove,East,Man_Merang,5.528314,102.940522,89,Mangrove,West,Man_Penaga,5.520585,100.371383,TRUE,FALSE,FALSE,Same habitat / different coast,"Same habitat
different coast"
S84,S90,0.6941166007485003,S84__S90,84,Mangrove,East,Man_Merang,5.528314,102.940522,90,Mangrove,West,Man_Penaga,5.522977,100.372478,TRUE,FALSE,FALSE,Same habitat / different coast,"Same habitat
different coast"
S84,S96,0.5805804903318723,S84__S96,84,Mangrove,East,Man_Merang,5.528314,102.940522,96,Mangrove,West,Man_Kuala_Sepetang,4.78359,100.607457,TRUE,FALSE,FALSE,Same habitat / different coast,"Same habitat
different coast"
S84,S97,0.5749303774611418,S84__S97,84,Mangrove,East,Man_Merang,5.528314,102.940522,97,Mangrove,West,Man_Kuala_Sepetang,4.787012,100.612692,TRUE,FALSE,FALSE,Same habitat / different coast,"Same habitat
different coast"
S84,S98,0.5216412065530343,S84__S98,84,Mangrove,East,Man_Merang,5.528314,102.940522,98,Mangrove,West,Man_Kuala_Sepetang,4.788979,100.618615,TRUE,FALSE,FALSE,Same habitat / different coast,"Same habitat
different coast"
S84,S99,0.5200773455177735,S84__S99,84,Mangrove,East,Man_Merang,5.528314,102.940522,99,Mangrove,West,Man_Kuala_Sepetang,4.791801,100.624022,TRUE,FALSE,FALSE,Same habitat / different coast,"Same habitat
different coast"
S84,S100,0.5338554792489907,S100__S84,84,Mangrove,East,Man_Merang,5.528314,102.940522,100,Mangrove,West,Man_Kuala_Sepetang,4.797275,100.62634,TRUE,FALSE,FALSE,Same habitat / different coast,"Same habitat
different coast"
S84,S106,0.5676945620309779,S106__S84,84,Mangrove,East,Man_Merang,5.528314,102.940522,106,Mangrove,West,Man_Pulau_Ketam,3.024487,101.320359,TRUE,FALSE,FALSE,Same habitat / different coast,"Same habitat
different coast"
S84,S107,0.5732560221138039,S107__S84,84,Mangrove,East,Man_Merang,5.528314,102.940522,107,Mangrove,West,Man_Pulau_Ketam,3.021921,101.326184,TRUE,FALSE,FALSE,Same habitat / different coast,"Same habitat
different coast"
S84,S108,0.5458298288791934,S108__S84,84,Mangrove,East,Man_Merang,5.528314,102.940522,108,Mangrove,West,Man_Pulau_Ketam,3.014735,101.325529,TRUE,FALSE,FALSE,Same habitat / different coast,"Same habitat
different coast"
S84,S109,0.6501919188908996,S109__S84,84,Mangrove,East,Man_Merang,5.528314,102.940522,109,Mangrove,West,Man_Pulau_Ketam,3.016972,101.333548,TRUE,FALSE,FALSE,Same habitat / different coast,"Same habitat
different coast"
S84,S110,0.5538331168713031,S110__S84,84,Mangrove,East,Man_Merang,5.528314,102.940522,110,Mangrove,West,Man_Pulau_Ketam,3.01341,101.336968,TRUE,FALSE,FALSE,Same habitat / different coast,"Same habitat
different coast"
S85,S86,0.5807236545818935,S85__S86,85,Mangrove,East,Man_Merang,5.528731,102.938759,86,Mangrove,West,Man_Penaga,5.517253,100.364968,TRUE,FALSE,FALSE,Same habitat / different coast,"Same habitat
different coast"
S85,S87,0.5511491070479452,S85__S87,85,Mangrove,East,Man_Merang,5.528731,102.938759,87,Mangrove,West,Man_Penaga,5.51815,100.366985,TRUE,FALSE,FALSE,Same habitat / different coast,"Same habitat
different coast"
S85,S88,0.5140107396435915,S85__S88,85,Mangrove,East,Man_Merang,5.528731,102.938759,88,Mangrove,West,Man_Penaga,5.519453,100.369366,TRUE,FALSE,FALSE,Same habitat / different coast,"Same habitat
different coast"
S85,S89,0.5604649263257631,S85__S89,85,Mangrove,East,Man_Merang,5.528731,102.938759,89,Mangrove,West,Man_Penaga,5.520585,100.371383,TRUE,FALSE,FALSE,Same habitat / different coast,"Same habitat
different coast"
S85,S90,0.6123651898996294,S85__S90,85,Mangrove,East,Man_Merang,5.528731,102.938759,90,Mangrove,West,Man_Penaga,5.522977,100.372478,TRUE,FALSE,FALSE,Same habitat / different coast,"Same habitat
different coast"
S85,S96,0.584351367390288,S85__S96,85,Mangrove,East,Man_Merang,5.528731,102.938759,96,Mangrove,West,Man_Kuala_Sepetang,4.78359,100.607457,TRUE,FALSE,FALSE,Same habitat / different coast,"Same habitat
different coast"
S85,S97,0.561234573186026,S85__S97,85,Mangrove,East,Man_Merang,5.528731,102.938759,97,Mangrove,West,Man_Kuala_Sepetang,4.787012,100.612692,TRUE,FALSE,FALSE,Same habitat / different coast,"Same habitat
different coast"
S85,S98,0.4897218699935417,S85__S98,85,Mangrove,East,Man_Merang,5.528731,102.938759,98,Mangrove,West,Man_Kuala_Sepetang,4.788979,100.618615,TRUE,FALSE,FALSE,Same habitat / different coast,"Same habitat
different coast"
S85,S99,0.46874214702847683,S85__S99,85,Mangrove,East,Man_Merang,5.528731,102.938759,99,Mangrove,West,Man_Kuala_Sepetang,4.791801,100.624022,TRUE,FALSE,FALSE,Same habitat / different coast,"Same habitat
different coast"
S85,S100,0.4654274577461619,S100__S85,85,Mangrove,East,Man_Merang,5.528731,102.938759,100,Mangrove,West,Man_Kuala_Sepetang,4.797275,100.62634,TRUE,FALSE,FALSE,Same habitat / different coast,"Same habitat
different coast"
S85,S106,0.5174507839366768,S106__S85,85,Mangrove,East,Man_Merang,5.528731,102.938759,106,Mangrove,West,Man_Pulau_Ketam,3.024487,101.320359,TRUE,FALSE,FALSE,Same habitat / different coast,"Same habitat
different coast"
S85,S107,0.5181099859385823,S107__S85,85,Mangrove,East,Man_Merang,5.528731,102.938759,107,Mangrove,West,Man_Pulau_Ketam,3.021921,101.326184,TRUE,FALSE,FALSE,Same habitat / different coast,"Same habitat
different coast"
S85,S108,0.5133953339932227,S108__S85,85,Mangrove,East,Man_Merang,5.528731,102.938759,108,Mangrove,West,Man_Pulau_Ketam,3.014735,101.325529,TRUE,FALSE,FALSE,Same habitat / different coast,"Same habitat
different coast"
S85,S109,0.5918376389816639,S109__S85,85,Mangrove,East,Man_Merang,5.528731,102.938759,109,Mangrove,West,Man_Pulau_Ketam,3.016972,101.333548,TRUE,FALSE,FALSE,Same habitat / different coast,"Same habitat
different coast"
S85,S110,0.5392059169497813,S110__S85,85,Mangrove,East,Man_Merang,5.528731,102.938759,110,Mangrove,West,Man_Pulau_Ketam,3.01341,101.336968,TRUE,FALSE,FALSE,Same habitat / different coast,"Same habitat
different coast"
S86,S91,0.3633566675973004,S86__S91,86,Mangrove,West,Man_Penaga,5.517253,100.364968,91,Seagrass,West,SeG_Pulau_Kezambo,5.363009,100.324704,FALSE,TRUE,FALSE,Different habitat / same coast,"Different habitat
same coast"
S86,S92,0.39474225350737036,S86__S92,86,Mangrove,West,Man_Penaga,5.517253,100.364968,92,Seagrass,West,SeG_Pulau_Kezambo,5.364814,100.324618,FALSE,TRUE,FALSE,Different habitat / same coast,"Different habitat
same coast"
S86,S93,0.4222709115865146,S86__S93,86,Mangrove,West,Man_Penaga,5.517253,100.364968,93,Seagrass,West,SeG_Pulau_Kezambo,5.365017,100.326968,FALSE,TRUE,FALSE,Different habitat / same coast,"Different habitat
same coast"
S86,S94,0.5421964713147577,S86__S94,86,Mangrove,West,Man_Penaga,5.517253,100.364968,94,Seagrass,West,SeG_Pulau_Kezambo,5.36303,100.327461,FALSE,TRUE,FALSE,Different habitat / same coast,"Different habitat
same coast"
S86,S95,0.39595766851386494,S86__S95,86,Mangrove,West,Man_Penaga,5.517253,100.364968,95,Seagrass,West,SeG_Pulau_Kezambo,5.361535,100.325841,FALSE,TRUE,FALSE,Different habitat / same coast,"Different habitat
same coast"
S86,S101,0.7449410342498634,S101__S86,86,Mangrove,West,Man_Penaga,5.517253,100.364968,101,Coral,West,Cor_Pulau_Pangkor,4.190014,100.572274,FALSE,TRUE,FALSE,Different habitat / same coast,"Different habitat
same coast"
S86,S102,0.7671405780934988,S102__S86,86,Mangrove,West,Man_Penaga,5.517253,100.364968,102,Coral,West,Cor_Pulau_Pangkor,4.187189,100.543949,FALSE,TRUE,FALSE,Different habitat / same coast,"Different habitat
same coast"
S86,S103,0.717885468001592,S103__S86,86,Mangrove,West,Man_Penaga,5.517253,100.364968,103,Coral,West,Cor_Pulau_Pangkor,4.192025,100.537855,FALSE,TRUE,FALSE,Different habitat / same coast,"Different habitat
same coast"
S86,S104,0.7564230265286275,S104__S86,86,Mangrove,West,Man_Penaga,5.517253,100.364968,104,Coral,West,Cor_Pulau_Pangkor,4.203476,100.545476,FALSE,TRUE,FALSE,Different habitat / same coast,"Different habitat
same coast"
S86,S105,0.7180762461605621,S105__S86,86,Mangrove,West,Man_Penaga,5.517253,100.364968,105,Coral,West,Cor_Pulau_Pangkor,4.194839,100.559803,FALSE,TRUE,FALSE,Different habitat / same coast,"Different habitat
same coast"
S87,S91,0.3271396235886897,S87__S91,87,Mangrove,West,Man_Penaga,5.51815,100.366985,91,Seagrass,West,SeG_Pulau_Kezambo,5.363009,100.324704,FALSE,TRUE,FALSE,Different habitat / same coast,"Different habitat
same coast"
S87,S92,0.36125165978100954,S87__S92,87,Mangrove,West,Man_Penaga,5.51815,100.366985,92,Seagrass,West,SeG_Pulau_Kezambo,5.364814,100.324618,FALSE,TRUE,FALSE,Different habitat / same coast,"Different habitat
same coast"
S87,S93,0.3938038887628749,S87__S93,87,Mangrove,West,Man_Penaga,5.51815,100.366985,93,Seagrass,West,SeG_Pulau_Kezambo,5.365017,100.326968,FALSE,TRUE,FALSE,Different habitat / same coast,"Different habitat
same coast"
S87,S94,0.4594712982918534,S87__S94,87,Mangrove,West,Man_Penaga,5.51815,100.366985,94,Seagrass,West,SeG_Pulau_Kezambo,5.36303,100.327461,FALSE,TRUE,FALSE,Different habitat / same coast,"Different habitat
same coast"
S87,S95,0.34753544137532494,S87__S95,87,Mangrove,West,Man_Penaga,5.51815,100.366985,95,Seagrass,West,SeG_Pulau_Kezambo,5.361535,100.325841,FALSE,TRUE,FALSE,Different habitat / same coast,"Different habitat
same coast"
S87,S101,0.7144283929573578,S101__S87,87,Mangrove,West,Man_Penaga,5.51815,100.366985,101,Coral,West,Cor_Pulau_Pangkor,4.190014,100.572274,FALSE,TRUE,FALSE,Different habitat / same coast,"Different habitat
same coast"
S87,S102,0.7398774301319361,S102__S87,87,Mangrove,West,Man_Penaga,5.51815,100.366985,102,Coral,West,Cor_Pulau_Pangkor,4.187189,100.543949,FALSE,TRUE,FALSE,Different habitat / same coast,"Different habitat
same coast"
S87,S103,0.687560079682183,S103__S87,87,Mangrove,West,Man_Penaga,5.51815,100.366985,103,Coral,West,Cor_Pulau_Pangkor,4.192025,100.537855,FALSE,TRUE,FALSE,Different habitat / same coast,"Different habitat
same coast"
S87,S104,0.7266482898429762,S104__S87,87,Mangrove,West,Man_Penaga,5.51815,100.366985,104,Coral,West,Cor_Pulau_Pangkor,4.203476,100.545476,FALSE,TRUE,FALSE,Different habitat / same coast,"Different habitat
same coast"
S87,S105,0.6882424383242888,S105__S87,87,Mangrove,West,Man_Penaga,5.51815,100.366985,105,Coral,West,Cor_Pulau_Pangkor,4.194839,100.559803,FALSE,TRUE,FALSE,Different habitat / same coast,"Different habitat
same coast"
S88,S91,0.5538643845647236,S88__S91,88,Mangrove,West,Man_Penaga,5.519453,100.369366,91,Seagrass,West,SeG_Pulau_Kezambo,5.363009,100.324704,FALSE,TRUE,FALSE,Different habitat / same coast,"Different habitat
same coast"
S88,S92,0.5771178892667771,S88__S92,88,Mangrove,West,Man_Penaga,5.519453,100.369366,92,Seagrass,West,SeG_Pulau_Kezambo,5.364814,100.324618,FALSE,TRUE,FALSE,Different habitat / same coast,"Different habitat
same coast"
S88,S93,0.6122850653332562,S88__S93,88,Mangrove,West,Man_Penaga,5.519453,100.369366,93,Seagrass,West,SeG_Pulau_Kezambo,5.365017,100.326968,FALSE,TRUE,FALSE,Different habitat / same coast,"Different habitat
same coast"
S88,S94,0.5992375294454886,S88__S94,88,Mangrove,West,Man_Penaga,5.519453,100.369366,94,Seagrass,West,SeG_Pulau_Kezambo,5.36303,100.327461,FALSE,TRUE,FALSE,Different habitat / same coast,"Different habitat
same coast"
S88,S95,0.5601754633642909,S88__S95,88,Mangrove,West,Man_Penaga,5.519453,100.369366,95,Seagrass,West,SeG_Pulau_Kezambo,5.361535,100.325841,FALSE,TRUE,FALSE,Different habitat / same coast,"Different habitat
same coast"
S88,S101,0.794128832582259,S101__S88,88,Mangrove,West,Man_Penaga,5.519453,100.369366,101,Coral,West,Cor_Pulau_Pangkor,4.190014,100.572274,FALSE,TRUE,FALSE,Different habitat / same coast,"Different habitat
same coast"
S88,S102,0.8260723016708732,S102__S88,88,Mangrove,West,Man_Penaga,5.519453,100.369366,102,Coral,West,Cor_Pulau_Pangkor,4.187189,100.543949,FALSE,TRUE,FALSE,Different habitat / same coast,"Different habitat
same coast"
S88,S103,0.8154375003295294,S103__S88,88,Mangrove,West,Man_Penaga,5.519453,100.369366,103,Coral,West,Cor_Pulau_Pangkor,4.192025,100.537855,FALSE,TRUE,FALSE,Different habitat / same coast,"Different habitat
same coast"
S88,S104,0.8103108677779558,S104__S88,88,Mangrove,West,Man_Penaga,5.519453,100.369366,104,Coral,West,Cor_Pulau_Pangkor,4.203476,100.545476,FALSE,TRUE,FALSE,Different habitat / same coast,"Different habitat
same coast"
S88,S105,0.8022307744609434,S105__S88,88,Mangrove,West,Man_Penaga,5.519453,100.369366,105,Coral,West,Cor_Pulau_Pangkor,4.194839,100.559803,FALSE,TRUE,FALSE,Different habitat / same coast,"Different habitat
same coast"
S89,S91,0.6249606991821638,S89__S91,89,Mangrove,West,Man_Penaga,5.520585,100.371383,91,Seagrass,West,SeG_Pulau_Kezambo,5.363009,100.324704,FALSE,TRUE,FALSE,Different habitat / same coast,"Different habitat
same coast"
S89,S92,0.6481662424364139,S89__S92,89,Mangrove,West,Man_Penaga,5.520585,100.371383,92,Seagrass,West,SeG_Pulau_Kezambo,5.364814,100.324618,FALSE,TRUE,FALSE,Different habitat / same coast,"Different habitat
same coast"
S89,S93,0.6797774637420689,S89__S93,89,Mangrove,West,Man_Penaga,5.520585,100.371383,93,Seagrass,West,SeG_Pulau_Kezambo,5.365017,100.326968,FALSE,TRUE,FALSE,Different habitat / same coast,"Different habitat
same coast"
S89,S94,0.6419541319768715,S89__S94,89,Mangrove,West,Man_Penaga,5.520585,100.371383,94,Seagrass,West,SeG_Pulau_Kezambo,5.36303,100.327461,FALSE,TRUE,FALSE,Different habitat / same coast,"Different habitat
same coast"
S89,S95,0.6295226329203479,S89__S95,89,Mangrove,West,Man_Penaga,5.520585,100.371383,95,Seagrass,West,SeG_Pulau_Kezambo,5.361535,100.325841,FALSE,TRUE,FALSE,Different habitat / same coast,"Different habitat
same coast"
S89,S101,0.8193869366178664,S101__S89,89,Mangrove,West,Man_Penaga,5.520585,100.371383,101,Coral,West,Cor_Pulau_Pangkor,4.190014,100.572274,FALSE,TRUE,FALSE,Different habitat / same coast,"Different habitat
same coast"
S89,S102,0.8516038090016863,S102__S89,89,Mangrove,West,Man_Penaga,5.520585,100.371383,102,Coral,West,Cor_Pulau_Pangkor,4.187189,100.543949,FALSE,TRUE,FALSE,Different habitat / same coast,"Different habitat
same coast"
S89,S103,0.8413103591346028,S103__S89,89,Mangrove,West,Man_Penaga,5.520585,100.371383,103,Coral,West,Cor_Pulau_Pangkor,4.192025,100.537855,FALSE,TRUE,FALSE,Different habitat / same coast,"Different habitat
same coast"
S89,S104,0.839478810122964,S104__S89,89,Mangrove,West,Man_Penaga,5.520585,100.371383,104,Coral,West,Cor_Pulau_Pangkor,4.203476,100.545476,FALSE,TRUE,FALSE,Different habitat / same coast,"Different habitat
same coast"
S89,S105,0.8323834244897488,S105__S89,89,Mangrove,West,Man_Penaga,5.520585,100.371383,105,Coral,West,Cor_Pulau_Pangkor,4.194839,100.559803,FALSE,TRUE,FALSE,Different habitat / same coast,"Different habitat
same coast"
S90,S91,0.6855630054592515,S90__S91,90,Mangrove,West,Man_Penaga,5.522977,100.372478,91,Seagrass,West,SeG_Pulau_Kezambo,5.363009,100.324704,FALSE,TRUE,FALSE,Different habitat / same coast,"Different habitat
same coast"
S90,S92,0.7066677264498914,S90__S92,90,Mangrove,West,Man_Penaga,5.522977,100.372478,92,Seagrass,West,SeG_Pulau_Kezambo,5.364814,100.324618,FALSE,TRUE,FALSE,Different habitat / same coast,"Different habitat
same coast"
S90,S93,0.7251904186413736,S90__S93,90,Mangrove,West,Man_Penaga,5.522977,100.372478,93,Seagrass,West,SeG_Pulau_Kezambo,5.365017,100.326968,FALSE,TRUE,FALSE,Different habitat / same coast,"Different habitat
same coast"
S90,S94,0.6993526179389417,S90__S94,90,Mangrove,West,Man_Penaga,5.522977,100.372478,94,Seagrass,West,SeG_Pulau_Kezambo,5.36303,100.327461,FALSE,TRUE,FALSE,Different habitat / same coast,"Different habitat
same coast"
S90,S95,0.6898465191489735,S90__S95,90,Mangrove,West,Man_Penaga,5.522977,100.372478,95,Seagrass,West,SeG_Pulau_Kezambo,5.361535,100.325841,FALSE,TRUE,FALSE,Different habitat / same coast,"Different habitat
same coast"
S90,S101,0.8499352329414385,S101__S90,90,Mangrove,West,Man_Penaga,5.522977,100.372478,101,Coral,West,Cor_Pulau_Pangkor,4.190014,100.572274,FALSE,TRUE,FALSE,Different habitat / same coast,"Different habitat
same coast"
S90,S102,0.8799986821385813,S102__S90,90,Mangrove,West,Man_Penaga,5.522977,100.372478,102,Coral,West,Cor_Pulau_Pangkor,4.187189,100.543949,FALSE,TRUE,FALSE,Different habitat / same coast,"Different habitat
same coast"
S90,S103,0.8657025442428269,S103__S90,90,Mangrove,West,Man_Penaga,5.522977,100.372478,103,Coral,West,Cor_Pulau_Pangkor,4.192025,100.537855,FALSE,TRUE,FALSE,Different habitat / same coast,"Different habitat
same coast"
S90,S104,0.8698444191496365,S104__S90,90,Mangrove,West,Man_Penaga,5.522977,100.372478,104,Coral,West,Cor_Pulau_Pangkor,4.203476,100.545476,FALSE,TRUE,FALSE,Different habitat / same coast,"Different habitat
same coast"
S90,S105,0.8660281060125951,S105__S90,90,Mangrove,West,Man_Penaga,5.522977,100.372478,105,Coral,West,Cor_Pulau_Pangkor,4.194839,100.559803,FALSE,TRUE,FALSE,Different habitat / same coast,"Different habitat
same coast"
S91,S96,0.6481201015845999,S91__S96,91,Seagrass,West,SeG_Pulau_Kezambo,5.363009,100.324704,96,Mangrove,West,Man_Kuala_Sepetang,4.78359,100.607457,FALSE,TRUE,FALSE,Different habitat / same coast,"Different habitat
same coast"
S91,S97,0.6463079795618507,S91__S97,91,Seagrass,West,SeG_Pulau_Kezambo,5.363009,100.324704,97,Mangrove,West,Man_Kuala_Sepetang,4.787012,100.612692,FALSE,TRUE,FALSE,Different habitat / same coast,"Different habitat
same coast"
S91,S98,0.5714076516127462,S91__S98,91,Seagrass,West,SeG_Pulau_Kezambo,5.363009,100.324704,98,Mangrove,West,Man_Kuala_Sepetang,4.788979,100.618615,FALSE,TRUE,FALSE,Different habitat / same coast,"Different habitat
same coast"
S91,S99,0.5095187468960319,S91__S99,91,Seagrass,West,SeG_Pulau_Kezambo,5.363009,100.324704,99,Mangrove,West,Man_Kuala_Sepetang,4.791801,100.624022,FALSE,TRUE,FALSE,Different habitat / same coast,"Different habitat
same coast"
S91,S100,0.5567277609411307,S100__S91,91,Seagrass,West,SeG_Pulau_Kezambo,5.363009,100.324704,100,Mangrove,West,Man_Kuala_Sepetang,4.797275,100.62634,FALSE,TRUE,FALSE,Different habitat / same coast,"Different habitat
same coast"
S91,S101,0.6307784937370868,S101__S91,91,Seagrass,West,SeG_Pulau_Kezambo,5.363009,100.324704,101,Coral,West,Cor_Pulau_Pangkor,4.190014,100.572274,FALSE,TRUE,FALSE,Different habitat / same coast,"Different habitat
same coast"
S91,S102,0.6451125350154246,S102__S91,91,Seagrass,West,SeG_Pulau_Kezambo,5.363009,100.324704,102,Coral,West,Cor_Pulau_Pangkor,4.187189,100.543949,FALSE,TRUE,FALSE,Different habitat / same coast,"Different habitat
same coast"
S91,S103,0.647538513013213,S103__S91,91,Seagrass,West,SeG_Pulau_Kezambo,5.363009,100.324704,103,Coral,West,Cor_Pulau_Pangkor,4.192025,100.537855,FALSE,TRUE,FALSE,Different habitat / same coast,"Different habitat
same coast"
S91,S104,0.6362651179598242,S104__S91,91,Seagrass,West,SeG_Pulau_Kezambo,5.363009,100.324704,104,Coral,West,Cor_Pulau_Pangkor,4.203476,100.545476,FALSE,TRUE,FALSE,Different habitat / same coast,"Different habitat
same coast"
S91,S105,0.5798435852082742,S105__S91,91,Seagrass,West,SeG_Pulau_Kezambo,5.363009,100.324704,105,Coral,West,Cor_Pulau_Pangkor,4.194839,100.559803,FALSE,TRUE,FALSE,Different habitat / same coast,"Different habitat
same coast"
S91,S106,0.4682583545871455,S106__S91,91,Seagrass,West,SeG_Pulau_Kezambo,5.363009,100.324704,106,Mangrove,West,Man_Pulau_Ketam,3.024487,101.320359,FALSE,TRUE,FALSE,Different habitat / same coast,"Different habitat
same coast"
S91,S107,0.46502789336825323,S107__S91,91,Seagrass,West,SeG_Pulau_Kezambo,5.363009,100.324704,107,Mangrove,West,Man_Pulau_Ketam,3.021921,101.326184,FALSE,TRUE,FALSE,Different habitat / same coast,"Different habitat
same coast"
S91,S108,0.4048278679226835,S108__S91,91,Seagrass,West,SeG_Pulau_Kezambo,5.363009,100.324704,108,Mangrove,West,Man_Pulau_Ketam,3.014735,101.325529,FALSE,TRUE,FALSE,Different habitat / same coast,"Different habitat
same coast"
S91,S109,0.5259263535960842,S109__S91,91,Seagrass,West,SeG_Pulau_Kezambo,5.363009,100.324704,109,Mangrove,West,Man_Pulau_Ketam,3.016972,101.333548,FALSE,TRUE,FALSE,Different habitat / same coast,"Different habitat
same coast"
S91,S110,0.3188959280561503,S110__S91,91,Seagrass,West,SeG_Pulau_Kezambo,5.363009,100.324704,110,Mangrove,West,Man_Pulau_Ketam,3.01341,101.336968,FALSE,TRUE,FALSE,Different habitat / same coast,"Different habitat
same coast"
S92,S96,0.6421816542684835,S92__S96,92,Seagrass,West,SeG_Pulau_Kezambo,5.364814,100.324618,96,Mangrove,West,Man_Kuala_Sepetang,4.78359,100.607457,FALSE,TRUE,FALSE,Different habitat / same coast,"Different habitat
same coast"
S92,S97,0.6418300086051202,S92__S97,92,Seagrass,West,SeG_Pulau_Kezambo,5.364814,100.324618,97,Mangrove,West,Man_Kuala_Sepetang,4.787012,100.612692,FALSE,TRUE,FALSE,Different habitat / same coast,"Different habitat
same coast"
S92,S98,0.5781171033156973,S92__S98,92,Seagrass,West,SeG_Pulau_Kezambo,5.364814,100.324618,98,Mangrove,West,Man_Kuala_Sepetang,4.788979,100.618615,FALSE,TRUE,FALSE,Different habitat / same coast,"Different habitat
same coast"
S92,S99,0.5181836124501118,S92__S99,92,Seagrass,West,SeG_Pulau_Kezambo,5.364814,100.324618,99,Mangrove,West,Man_Kuala_Sepetang,4.791801,100.624022,FALSE,TRUE,FALSE,Different habitat / same coast,"Different habitat
same coast"
S92,S100,0.5843589718428244,S100__S92,92,Seagrass,West,SeG_Pulau_Kezambo,5.364814,100.324618,100,Mangrove,West,Man_Kuala_Sepetang,4.797275,100.62634,FALSE,TRUE,FALSE,Different habitat / same coast,"Different habitat
same coast"
S92,S101,0.5784731609264108,S101__S92,92,Seagrass,West,SeG_Pulau_Kezambo,5.364814,100.324618,101,Coral,West,Cor_Pulau_Pangkor,4.190014,100.572274,FALSE,TRUE,FALSE,Different habitat / same coast,"Different habitat
same coast"
S92,S102,0.6011661722295942,S102__S92,92,Seagrass,West,SeG_Pulau_Kezambo,5.364814,100.324618,102,Coral,West,Cor_Pulau_Pangkor,4.187189,100.543949,FALSE,TRUE,FALSE,Different habitat / same coast,"Different habitat
same coast"
S92,S103,0.5797758950496462,S103__S92,92,Seagrass,West,SeG_Pulau_Kezambo,5.364814,100.324618,103,Coral,West,Cor_Pulau_Pangkor,4.192025,100.537855,FALSE,TRUE,FALSE,Different habitat / same coast,"Different habitat
same coast"
S92,S104,0.5687361687134306,S104__S92,92,Seagrass,West,SeG_Pulau_Kezambo,5.364814,100.324618,104,Coral,West,Cor_Pulau_Pangkor,4.203476,100.545476,FALSE,TRUE,FALSE,Different habitat / same coast,"Different habitat
same coast"
S92,S105,0.5179712648209692,S105__S92,92,Seagrass,West,SeG_Pulau_Kezambo,5.364814,100.324618,105,Coral,West,Cor_Pulau_Pangkor,4.194839,100.559803,FALSE,TRUE,FALSE,Different habitat / same coast,"Different habitat
same coast"
S92,S106,0.4692247815544922,S106__S92,92,Seagrass,West,SeG_Pulau_Kezambo,5.364814,100.324618,106,Mangrove,West,Man_Pulau_Ketam,3.024487,101.320359,FALSE,TRUE,FALSE,Different habitat / same coast,"Different habitat
same coast"
S92,S107,0.4670642011382734,S107__S92,92,Seagrass,West,SeG_Pulau_Kezambo,5.364814,100.324618,107,Mangrove,West,Man_Pulau_Ketam,3.021921,101.326184,FALSE,TRUE,FALSE,Different habitat / same coast,"Different habitat
same coast"
S92,S108,0.35068236326032803,S108__S92,92,Seagrass,West,SeG_Pulau_Kezambo,5.364814,100.324618,108,Mangrove,West,Man_Pulau_Ketam,3.014735,101.325529,FALSE,TRUE,FALSE,Different habitat / same coast,"Different habitat
same coast"
S92,S109,0.4856177223248995,S109__S92,92,Seagrass,West,SeG_Pulau_Kezambo,5.364814,100.324618,109,Mangrove,West,Man_Pulau_Ketam,3.016972,101.333548,FALSE,TRUE,FALSE,Different habitat / same coast,"Different habitat
same coast"
S92,S110,0.30156611342193723,S110__S92,92,Seagrass,West,SeG_Pulau_Kezambo,5.364814,100.324618,110,Mangrove,West,Man_Pulau_Ketam,3.01341,101.336968,FALSE,TRUE,FALSE,Different habitat / same coast,"Different habitat
same coast"
S93,S96,0.6769043588581646,S93__S96,93,Seagrass,West,SeG_Pulau_Kezambo,5.365017,100.326968,96,Mangrove,West,Man_Kuala_Sepetang,4.78359,100.607457,FALSE,TRUE,FALSE,Different habitat / same coast,"Different habitat
same coast"
S93,S97,0.6833511221556687,S93__S97,93,Seagrass,West,SeG_Pulau_Kezambo,5.365017,100.326968,97,Mangrove,West,Man_Kuala_Sepetang,4.787012,100.612692,FALSE,TRUE,FALSE,Different habitat / same coast,"Different habitat
same coast"
S93,S98,0.6225419741640132,S93__S98,93,Seagrass,West,SeG_Pulau_Kezambo,5.365017,100.326968,98,Mangrove,West,Man_Kuala_Sepetang,4.788979,100.618615,FALSE,TRUE,FALSE,Different habitat / same coast,"Different habitat
same coast"
S93,S99,0.5793806625504703,S93__S99,93,Seagrass,West,SeG_Pulau_Kezambo,5.365017,100.326968,99,Mangrove,West,Man_Kuala_Sepetang,4.791801,100.624022,FALSE,TRUE,FALSE,Different habitat / same coast,"Different habitat
same coast"
S93,S100,0.6297007158509552,S100__S93,93,Seagrass,West,SeG_Pulau_Kezambo,5.365017,100.326968,100,Mangrove,West,Man_Kuala_Sepetang,4.797275,100.62634,FALSE,TRUE,FALSE,Different habitat / same coast,"Different habitat
same coast"
S93,S101,0.5411685842734126,S101__S93,93,Seagrass,West,SeG_Pulau_Kezambo,5.365017,100.326968,101,Coral,West,Cor_Pulau_Pangkor,4.190014,100.572274,FALSE,TRUE,FALSE,Different habitat / same coast,"Different habitat
same coast"
S93,S102,0.5388032763095143,S102__S93,93,Seagrass,West,SeG_Pulau_Kezambo,5.365017,100.326968,102,Coral,West,Cor_Pulau_Pangkor,4.187189,100.543949,FALSE,TRUE,FALSE,Different habitat / same coast,"Different habitat
same coast"
S93,S103,0.5166051295129833,S103__S93,93,Seagrass,West,SeG_Pulau_Kezambo,5.365017,100.326968,103,Coral,West,Cor_Pulau_Pangkor,4.192025,100.537855,FALSE,TRUE,FALSE,Different habitat / same coast,"Different habitat
same coast"
S93,S104,0.5288421569589178,S104__S93,93,Seagrass,West,SeG_Pulau_Kezambo,5.365017,100.326968,104,Coral,West,Cor_Pulau_Pangkor,4.203476,100.545476,FALSE,TRUE,FALSE,Different habitat / same coast,"Different habitat
same coast"
S93,S105,0.4636334942119107,S105__S93,93,Seagrass,West,SeG_Pulau_Kezambo,5.365017,100.326968,105,Coral,West,Cor_Pulau_Pangkor,4.194839,100.559803,FALSE,TRUE,FALSE,Different habitat / same coast,"Different habitat
same coast"
S93,S106,0.5435865632930011,S106__S93,93,Seagrass,West,SeG_Pulau_Kezambo,5.365017,100.326968,106,Mangrove,West,Man_Pulau_Ketam,3.024487,101.320359,FALSE,TRUE,FALSE,Different habitat / same coast,"Different habitat
same coast"
S93,S107,0.527284366673703,S107__S93,93,Seagrass,West,SeG_Pulau_Kezambo,5.365017,100.326968,107,Mangrove,West,Man_Pulau_Ketam,3.021921,101.326184,FALSE,TRUE,FALSE,Different habitat / same coast,"Different habitat
same coast"
S93,S108,0.4019440852674543,S108__S93,93,Seagrass,West,SeG_Pulau_Kezambo,5.365017,100.326968,108,Mangrove,West,Man_Pulau_Ketam,3.014735,101.325529,FALSE,TRUE,FALSE,Different habitat / same coast,"Different habitat
same coast"
S93,S109,0.5186196573733696,S109__S93,93,Seagrass,West,SeG_Pulau_Kezambo,5.365017,100.326968,109,Mangrove,West,Man_Pulau_Ketam,3.016972,101.333548,FALSE,TRUE,FALSE,Different habitat / same coast,"Different habitat
same coast"
S93,S110,0.29488852104650176,S110__S93,93,Seagrass,West,SeG_Pulau_Kezambo,5.365017,100.326968,110,Mangrove,West,Man_Pulau_Ketam,3.01341,101.336968,FALSE,TRUE,FALSE,Different habitat / same coast,"Different habitat
same coast"
S94,S96,0.677247550749644,S94__S96,94,Seagrass,West,SeG_Pulau_Kezambo,5.36303,100.327461,96,Mangrove,West,Man_Kuala_Sepetang,4.78359,100.607457,FALSE,TRUE,FALSE,Different habitat / same coast,"Different habitat
same coast"
S94,S97,0.6734143267366445,S94__S97,94,Seagrass,West,SeG_Pulau_Kezambo,5.36303,100.327461,97,Mangrove,West,Man_Kuala_Sepetang,4.787012,100.612692,FALSE,TRUE,FALSE,Different habitat / same coast,"Different habitat
same coast"
S94,S98,0.6155457256919812,S94__S98,94,Seagrass,West,SeG_Pulau_Kezambo,5.36303,100.327461,98,Mangrove,West,Man_Kuala_Sepetang,4.788979,100.618615,FALSE,TRUE,FALSE,Different habitat / same coast,"Different habitat
same coast"
S94,S99,0.6032560164887049,S94__S99,94,Seagrass,West,SeG_Pulau_Kezambo,5.36303,100.327461,99,Mangrove,West,Man_Kuala_Sepetang,4.791801,100.624022,FALSE,TRUE,FALSE,Different habitat / same coast,"Different habitat
same coast"
S94,S100,0.5891118664949323,S100__S94,94,Seagrass,West,SeG_Pulau_Kezambo,5.36303,100.327461,100,Mangrove,West,Man_Kuala_Sepetang,4.797275,100.62634,FALSE,TRUE,FALSE,Different habitat / same coast,"Different habitat
same coast"
S94,S101,0.5788685386286045,S101__S94,94,Seagrass,West,SeG_Pulau_Kezambo,5.36303,100.327461,101,Coral,West,Cor_Pulau_Pangkor,4.190014,100.572274,FALSE,TRUE,FALSE,Different habitat / same coast,"Different habitat
same coast"
S94,S102,0.6035284180321445,S102__S94,94,Seagrass,West,SeG_Pulau_Kezambo,5.36303,100.327461,102,Coral,West,Cor_Pulau_Pangkor,4.187189,100.543949,FALSE,TRUE,FALSE,Different habitat / same coast,"Different habitat
same coast"
S94,S103,0.5567396144597507,S103__S94,94,Seagrass,West,SeG_Pulau_Kezambo,5.36303,100.327461,103,Coral,West,Cor_Pulau_Pangkor,4.192025,100.537855,FALSE,TRUE,FALSE,Different habitat / same coast,"Different habitat
same coast"
S94,S104,0.5615251828086779,S104__S94,94,Seagrass,West,SeG_Pulau_Kezambo,5.36303,100.327461,104,Coral,West,Cor_Pulau_Pangkor,4.203476,100.545476,FALSE,TRUE,FALSE,Different habitat / same coast,"Different habitat
same coast"
S94,S105,0.5017971229788148,S105__S94,94,Seagrass,West,SeG_Pulau_Kezambo,5.36303,100.327461,105,Coral,West,Cor_Pulau_Pangkor,4.194839,100.559803,FALSE,TRUE,FALSE,Different habitat / same coast,"Different habitat
same coast"
S94,S106,0.5621548319288635,S106__S94,94,Seagrass,West,SeG_Pulau_Kezambo,5.36303,100.327461,106,Mangrove,West,Man_Pulau_Ketam,3.024487,101.320359,FALSE,TRUE,FALSE,Different habitat / same coast,"Different habitat
same coast"
S94,S107,0.5407663869630033,S107__S94,94,Seagrass,West,SeG_Pulau_Kezambo,5.36303,100.327461,107,Mangrove,West,Man_Pulau_Ketam,3.021921,101.326184,FALSE,TRUE,FALSE,Different habitat / same coast,"Different habitat
same coast"
S94,S108,0.42874049157003014,S108__S94,94,Seagrass,West,SeG_Pulau_Kezambo,5.36303,100.327461,108,Mangrove,West,Man_Pulau_Ketam,3.014735,101.325529,FALSE,TRUE,FALSE,Different habitat / same coast,"Different habitat
same coast"
S94,S109,0.5048728711301038,S109__S94,94,Seagrass,West,SeG_Pulau_Kezambo,5.36303,100.327461,109,Mangrove,West,Man_Pulau_Ketam,3.016972,101.333548,FALSE,TRUE,FALSE,Different habitat / same coast,"Different habitat
same coast"
S94,S110,0.39849066453334464,S110__S94,94,Seagrass,West,SeG_Pulau_Kezambo,5.36303,100.327461,110,Mangrove,West,Man_Pulau_Ketam,3.01341,101.336968,FALSE,TRUE,FALSE,Different habitat / same coast,"Different habitat
same coast"
S95,S96,0.6649170950369108,S95__S96,95,Seagrass,West,SeG_Pulau_Kezambo,5.361535,100.325841,96,Mangrove,West,Man_Kuala_Sepetang,4.78359,100.607457,FALSE,TRUE,FALSE,Different habitat / same coast,"Different habitat
same coast"
S95,S97,0.6682610212980221,S95__S97,95,Seagrass,West,SeG_Pulau_Kezambo,5.361535,100.325841,97,Mangrove,West,Man_Kuala_Sepetang,4.787012,100.612692,FALSE,TRUE,FALSE,Different habitat / same coast,"Different habitat
same coast"
S95,S98,0.5828725264495044,S95__S98,95,Seagrass,West,SeG_Pulau_Kezambo,5.361535,100.325841,98,Mangrove,West,Man_Kuala_Sepetang,4.788979,100.618615,FALSE,TRUE,FALSE,Different habitat / same coast,"Different habitat
same coast"
S95,S99,0.5282071595303385,S95__S99,95,Seagrass,West,SeG_Pulau_Kezambo,5.361535,100.325841,99,Mangrove,West,Man_Kuala_Sepetang,4.791801,100.624022,FALSE,TRUE,FALSE,Different habitat / same coast,"Different habitat
same coast"
S95,S100,0.5676849322588592,S100__S95,95,Seagrass,West,SeG_Pulau_Kezambo,5.361535,100.325841,100,Mangrove,West,Man_Kuala_Sepetang,4.797275,100.62634,FALSE,TRUE,FALSE,Different habitat / same coast,"Different habitat
same coast"
S95,S101,0.6094488905866429,S101__S95,95,Seagrass,West,SeG_Pulau_Kezambo,5.361535,100.325841,101,Coral,West,Cor_Pulau_Pangkor,4.190014,100.572274,FALSE,TRUE,FALSE,Different habitat / same coast,"Different habitat
same coast"
S95,S102,0.6207078560074836,S102__S95,95,Seagrass,West,SeG_Pulau_Kezambo,5.361535,100.325841,102,Coral,West,Cor_Pulau_Pangkor,4.187189,100.543949,FALSE,TRUE,FALSE,Different habitat / same coast,"Different habitat
same coast"
S95,S103,0.6329249480181457,S103__S95,95,Seagrass,West,SeG_Pulau_Kezambo,5.361535,100.325841,103,Coral,West,Cor_Pulau_Pangkor,4.192025,100.537855,FALSE,TRUE,FALSE,Different habitat / same coast,"Different habitat
same coast"
S95,S104,0.628883139072035,S104__S95,95,Seagrass,West,SeG_Pulau_Kezambo,5.361535,100.325841,104,Coral,West,Cor_Pulau_Pangkor,4.203476,100.545476,FALSE,TRUE,FALSE,Different habitat / same coast,"Different habitat
same coast"
S95,S105,0.5585917657182395,S105__S95,95,Seagrass,West,SeG_Pulau_Kezambo,5.361535,100.325841,105,Coral,West,Cor_Pulau_Pangkor,4.194839,100.559803,FALSE,TRUE,FALSE,Different habitat / same coast,"Different habitat
same coast"
S95,S106,0.47647574940619974,S106__S95,95,Seagrass,West,SeG_Pulau_Kezambo,5.361535,100.325841,106,Mangrove,West,Man_Pulau_Ketam,3.024487,101.320359,FALSE,TRUE,FALSE,Different habitat / same coast,"Different habitat
same coast"
S95,S107,0.4546616479091866,S107__S95,95,Seagrass,West,SeG_Pulau_Kezambo,5.361535,100.325841,107,Mangrove,West,Man_Pulau_Ketam,3.021921,101.326184,FALSE,TRUE,FALSE,Different habitat / same coast,"Different habitat
same coast"
S95,S108,0.3704969710414742,S108__S95,95,Seagrass,West,SeG_Pulau_Kezambo,5.361535,100.325841,108,Mangrove,West,Man_Pulau_Ketam,3.014735,101.325529,FALSE,TRUE,FALSE,Different habitat / same coast,"Different habitat
same coast"
S95,S109,0.527161513672038,S109__S95,95,Seagrass,West,SeG_Pulau_Kezambo,5.361535,100.325841,109,Mangrove,West,Man_Pulau_Ketam,3.016972,101.333548,FALSE,TRUE,FALSE,Different habitat / same coast,"Different habitat
same coast"
S95,S110,0.34990804726877556,S110__S95,95,Seagrass,West,SeG_Pulau_Kezambo,5.361535,100.325841,110,Mangrove,West,Man_Pulau_Ketam,3.01341,101.336968,FALSE,TRUE,FALSE,Different habitat / same coast,"Different habitat
same coast"
S96,S101,0.7942344871318822,S101__S96,96,Mangrove,West,Man_Kuala_Sepetang,4.78359,100.607457,101,Coral,West,Cor_Pulau_Pangkor,4.190014,100.572274,FALSE,TRUE,FALSE,Different habitat / same coast,"Different habitat
same coast"
S96,S102,0.8502031428262997,S102__S96,96,Mangrove,West,Man_Kuala_Sepetang,4.78359,100.607457,102,Coral,West,Cor_Pulau_Pangkor,4.187189,100.543949,FALSE,TRUE,FALSE,Different habitat / same coast,"Different habitat
same coast"
S96,S103,0.8344266982851327,S103__S96,96,Mangrove,West,Man_Kuala_Sepetang,4.78359,100.607457,103,Coral,West,Cor_Pulau_Pangkor,4.192025,100.537855,FALSE,TRUE,FALSE,Different habitat / same coast,"Different habitat
same coast"
S96,S104,0.8275191174844114,S104__S96,96,Mangrove,West,Man_Kuala_Sepetang,4.78359,100.607457,104,Coral,West,Cor_Pulau_Pangkor,4.203476,100.545476,FALSE,TRUE,FALSE,Different habitat / same coast,"Different habitat
same coast"
S96,S105,0.810162428288852,S105__S96,96,Mangrove,West,Man_Kuala_Sepetang,4.78359,100.607457,105,Coral,West,Cor_Pulau_Pangkor,4.194839,100.559803,FALSE,TRUE,FALSE,Different habitat / same coast,"Different habitat
same coast"
S97,S101,0.7988794232438352,S101__S97,97,Mangrove,West,Man_Kuala_Sepetang,4.787012,100.612692,101,Coral,West,Cor_Pulau_Pangkor,4.190014,100.572274,FALSE,TRUE,FALSE,Different habitat / same coast,"Different habitat
same coast"
S97,S102,0.8563219428035477,S102__S97,97,Mangrove,West,Man_Kuala_Sepetang,4.787012,100.612692,102,Coral,West,Cor_Pulau_Pangkor,4.187189,100.543949,FALSE,TRUE,FALSE,Different habitat / same coast,"Different habitat
same coast"
S97,S103,0.8403171689874245,S103__S97,97,Mangrove,West,Man_Kuala_Sepetang,4.787012,100.612692,103,Coral,West,Cor_Pulau_Pangkor,4.192025,100.537855,FALSE,TRUE,FALSE,Different habitat / same coast,"Different habitat
same coast"
S97,S104,0.8309599360681942,S104__S97,97,Mangrove,West,Man_Kuala_Sepetang,4.787012,100.612692,104,Coral,West,Cor_Pulau_Pangkor,4.203476,100.545476,FALSE,TRUE,FALSE,Different habitat / same coast,"Different habitat
same coast"
S97,S105,0.8126444509186713,S105__S97,97,Mangrove,West,Man_Kuala_Sepetang,4.787012,100.612692,105,Coral,West,Cor_Pulau_Pangkor,4.194839,100.559803,FALSE,TRUE,FALSE,Different habitat / same coast,"Different habitat
same coast"
S98,S101,0.7899576188387364,S101__S98,98,Mangrove,West,Man_Kuala_Sepetang,4.788979,100.618615,101,Coral,West,Cor_Pulau_Pangkor,4.190014,100.572274,FALSE,TRUE,FALSE,Different habitat / same coast,"Different habitat
same coast"
S98,S102,0.8427670231868806,S102__S98,98,Mangrove,West,Man_Kuala_Sepetang,4.788979,100.618615,102,Coral,West,Cor_Pulau_Pangkor,4.187189,100.543949,FALSE,TRUE,FALSE,Different habitat / same coast,"Different habitat
same coast"
S98,S103,0.827819877618052,S103__S98,98,Mangrove,West,Man_Kuala_Sepetang,4.788979,100.618615,103,Coral,West,Cor_Pulau_Pangkor,4.192025,100.537855,FALSE,TRUE,FALSE,Different habitat / same coast,"Different habitat
same coast"
S98,S104,0.8168272995118276,S104__S98,98,Mangrove,West,Man_Kuala_Sepetang,4.788979,100.618615,104,Coral,West,Cor_Pulau_Pangkor,4.203476,100.545476,FALSE,TRUE,FALSE,Different habitat / same coast,"Different habitat
same coast"
S98,S105,0.7993334615612155,S105__S98,98,Mangrove,West,Man_Kuala_Sepetang,4.788979,100.618615,105,Coral,West,Cor_Pulau_Pangkor,4.194839,100.559803,FALSE,TRUE,FALSE,Different habitat / same coast,"Different habitat
same coast"
S99,S101,0.7909867137949488,S101__S99,99,Mangrove,West,Man_Kuala_Sepetang,4.791801,100.624022,101,Coral,West,Cor_Pulau_Pangkor,4.190014,100.572274,FALSE,TRUE,FALSE,Different habitat / same coast,"Different habitat
same coast"
S99,S102,0.8376320204218213,S102__S99,99,Mangrove,West,Man_Kuala_Sepetang,4.791801,100.624022,102,Coral,West,Cor_Pulau_Pangkor,4.187189,100.543949,FALSE,TRUE,FALSE,Different habitat / same coast,"Different habitat
same coast"
S99,S103,0.8248629246159318,S103__S99,99,Mangrove,West,Man_Kuala_Sepetang,4.791801,100.624022,103,Coral,West,Cor_Pulau_Pangkor,4.192025,100.537855,FALSE,TRUE,FALSE,Different habitat / same coast,"Different habitat
same coast"
S99,S104,0.8117802448043154,S104__S99,99,Mangrove,West,Man_Kuala_Sepetang,4.791801,100.624022,104,Coral,West,Cor_Pulau_Pangkor,4.203476,100.545476,FALSE,TRUE,FALSE,Different habitat / same coast,"Different habitat
same coast"
S99,S105,0.794159884475605,S105__S99,99,Mangrove,West,Man_Kuala_Sepetang,4.791801,100.624022,105,Coral,West,Cor_Pulau_Pangkor,4.194839,100.559803,FALSE,TRUE,FALSE,Different habitat / same coast,"Different habitat
same coast"
S100,S101,0.8014584489099973,S100__S101,100,Mangrove,West,Man_Kuala_Sepetang,4.797275,100.62634,101,Coral,West,Cor_Pulau_Pangkor,4.190014,100.572274,FALSE,TRUE,FALSE,Different habitat / same coast,"Different habitat
same coast"
S100,S102,0.8518309388432647,S100__S102,100,Mangrove,West,Man_Kuala_Sepetang,4.797275,100.62634,102,Coral,West,Cor_Pulau_Pangkor,4.187189,100.543949,FALSE,TRUE,FALSE,Different habitat / same coast,"Different habitat
same coast"
S100,S103,0.835675317604454,S100__S103,100,Mangrove,West,Man_Kuala_Sepetang,4.797275,100.62634,103,Coral,West,Cor_Pulau_Pangkor,4.192025,100.537855,FALSE,TRUE,FALSE,Different habitat / same coast,"Different habitat
same coast"
S100,S104,0.8269384099025469,S100__S104,100,Mangrove,West,Man_Kuala_Sepetang,4.797275,100.62634,104,Coral,West,Cor_Pulau_Pangkor,4.203476,100.545476,FALSE,TRUE,FALSE,Different habitat / same coast,"Different habitat
same coast"
S100,S105,0.8074362909394291,S100__S105,100,Mangrove,West,Man_Kuala_Sepetang,4.797275,100.62634,105,Coral,West,Cor_Pulau_Pangkor,4.194839,100.559803,FALSE,TRUE,FALSE,Different habitat / same coast,"Different habitat
same coast"
S101,S106,0.7152516297785022,S101__S106,101,Coral,West,Cor_Pulau_Pangkor,4.190014,100.572274,106,Mangrove,West,Man_Pulau_Ketam,3.024487,101.320359,FALSE,TRUE,FALSE,Different habitat / same coast,"Different habitat
same coast"
S101,S107,0.6843276484272846,S101__S107,101,Coral,West,Cor_Pulau_Pangkor,4.190014,100.572274,107,Mangrove,West,Man_Pulau_Ketam,3.021921,101.326184,FALSE,TRUE,FALSE,Different habitat / same coast,"Different habitat
same coast"
S101,S108,0.6195490135062092,S101__S108,101,Coral,West,Cor_Pulau_Pangkor,4.190014,100.572274,108,Mangrove,West,Man_Pulau_Ketam,3.014735,101.325529,FALSE,TRUE,FALSE,Different habitat / same coast,"Different habitat
same coast"
S101,S109,0.6563572363176928,S101__S109,101,Coral,West,Cor_Pulau_Pangkor,4.190014,100.572274,109,Mangrove,West,Man_Pulau_Ketam,3.016972,101.333548,FALSE,TRUE,FALSE,Different habitat / same coast,"Different habitat
same coast"
S101,S110,0.6086328557866175,S101__S110,101,Coral,West,Cor_Pulau_Pangkor,4.190014,100.572274,110,Mangrove,West,Man_Pulau_Ketam,3.01341,101.336968,FALSE,TRUE,FALSE,Different habitat / same coast,"Different habitat
same coast"
S102,S106,0.7771149023036655,S102__S106,102,Coral,West,Cor_Pulau_Pangkor,4.187189,100.543949,106,Mangrove,West,Man_Pulau_Ketam,3.024487,101.320359,FALSE,TRUE,FALSE,Different habitat / same coast,"Different habitat
same coast"
S102,S107,0.7603213725990347,S102__S107,102,Coral,West,Cor_Pulau_Pangkor,4.187189,100.543949,107,Mangrove,West,Man_Pulau_Ketam,3.021921,101.326184,FALSE,TRUE,FALSE,Different habitat / same coast,"Different habitat
same coast"
S102,S108,0.6639669601099663,S102__S108,102,Coral,West,Cor_Pulau_Pangkor,4.187189,100.543949,108,Mangrove,West,Man_Pulau_Ketam,3.014735,101.325529,FALSE,TRUE,FALSE,Different habitat / same coast,"Different habitat
same coast"
S102,S109,0.6899447472570851,S102__S109,102,Coral,West,Cor_Pulau_Pangkor,4.187189,100.543949,109,Mangrove,West,Man_Pulau_Ketam,3.016972,101.333548,FALSE,TRUE,FALSE,Different habitat / same coast,"Different habitat
same coast"
S102,S110,0.633444091435675,S102__S110,102,Coral,West,Cor_Pulau_Pangkor,4.187189,100.543949,110,Mangrove,West,Man_Pulau_Ketam,3.01341,101.336968,FALSE,TRUE,FALSE,Different habitat / same coast,"Different habitat
same coast"
S103,S106,0.7393138909691709,S103__S106,103,Coral,West,Cor_Pulau_Pangkor,4.192025,100.537855,106,Mangrove,West,Man_Pulau_Ketam,3.024487,101.320359,FALSE,TRUE,FALSE,Different habitat / same coast,"Different habitat
same coast"
S103,S107,0.7293517274511543,S103__S107,103,Coral,West,Cor_Pulau_Pangkor,4.192025,100.537855,107,Mangrove,West,Man_Pulau_Ketam,3.021921,101.326184,FALSE,TRUE,FALSE,Different habitat / same coast,"Different habitat
same coast"
S103,S108,0.6091665817274334,S103__S108,103,Coral,West,Cor_Pulau_Pangkor,4.192025,100.537855,108,Mangrove,West,Man_Pulau_Ketam,3.014735,101.325529,FALSE,TRUE,FALSE,Different habitat / same coast,"Different habitat
same coast"
S103,S109,0.6068595531632682,S103__S109,103,Coral,West,Cor_Pulau_Pangkor,4.192025,100.537855,109,Mangrove,West,Man_Pulau_Ketam,3.016972,101.333548,FALSE,TRUE,FALSE,Different habitat / same coast,"Different habitat
same coast"
S103,S110,0.5974979435011709,S103__S110,103,Coral,West,Cor_Pulau_Pangkor,4.192025,100.537855,110,Mangrove,West,Man_Pulau_Ketam,3.01341,101.336968,FALSE,TRUE,FALSE,Different habitat / same coast,"Different habitat
same coast"
S104,S106,0.7429923384899451,S104__S106,104,Coral,West,Cor_Pulau_Pangkor,4.203476,100.545476,106,Mangrove,West,Man_Pulau_Ketam,3.024487,101.320359,FALSE,TRUE,FALSE,Different habitat / same coast,"Different habitat
same coast"
S104,S107,0.7476794661492691,S104__S107,104,Coral,West,Cor_Pulau_Pangkor,4.203476,100.545476,107,Mangrove,West,Man_Pulau_Ketam,3.021921,101.326184,FALSE,TRUE,FALSE,Different habitat / same coast,"Different habitat
same coast"
S104,S108,0.6549431911199962,S104__S108,104,Coral,West,Cor_Pulau_Pangkor,4.203476,100.545476,108,Mangrove,West,Man_Pulau_Ketam,3.014735,101.325529,FALSE,TRUE,FALSE,Different habitat / same coast,"Different habitat
same coast"
S104,S109,0.6691555181125333,S104__S109,104,Coral,West,Cor_Pulau_Pangkor,4.203476,100.545476,109,Mangrove,West,Man_Pulau_Ketam,3.016972,101.333548,FALSE,TRUE,FALSE,Different habitat / same coast,"Different habitat
same coast"
S104,S110,0.617270582239424,S104__S110,104,Coral,West,Cor_Pulau_Pangkor,4.203476,100.545476,110,Mangrove,West,Man_Pulau_Ketam,3.01341,101.336968,FALSE,TRUE,FALSE,Different habitat / same coast,"Different habitat
same coast"
S105,S106,0.7186442113388285,S105__S106,105,Coral,West,Cor_Pulau_Pangkor,4.194839,100.559803,106,Mangrove,West,Man_Pulau_Ketam,3.024487,101.320359,FALSE,TRUE,FALSE,Different habitat / same coast,"Different habitat
same coast"
S105,S107,0.7299620441034612,S105__S107,105,Coral,West,Cor_Pulau_Pangkor,4.194839,100.559803,107,Mangrove,West,Man_Pulau_Ketam,3.021921,101.326184,FALSE,TRUE,FALSE,Different habitat / same coast,"Different habitat
same coast"
S105,S108,0.613599149959404,S105__S108,105,Coral,West,Cor_Pulau_Pangkor,4.194839,100.559803,108,Mangrove,West,Man_Pulau_Ketam,3.014735,101.325529,FALSE,TRUE,FALSE,Different habitat / same coast,"Different habitat
same coast"
S105,S109,0.5976241057846274,S105__S109,105,Coral,West,Cor_Pulau_Pangkor,4.194839,100.559803,109,Mangrove,West,Man_Pulau_Ketam,3.016972,101.333548,FALSE,TRUE,FALSE,Different habitat / same coast,"Different habitat
same coast"
S105,S110,0.5855315347704793,S105__S110,105,Coral,West,Cor_Pulau_Pangkor,4.194839,100.559803,110,Mangrove,West,Man_Pulau_Ketam,3.01341,101.336968,FALSE,TRUE,FALSE,Different habitat / same coast,"Different habitat
same coast"
