ocean_distance_km,community_dissimilarity
1.4142135623730951,0.5481927710843374
1.4142135623730951,0.5338345864661654
3.414213562373095,0.5517241379310345
2.414213562373095,0.5687732342007435
81.95331880577403,1
82.36753236814714,1
80.95331880577403,0.954337899543379
82.36753236814714,0.9904306220095693
81.36753236814714,1
213.2914139223987,0.8104448742746615
214.2914139223987,0.8032786885245902
214.2914139223987,0.7952755905511811
214.7056274847718,0.8210735586481114
215.7056274847718,0.7825242718446602
222.11984104714492,0.7020057306590258
220.7056274847718,0.6936936936936937
220.7056274847718,0.7294117647058823
220.7056274847718,0.7070063694267515
222.11984104714492,0.685131195335277
199.84062043356602,0.9847328244274809
199.84062043356602,0.9586206896551724
199.84062043356602,0.9285714285714286
199.84062043356602,0.9302325581395349
199.84062043356602,0.8632478632478633
198.84062043356602,0.922077922077922
198.84062043356602,0.9705882352941176
199.84062043356602,0.9714285714285714
200.25483399593912,0.9847328244274809
200.25483399593912,0.9574468085106383
203.6690475583122,0.9141104294478528
203.6690475583122,0.9310344827586207
202.6690475583122,0.9605263157894737
202.6690475583122,0.9574468085106383
202.6690475583122,0.9085714285714286
322.492424049175,1
321.492424049175,1
320.492424049175,1
319.9066376115481,1
318.492424049175,1
429.5634918610398,0.9354838709677419
429.1492782986666,0.8620689655172413
429.1492782986666,0.9300699300699301
430.1492782986666,0.8333333333333334
429.1492782986666,0.9217877094972067
428.5634918610398,0.8872180451127819
428.5634918610398,0.9875
428.5634918610398,0.8773006134969326
429.5634918610398,1
429.5634918610398,0.9759036144578314
494.90663761154656,0.941747572815534
494.90663761154656,0.8933333333333333
494.90663761154656,0.8878504672897196
493.9066376115466,0.8884462151394422
493.9066376115466,0.9106529209621993
752.6316010800687,0.7894736842105263
752.6316010800687,0.7468354430379747
754.0458146424417,0.7400530503978779
753.6316010800687,0.7714285714285715
752.6316010800687,0.7485029940119761
745.6610383315915,0.7188755020080321
745.6610383315915,0.7442922374429224
746.6610383315915,0.7238493723849372
747.0752518939646,0.7238805970149254
748.0752518939646,0.7093425605536332
772.661038331591,0.8842105263157894
772.661038331591,0.8103448275862069
772.661038331591,0.7785467128027682
772.661038331591,0.7933333333333333
773.0752518939642,0.7481481481481481
644.7888886054541,1
644.7888886054541,1
644.7888886054541,1
644.7888886054541,0.9848484848484849
621.3036072312156,0.958041958041958
621.3036072312156,0.9586206896551724
621.3036072312156,0.9847328244274809
615.6883835420658,0.8763636363636363
615.6883835420658,0.8424507658643327
615.6883835420658,0.8490566037735849
615.6883835420658,0.889273356401384
615.6883835420658,0.9210526315789473
642.8082245892077,0.7409326424870466
642.8082245892077,0.8895705521472392
642.3940110268346,0.954337899543379
642.3940110268346,0.99
642.3940110268346,1
626.4650788387004,0.7192982456140351
627.4650788387004,0.7790055248618785
627.4650788387004,0.8471337579617835
626.4650788387004,0.9178082191780822
626.4650788387004,0.834319526627219
550.038671967509,0.9668508287292817
550.038671967509,0.9781420765027322
550.038671967509,0.9457013574660633
550.038671967509,0.9755102040816327
551.038671967509,0.9742489270386266
484.2813126546292,0.9565217391304348
485.52395334174844,0.9850746268656716
485.93816690412154,0.9705882352941176
487.5239533417484,0.9448275862068966
485.6955262170022,0.9183673469387755
319.90158697766435,0.891566265060241
319.48737341529124,0.8709677419354839
318.48737341529124,0.9102564102564102
318.0731598529182,0.9319727891156463
318.0731598529182,0.9333333333333333
2,0.5029239766081871
4,0.5324675324675324
3.8284271247461903,0.4318840579710145
80.53910524340094,1
80.95331880577403,1
79.53910524340094,0.9525423728813559
80.95331880577403,0.9929824561403509
79.95331880577403,1
211.8772003600256,0.7571669477234402
212.8772003600256,0.7446808510638298
212.8772003600256,0.7191780821917808
213.2914139223987,0.7305699481865285
214.2914139223987,0.7055837563451777
220.7056274847718,0.6564705882352941
219.2914139223987,0.6185819070904646
219.2914139223987,0.6538461538461539
219.2914139223987,0.6461538461538462
220.7056274847718,0.6181384248210023
200.4264068711929,0.9806763285024155
200.4264068711929,0.9457013574660633
200.4264068711929,0.9344262295081968
200.4264068711929,0.9274193548387096
200.4264068711929,0.832258064516129
199.4264068711929,0.9304347826086956
199.4264068711929,0.9528301886792453
200.4264068711929,0.9814814814814815
200.84062043356602,0.9903381642512077
200.84062043356602,0.9723502304147466
204.2548339959391,0.9246861924686193
204.2548339959391,0.9457013574660633
203.2548339959391,0.9473684210526315
203.2548339959391,0.9631336405529954
203.2548339959391,0.8884462151394422
323.07821048680194,1
322.07821048680194,1
321.07821048680194,1
320.492424049175,1
319.07821048680194,1
430.1492782986667,0.948051948051948
429.73506473629357,0.8637992831541219
429.73506473629357,0.954337899543379
430.73506473629357,0.815068493150685
429.73506473629357,0.9372549019607843
429.1492782986667,0.8888888888888888
429.1492782986667,0.9745762711864406
429.1492782986667,0.835820895522388
430.1492782986667,0.9906976744186047
430.1492782986667,0.9586776859504132
495.4924240491735,0.9078014184397163
495.4924240491735,0.8803986710963455
495.4924240491735,0.8438287153652393
494.49242404917356,0.8960244648318043
494.49242404917356,0.8692098092643051
751.2173875176956,0.7631578947368421
751.2173875176956,0.744408945686901
752.6316010800687,0.673289183222958
752.2173875176956,0.7415730337078652
751.2173875176956,0.6682926829268293
744.2468247692185,0.68
744.2468247692185,0.7423728813559322
745.2468247692185,0.6634920634920635
745.6610383315915,0.6918604651162791
746.6610383315915,0.6438356164383562
771.2468247692179,0.8721804511278195
771.2468247692179,0.7922077922077922
771.2468247692179,0.7479452054794521
771.2468247692179,0.75
771.661038331591,0.7341040462427746
645.3746750430811,1
645.3746750430811,1
645.3746750430811,1
645.3746750430811,0.9903846153846154
621.8893936688426,0.9634703196347032
621.8893936688426,0.9547511312217195
621.8893936688426,0.9806763285024155
616.2741699796928,0.8290598290598291
616.2741699796928,0.7823639774859287
616.2741699796928,0.8071065989847716
616.2741699796928,0.8246575342465754
616.2741699796928,0.9144736842105263
641.3940110268346,0.7769516728624535
641.3940110268346,0.8828451882845189
640.9797974644615,0.9525423728813559
640.9797974644615,0.9782608695652174
640.9797974644615,1
625.0508652763274,0.75
626.0508652763274,0.7976653696498055
626.0508652763274,0.8798283261802575
625.0508652763274,0.9369369369369369
625.0508652763274,0.8204081632653061
548.6244584051359,0.9766536964980544
548.6244584051359,0.9768339768339769
548.6244584051359,0.9393939393939394
548.6244584051359,0.9314641744548287
549.6244584051359,0.9676375404530745
482.8670990922561,0.9532710280373832
484.1097397793754,0.9904761904761905
484.52395334174844,0.9905660377358491
486.10973977937533,0.9547511312217195
484.2813126546292,0.9372197309417041
318.48737341529124,0.9090909090909091
318.0731598529182,0.8874458874458875
317.0731598529182,0.8879310344827587
316.6589462905451,0.9372197309417041
316.6589462905451,0.9203539823008849
2,0.5454545454545454
2.414213562373095,0.4982078853046595
81.36753236814714,1
81.78174593052023,1
80.36753236814714,0.9650655021834061
81.78174593052023,0.9908675799086758
80.78174593052023,1
212.7056274847718,0.8178368121442126
213.7056274847718,0.7871485943775101
213.7056274847718,0.7799227799227799
214.11984104714492,0.7855750487329435
215.11984104714492,0.7752380952380953
221.534054609518,0.6824512534818942
220.11984104714492,0.6559766763848397
220.11984104714492,0.6685714285714286
220.11984104714492,0.6851851851851852
221.534054609518,0.6657223796033994
201.25483399593912,0.9574468085106383
201.25483399593912,0.9483870967741935
201.25483399593912,0.9325842696629213
201.25483399593912,0.9120879120879121
201.25483399593912,0.819672131147541
200.25483399593912,0.9024390243902439
200.25483399593912,0.9315068493150684
201.25483399593912,0.9866666666666667
201.66904755831223,0.9858156028368794
201.66904755831223,0.9602649006622517
205.08326112068528,0.8959537572254336
205.08326112068528,0.9354838709677419
204.08326112068528,0.9135802469135802
204.08326112068528,0.9735099337748344
204.08326112068528,0.8702702702702703
323.9066376115481,1
322.9066376115481,1
321.9066376115481,1
321.32085117392114,1
319.9066376115481,1
430.97770542341283,0.9393939393939394
430.5634918610397,0.8403755868544601
430.5634918610397,0.934640522875817
431.5634918610397,0.831858407079646
430.5634918610397,0.8835978835978836
429.97770542341283,0.8913043478260869
429.97770542341283,0.9764705882352941
429.97770542341283,0.8452380952380952
430.97770542341283,1
430.97770542341283,0.9545454545454546
496.3208511739196,0.8981481481481481
496.3208511739196,0.8808510638297873
496.3208511739196,0.8368580060422961
495.32085117391966,0.89272030651341
495.32085117391966,0.8737541528239202
752.0458146424417,0.7563025210084033
752.0458146424417,0.757085020242915
753.4600282048148,0.7312661498708011
753.0458146424417,0.7586206896551724
752.0458146424417,0.7151162790697675
745.0752518939646,0.6911196911196911
745.0752518939646,0.7467248908296943
746.0752518939646,0.6947791164658634
746.4894654563377,0.6834532374100719
747.4894654563377,0.6722408026755853
772.0752518939642,0.85
772.0752518939642,0.7851239669421488
772.0752518939642,0.7725752508361204
772.0752518939642,0.7741935483870968
772.4894654563373,0.7285714285714285
646.2031021678272,1
646.2031021678272,1
646.2031021678272,1
646.2031021678272,0.9859154929577465
622.7178207935887,0.9738562091503268
622.7178207935887,0.9354838709677419
622.7178207935887,0.9858156028368794
617.1025971044389,0.8526315789473684
617.1025971044389,0.8372591006423983
617.1025971044389,0.8353658536585366
617.1025971044389,0.8394648829431438
617.1025971044389,0.9243697478991597
642.2224381515807,0.7635467980295566
642.2224381515807,0.9190751445086706
641.8082245892077,0.9563318777292577
641.8082245892077,0.9904761904761905
641.8082245892077,1
625.8792924010735,0.6974789915966386
626.8792924010735,0.7801047120418848
626.8792924010735,0.8802395209580839
625.8792924010735,0.9358974358974359
625.8792924010735,0.776536312849162
549.452885529882,0.9476439790575916
549.452885529882,0.9792746113989638
549.452885529882,0.948051948051948
549.452885529882,0.9607843137254902
550.452885529882,0.9588477366255144
483.6955262170022,0.9594594594594594
484.93816690412154,0.9861111111111112
485.3523804664946,0.9863013698630136
486.9381669041215,0.9483870967741935
485.10973977937533,0.910828025477707
319.31580054003746,0.8863636363636364
318.90158697766435,0.8666666666666667
317.9015869776644,0.9036144578313253
317.48737341529124,0.9235668789808917
317.48737341529124,0.9
2.414213562373095,0.4775510204081633
82.19595949289334,1
82.61017305526644,1
81.19595949289334,0.958974358974359
82.61017305526644,0.9891891891891892
81.61017305526644,1
213.534054609518,0.8377281947261663
214.534054609518,0.7974137931034483
214.534054609518,0.7975206611570248
214.9482681718911,0.8204592901878914
215.9482681718911,0.7922606924643585
222.3624817342642,0.7538461538461538
220.9482681718911,0.7087378640776699
220.9482681718911,0.6962025316455697
220.9482681718911,0.7172413793103448
222.3624817342642,0.6990595611285266
201.25483399593912,0.9626168224299065
201.25483399593912,0.9173553719008265
201.25483399593912,0.9027777777777778
201.25483399593912,0.918918918918919
201.25483399593912,0.819047619047619
200.25483399593912,0.9230769230769231
200.25483399593912,0.9285714285714286
201.25483399593912,0.9482758620689655
201.66904755831223,0.9813084112149533
201.66904755831223,0.9658119658119658
205.08326112068528,0.9136690647482014
205.08326112068528,0.9338842975206612
204.08326112068528,0.921875
204.08326112068528,0.9658119658119658
204.08326112068528,0.8543046357615894
323.9066376115482,1
322.9066376115482,1
321.9066376115482,1
321.3208511739213,1
319.9066376115482,1
430.97770542341283,0.9541984732824428
430.5634918610397,0.8994413407821229
430.5634918610397,0.9663865546218487
431.5634918610397,0.8333333333333334
430.5634918610397,0.9225806451612903
429.97770542341283,0.8677685950413223
429.97770542341283,0.9558823529411765
429.97770542341283,0.847682119205298
430.97770542341283,0.9826086956521739
430.97770542341283,0.9436619718309859
496.3208511739196,0.8791208791208791
496.3208511739196,0.8706467661691543
496.3208511739196,0.8383838383838383
495.32085117391966,0.8590308370044053
495.32085117391966,0.8576779026217228
752.8742417671879,0.7254901960784313
752.8742417671879,0.7370892018779343
754.2884553295609,0.7280453257790368
753.8742417671879,0.7421875
752.8742417671879,0.7161290322580646
745.9036790187107,0.6622222222222223
745.9036790187107,0.6820512820512821
746.9036790187107,0.7116279069767442
747.3178925810838,0.6639344262295082
748.3178925810838,0.6377358490566037
772.9036790187102,0.8433734939759037
772.9036790187102,0.7596153846153846
772.9036790187102,0.7283018867924528
772.9036790187102,0.7463768115942029
773.3178925810834,0.6991869918699187
646.2031021678272,1
646.2031021678272,1
646.2031021678272,1
646.2031021678272,1
622.7178207935887,0.9663865546218487
622.7178207935887,0.9504132231404959
622.7178207935887,0.9626168224299065
617.1025971044389,0.8565737051792829
617.1025971044389,0.8429561200923787
617.1025971044389,0.8571428571428571
617.1025971044389,0.8716981132075472
617.1025971044389,0.9117647058823529
643.0508652763269,0.7514792899408284
643.0508652763269,0.8705035971223022
642.6366517139538,0.9692307692307692
642.6366517139538,0.9886363636363636
642.6366517139538,1
626.7077195258197,0.7254901960784313
627.7077195258197,0.732484076433121
627.7077195258197,0.8646616541353384
626.7077195258197,0.9016393442622951
626.7077195258197,0.7517241379310344
550.2813126546282,0.9363057324840764
550.2813126546282,0.9622641509433962
550.2813126546282,0.9390862944162437
550.2813126546282,0.9547511312217195
551.2813126546282,0.9617224880382775
484.5239533417484,0.9298245614035088
485.76659402886764,0.9818181818181818
486.18080759124075,0.9821428571428571
487.7665940288676,0.9173553719008265
485.9381669041215,0.9024390243902439
320.1442276647836,0.9014084507042254
319.7300141024105,0.8625954198473282
318.7300141024105,0.8484848484848485
318.31580054003746,0.9186991869918699
318.31580054003746,0.9047619047619048
83.78174593052023,1
84.19595949289334,1
82.78174593052023,0.9655172413793104
84.19595949289334,0.990990990990991
83.19595949289334,1
215.11984104714492,0.7849056603773585
216.11984104714492,0.7684630738522954
216.11984104714492,0.7543186180422264
216.534054609518,0.7635658914728682
217.534054609518,0.7196969696969697
223.9482681718911,0.7182320441988951
222.534054609518,0.653179190751445
222.534054609518,0.6827195467422096
222.534054609518,0.7064220183486238
223.9482681718911,0.6741573033707865
199.66904755831223,0.9722222222222222
199.66904755831223,0.9367088607594937
199.66904755831223,0.9005524861878453
199.66904755831223,0.9135135135135135
199.66904755831223,0.8218623481781376
198.66904755831223,0.9041916167664671
198.66904755831223,0.9328859060402684
199.66904755831223,0.9738562091503268
200.0832611206853,0.9861111111111112
200.0832611206853,0.961038961038961
203.49747468305839,0.8977272727272727
203.49747468305839,0.9367088607594937
202.49747468305839,0.9272727272727272
202.49747468305839,0.961038961038961
202.49747468305839,0.851063829787234
322.32085117392114,1
321.32085117392114,1
320.32085117392114,1
319.7350647362942,1
318.32085117392114,1
429.39191898578594,0.9285714285714286
428.9777054234128,0.8703703703703703
428.9777054234128,0.9615384615384616
429.9777054234128,0.834061135371179
428.9777054234128,0.9375
428.39191898578594,0.8781362007168458
428.39191898578594,0.976878612716763
428.39191898578594,0.8171091445427728
429.39191898578594,1
429.39191898578594,0.9553072625698324
494.7350647362927,0.8904109589041096
494.7350647362927,0.8739495798319328
494.7350647362927,0.8502994011976048
493.73506473629277,0.8636363636363636
493.73506473629277,0.868421052631579
754.4600282048148,0.6929460580912863
754.4600282048148,0.704
755.8742417671879,0.676923076923077
755.4600282048148,0.7133105802047781
754.4600282048148,0.6829971181556196
747.4894654563377,0.6641221374045801
747.4894654563377,0.6982758620689655
748.4894654563377,0.6904761904761905
748.9036790187107,0.6441281138790036
749.9036790187107,0.6357615894039735
774.4894654563373,0.8029556650246306
774.4894654563373,0.8122448979591836
774.4894654563373,0.7086092715231788
774.4894654563373,0.7252396166134185
774.9036790187102,0.6819787985865724
644.6173157302003,1
644.6173157302003,1
644.6173157302003,1
644.6173157302003,0.9862068965517241
621.1320343559618,0.9615384615384616
621.1320343559618,0.9493670886075949
621.1320343559618,0.9722222222222222
615.516810666812,0.8472222222222222
615.516810666812,0.8
615.516810666812,0.8066465256797583
615.516810666812,0.847682119205298
615.516810666812,0.9004149377593361
644.6366517139538,0.7378640776699029
644.6366517139538,0.8863636363636364
644.2224381515807,0.9655172413793104
644.2224381515807,0.9906103286384976
644.2224381515807,1
628.2935059634466,0.70124481327800825
629.2935059634466,0.8041237113402062
629.2935059634466,0.8588235294117647
628.2935059634466,0.9119496855345912
628.2935059634466,0.8131868131868132
551.8670990922551,0.979381443298969
551.8670990922551,0.9897959183673469
551.8670990922551,0.9572649572649573
551.8670990922551,0.9767441860465116
552.8670990922551,0.967479674796748
486.10973977937533,0.9470198675496688
487.3523804664946,0.9863945578231292
487.76659402886764,0.9731543624161074
489.35238046649454,0.9367088607594937
487.5239533417484,0.9125
321.73001410241045,0.8770949720670391
321.3158005400374,0.8690476190476191
320.3158005400374,0.8579881656804734
319.90158697766435,0.925
319.90158697766435,0.901840490797546
1,0.3523809523809524
1,0.36551724137931035
1,0.4222222222222222
1.4142135623730951,0.3709677419354839
131.33809511662434,0.9954853273137697
132.33809511662434,0.9855072463768116
132.33809511662434,0.9861751152073732
132.75230867899745,0.9906759906759907
133.75230867899745,0.9954648526077098
140.16652224137056,1
138.75230867899745,1
138.75230867899745,1
138.75230867899745,1
140.16652224137056,1
279.3086578651014,1
279.3086578651014,1
279.3086578651014,1
279.3086578651014,1
279.3086578651014,1
278.3086578651014,1
278.3086578651014,1
279.3086578651014,1
279.7228714274745,1
279.7228714274745,1
283.1370849898475,1
283.1370849898475,1
282.1370849898475,1
282.1370849898475,1
282.1370849898475,1
401.9604614807094,0.875
400.9604614807094,0.6619718309859155
399.9604614807094,0.8412698412698413
399.37467504308245,0.9666666666666667
397.9604614807094,0.6923076923076923
509.03152929257413,1
508.617315730201,1
508.617315730201,1
509.617315730201,1
508.617315730201,1
508.03152929257413,0.9166666666666666
508.03152929257413,0.9534883720930233
508.03152929257413,0.8968253968253969
509.03152929257413,1
509.03152929257413,1
574.374675043081,1
574.374675043081,1
574.374675043081,0.9676113360323887
573.374675043081,1
573.374675043081,0.9723502304147466
670.6782822742958,1
670.6782822742958,1
672.0924958366688,1
671.6782822742958,1
670.6782822742958,1
663.7077195258187,1
663.7077195258187,1
664.7077195258187,1
665.1219330881918,1
666.1219330881918,1
690.7077195258182,1
690.7077195258182,1
690.7077195258182,1
690.7077195258182,1
691.1219330881913,1
724.2569260369885,1
724.2569260369885,1
724.2569260369885,1
724.2569260369885,1
700.77164466275,1
700.77164466275,1
700.77164466275,1
695.1564209736002,0.9601990049751243
695.1564209736002,0.9477806788511749
695.1564209736002,0.9672131147540983
695.1564209736002,0.9441860465116279
695.1564209736002,0.974025974025974
560.8549057834349,1
560.8549057834349,1
560.4406922210618,1
560.4406922210618,1
560.4406922210618,1
544.5117600329277,1
545.5117600329277,1
545.5117600329277,1
544.5117600329277,1
544.5117600329277,1
468.08535316173624,1
468.08535316173624,1
468.08535316173624,1
468.08535316173624,1
469.08535316173624,1
402.32799384885635,1
403.5706345359756,1
403.9848480983487,1
405.57063453597556,1
403.74220741122946,1
237.94826817189116,1
237.53405460951805,1
236.53405460951805,1
236.11984104714497,1
236.11984104714497,1
1.4142135623730951,0.4084507042253521
0,0.48484848484848486
1,0.371900826446281
130.92388155425124,0.9954545454545455
131.92388155425124,0.9854014598540146
131.92388155425124,0.9860788863109049
132.33809511662434,0.9906103286384976
133.33809511662434,0.9954337899543378
139.75230867899745,1
138.33809511662434,1
138.33809511662434,1
138.33809511662434,1
139.75230867899745,1
279.7228714274745,1
279.7228714274745,1
279.7228714274745,1
279.7228714274745,1
279.7228714274745,1
278.72287142747456,1
278.72287142747456,1
279.7228714274745,1
280.1370849898476,1
280.1370849898476,1
283.55129855222054,1
283.55129855222054,1
282.5512985522206,1
282.5512985522206,1
282.5512985522206,1
402.37467504308245,0.8032786885245902
401.37467504308245,0.6764705882352942
400.37467504308245,0.7666666666666667
399.7888886054555,0.8947368421052632
398.37467504308245,0.6266666666666667
509.44574285494724,1
509.0315292925741,1
509.0315292925741,1
510.0315292925741,1
509.0315292925741,1
508.44574285494724,0.9365079365079365
508.44574285494724,0.927710843373494
508.44574285494724,0.9036144578313253
509.44574285494724,1
509.44574285494724,0.9775280898876404
574.788888605454,1
574.788888605454,1
574.788888605454,0.9672131147540983
573.788888605454,0.9885057471264368
573.788888605454,0.9626168224299065
670.2640687119227,1
670.2640687119227,1
671.6782822742958,1
671.2640687119227,1
670.2640687119227,1
663.2935059634457,1
663.2935059634457,1
664.2935059634457,1
664.7077195258187,1
665.7077195258187,1
690.2935059634452,1
690.2935059634452,1
690.2935059634452,1
690.2935059634452,1
690.7077195258182,1
724.6711395993616,1
724.6711395993616,1
724.6711395993616,1
724.6711395993616,1
701.1858582251231,1
701.1858582251231,1
701.1858582251231,1
695.5706345359733,0.9595959595959596
695.5706345359733,0.9421052631578948
695.5706345359733,0.9336099585062241
695.5706345359733,0.9622641509433962
695.5706345359733,0.9867549668874173
560.4406922210618,1
560.4406922210618,1
560.0264786586887,1
560.0264786586887,1
560.0264786586887,1
544.0975464705546,1
545.0975464705546,1
545.0975464705546,1
544.0975464705546,1
544.0975464705546,1
467.67113959936313,1
467.67113959936313,1
467.67113959936313,1
467.67113959936313,1
468.67113959936313,1
401.9137802864833,1
403.15642097360256,1
403.5706345359756,1
405.1564209736025,1
403.32799384885635,1
237.53405460951805,1
237.11984104714497,1
236.11984104714497,1
235.70562748477187,1
235.70562748477187,1
1.4142135623730951,0.3372093023255814
1,0.3167701863354037
132.33809511662434,0.975
133.33809511662434,0.9645232815964523
133.33809511662434,0.9617834394904459
133.75230867899745,0.9613733905579399
134.75230867899745,0.9665271966527197
141.16652224137056,0.9743589743589743
139.75230867899745,0.9662162162162162
139.75230867899745,0.9735973597359736
139.75230867899745,0.9711191335740073
141.16652224137056,0.9673202614379085
278.3086578651014,1
278.3086578651014,0.9814814814814815
278.3086578651014,0.9847328244274809
278.3086578651014,0.9851851851851852
278.3086578651014,0.9796954314720813
277.30865786510145,1
277.30865786510145,1
278.3086578651014,1
278.72287142747456,1
278.72287142747456,1
282.1370849898475,1
282.1370849898475,1
281.13708498984755,1
281.13708498984755,1
281.13708498984755,0.9710144927536232
400.9604614807094,0.8811881188118812
399.9604614807094,0.7222222222222222
398.9604614807094,0.86
398.37467504308245,0.9381443298969072
396.9604614807094,0.7217391304347827
508.03152929257413,1
507.617315730201,1
507.617315730201,1
508.617315730201,0.9888268156424581
507.617315730201,1
507.03152929257413,0.8864628820960698
507.03152929257413,0.9512195121951219
507.03152929257413,0.8823529411764706
508.03152929257413,1
508.03152929257413,0.9844961240310077
573.374675043081,1
573.374675043081,1
573.374675043081,0.9577464788732394
572.374675043081,0.9813084112149533
572.374675043081,0.9448818897637795
671.6782822742958,0.9685863874345549
671.6782822742958,0.97
673.0924958366688,0.9823529411764705
672.6782822742958,0.9753086419753086
671.6782822742958,0.9730639730639731
664.7077195258187,0.9622641509433962
664.7077195258187,0.967032967032967
665.7077195258187,0.9405940594059405
666.1219330881918,0.974025974025974
667.1219330881918,0.9603174603174603
691.7077195258182,0.9738562091503268
691.7077195258182,0.9794871794871794
691.7077195258182,0.9761904761904762
691.7077195258182,0.9695817490494296
692.1219330881913,0.9742489270386266
723.2569260369885,1
723.2569260369885,1
723.2569260369885,1
723.2569260369885,1
699.77164466275,1
699.77164466275,1
699.77164466275,1
694.1564209736002,0.9495798319327731
694.1564209736002,0.9238095238095239
694.1564209736002,0.9644128113879004
694.1564209736002,0.9523809523809523
694.1564209736002,0.9581151832460733
561.8549057834349,0.9871794871794872
561.8549057834349,0.9523809523809523
561.4406922210618,0.978021978021978
561.4406922210618,0.9877300613496932
561.4406922210618,0.9878787878787879
545.5117600329277,0.9685863874345549
546.5117600329277,0.9583333333333334
546.5117600329277,0.9666666666666667
545.5117600329277,0.963302752293578
545.5117600329277,0.9696969696969697
469.08535316173624,0.9861111111111112
469.08535316173624,0.9863013698630136
469.08535316173624,1
469.08535316173624,0.9807692307692307
470.08535316173624,0.9897959183673469
403.32799384885635,1
404.5706345359756,1
404.9848480983487,1
406.57063453597556,1
404.74220741122946,0.9818181818181818
238.94826817189116,0.9844961240310077
238.53405460951805,0.9830508474576272
237.53405460951805,0.9831932773109243
237.11984104714497,1
237.11984104714497,1
1,0.37748344370860926
130.92388155425124,0.9787234042553191
131.92388155425124,0.9682539682539683
131.92388155425124,0.96529284164859
132.33809511662434,0.9736842105263158
133.33809511662434,0.9829059829059829
139.75230867899745,0.9933774834437086
138.33809511662434,0.993006993006993
138.33809511662434,0.9931740614334471
138.33809511662434,0.9925093632958801
139.75230867899745,0.9932432432432432
279.7228714274745,1
279.7228714274745,1
279.7228714274745,1
279.7228714274745,1
279.7228714274745,0.9893048128342246
278.72287142747456,1
278.72287142747456,1
279.7228714274745,1
280.1370849898476,1
280.1370849898476,1
283.55129855222054,1
283.55129855222054,1
282.5512985522206,1
282.5512985522206,1
282.5512985522206,1
402.37467504308245,0.8241758241758241
401.37467504308245,0.6938775510204082
400.37467504308245,0.8666666666666667
399.7888886054555,0.9540229885057471
398.37467504308245,0.6761904761904762
509.44574285494724,1
509.0315292925741,1
509.0315292925741,1
510.0315292925741,1
509.0315292925741,1
508.44574285494724,0.8538812785388128
508.44574285494724,0.9469026548672567
508.44574285494724,0.8709677419354839
509.44574285494724,1
509.44574285494724,0.9831932773109243
574.788888605454,1
574.788888605454,1
574.788888605454,0.948905109489051
573.788888605454,0.9901960784313726
573.788888605454,0.9590163934426229
670.2640687119227,0.988950276243094
670.2640687119227,0.9789473684210527
671.6782822742958,0.9939393939393939
671.2640687119227,0.9828326180257511
670.2640687119227,0.9930313588850174
663.2935059634457,0.9900990099009901
663.2935059634457,0.9883720930232558
664.2935059634457,0.9895833333333334
664.7077195258187,0.9909502262443439
665.7077195258187,0.9917355371900827
690.2935059634452,0.986013986013986
690.2935059634452,0.9783783783783784
690.2935059634452,0.9917355371900827
690.2935059634452,0.9920948616600791
690.7077195258182,0.9910313901345291
724.6711395993616,1
724.6711395993616,1
724.6711395993616,1
724.6711395993616,1
701.1858582251231,1
701.1858582251231,1
701.1858582251231,1
695.5706345359733,0.9649122807017544
695.5706345359733,0.9317073170731708
695.5706345359733,0.955719557195572
695.5706345359733,0.9752066115702479
695.5706345359733,0.9558011049723757
560.4406922210618,0.9863013698630136
560.4406922210618,1
560.0264786586887,0.9883720930232558
560.0264786586887,1
560.0264786586887,1
544.0975464705546,0.988950276243094
545.0975464705546,0.9850746268656716
545.0975464705546,0.9818181818181818
544.0975464705546,1
544.0975464705546,0.9836065573770492
467.67113959936313,1
467.67113959936313,1
467.67113959936313,0.9885057471264368
467.67113959936313,1
468.67113959936313,1
401.9137802864833,0.978021978021978
403.15642097360256,1
403.5706345359756,1
405.1564209736025,0.9795918367346939
403.32799384885635,0.98
237.53405460951805,0.9831932773109243
237.11984104714497,0.9814814814814815
236.11984104714497,0.981651376146789
235.70562748477187,0.98
235.70562748477187,0.9805825242718447
131.92388155425124,0.9956427015250545
132.92388155425124,0.9813953488372092
132.92388155425124,0.9822222222222222
133.33809511662434,0.9865168539325843
134.33809511662434,0.9956236323851203
140.75230867899745,1
139.33809511662434,1
139.33809511662434,1
139.33809511662434,1
140.75230867899745,1
278.72287142747456,1
278.72287142747456,1
278.72287142747456,1
278.72287142747456,1
278.72287142747456,1
277.72287142747456,1
277.72287142747456,1
278.72287142747456,1
279.1370849898476,1
279.1370849898476,1
282.5512985522206,1
282.5512985522206,1
281.5512985522206,1
281.5512985522206,1
281.5512985522206,1
401.37467504308245,0.825
400.37467504308245,0.6551724137931034
399.37467504308245,0.8227848101265823
398.7888886054555,0.8947368421052632
397.37467504308245,0.6170212765957447
508.44574285494724,1
508.0315292925741,1
508.0315292925741,1
509.0315292925741,1
508.0315292925741,1
507.44574285494724,0.8942307692307693
507.44574285494724,0.9019607843137255
507.44574285494724,0.8880597014925373
508.44574285494724,1
508.44574285494724,0.9629629629629629
573.788888605454,1
573.788888605454,1
573.788888605454,0.9695817490494296
572.788888605454,0.9896373056994818
572.788888605454,0.9570815450643777
671.2640687119227,1
671.2640687119227,1
672.6782822742958,1
672.2640687119227,1
671.2640687119227,1
664.2935059634457,1
664.2935059634457,1
665.2935059634457,1
665.7077195258187,1
666.7077195258187,1
691.2935059634452,1
691.2935059634452,1
691.2935059634452,1
691.2935059634452,1
691.7077195258182,1
723.6711395993616,1
723.6711395993616,1
723.6711395993616,1
723.6711395993616,1
700.1858582251231,1
700.1858582251231,1
700.1858582251231,1
694.5706345359733,0.9354838709677419
694.5706345359733,0.9147869674185464
694.5706345359733,0.9384615384615385
694.5706345359733,0.9307359307359307
694.5706345359733,0.9529411764705882
561.4406922210618,1
561.4406922210618,1
561.0264786586887,1
561.0264786586887,1
561.0264786586887,1
545.0975464705546,1
546.0975464705546,1
546.0975464705546,1
545.0975464705546,1
545.0975464705546,1
468.67113959936313,1
468.67113959936313,1
468.67113959936313,1
468.67113959936313,1
469.67113959936313,1
402.9137802864833,1
404.15642097360256,1
404.5706345359756,1
406.1564209736025,1
404.32799384885635,1
238.53405460951805,1
238.11984104714497,1
237.11984104714497,1
236.70562748477187,1
236.70562748477187,1
1,0.38584779706275035
1,0.3576072821846554
1.4142135623730951,0.3403141361256545
2.414213562373095,0.3170103092783505
8.828427124746192,0.6327868852459017
7.414213562373096,0.6430976430976431
7.414213562373096,0.6938435940099834
7.414213562373096,0.711304347826087
8.828427124746192,0.6324503311258278
410.64675298172335,0.9897959183673469
410.64675298172335,0.9704433497536946
410.64675298172335,0.9627039627039627
410.64675298172335,0.953810623556582
410.64675298172335,0.9272727272727272
409.6467529817234,0.9759036144578314
409.6467529817234,0.9748110831234257
410.64675298172335,0.9900249376558603
411.06096654409646,0.9948979591836735
411.06096654409646,0.9850746268656716
414.4751801064695,0.9716981132075472
414.4751801064695,0.9753694581280788
413.4751801064695,0.9757869249394673
413.4751801064695,0.9850746268656716
413.4751801064695,0.9541284403669725
533.2985565973321,1
532.2985565973321,0.9950738916256158
531.2985565973321,0.9949748743718593
530.7127701597052,0.9949367088607595
529.2985565973321,0.9951573849878934
640.369624409197,0.9663461538461539
639.9554108468238,0.9310344827586207
639.9554108468238,0.9801980198019802
640.9554108468238,0.9161425576519916
639.9554108468238,0.9681818181818181
639.369624409197,0.8823529411764706
639.369624409197,0.9619952494061758
639.369624409197,0.7921635434412265
640.369624409197,0.99
640.369624409197,0.9625292740046838
705.7127701597037,0.8715203426124197
705.7127701597037,0.8436213991769548
705.7127701597037,0.8109965635738832
704.7127701597037,0.8203125
704.7127701597037,0.8188405797101449
539.3401871576731,0.901840490797546
539.3401871576731,0.891566265060241
540.7544007200461,0.8840125391849529
540.3401871576731,0.8927911275415896
539.3401871576731,0.8722689075630252
532.3696244091959,0.8627450980392157
532.3696244091959,0.875
533.3696244091959,0.864
533.783837971569,0.8449905482041588
534.783837971569,0.8254545454545454
559.3696244091955,0.9334811529933481
559.3696244091955,0.9188640973630832
559.3696244091955,0.88
559.3696244091955,0.8680926916221033
559.7838379715686,0.8945386064030132
855.5950211536112,1
855.5950211536112,1
855.5950211536112,1
855.5950211536112,0.9949109414758269
832.1097397793727,0.9851485148514851
832.1097397793727,0.9852216748768473
832.1097397793727,0.9948979591836735
826.494516090223,0.8880597014925373
826.494516090223,0.8440111420612814
826.494516090223,0.8618307426597582
826.494516090223,0.8727272727272727
826.494516090223,0.9304703476482618
429.51681066681215,0.8898678414096917
429.51681066681215,0.9386792452830188
429.1025971044391,0.8916666666666667
429.1025971044391,0.9175704989154013
429.1025971044391,0.9092872570194385
413.17366491630486,0.8650306748466258
414.1736649163048,0.9095022624434389
414.1736649163048,0.9425837320574163
413.17366491630486,0.9656019656019657
413.17366491630486,0.9116279069767442
336.7472580451135,0.9728506787330317
336.7472580451135,0.9819819819819819
336.7472580451135,0.941908713692946
336.7472580451135,0.9288537549407114
337.7472580451135,0.9311740890688259
270.98989873223366,0.974937343358396
272.232539419353,0.9949367088607595
272.646752981726,0.9899244332493703
274.2325394193529,0.9704433497536946
272.40411229460676,0.9558823529411765
106.6101730552665,0.9484777517564403
106.1959594928934,0.9471153846153846
105.1959594928934,0.9520383693045563
104.78174593052029,0.9705882352941176
104.78174593052029,0.9562043795620438
0,0.372972972972973
1,0.38231292517006804
1.4142135623730951,0.392235609103079
7.82842712474619,0.6523235800344234
6.414213562373096,0.6849557522123894
6.414213562373096,0.6993006993006993
6.414213562373096,0.7252747252747253
7.82842712474619,0.6347826086956522
411.64675298172335,0.9889807162534435
411.64675298172335,0.9681697612732095
411.64675298172335,0.96
411.64675298172335,0.9603960396039604
411.64675298172335,0.9227467811158798
410.64675298172335,0.9740932642487047
410.64675298172335,0.9728260869565217
411.64675298172335,0.9946236559139785
412.0609665440964,0.9944903581267218
412.0609665440964,0.9892761394101877
415.47518010646945,0.9696202531645569
415.47518010646945,0.9787798408488063
414.4751801064695,0.9739583333333334
414.4751801064695,0.9785522788203753
414.4751801064695,0.9508599508599509
534.2985565973321,1
533.2985565973321,0.9893899204244032
532.2985565973321,0.989159891598916
531.7127701597052,1
530.2985565973321,0.9895833333333334
641.369624409197,0.9741602067183462
640.9554108468238,0.9494252873563218
640.9554108468238,0.9733333333333334
641.9554108468238,0.9241071428571429
640.9554108468238,0.975669099756691
640.369624409197,0.8995983935742972
640.369624409197,0.9693877551020408
640.369624409197,0.8064516129032258
641.369624409197,0.9946091644204852
641.369624409197,0.9748743718592965
706.7127701597037,0.867579908675799
706.7127701597037,0.8512035010940919
706.7127701597037,0.8191681735985533
705.7127701597037,0.8219461697722568
705.7127701597037,0.8087954110898662
538.3401871576731,0.8913043478260869
538.3401871576731,0.8976545842217484
539.7544007200461,0.8653530377668309
539.3401871576731,0.89453125
538.3401871576731,0.8798586572438163
531.3696244091959,0.8461538461538461
531.3696244091959,0.893569844789357
532.3696244091959,0.8683651804670913
532.783837971569,0.852
533.783837971569,0.8349328214971209
558.3696244091955,0.9289099526066351
558.3696244091955,0.9137931034482759
558.3696244091955,0.8809980806142035
558.3696244091955,0.8909774436090225
558.7838379715686,0.8844621513944223
856.5950211536112,1
856.5950211536112,1
856.5950211536112,1
856.5950211536112,0.9945054945054945
833.1097397793727,0.9893333333333333
833.1097397793727,0.9787798408488063
833.1097397793727,1
827.494516090223,0.8856015779092702
827.494516090223,0.8519593613933236
827.494516090223,0.8763636363636363
827.494516090223,0.8771593090211133
827.494516090223,0.9347826086956522
428.51681066681215,0.9058823529411765
428.51681066681215,0.9493670886075949
428.1025971044391,0.9246119733924612
428.1025971044391,0.9398148148148148
428.1025971044391,0.9262672811059908
412.17366491630486,0.8695652173913043
413.1736649163048,0.9031476997578692
413.1736649163048,0.9485861182519281
412.17366491630486,0.9788359788359788
412.17366491630486,0.9152119700748129
335.7472580451135,0.9661016949152542
335.7472580451135,0.9903614457831326
335.7472580451135,0.9514348785871964
335.7472580451135,0.9580712788259959
336.7472580451135,0.9612903225806452
269.98989873223366,0.9783783783783784
271.232539419353,0.9890710382513661
271.6467529817261,0.9945652173913043
273.232539419353,0.9681697612732095
271.40411229460676,0.9472295514511874
105.6101730552665,0.9597989949748744
105.1959594928934,0.9534883720930233
104.1959594928934,0.9536082474226805
103.78174593052029,0.978891820580475
103.78174593052029,0.9581151832460733
1,0.3615894039735099
1.4142135623730951,0.379400260756193
7.82842712474619,0.6139767054908486
6.414213562373096,0.6478632478632479
6.414213562373096,0.6554054054054054
6.414213562373096,0.6749116607773852
7.82842712474619,0.6201680672268908
411.64675298172335,0.9895561357702349
411.64675298172335,0.9697732997481109
411.64675298172335,0.9571428571428572
411.64675298172335,0.9528301886792453
411.64675298172335,0.9094650205761317
410.64675298172335,0.9753694581280788
410.64675298172335,0.979381443298969
411.64675298172335,0.9897959183673469
412.0609665440964,0.9947780678851175
412.0609665440964,0.989821882951654
415.47518010646945,0.9710843373493976
415.47518010646945,0.9798488664987406
414.4751801064695,0.9801980198019802
414.4751801064695,0.9847328244274809
414.4751801064695,0.9531615925058547
534.2985565973321,0.9897435897435898
533.2985565973321,0.9848866498740554
532.2985565973321,0.9845758354755784
531.7127701597052,1
530.2985565973321,0.9851485148514851
641.369624409197,0.9754299754299754
640.9554108468238,0.9472527472527472
640.9554108468238,0.9848101265822785
641.9554108468238,0.9230769230769231
640.9554108468238,0.962877030162413
640.369624409197,0.888030888030888
640.369624409197,0.9757281553398058
640.369624409197,0.7958477508650519
641.369624409197,0.9948849104859335
641.369624409197,0.9712918660287081
706.7127701597037,0.8646288209606987
706.7127701597037,0.8616352201257862
706.7127701597037,0.8115183246073299
705.7127701597037,0.8210735586481114
705.7127701597037,0.7974217311233885
538.3401871576731,0.8791666666666667
538.3401871576731,0.8732106339468303
539.7544007200461,0.8473767885532592
539.3401871576731,0.8796992481203008
538.3401871576731,0.8430034129692833
531.3696244091959,0.8363273453093812
531.3696244091959,0.8683651804670913
532.3696244091959,0.8615071283095723
532.783837971569,0.8269230769230769
533.783837971569,0.789279112754159
558.3696244091955,0.918552036199095
558.3696244091955,0.8966942148760331
558.3696244091955,0.8558225508317929
558.3696244091955,0.8442028985507246
558.7838379715686,0.8582375478927203
856.5950211536112,1
856.5950211536112,1
856.5950211536112,1
856.5950211536112,1
833.1097397793727,0.9898734177215189
833.1097397793727,0.9848866498740554
833.1097397793727,0.9947780678851175
827.494516090223,0.8747628083491461
827.494516090223,0.8251057827926658
827.494516090223,0.856140350877193
827.494516090223,0.878003696857671
827.494516090223,0.9333333333333333
428.51681066681215,0.8966292134831461
428.51681066681215,0.9614457831325302
428.1025971044391,0.9193205944798302
428.1025971044391,0.9513274336283186
428.1025971044391,0.920704845814978
412.17366491630486,0.85
413.1736649163048,0.9122401847575058
413.1736649163048,0.9364303178484108
412.17366491630486,0.9698492462311558
412.17366491630486,0.9144893111638955
335.7472580451135,0.9815242494226328
335.7472580451135,0.9862068965517241
335.7472580451135,0.9577167019027484
335.7472580451135,0.9476861167002012
336.7472580451135,0.9505154639175257
269.98989873223366,0.9743589743589743
271.232539419353,0.9948186528497409
271.6467529817261,0.9896907216494846
273.232539419353,0.964735516372796
271.40411229460676,0.949874686716792
105.6101730552665,0.9521531100478469
105.1959594928934,0.941031941031941
104.1959594928934,0.9509803921568627
103.78174593052029,0.974937343358396
103.78174593052029,0.9651741293532339
1,0.3648293963254593
7.414213562373096,0.6375838926174496
6,0.6758620689655173
6,0.686541737649063
6,0.7183600713012478
7.414213562373096,0.6440677966101694
412.0609665440964,0.9894179894179894
412.0609665440964,0.9693877551020408
412.0609665440964,0.9662650602409638
412.0609665440964,0.9570405727923628
412.0609665440964,0.9293139293139293
411.06096654409646,0.9750623441396509
411.06096654409646,0.97911227154047
412.0609665440964,0.9896640826873385
412.47518010646957,0.9947089947089947
412.47518010646957,0.9896907216494846
415.88939366884256,0.9707317073170731
415.88939366884256,0.9795918367346939
414.88939366884256,0.9699248120300752
414.88939366884256,0.9896907216494846
414.88939366884256,0.9478672985781991
534.7127701597052,0.9948051948051948
533.7127701597052,0.9897959183673469
532.7127701597052,0.9895833333333334
532.1269837220783,1
530.7127701597052,0.9899749373433584
641.7838379715699,0.9751243781094527
641.369624409197,0.9511111111111111
641.369624409197,0.9846153846153847
642.369624409197,0.9222462203023758
641.369624409197,0.971830985915493
640.7838379715699,0.8908382066276803
640.7838379715699,0.9606879606879607
640.7838379715699,0.7905759162303665
641.7838379715699,0.9896373056994818
641.7838379715699,0.9564164648910412
707.1269837220767,0.8807947019867549
707.1269837220767,0.8601694915254238
707.1269837220767,0.795774647887324
706.1269837220767,0.8112449799196787
706.1269837220767,0.8178438661710037
537.9259735953,0.9073684210526316
537.9259735953,0.8801652892561983
539.3401871576731,0.875
538.9259735953,0.9013282732447818
537.9259735953,0.8726333907056799
530.9554108468229,0.8467741935483871
530.9554108468229,0.871244635193133
531.9554108468229,0.8641975308641975
532.3696244091959,0.829126213592233
533.3696244091959,0.8171641791044776
557.9554108468225,0.9221967963386728
557.9554108468225,0.9123173277661796
557.9554108468225,0.8694029850746269
557.9554108468225,0.8793418647166362
558.3696244091955,0.8800773694390716
857.0092347159843,1
857.0092347159843,1
857.0092347159843,1
857.0092347159843,1
833.5239533417458,0.9897435897435898
833.5239533417458,0.9948979591836735
833.5239533417458,0.9894179894179894
827.9087296525961,0.8735632183908046
827.9087296525961,0.8409090909090909
827.9087296525961,0.8548672566371681
827.9087296525961,0.8694029850746269
827.9087296525961,0.9284210526315789
428.1025971044391,0.8818181818181818
428.1025971044391,0.9512195121951219
427.68838354206605,0.9141630901287554
427.68838354206605,0.9194630872483222
427.68838354206605,0.910913140311804
411.7594513539318,0.8442105263157895
412.75945135393175,0.9018691588785047
412.75945135393175,0.9306930693069307
411.7594513539318,0.9643765903307888
411.7594513539318,0.9086538461538461
335.3330444827404,0.9766355140186916
335.3330444827404,0.9767441860465116
335.3330444827404,0.9529914529914529
335.3330444827404,0.9349593495934959
336.3330444827404,0.9375
269.5756851698606,0.974025974025974
270.81832585697987,0.984251968503937
271.232539419353,0.9895561357702349
272.8183258569798,0.9693877551020408
270.98989873223366,0.9543147208121827
105.1959594928934,0.9515738498789347
104.78174593052029,0.9502487562189055
103.78174593052029,0.9553349875930521
103.3675323681472,0.9746192893401016
103.3675323681472,0.9596977329974811
6.414213562373096,0.5888157894736842
5,0.6047297297297297
5,0.6227045075125208
5,0.643979057591623
6.414213562373096,0.6013289036544851
413.0609665440964,0.9897435897435898
413.0609665440964,0.9702970297029703
413.0609665440964,0.9531615925058547
413.0609665440964,0.9443155452436195
413.0609665440964,0.9026369168356998
412.0609665440964,0.9661016949152542
412.0609665440964,0.9746835443037974
413.0609665440964,0.9899749373433584
413.4751801064695,0.9948717948717949
413.4751801064695,0.985
416.8893936688425,0.966824644549763
416.8893936688425,0.9752475247524752
415.88939366884256,0.975669099756691
415.88939366884256,0.975
415.88939366884256,0.9539170506912442
535.7127701597052,1
534.7127701597052,0.995049504950495
533.7127701597052,0.9949494949494949
533.1269837220783,0.989821882951654
531.7127701597052,0.9951338199513382
642.7838379715699,0.9710144927536232
642.369624409197,0.935064935064935
642.369624409197,0.9800995024875622
643.369624409197,0.9242105263157895
642.369624409197,0.9680365296803652
641.7838379715699,0.8819047619047619
641.7838379715699,0.9618138424821002
641.7838379715699,0.7743589743589744
642.7838379715699,0.9949748743718593
642.7838379715699,0.971764705882353
708.1269837220767,0.8709677419354839
708.1269837220767,0.8388429752066116
708.1269837220767,0.803448275862069
707.1269837220767,0.8117647058823529
707.1269837220767,0.8
536.9259735953,0.864476386036961
536.9259735953,0.8709677419354839
538.3401871576731,0.8459119496855346
537.9259735953,0.8738404452690167
536.9259735953,0.8347386172006745
529.9554108468229,0.8346456692913385
529.9554108468229,0.8619246861924686
530.9554108468229,0.8433734939759037
531.3696244091959,0.825426944971537
532.3696244091959,0.7992700729927007
556.9554108468225,0.9153674832962138
556.9554108468225,0.8940936863543788
556.9554108468225,0.843065693430657
556.9554108468225,0.8497316636851521
557.3696244091955,0.8525519848771267
858.0092347159843,1
858.0092347159843,1
858.0092347159843,1
858.0092347159843,0.9948849104859335
834.5239533417458,0.9800995024875622
834.5239533417458,0.9801980198019802
834.5239533417458,0.9948717948717949
828.9087296525961,0.8801498127340824
828.9087296525961,0.8156424581005587
828.9087296525961,0.8474870017331022
828.9087296525961,0.8759124087591241
828.9087296525961,0.9383983572895277
427.1025971044391,0.8716814159292036
427.1025971044391,0.9478672985781991
426.68838354206605,0.9037656903765691
426.68838354206605,0.9172113289760349
426.68838354206605,0.913232104121475
410.7594513539318,0.8562628336755647
411.75945135393175,0.9045454545454545
411.75945135393175,0.9375
410.7594513539318,0.9703703703703703
410.7594513539318,0.9065420560747663
334.3330444827404,0.9772727272727273
334.3330444827404,0.9819004524886877
334.3330444827404,0.95
334.3330444827404,0.9365079365079365
335.3330444827404,0.9390243902439024
268.5756851698606,0.9748110831234257
269.81832585697987,0.9949109414758269
270.23253941935303,0.9848101265822785
271.81832585697987,0.9603960396039604
269.98989873223366,0.9556650246305419
104.1959594928934,0.9388235294117647
103.78174593052029,0.9420289855072463
102.78174593052029,0.9518072289156626
102.3675323681472,0.9802955665024631
102.3675323681472,0.960880195599022
1.4142135623730951,0.3474178403755869
1.4142135623730951,0.3995381062355658
1.4142135623730951,0.3808353808353808
0,0.3623853211009174
419.4751801064694,0.9821428571428571
419.4751801064694,0.9411764705882353
419.4751801064694,0.89272030651341
419.4751801064694,0.9018867924528302
419.4751801064694,0.7859327217125383
418.47518010646945,0.9190283400809717
418.47518010646945,0.9475982532751092
419.4751801064694,0.9742489270386266
419.8893936688425,0.9910714285714286
419.8893936688425,0.9401709401709402
423.3036072312155,0.8828125
423.3036072312155,0.9243697478991597
422.3036072312155,0.9346938775510204
422.3036072312155,0.9316239316239316
422.3036072312155,0.8731343283582089
542.1269837220783,1
541.1269837220783,1
540.1269837220783,1
539.5411972844513,1
538.1269837220783,1
649.198051533943,0.9435483870967742
648.7838379715699,0.8243243243243243
648.7838379715699,0.9576271186440678
649.7838379715699,0.8122977346278317
648.7838379715699,0.8823529411764706
648.198051533943,0.9275766016713092
648.198051533943,0.9762845849802372
648.198051533943,0.8424821002386634
649.198051533943,1
649.198051533943,0.9691119691119691
714.5411972844498,0.8327759197324415
714.5411972844498,0.8050314465408805
714.5411972844498,0.7874396135265701
713.5411972844498,0.8197674418604651
713.5411972844498,0.8229166666666666
530.5117600329269,0.7570093457943925
530.5117600329269,0.7636363636363637
531.9259735953,0.6808510638297872
531.5117600329269,0.7158176943699732
530.5117600329269,0.6955503512880562
523.5411972844498,0.7777777777777778
523.5411972844498,0.7884615384615384
524.5411972844498,0.7590361445783133
524.9554108468229,0.7617728531855956
525.9554108468229,0.7277486910994765
550.5411972844494,0.8445229681978799
550.5411972844494,0.796923076923077
550.5411972844494,0.774869109947644
550.5411972844494,0.7811704834605598
550.9554108468225,0.7575757575757576
864.4234482783573,0.990990990990991
864.4234482783573,1
864.4234482783573,1
864.4234482783573,0.9911111111111112
840.9381669041188,0.9576271186440678
840.9381669041188,0.9747899159663865
840.9381669041188,0.9821428571428571
835.3229432149691,0.8586956521739131
835.3229432149691,0.7963636363636364
835.3229432149691,0.829683698296837
835.3229432149691,0.8481675392670157
835.3229432149691,0.9252336448598131
420.68838354206605,0.8531468531468531
420.68838354206605,0.953125
420.27416997969294,0.9807692307692307
420.27416997969294,0.9931740614334471
420.27416997969294,1
404.3452377915587,0.7881619937694704
405.34523779155865,0.8467153284671532
405.34523779155865,0.872
404.3452377915587,0.9497907949790795
404.3452377915587,0.8625954198473282
327.9188309203673,0.9927007299270073
327.9188309203673,0.9927536231884058
327.9188309203673,0.9745222929936306
327.9188309203673,0.9822485207100592
328.9188309203673,0.9815950920245399
262.16147160748767,0.9567099567099567
263.40411229460693,0.9823788546255506
263.81832585698,0.9650655021834061
265.4041122946069,0.9159663865546218
263.5756851698607,0.9166666666666666
97.78174593052029,0.9227799227799228
97.3675323681472,0.9112903225806451
96.3675323681472,0.9116465863453815
95.95331880577409,0.9583333333333334
95.95331880577409,0.9094650205761317
0,0.381294964028777
0,0.38618925831202044
1.4142135623730951,0.34285714285714286
418.0609665440963,0.9807692307692307
418.0609665440963,0.9369369369369369
418.0609665440963,0.8938775510204081
418.0609665440963,0.9036144578313253
418.0609665440963,0.7491961414790996
417.06096654409635,0.9307359307359307
417.06096654409635,0.9436619718309859
418.0609665440963,0.9815668202764977
418.47518010646945,0.9903846153846154
418.47518010646945,0.9541284403669725
421.88939366884244,0.8833333333333333
421.88939366884244,0.9279279279279279
420.88939366884244,0.9475982532751092
420.88939366884244,0.9357798165137615
420.88939366884244,0.8888888888888888
540.7127701597052,1
539.7127701597052,1
538.7127701597052,1
538.1269837220783,1
536.7127701597052,1
647.7838379715699,0.9396551724137931
647.369624409197,0.8214285714285714
647.369624409197,0.9545454545454546
648.369624409197,0.8156996587030717
647.369624409197,0.8828125
646.7838379715699,0.9008746355685131
646.7838379715699,0.9831223628691983
646.7838379715699,0.8461538461538461
647.7838379715699,1
647.7838379715699,0.9588477366255144
713.1269837220767,0.823321554770318
713.1269837220767,0.7947019867549668
713.1269837220767,0.7889447236180904
712.1269837220767,0.8109756097560976
712.1269837220767,0.8152173913043478
531.9259735953,0.6983606557377049
531.9259735953,0.6815286624203821
533.3401871576731,0.6696035242290749
532.9259735953,0.7086834733893558
531.9259735953,0.6593673965936739
524.9554108468229,0.7361963190184049
524.9554108468229,0.7702702702702703
525.9554108468229,0.7278481012658228
526.3696244091959,0.7391304347826086
527.3696244091959,0.7158469945355191
551.9554108468225,0.8127340823970037
551.9554108468225,0.7928802588996764
551.9554108468225,0.7486338797814208
551.9554108468225,0.7453580901856764
552.3696244091955,0.7175792507204611
863.0092347159843,1
863.0092347159843,1
863.0092347159843,1
863.0092347159843,0.9904306220095693
839.5239533417458,0.9545454545454546
839.5239533417458,0.963963963963964
839.5239533417458,0.9807692307692307
833.9087296525961,0.8522727272727273
833.9087296525961,0.7865168539325843
833.9087296525961,0.8025316455696202
833.9087296525961,0.8306010928961749
833.9087296525961,0.921311475409836
422.1025971044391,0.8444444444444444
422.1025971044391,0.9333333333333333
421.68838354206605,0.9662162162162162
421.68838354206605,0.9855595667870036
421.68838354206605,1
405.7594513539318,0.7704918032786885
406.75945135393175,0.8217054263565892
406.75945135393175,0.8803418803418803
405.7594513539318,0.9192825112107623
405.7594513539318,0.8617886178861789
329.3330444827404,0.9922480620155039
329.3330444827404,0.9923076923076923
329.3330444827404,0.9664429530201343
329.3330444827404,0.9813664596273292
330.3330444827404,0.9935483870967742
263.5756851698607,0.9534883720930233
264.81832585698,0.981042654028436
265.2325394193531,0.9624413145539906
266.8183258569799,0.9099099099099099
264.98989873223377,0.9017857142857143
99.1959594928934,0.9176954732510288
98.78174593052029,0.9137931034482759
97.78174593052029,0.8969957081545065
97.3675323681472,0.9464285714285714
97.3675323681472,0.920704845814978
0,0.37185929648241206
1.4142135623730951,0.3911007025761124
418.0609665440963,0.9813953488372092
418.0609665440963,0.9388646288209607
418.0609665440963,0.9126984126984127
418.0609665440963,0.9296875
418.0609665440963,0.7735849056603774
417.06096654409635,0.9495798319327731
417.06096654409635,0.9545454545454546
418.0609665440963,0.9821428571428571
418.47518010646945,0.9906976744186047
418.47518010646945,0.9644444444444444
421.88939366884244,0.902834008097166
421.88939366884244,0.9475982532751092
420.88939366884244,0.9576271186440678
420.88939366884244,0.9555555555555556
420.88939366884244,0.9073359073359073
540.7127701597052,1
539.7127701597052,1
538.7127701597052,1
538.1269837220783,1
536.7127701597052,1
647.7838379715699,0.9330543933054394
647.369624409197,0.8606271777003485
647.369624409197,0.973568281938326
648.369624409197,0.8533333333333334
647.369624409197,0.8783269961977186
646.7838379715699,0.9257142857142857
646.7838379715699,1
646.7838379715699,0.8634146341463415
647.7838379715699,1
647.7838379715699,0.952
713.1269837220767,0.8689655172413793
713.1269837220767,0.8446601941747572
713.1269837220767,0.8222222222222222
712.1269837220767,0.8328358208955224
712.1269837220767,0.8453333333333334
531.9259735953,0.6858974358974359
531.9259735953,0.6822429906542056
533.3401871576731,0.6442516268980477
532.9259735953,0.6758241758241759
531.9259735953,0.6650717703349283
524.9554108468229,0.7297297297297297
524.9554108468229,0.768976897689769
525.9554108468229,0.7647058823529411
526.3696244091959,0.7727272727272727
527.3696244091959,0.6890080428954424
551.9554108468225,0.8175182481751825
551.9554108468225,0.7784810126582279
551.9554108468225,0.7372654155495979
551.9554108468225,0.7291666666666666
552.3696244091955,0.7231638418079096
863.0092347159843,1
863.0092347159843,1
863.0092347159843,1
863.0092347159843,1
839.5239533417458,0.9647577092511013
839.5239533417458,0.9737991266375546
839.5239533417458,0.9906976744186047
833.9087296525961,0.8774373259052924
833.9087296525961,0.8151571164510166
833.9087296525961,0.8208955223880597
833.9087296525961,0.8605898123324397
833.9087296525961,0.9358974358974359
422.1025971044391,0.855595667870036
422.1025971044391,0.9352226720647774
421.68838354206605,0.9603960396039604
421.68838354206605,0.9929577464788732
421.68838354206605,1
405.7594513539318,0.7884615384615384
406.75945135393175,0.8113207547169812
406.75945135393175,0.8921161825726142
405.7594513539318,0.9304347826086956
405.7594513539318,0.841897233201581
329.3330444827404,0.9924528301886792
329.3330444827404,0.9925093632958801
329.3330444827404,0.9737704918032787
329.3330444827404,0.9817629179331308
330.3330444827404,0.9810725552050473
263.5756851698607,0.954954954954955
264.81832585698,0.981651376146789
265.2325394193531,0.9636363636363636
266.8183258569799,0.9126637554585153
264.98989873223377,0.8961038961038961
99.1959594928934,0.936
98.78174593052029,0.9079497907949791
97.78174593052029,0.9083333333333333
97.3675323681472,0.9653679653679653
97.3675323681472,0.9572649572649573
1.4142135623730951,0.3865336658354115
418.0609665440963,0.9788359788359788
418.0609665440963,0.9310344827586207
418.0609665440963,0.8938053097345132
418.0609665440963,0.8782608695652174
418.0609665440963,0.7465753424657534
417.06096654409635,0.9056603773584906
417.06096654409635,0.9381443298969072
418.0609665440963,0.9696969696969697
418.47518010646945,0.9788359788359788
418.47518010646945,0.9396984924623115
421.88939366884244,0.8823529411764706
421.88939366884244,0.9211822660098522
420.88939366884244,0.9333333333333333
420.88939366884244,0.9396984924623115
420.88939366884244,0.8626609442060086
540.7127701597052,1
539.7127701597052,1
538.7127701597052,1
538.1269837220783,1
536.7127701597052,1
647.7838379715699,0.9342723004694836
647.369624409197,0.8160919540229885
647.369624409197,0.9502487562189055
648.369624409197,0.8102189781021898
647.369624409197,0.8649789029535865
646.7838379715699,0.9197530864197531
646.7838379715699,1
646.7838379715699,0.875
647.7838379715699,1
647.7838379715699,0.9732142857142857
713.1269837220767,0.8863636363636364
713.1269837220767,0.8445229681978799
713.1269837220767,0.8258575197889182
712.1269837220767,0.8576051779935275
712.1269837220767,0.839541547277937
531.9259735953,0.7202797202797203
531.9259735953,0.7220338983050848
533.3401871576731,0.6735632183908046
532.9259735953,0.6863905325443787
531.9259735953,0.6581632653061225
524.9554108468229,0.739413680781759
524.9554108468229,0.7689530685920578
525.9554108468229,0.7710437710437711
526.3696244091959,0.7852760736196319
527.3696244091959,0.729106628242075
551.9554108468225,0.8145161290322581
551.9554108468225,0.7517241379310344
551.9554108468225,0.7752161383285303
551.9554108468225,0.7597765363128491
552.3696244091955,0.7439024390243902
863.0092347159843,1
863.0092347159843,1
863.0092347159843,1
863.0092347159843,0.9894736842105263
839.5239533417458,0.9502487562189055
839.5239533417458,0.9605911330049262
839.5239533417458,0.9788359788359788
833.9087296525961,0.8738738738738738
833.9087296525961,0.8174757281553398
833.9087296525961,0.8297872340425532
833.9087296525961,0.8501440922190202
833.9087296525961,0.9370629370629371
422.1025971044391,0.8406374501992032
422.1025971044391,0.9366515837104072
421.68838354206605,0.9638989169675091
421.68838354206605,0.9922480620155039
421.68838354206605,1
405.7594513539318,0.7762237762237763
406.75945135393175,0.8326359832635983
406.75945135393175,0.8697674418604651
405.7594513539318,0.9411764705882353
405.7594513539318,0.8414096916299559
329.3330444827404,0.9916317991631799
329.3330444827404,1
329.3330444827404,0.978494623655914
329.3330444827404,0.9801980198019802
330.3330444827404,0.993127147766323
263.5756851698607,0.9489795918367347
264.81832585698,0.9791666666666666
265.2325394193531,0.9690721649484536
266.8183258569799,0.9113300492610837
264.98989873223377,0.9121951219512195
99.1959594928934,0.9375
98.78174593052029,0.9061032863849765
97.78174593052029,0.9065420560747663
97.3675323681472,0.9609756097560975
97.3675323681472,0.9326923076923077
419.4751801064694,0.981651376146789
419.4751801064694,0.9310344827586207
419.4751801064694,0.9058823529411765
419.4751801064694,0.9073359073359073
419.4751801064694,0.8006230529595015
418.47518010646945,0.9253112033195021
418.47518010646945,0.9461883408071748
419.4751801064694,0.9823788546255506
419.8893936688425,0.981651376146789
419.8893936688425,0.956140350877193
423.3036072312155,0.888
423.3036072312155,0.9137931034482759
422.3036072312155,0.9414225941422594
422.3036072312155,0.956140350877193
422.3036072312155,0.8778625954198473
542.1269837220783,1
541.1269837220783,1
540.1269837220783,1
539.5411972844513,1
538.1269837220783,1
649.198051533943,0.9173553719008265
648.7838379715699,0.8413793103448276
648.7838379715699,0.9565217391304348
649.7838379715699,0.8217821782178217
648.7838379715699,0.8721804511278195
648.198051533943,0.9150141643059491
648.198051533943,0.9757085020242915
648.198051533943,0.8208232445520581
649.198051533943,1
649.198051533943,0.9604743083003953
714.5411972844498,0.863481228668942
714.5411972844498,0.8269230769230769
714.5411972844498,0.7990196078431373
713.5411972844498,0.8284023668639053
713.5411972844498,0.8201058201058201
530.5117600329269,0.726984126984127
530.5117600329269,0.7037037037037037
531.9259735953,0.6379310344827587
531.5117600329269,0.7002724795640327
530.5117600329269,0.667458432304038
523.5411972844498,0.7261904761904762
523.5411972844498,0.7647058823529411
524.5411972844498,0.7484662576687117
524.9554108468229,0.7183098591549296
525.9554108468229,0.7127659574468085
550.5411972844494,0.7978339350180506
550.5411972844494,0.780564263322884
550.5411972844494,0.723404255319149
550.5411972844494,0.7467700258397932
550.9554108468225,0.7198879551820728
864.4234482783573,1
864.4234482783573,1
864.4234482783573,1
864.4234482783573,0.9908675799086758
840.9381669041188,0.9565217391304348
840.9381669041188,0.9655172413793104
840.9381669041188,0.9908256880733946
835.3229432149691,0.8674033149171271
835.3229432149691,0.8088235294117647
835.3229432149691,0.837037037037037
835.3229432149691,0.8457446808510638
835.3229432149691,0.9238095238095239
420.68838354206605,0.8357142857142857
420.68838354206605,0.944
420.27416997969294,0.9803921568627451
420.27416997969294,0.9930313588850174
420.27416997969294,1
404.3452377915587,0.7714285714285715
405.34523779155865,0.8283582089552238
405.34523779155865,0.860655737704918
404.3452377915587,0.9399141630901288
404.3452377915587,0.8359375
327.9188309203673,0.9925373134328358
327.9188309203673,0.9925925925925926
327.9188309203673,0.9675324675324676
327.9188309203673,0.963855421686747
328.9188309203673,0.96875
262.16147160748767,0.9555555555555556
263.40411229460693,0.9638009049773756
263.81832585698,0.9551569506726457
265.4041122946069,0.896551724137931
263.5756851698607,0.905982905982906
97.78174593052029,0.9130434782608695
97.3675323681472,0.9008264462809917
96.3675323681472,0.9012345679012346
95.95331880577409,0.9572649572649573
95.95331880577409,0.9324894514767933
0,0.7
0,0.8604651162790697
0,0.8723404255319149
0,0.944954128440367
1,0.7931034482758621
1,0.6363636363636364
0,0.8666666666666667
1,0.6666666666666666
1,0.75
3.8284271247461903,0.8947368421052632
3.8284271247461903,0.8
2.8284271247461903,0.7777777777777778
2.8284271247461903,0.875
2.8284271247461903,0.88
122.65180361560915,1
121.65180361560915,1
120.65180361560915,1
120.06601717798226,1
118.65180361560915,1
229.72287142747467,0.8666666666666667
229.30865786510157,0.9487179487179487
229.30865786510157,0.8888888888888888
230.30865786510157,0.9340659340659341
229.30865786510157,0.9259259259259259
228.72287142747467,0.9858156028368794
228.72287142747467,1
228.72287142747467,0.9800995024875622
229.72287142747467,1
229.72287142747467,0.9512195121951219
295.06601717798156,0.9506172839506173
295.06601717798156,0.96
295.06601717798156,0.9795918367346939
294.0660171779816,0.9682539682539683
294.0660171779816,0.9759036144578314
941.6437943888895,0.9611650485436893
941.6437943888895,0.9642857142857143
942.2295808265163,0.9841269841269841
941.2295808265163,0.9741935483870968
941.6437943888895,0.9712918660287081
931.6437943888897,0.967741935483871
931.6437943888897,0.9574468085106383
930.6437943888897,0.9649122807017544
931.0580079512628,0.972027972027972
930.6437943888897,0.975609756097561
919.2884553295625,0.9384615384615385
919.2884553295625,0.9626168224299065
919.2884553295625,0.975609756097561
919.2884553295625,0.9771428571428571
920.2884553295625,0.9586206896551724
444.9482681718889,1
444.9482681718889,1
444.9482681718889,1
444.9482681718889,1
421.46298679765033,0.8888888888888888
421.46298679765033,0.9
421.46298679765033,1
415.8477631085006,0.9733333333333334
415.8477631085006,0.9819277108433735
415.8477631085006,0.9792746113989638
415.8477631085006,0.975609756097561
415.8477631085006,1
840.1635636485345,0.9411764705882353
840.1635636485345,0.8947368421052632
839.7493500861614,1
839.7493500861614,1
839.7493500861614,1
823.8204178980272,0.9805825242718447
824.8204178980272,0.9285714285714286
824.8204178980272,0.9375
823.8204178980272,1
823.8204178980272,0.9090909090909091
747.3940110268358,1
747.3940110268358,1
747.3940110268358,1
747.3940110268358,1
748.3940110268358,1
681.6366517139559,1
682.8792924010752,0.7777777777777778
683.2935059634483,1
684.8792924010751,1
683.050865276329,0.9090909090909091
517.256926036991,1
516.8427124746179,1
515.8427124746179,1
515.4284989122449,1
515.4284989122449,1
0,0.543859649122807
0,0.7377049180327869
0,0.8048780487804879
1,0.7674418604651163
1,0.68
0,0.8620689655172413
1,0.9
1,0.8
3.8284271247461903,0.8076923076923077
3.8284271247461903,0.7647058823529411
2.8284271247461903,0.7560975609756098
2.8284271247461903,0.8
2.8284271247461903,0.75
122.65180361560915,1
121.65180361560915,1
120.65180361560915,1
120.06601717798226,1
118.65180361560915,1
229.72287142747467,0.8181818181818182
229.30865786510157,0.8913043478260869
229.30865786510157,0.9375
230.30865786510157,0.8476190476190476
229.30865786510157,0.8529411764705882
228.72287142747467,0.9612903225806452
228.72287142747467,1
228.72287142747467,0.9534883720930233
229.72287142747467,1
229.72287142747467,0.9272727272727272
295.06601717798156,0.8947368421052632
295.06601717798156,0.8771929824561403
295.06601717798156,0.9333333333333333
294.0660171779816,0.9
294.0660171779816,0.9333333333333333
941.6437943888895,0.9145299145299145
941.6437943888895,0.9206349206349206
942.2295808265163,0.9548872180451128
941.2295808265163,0.9408284023668639
941.6437943888895,0.9551569506726457
931.6437943888897,0.927536231884058
931.6437943888897,0.9074074074074074
930.6437943888897,0.921875
931.0580079512628,0.9363057324840764
930.6437943888897,0.9438202247191011
919.2884553295625,0.8481012658227848
919.2884553295625,0.9173553719008265
919.2884553295625,0.9325842696629213
919.2884553295625,0.9470899470899471
920.2884553295625,0.9371069182389937
444.9482681718889,1
444.9482681718889,1
444.9482681718889,1
444.9482681718889,1
421.46298679765033,0.875
421.46298679765033,0.9411764705882353
421.46298679765033,0.9
415.8477631085006,0.9390243902439024
415.8477631085006,0.9595375722543352
415.8477631085006,0.9323671497584541
415.8477631085006,0.9438202247191011
415.8477631085006,0.9829059829059829
840.1635636485345,0.9024390243902439
840.1635636485345,0.8846153846153846
839.7493500861614,0.9814814814814815
839.7493500861614,1
839.7493500861614,1
823.8204178980272,0.9145299145299145
824.8204178980272,0.9142857142857143
824.8204178980272,0.9130434782608695
823.8204178980272,0.8857142857142857
823.8204178980272,0.896551724137931
747.3940110268358,1
747.3940110268358,1
747.3940110268358,0.9818181818181818
747.3940110268358,0.9850746268656716
748.3940110268358,1
681.6366517139559,0.8518518518518519
682.8792924010752,0.9130434782608695
683.2935059634483,0.92
684.8792924010751,0.8823529411764706
683.050865276329,0.8888888888888888
517.256926036991,0.9636363636363636
516.8427124746179,0.9090909090909091
515.8427124746179,0.9111111111111111
515.4284989122449,0.9444444444444444
515.4284989122449,0.9487179487179487
0,0.6190476190476191
0,0.6712328767123288
1,0.8181818181818182
1,0.7916666666666666
0,0.8461538461538461
1,0.9534883720930233
1,0.8113207547169812
3.8284271247461903,0.8133333333333334
3.8284271247461903,0.8245614035087719
2.8284271247461903,0.75
2.8284271247461903,0.8490566037735849
2.8284271247461903,0.6781609195402298
122.65180361560915,1
121.65180361560915,1
120.65180361560915,1
120.06601717798226,1
118.65180361560915,1
229.72287142747467,0.8507462686567164
229.30865786510157,0.8608695652173913
229.30865786510157,0.9272727272727272
230.30865786510157,0.78125
229.30865786510157,0.8681318681318682
228.72287142747467,0.9550561797752809
228.72287142747467,1
228.72287142747467,0.9411764705882353
229.72287142747467,1
229.72287142747467,0.9487179487179487
295.06601717798156,0.8983050847457628
295.06601717798156,0.8978102189781022
295.06601717798156,0.9227467811158798
294.0660171779816,0.901840490797546
294.0660171779816,0.9211822660098522
941.6437943888895,0.8571428571428571
941.6437943888895,0.8791946308724832
942.2295808265163,0.8961937716262975
941.2295808265163,0.875
941.6437943888895,0.8780487804878049
931.6437943888897,0.9006211180124224
931.6437943888897,0.8931297709923665
930.6437943888897,0.8807947019867549
931.0580079512628,0.9222222222222223
930.6437943888897,0.900497512437811
919.2884553295625,0.7843137254901961
919.2884553295625,0.8611111111111112
919.2884553295625,0.8407960199004975
919.2884553295625,0.8773584905660378
920.2884553295625,0.8241758241758241
444.9482681718889,0.9512195121951219
444.9482681718889,1
444.9482681718889,1
444.9482681718889,1
421.46298679765033,0.8545454545454545
421.46298679765033,0.9298245614035088
421.46298679765033,0.9534883720930233
415.8477631085006,0.9144385026737968
415.8477631085006,0.9186991869918699
415.8477631085006,0.9043478260869565
415.8477631085006,0.9303482587064676
415.8477631085006,0.9857142857142858
840.1635636485345,0.9238095238095239
840.1635636485345,0.8933333333333333
839.7493500861614,0.9847328244274809
839.7493500861614,1
839.7493500861614,1
823.8204178980272,0.9142857142857143
824.8204178980272,0.9354838709677419
824.8204178980272,0.9420289855072463
823.8204178980272,0.9310344827586207
823.8204178980272,0.9012345679012346
747.3940110268358,1
747.3940110268358,1
747.3940110268358,1
747.3940110268358,1
748.3940110268358,1
681.6366517139559,0.92
682.8792924010752,0.9565217391304348
683.2935059634483,0.9166666666666666
684.8792924010751,0.9298245614035088
683.050865276329,0.8983050847457628
517.256926036991,0.9230769230769231
516.8427124746179,0.9104477611940298
515.8427124746179,0.9411764705882353
515.4284989122449,0.9661016949152542
515.4284989122449,0.9354838709677419
0,0.64
1,0.7428571428571429
1,0.8461538461538461
0,0.8214285714285714
1,0.9574468085106383
1,0.7543859649122807
3.8284271247461903,0.7468354430379747
3.8284271247461903,0.8032786885245902
2.8284271247461903,0.7058823529411765
2.8284271247461903,0.8596491228070176
2.8284271247461903,0.6483516483516484
122.65180361560915,1
121.65180361560915,1
120.65180361560915,1
120.06601717798226,1
118.65180361560915,1
229.72287142747467,0.8591549295774648
229.30865786510157,0.7815126050420168
229.30865786510157,0.864406779661017
230.30865786510157,0.7424242424242424
229.30865786510157,0.8315789473684211
228.72287142747467,0.9560439560439561
228.72287142747467,1
228.72287142747467,0.9504132231404959
229.72287142747467,1
229.72287142747467,0.975609756097561
295.06601717798156,0.8688524590163934
295.06601717798156,0.8865248226950354
295.06601717798156,0.9071729957805907
294.0660171779816,0.9161676646706587
294.0660171779816,0.9227053140096618
941.6437943888895,0.8472222222222222
941.6437943888895,0.869281045751634
942.2295808265163,0.8839590443686007
941.2295808265163,0.8673469387755102
941.6437943888895,0.832
931.6437943888897,0.8666666666666667
931.6437943888897,0.8814814814814815
930.6437943888897,0.8838709677419355
931.0580079512628,0.8913043478260869
930.6437943888897,0.9121951219512195
919.2884553295625,0.7924528301886793
919.2884553295625,0.8243243243243243
919.2884553295625,0.8439024390243902
919.2884553295625,0.8611111111111112
920.2884553295625,0.8279569892473119
444.9482681718889,0.9555555555555556
444.9482681718889,1
444.9482681718889,1
444.9482681718889,1
421.46298679765033,0.7966101694915254
421.46298679765033,0.9672131147540983
421.46298679765033,0.9574468085106383
415.8477631085006,0.8743455497382199
415.8477631085006,0.9302949061662198
415.8477631085006,0.8974358974358975
415.8477631085006,0.9219512195121952
415.8477631085006,0.9861111111111112
840.1635636485345,0.908256880733945
840.1635636485345,0.8987341772151899
839.7493500861614,0.9851851851851852
839.7493500861614,1
839.7493500861614,1
823.8204178980272,0.8888888888888888
824.8204178980272,0.8969072164948454
824.8204178980272,0.8904109589041096
823.8204178980272,0.967741935483871
823.8204178980272,0.8588235294117647
747.3940110268358,1
747.3940110268358,1
747.3940110268358,1
747.3940110268358,1
748.3940110268358,1
681.6366517139559,0.9259259259259259
682.8792924010752,0.96
683.2935059634483,0.9230769230769231
684.8792924010751,0.9016393442622951
683.050865276329,0.9047619047619048
517.256926036991,0.9512195121951219
516.8427124746179,0.9154929577464789
515.8427124746179,0.9444444444444444
515.4284989122449,0.9682539682539683
515.4284989122449,0.9393939393939394
1,0.7878787878787878
1,0.8947368421052632
0,0.8813559322033898
1,0.981651376146789
1,0.8487394957983193
3.8284271247461903,0.7872340425531915
3.8284271247461903,0.8211382113821138
2.8284271247461903,0.8
2.8284271247461903,0.8487394957983193
2.8284271247461903,0.6470588235294118
122.65180361560915,1
121.65180361560915,1
120.65180361560915,1
120.06601717798226,1
118.65180361560915,1
229.72287142747467,0.8646616541353384
229.30865786510157,0.7458563535911602
229.30865786510157,0.9173553719008265
230.30865786510157,0.6804123711340206
229.30865786510157,0.732484076433121
228.72287142747467,0.9508196721311475
228.72287142747467,1
228.72287142747467,0.9078947368421053
229.72287142747467,1
229.72287142747467,0.9305555555555556
295.06601717798156,0.8586956521739131
295.06601717798156,0.7931034482758621
295.06601717798156,0.8193979933110368
294.0660171779816,0.868995633187773
294.0660171779816,0.8587360594795539
941.6437943888895,0.7669902912621359
941.6437943888895,0.786046511627907
942.2295808265163,0.723943661971831
941.2295808265163,0.7286821705426356
941.6437943888895,0.7243589743589743
931.6437943888897,0.7973568281938326
931.6437943888897,0.817258883248731
930.6437943888897,0.8525345622119815
931.0580079512628,0.8780487804878049
930.6437943888897,0.8426966292134831
919.2884553295625,0.8095238095238095
919.2884553295625,0.780952380952381
919.2884553295625,0.7677902621722846
919.2884553295625,0.7913669064748201
920.2884553295625,0.7741935483870968
444.9482681718889,1
444.9482681718889,1
444.9482681718889,1
444.9482681718889,0.9818181818181818
421.46298679765033,0.9008264462809917
421.46298679765033,0.9349593495934959
421.46298679765033,0.963302752293578
415.8477631085006,0.849802371541502
415.8477631085006,0.825287356321839
415.8477631085006,0.7972972972972973
415.8477631085006,0.850187265917603
415.8477631085006,0.9514563106796117
840.1635636485345,0.9064327485380117
840.1635636485345,0.9148936170212766
839.7493500861614,0.9796954314720813
839.7493500861614,1
839.7493500861614,1
823.8204178980272,0.8252427184466019
824.8204178980272,0.8742138364779874
824.8204178980272,0.9407407407407408
823.8204178980272,0.9354838709677419
823.8204178980272,0.8503401360544217
747.3940110268358,1
747.3940110268358,1
747.3940110268358,0.9899497487437185
747.3940110268358,1
748.3940110268358,1
681.6366517139559,0.9482758620689655
682.8792924010752,0.9821428571428571
683.2935059634483,0.9473684210526315
684.8792924010751,0.9186991869918699
683.050865276329,0.872
517.256926036991,0.9444444444444444
516.8427124746179,0.9398496240601504
515.8427124746179,0.9402985074626866
515.4284989122449,0.952
515.4284989122449,0.96875
0,0.7058823529411765
1,0.7894736842105263
1.4142135623730951,0.9310344827586207
1.4142135623730951,0.7435897435897436
4.82842712474619,0.6721311475409836
4.82842712474619,0.5348837209302325
3.8284271247461903,0.44
3.8284271247461903,0.7435897435897436
3.8284271247461903,0.6986301369863014
123.65180361560915,1
122.65180361560915,1
121.65180361560915,1
121.06601717798226,1
119.65180361560915,1
230.72287142747467,0.7358490566037735
230.30865786510157,0.7623762376237624
230.30865786510157,0.7073170731707317
231.30865786510157,0.7894736842105263
230.30865786510157,0.7662337662337663
229.72287142747467,0.9634146341463414
229.72287142747467,1
229.72287142747467,0.9375
230.72287142747467,1
230.72287142747467,0.9375
296.06601717798156,0.9038461538461539
296.06601717798156,0.8536585365853658
296.06601717798156,0.908675799086758
295.06601717798156,0.9328859060402684
295.06601717798156,0.9365079365079365
942.6437943888895,0.8888888888888888
942.6437943888895,0.9111111111111111
943.2295808265163,0.9345454545454546
942.2295808265163,0.898876404494382
942.6437943888895,0.9224137931034483
932.6437943888897,0.9183673469387755
932.6437943888897,0.8974358974358975
931.6437943888897,0.9416058394160584
932.0580079512628,0.9397590361445783
931.6437943888897,0.9572192513368984
920.2884553295625,0.8636363636363636
920.2884553295625,0.8769230769230769
920.2884553295625,0.9251336898395722
920.2884553295625,0.9292929292929293
921.2884553295625,0.8928571428571429
445.9482681718889,1
445.9482681718889,1
445.9482681718889,1
445.9482681718889,0.9333333333333333
422.46298679765033,0.8536585365853658
422.46298679765033,0.8604651162790697
422.46298679765033,0.8620689655172413
416.8477631085006,0.8728323699421965
416.8477631085006,0.9154929577464789
416.8477631085006,0.8888888888888888
416.8477631085006,0.893048128342246
416.8477631085006,0.9365079365079365
839.1635636485345,0.8901098901098901
839.1635636485345,0.8688524590163934
838.7493500861614,0.9829059829059829
838.7493500861614,1
838.7493500861614,1
822.8204178980272,0.9206349206349206
823.8204178980272,0.9240506329113924
823.8204178980272,0.9272727272727272
822.8204178980272,0.9545454545454546
822.8204178980272,0.9104477611940298
746.3940110268358,1
746.3940110268358,1
746.3940110268358,1
746.3940110268358,1
747.3940110268358,1
680.6366517139559,0.8888888888888888
681.8792924010752,0.9375
682.2935059634483,0.9411764705882353
683.8792924010751,0.9069767441860465
682.050865276329,0.9111111111111111
516.256926036991,0.96875
515.8427124746179,0.9245283018867925
514.8427124746179,0.9259259259259259
514.4284989122449,0.9555555555555556
514.4284989122449,0.9583333333333334
1,0.9
1.4142135623730951,0.8181818181818182
1.4142135623730951,0.8095238095238095
4.82842712474619,0.7674418604651163
4.82842712474619,0.52
3.8284271247461903,0.6875
3.8284271247461903,0.8095238095238095
3.8284271247461903,0.7818181818181819
123.65180361560915,1
122.65180361560915,1
121.65180361560915,1
121.06601717798226,1
119.65180361560915,1
230.72287142747467,0.7142857142857143
230.30865786510157,0.8795180722891566
230.30865786510157,0.7391304347826086
231.30865786510157,0.875
230.30865786510157,0.7966101694915254
229.72287142747467,0.9863013698630136
229.72287142747467,1
229.72287142747467,0.9611650485436893
230.72287142747467,1
230.72287142747467,0.9130434782608695
296.06601717798156,0.9302325581395349
296.06601717798156,0.8857142857142857
296.06601717798156,0.9402985074626866
295.06601717798156,0.9389312977099237
295.06601717798156,0.9298245614035088
942.6437943888895,0.9074074074074074
942.6437943888895,0.9487179487179487
943.2295808265163,0.9610894941634242
942.2295808265163,0.925
942.6437943888895,0.9626168224299065
932.6437943888897,0.937984496124031
932.6437943888897,0.9393939393939394
931.6437943888897,0.9327731092436975
932.0580079512628,0.9459459459459459
931.6437943888897,0.9526627218934911
920.2884553295625,0.8571428571428571
920.2884553295625,0.9285714285714286
920.2884553295625,0.9289940828402367
920.2884553295625,0.9555555555555556
921.2884553295625,0.9466666666666667
445.9482681718889,1
445.9482681718889,1
445.9482681718889,1
445.9482681718889,0.8333333333333334
422.46298679765033,0.8260869565217391
422.46298679765033,0.84
422.46298679765033,1
416.8477631085006,0.9354838709677419
416.8477631085006,0.9643916913946587
416.8477631085006,0.9292929292929293
416.8477631085006,0.9289940828402367
416.8477631085006,0.9814814814814815
839.1635636485345,0.9452054794520548
839.1635636485345,0.9069767441860465
838.7493500861614,0.9797979797979798
838.7493500861614,1
838.7493500861614,1
822.8204178980272,0.9629629629629629
823.8204178980272,0.9344262295081968
823.8204178980272,0.9459459459459459
822.8204178980272,1
822.8204178980272,0.9183673469387755
746.3940110268358,1
746.3940110268358,1
746.3940110268358,1
746.3940110268358,1
747.3940110268358,1
680.6366517139559,0.8888888888888888
681.8792924010752,0.8571428571428571
682.2935059634483,1
683.8792924010751,0.92
682.050865276329,0.7777777777777778
516.256926036991,0.9565217391304348
515.8427124746179,0.9428571428571428
514.8427124746179,0.9444444444444444
514.4284989122449,0.9259259259259259
514.4284989122449,0.9333333333333333
1,0.8666666666666667
1,0.76
3.8284271247461903,0.7872340425531915
3.8284271247461903,0.7931034482758621
2.8284271247461903,0.7222222222222222
2.8284271247461903,0.76
2.8284271247461903,0.8305084745762712
122.65180361560915,1
121.65180361560915,1
120.65180361560915,1
120.06601717798226,1
118.65180361560915,1
229.72287142747467,0.8974358974358975
229.30865786510157,0.9080459770114943
229.30865786510157,0.8518518518518519
230.30865786510157,0.94
229.30865786510157,0.9682539682539683
228.72287142747467,0.9866666666666667
228.72287142747467,1
228.72287142747467,0.9809523809523809
229.72287142747467,1
229.72287142747467,0.96
295.06601717798156,0.9555555555555556
295.06601717798156,0.963302752293578
295.06601717798156,0.9707317073170731
294.0660171779816,0.9703703703703703
294.0660171779816,0.9771428571428571
941.6437943888895,0.9464285714285714
941.6437943888895,0.9669421487603306
942.2295808265163,0.9540229885057471
941.2295808265163,0.9390243902439024
941.6437943888895,0.944954128440367
931.6437943888897,0.9548872180451128
931.6437943888897,0.9223300970873787
930.6437943888897,0.967479674796748
931.0580079512628,0.9736842105263158
930.6437943888897,0.9653179190751445
919.2884553295625,0.8918918918918919
919.2884553295625,0.9310344827586207
919.2884553295625,0.9421965317919075
919.2884553295625,0.9456521739130435
920.2884553295625,0.948051948051948
444.9482681718889,1
444.9482681718889,1
444.9482681718889,1
444.9482681718889,1
421.46298679765033,0.8518518518518519
421.46298679765033,0.9310344827586207
421.46298679765033,0.8666666666666667
415.8477631085006,0.9748427672955975
415.8477631085006,0.9824046920821115
415.8477631085006,0.9702970297029703
415.8477631085006,0.976878612716763
415.8477631085006,0.9821428571428571
840.1635636485345,0.922077922077922
840.1635636485345,0.8723404255319149
839.7493500861614,1
839.7493500861614,1
839.7493500861614,1
823.8204178980272,0.9642857142857143
824.8204178980272,0.9384615384615385
824.8204178980272,0.9512195121951219
823.8204178980272,0.9333333333333333
823.8204178980272,0.9245283018867925
747.3940110268358,1
747.3940110268358,1
747.3940110268358,1
747.3940110268358,1
748.3940110268358,1
681.6366517139559,0.9090909090909091
682.8792924010752,0.8888888888888888
683.2935059634483,0.9
684.8792924010751,0.9310344827586207
683.050865276329,0.9354838709677419
517.256926036991,1
516.8427124746179,0.9487179487179487
515.8427124746179,0.95
515.4284989122449,1
515.4284989122449,1
0,0.875
3.414213562373095,0.9473684210526315
3.414213562373095,0.9
2.414213562373095,0.9259259259259259
2.414213562373095,0.875
2.414213562373095,0.92
122.23759005323605,1
121.23759005323605,1
120.23759005323605,1
119.65180361560915,1
118.23759005323605,1
229.30865786510157,0.9333333333333333
228.89444430272846,0.9743589743589743
228.89444430272846,0.8888888888888888
229.89444430272846,0.978021978021978
228.89444430272846,0.9629629629629629
228.30865786510157,1
228.30865786510157,1
228.30865786510157,0.9900497512437811
229.30865786510157,1
229.30865786510157,0.9512195121951219
294.65180361560846,0.9753086419753086
294.65180361560846,0.98
294.65180361560846,0.9897959183673469
293.65180361560846,0.9841269841269841
293.65180361560846,0.9879518072289156
941.2295808265164,0.9611650485436893
941.2295808265164,0.9821428571428571
941.8153672641433,0.9841269841269841
940.8153672641433,0.9741935483870968
941.2295808265164,0.9808612440191388
931.2295808265167,0.967741935483871
931.2295808265167,0.9787234042553191
930.2295808265167,0.9824561403508771
930.6437943888897,0.986013986013986
930.2295808265167,0.9878048780487805
918.8742417671893,0.9692307692307692
918.8742417671893,0.9626168224299065
918.8742417671893,0.9878048780487805
918.8742417671893,0.9771428571428571
919.8742417671893,0.9862068965517241
444.5340546095158,1
444.5340546095158,1
444.5340546095158,0.7142857142857143
444.5340546095158,1
421.0487732352773,0.8888888888888888
421.0487732352773,0.9
421.0487732352773,1
415.43354954612755,0.9866666666666667
415.43354954612755,0.9879518072289156
415.43354954612755,0.9792746113989638
415.43354954612755,0.9878048780487805
415.43354954612755,1
840.5777772109076,0.9705882352941176
840.5777772109076,0.9473684210526315
840.1635636485345,1
840.1635636485345,1
840.1635636485345,1
824.2346314604004,0.9805825242718447
825.2346314604004,0.9642857142857143
825.2346314604004,1
824.2346314604004,1
824.2346314604004,0.9545454545454546
747.8082245892089,1
747.8082245892089,1
747.8082245892089,1
747.8082245892089,1
748.8082245892089,1
682.050865276329,1
683.2935059634483,0.7777777777777778
683.7077195258214,1
685.2935059634482,1
683.4650788387021,0.9090909090909091
517.6711395993641,1
517.256926036991,1
516.256926036991,1
515.8427124746179,1
515.8427124746179,1
3.414213562373095,0.75
3.414213562373095,0.8
2.414213562373095,0.6216216216216216
2.414213562373095,0.6923076923076923
2.414213562373095,0.7666666666666667
122.23759005323605,1
121.23759005323605,1
120.23759005323605,1
119.65180361560915,1
118.23759005323605,1
229.30865786510157,0.75
228.89444430272846,0.8409090909090909
228.89444430272846,0.8571428571428571
229.89444430272846,0.7623762376237624
228.89444430272846,0.8125
228.30865786510157,0.9735099337748344
228.30865786510157,1
228.30865786510157,0.95260663507109
229.30865786510157,1
229.30865786510157,0.9215686274509803
294.65180361560846,0.9340659340659341
294.65180361560846,0.9090909090909091
294.65180361560846,0.9514563106796117
293.65180361560846,0.9705882352941176
293.65180361560846,0.9431818181818182
941.2295808265164,0.9292035398230089
941.2295808265164,0.9508196721311475
941.8153672641433,0.9694656488549618
940.8153672641433,0.9393939393939394
941.2295808265164,0.9452054794520548
931.2295808265167,0.9701492537313433
931.2295808265167,0.9615384615384616
930.2295808265167,0.9516129032258065
930.6437943888897,0.9738562091503268
930.2295808265167,0.9770114942528736
918.8742417671893,0.92
918.8742417671893,0.9487179487179487
918.8742417671893,0.9655172413793104
918.8742417671893,0.9675675675675676
919.8742417671893,0.9354838709677419
444.5340546095158,0.8571428571428571
444.5340546095158,1
444.5340546095158,1
444.5340546095158,0.8823529411764706
421.0487732352773,0.7857142857142857
421.0487732352773,0.8
421.0487732352773,0.875
415.43354954612755,0.9125
415.43354954612755,0.9473684210526315
415.43354954612755,0.9408866995073891
415.43354954612755,0.9425287356321839
415.43354954612755,0.9469026548672567
840.5777772109076,0.9487179487179487
840.5777772109076,0.9166666666666666
840.1635636485345,1
840.1635636485345,1
840.1635636485345,1
824.2346314604004,0.9646017699115044
825.2346314604004,0.9393939393939394
825.2346314604004,0.9523809523809523
824.2346314604004,0.9354838709677419
824.2346314604004,0.9259259259259259
747.8082245892089,1
747.8082245892089,1
747.8082245892089,1
747.8082245892089,1
748.8082245892089,1
682.050865276329,0.9130434782608695
683.2935059634483,0.8947368421052632
683.7077195258214,0.9047619047619048
685.2935059634482,0.9333333333333333
683.4650788387021,0.9375
517.6711395993641,1
517.256926036991,0.95
516.256926036991,0.9512195121951219
515.8427124746179,1
515.8427124746179,1
0,0.7307692307692307
1,0.6610169491525424
1,0.75
1,0.7317073170731707
118.82337649086296,1
117.82337649086296,1
116.82337649086296,1
116.23759005323605,1
114.82337649086296,1
225.89444430272846,0.7096774193548387
225.48023074035535,0.7090909090909091
225.48023074035535,0.76
226.48023074035535,0.7723577235772358
225.48023074035535,0.7674418604651163
224.89444430272846,0.953757225433526
224.89444430272846,1
224.89444430272846,0.9313304721030042
225.89444430272846,1
225.89444430272846,0.9178082191780822
291.23759005323546,0.8761061946902655
291.23759005323546,0.8484848484848485
291.23759005323546,0.8508771929824561
290.23759005323546,0.8734177215189873
290.23759005323546,0.898989898989899
937.8153672641434,0.8074074074074075
937.8153672641434,0.8472222222222222
938.4011537017702,0.8661971830985915
937.4011537017702,0.8502673796791443
937.8153672641434,0.8672199170124482
927.8153672641436,0.8974358974358975
927.8153672641436,0.873015873015873
926.8153672641436,0.9041095890410958
927.2295808265167,0.8857142857142857
926.8153672641436,0.9183673469387755
915.4600282048162,0.7938144329896907
915.4600282048162,0.8273381294964028
915.4600282048162,0.8673469387755102
915.4600282048162,0.8840579710144928
916.4600282048162,0.8418079096045198
441.11984104714276,0.9444444444444444
441.11984104714276,1
441.11984104714276,1
441.11984104714276,0.9487179487179487
417.6345596729042,0.84
417.6345596729042,0.8461538461538461
417.6345596729042,0.9473684210526315
412.0193359837545,0.8901098901098901
412.0193359837545,0.9010989010989011
412.0193359837545,0.8666666666666667
412.0193359837545,0.8571428571428571
412.0193359837545,0.9407407407407408
843.9919907732806,0.9
843.9919907732806,0.8857142857142857
843.5777772109076,1
843.5777772109076,1
843.5777772109076,1
827.6488450227733,0.9259259259259259
828.6488450227733,0.8863636363636364
828.6488450227733,0.875
827.6488450227733,0.9622641509433962
827.6488450227733,0.9210526315789473
751.2224381515819,1
751.2224381515819,1
751.2224381515819,1
751.2224381515819,1
752.2224381515819,1
685.4650788387021,0.9555555555555556
686.7077195258214,0.9512195121951219
687.1219330881945,0.9534883720930233
688.7077195258213,0.9615384615384616
686.8792924010751,0.9629629629629629
521.0853531617372,0.9726027397260274
520.6711395993641,0.9354838709677419
519.6711395993641,0.9682539682539683
519.256926036991,0.9629629629629629
519.256926036991,1
1,0.6585365853658537
1,0.7333333333333333
1,0.78125
118.82337649086296,1
117.82337649086296,1
116.82337649086296,1
116.23759005323605,1
114.82337649086296,1
225.89444430272846,0.7727272727272727
225.48023074035535,0.8043478260869565
225.48023074035535,0.6875
226.48023074035535,0.8666666666666667
225.48023074035535,0.7941176470588235
224.89444430272846,0.9741935483870968
224.89444430272846,1
224.89444430272846,0.9534883720930233
225.89444430272846,1
225.89444430272846,0.9636363636363636
291.23759005323546,0.9157894736842105
291.23759005323546,0.8771929824561403
291.23759005323546,0.9238095238095239
290.23759005323546,0.9285714285714286
290.23759005323546,0.9444444444444444
937.8153672641434,0.9316239316239316
937.8153672641434,0.9206349206349206
938.4011537017702,0.9323308270676691
937.4011537017702,0.893491124260355
937.8153672641434,0.9282511210762332
927.8153672641436,0.927536231884058
927.8153672641436,0.9074074074074074
926.8153672641436,0.9375
927.2295808265167,0.9490445859872612
926.8153672641436,0.9550561797752809
915.4600282048162,0.8734177215189873
915.4600282048162,0.9008264462809917
915.4600282048162,0.9101123595505618
915.4600282048162,0.9259259259259259
916.4600282048162,0.9119496855345912
441.11984104714276,1
441.11984104714276,1
441.11984104714276,1
441.11984104714276,0.9047619047619048
417.6345596729042,0.8125
417.6345596729042,0.8823529411764706
417.6345596729042,0.9
412.0193359837545,0.9146341463414634
412.0193359837545,0.9479768786127167
412.0193359837545,0.9130434782608695
412.0193359837545,0.9213483146067416
412.0193359837545,0.9487179487179487
843.9919907732806,0.926829268292683
843.9919907732806,0.8461538461538461
843.5777772109076,0.9814814814814815
843.5777772109076,1
843.5777772109076,1
827.6488450227733,0.9316239316239316
828.6488450227733,0.9142857142857143
828.6488450227733,0.9130434782608695
827.6488450227733,0.9428571428571428
827.6488450227733,0.896551724137931
751.2224381515819,1
751.2224381515819,1
751.2224381515819,1
751.2224381515819,1
752.2224381515819,1
685.4650788387021,0.8518518518518519
686.7077195258214,0.9130434782608695
687.1219330881945,0.92
688.7077195258213,0.8823529411764706
686.8792924010751,0.8333333333333334
521.0853531617372,0.9636363636363636
520.6711395993641,0.9090909090909091
519.6711395993641,0.9111111111111111
519.256926036991,0.9444444444444444
519.256926036991,0.9487179487179487
0,0.6756756756756757
0,0.6338028169014085
119.82337649086296,1
118.82337649086296,1
117.82337649086296,1
117.23759005323605,1
115.82337649086296,1
226.89444430272846,0.7254901960784313
226.48023074035535,0.797979797979798
226.48023074035535,0.7435897435897436
227.48023074035535,0.7857142857142857
226.48023074035535,0.7866666666666666
225.89444430272846,0.9506172839506173
225.89444430272846,1
225.89444430272846,0.9279279279279279
226.89444430272846,1
226.89444430272846,0.9032258064516129
292.2375900532354,0.8823529411764706
292.2375900532354,0.8181818181818182
292.2375900532354,0.8894009216589862
291.23759005323546,0.9319727891156463
291.23759005323546,0.9144385026737968
938.8153672641434,0.9193548387096774
938.8153672641434,0.9097744360902256
939.4011537017702,0.9487179487179487
938.4011537017702,0.9090909090909091
938.8153672641434,0.9217391304347826
928.8153672641436,0.9310344827586207
928.8153672641436,0.8782608695652174
927.8153672641436,0.9259259259259259
928.2295808265167,0.9390243902439024
927.8153672641436,0.9459459459459459
916.4600282048162,0.8604651162790697
916.4600282048162,0.890625
916.4600282048162,0.9243243243243243
916.4600282048162,0.9285714285714286
917.4600282048162,0.9036144578313253
442.11984104714276,1
442.11984104714276,1
442.11984104714276,1
442.11984104714276,0.9285714285714286
418.6345596729042,0.8461538461538461
418.6345596729042,0.8536585365853658
418.6345596729042,0.8518518518518519
413.0193359837545,0.8947368421052632
413.0193359837545,0.9376770538243626
413.0193359837545,0.9158878504672897
413.0193359837545,0.9027027027027027
413.0193359837545,0.9516129032258065
842.9919907732806,0.9101123595505618
842.9919907732806,0.864406779661017
842.5777772109076,0.9826086956521739
842.5777772109076,1
842.5777772109076,1
826.6488450227733,0.9193548387096774
827.6488450227733,0.8701298701298701
827.6488450227733,0.8867924528301887
826.6488450227733,0.9523809523809523
826.6488450227733,0.8461538461538461
750.2224381515819,1
750.2224381515819,1
750.2224381515819,1
750.2224381515819,1
751.2224381515819,1
684.4650788387021,0.8823529411764706
685.7077195258214,0.8666666666666667
686.1219330881945,0.9375
687.7077195258213,0.9024390243902439
685.8792924010751,0.9069767441860465
520.0853531617372,0.967741935483871
519.6711395993641,0.9215686274509803
518.6711395993641,0.9230769230769231
518.256926036991,0.9534883720930233
518.256926036991,0.9565217391304348
0,0.7
119.82337649086296,1
118.82337649086296,1
117.82337649086296,1
117.23759005323605,1
115.82337649086296,1
226.89444430272846,0.8
226.48023074035535,0.8409090909090909
226.48023074035535,0.7142857142857143
227.48023074035535,0.8217821782178217
226.48023074035535,0.875
225.89444430272846,0.9735099337748344
225.89444430272846,1
225.89444430272846,0.95260663507109
226.89444430272846,1
226.89444430272846,0.9607843137254902
292.2375900532354,0.9560439560439561
292.2375900532354,0.9090909090909091
292.2375900532354,0.941747572815534
291.23759005323546,0.9558823529411765
291.23759005323546,0.9431818181818182
938.8153672641434,0.9292035398230089
938.8153672641434,0.9344262295081968
939.4011537017702,0.9389312977099237
938.4011537017702,0.9151515151515152
938.8153672641434,0.9269406392694064
928.8153672641436,0.9402985074626866
928.8153672641436,0.9230769230769231
927.8153672641436,0.967741935483871
928.2295808265167,0.9738562091503268
927.8153672641436,0.9655172413793104
916.4600282048162,0.8933333333333333
916.4600282048162,0.9316239316239316
916.4600282048162,0.9540229885057471
916.4600282048162,0.9459459459459459
917.4600282048162,0.9354838709677419
442.11984104714276,1
442.11984104714276,1
442.11984104714276,1
442.11984104714276,0.8823529411764706
418.6345596729042,0.7857142857142857
418.6345596729042,0.8666666666666667
418.6345596729042,0.875
413.0193359837545,0.95
413.0193359837545,0.9590643274853801
413.0193359837545,0.9310344827586207
413.0193359837545,0.9310344827586207
413.0193359837545,0.9646017699115044
842.9919907732806,0.9230769230769231
842.9919907732806,0.875
842.5777772109076,1
842.5777772109076,1
842.5777772109076,1
826.6488450227733,0.9646017699115044
827.6488450227733,0.8787878787878788
827.6488450227733,0.9523809523809523
826.6488450227733,0.9354838709677419
826.6488450227733,0.8888888888888888
750.2224381515819,1
750.2224381515819,1
750.2224381515819,1
750.2224381515819,1
751.2224381515819,1
684.4650788387021,0.9130434782608695
685.7077195258214,0.8947368421052632
686.1219330881945,0.8095238095238095
687.7077195258213,0.9333333333333333
685.8792924010751,0.9375
520.0853531617372,1
519.6711395993641,0.95
518.6711395993641,0.9512195121951219
518.256926036991,1
518.256926036991,1
119.82337649086296,1
118.82337649086296,1
117.82337649086296,1
117.23759005323605,1
115.82337649086296,1
226.89444430272846,0.7837837837837838
226.48023074035535,0.7540983606557377
226.48023074035535,0.8064516129032258
227.48023074035535,0.6444444444444445
226.48023074035535,0.7551020408163265
225.89444430272846,0.9459459459459459
225.89444430272846,1
225.89444430272846,0.9183673469387755
226.89444430272846,1
226.89444430272846,0.9294117647058824
292.2375900532354,0.92
292.2375900532354,0.8333333333333334
292.2375900532354,0.8666666666666667
291.23759005323546,0.9176470588235294
291.23759005323546,0.9142857142857143
938.8153672641434,0.8367346938775511
938.8153672641434,0.8461538461538461
939.4011537017702,0.8445945945945946
938.4011537017702,0.8090452261306532
938.8153672641434,0.8181818181818182
928.8153672641436,0.8809523809523809
928.8153672641436,0.782608695652174
927.8153672641436,0.8607594936708861
928.2295808265167,0.8716577540106952
927.8153672641436,0.8846153846153846
916.4600282048162,0.7614678899082569
916.4600282048162,0.8013245033112583
916.4600282048162,0.8173076923076923
916.4600282048162,0.8264840182648402
917.4600282048162,0.8095238095238095
442.11984104714276,1
442.11984104714276,1
442.11984104714276,0.9607843137254902
442.11984104714276,0.9607843137254902
418.6345596729042,0.8709677419354839
418.6345596729042,0.9375
418.6345596729042,0.92
413.0193359837545,0.8762886597938144
413.0193359837545,0.8776595744680851
413.0193359837545,0.8818565400843882
413.0193359837545,0.8846153846153846
413.0193359837545,0.9591836734693877
842.9919907732806,0.8571428571428571
842.9919907732806,0.8780487804878049
842.5777772109076,0.9710144927536232
842.5777772109076,1
842.5777772109076,1
826.6488450227733,0.8367346938775511
827.6488450227733,0.8
827.6488450227733,0.8421052631578947
826.6488450227733,0.8461538461538461
826.6488450227733,0.8181818181818182
750.2224381515819,0.98
750.2224381515819,1
750.2224381515819,1
750.2224381515819,0.9878048780487805
751.2224381515819,0.9868421052631579
684.4650788387021,0.9298245614035088
685.7077195258214,0.9245283018867925
686.1219330881945,0.9272727272727272
687.7077195258213,0.9375
685.8792924010751,0.9090909090909091
520.0853531617372,0.9529411764705882
519.6711395993641,0.918918918918919
518.6711395993641,0.92
518.256926036991,0.9696969696969697
518.256926036991,0.9710144927536232
1,0.7037037037037037
2,0.5789473684210527
3.414213562373095,0.75
4,0.5294117647058824
107.07106781186548,1
106.65685424949237,1
106.65685424949237,1
107.65685424949237,1
106.65685424949237,1
106.07106781186548,0.9324324324324325
106.07106781186548,0.8571428571428571
106.07106781186548,0.9519230769230769
107.07106781186548,1
107.07106781186548,0.9166666666666666
172.4142135623731,1
172.4142135623731,1
172.4142135623731,0.9802955665024631
171.4142135623731,1
171.4142135623731,0.976878612716763
818.9919907732823,1
818.9919907732823,1
819.5777772109091,1
818.5777772109091,1
818.9919907732823,1
808.9919907732824,1
808.9919907732824,1
807.9919907732824,1
808.4062043356554,1
807.9919907732824,1
796.6366517139551,1
796.6366517139551,1
796.6366517139551,1
796.6366517139551,1
797.6366517139551,1
322.2964645562816,1
322.2964645562816,1
322.2964645562816,1
322.2964645562816,1
298.811183182043,1
298.811183182043,1
298.811183182043,1
293.1959594928933,0.9745222929936306
293.1959594928933,0.9823008849557522
293.1959594928933,0.97
293.1959594928933,0.9883040935672515
293.1959594928933,1
882.0214280248045,1
882.0214280248045,1
882.4356415871778,1
882.4356415871778,1
882.4356415871778,1
898.364573775312,1
897.364573775312,1
897.364573775312,1
898.364573775312,1
898.364573775312,1
870.0458146424431,1
870.0458146424431,1
870.0458146424431,1
870.0458146424431,1
871.0458146424431,1
804.2884553295632,1
805.5310960166826,1
805.9453095790557,1
807.5310960166825,1
805.7026688919364,1
639.9087296525983,1
639.4945160902251,1
638.4945160902251,1
638.0803025278522,1
638.0803025278522,1
1,0.5384615384615384
2.414213562373095,0.8260869565217391
3,0.36585365853658536
108.07106781186548,1
107.65685424949237,1
107.65685424949237,1
108.65685424949237,1
107.65685424949237,1
107.07106781186548,0.8838709677419355
107.07106781186548,0.8775510204081632
107.07106781186548,0.8790697674418605
108.07106781186548,1
108.07106781186548,0.9636363636363636
173.4142135623731,1
173.4142135623731,1
173.4142135623731,0.9523809523809523
172.4142135623731,0.9714285714285714
172.4142135623731,0.9555555555555556
819.9919907732823,1
819.9919907732823,1
820.5777772109091,1
819.5777772109091,1
819.9919907732823,1
809.9919907732824,1
809.9919907732824,1
808.9919907732824,1
809.4062043356554,1
808.9919907732824,1
797.6366517139551,1
797.6366517139551,1
797.6366517139551,1
797.6366517139551,1
798.6366517139551,1
323.2964645562816,1
323.2964645562816,1
323.2964645562816,1
323.2964645562816,1
299.811183182043,1
299.811183182043,1
299.811183182043,1
294.1959594928933,0.9634146341463414
294.1959594928933,0.9710982658959537
294.1959594928933,0.9710144927536232
294.1959594928933,0.9662921348314607
294.1959594928933,0.9829059829059829
883.0214280248045,1
883.0214280248045,1
883.4356415871778,1
883.4356415871778,1
883.4356415871778,1
899.364573775312,1
898.364573775312,1
898.364573775312,1
899.364573775312,1
899.364573775312,1
869.0458146424431,1
869.0458146424431,1
869.0458146424431,1
869.0458146424431,1
870.0458146424431,1
803.2884553295632,1
804.5310960166826,1
804.9453095790557,1
806.5310960166825,1
804.7026688919364,1
638.9087296525983,1
638.4945160902251,1
637.4945160902251,1
637.0803025278522,1
637.0803025278522,1
1.4142135623730951,0.6
2,0.5151515151515151
109.07106781186548,1
108.65685424949237,1
108.65685424949237,1
109.65685424949237,1
108.65685424949237,1
108.07106781186548,0.9455782312925171
108.07106781186548,0.9024390243902439
108.07106781186548,0.9420289855072463
109.07106781186548,1
109.07106781186548,0.9574468085106383
174.4142135623731,1
174.4142135623731,1
174.4142135623731,0.9702970297029703
173.4142135623731,1
173.4142135623731,0.9651162790697675
820.9919907732823,1
820.9919907732823,1
821.5777772109091,1
820.5777772109091,1
820.9919907732823,1
810.9919907732824,1
810.9919907732824,1
809.9919907732824,1
810.4062043356554,1
809.9919907732824,1
798.6366517139551,1
798.6366517139551,1
798.6366517139551,1
798.6366517139551,1
799.6366517139551,1
324.2964645562816,1
324.2964645562816,1
324.2964645562816,1
324.2964645562816,1
300.811183182043,1
300.811183182043,1
300.811183182043,1
295.1959594928933,0.9743589743589743
295.1959594928933,0.9704142011834319
295.1959594928933,0.9698492462311558
295.1959594928933,0.9647058823529412
295.1959594928933,1
884.0214280248045,1
884.0214280248045,1
884.4356415871778,1
884.4356415871778,1
884.4356415871778,1
900.364573775312,1
899.364573775312,1
899.364573775312,1
900.364573775312,1
900.364573775312,1
868.0458146424431,1
868.0458146424431,1
868.0458146424431,1
868.0458146424431,1
869.0458146424431,1
802.2884553295632,1
803.5310960166826,1
803.9453095790557,1
805.5310960166825,1
803.7026688919364,1
637.9087296525983,1
637.4945160902251,1
636.4945160902251,1
636.0803025278522,1
636.0803025278522,1
1.4142135623730951,0.7333333333333333
109.65685424949237,1
109.24264068711928,1
109.24264068711928,1
110.24264068711928,1
109.24264068711928,1
108.65685424949237,0.9722222222222222
108.65685424949237,0.8421052631578947
108.65685424949237,0.9803921568627451
109.65685424949237,1
109.65685424949237,0.9090909090909091
175,1
175,0.9805825242718447
175,1
174,1
174,1
821.5777772109092,1
821.5777772109092,1
822.163563648536,1
821.163563648536,1
821.5777772109092,1
811.5777772109093,1
811.5777772109093,1
810.5777772109093,1
810.9919907732824,1
810.5777772109093,1
799.2224381515821,1
799.2224381515821,1
799.2224381515821,1
799.2224381515821,1
800.2224381515821,1
324.8822509939085,1
324.8822509939085,1
324.8822509939085,1
324.8822509939085,1
301.39696961966996,1
301.39696961966996,1
301.39696961966996,1
295.78174593052023,1
295.78174593052023,0.9880597014925373
295.78174593052023,0.9795918367346939
295.78174593052023,1
295.78174593052023,1
884.6072144624314,1
884.6072144624314,1
885.0214280248047,1
885.0214280248047,1
885.0214280248047,1
900.950360212939,1
899.950360212939,1
899.950360212939,1
900.950360212939,1
900.950360212939,1
867.4600282048161,1
867.4600282048161,1
867.4600282048161,1
867.4600282048161,1
868.4600282048161,1
801.7026688919364,1
802.9453095790557,1
803.3595231414287,1
804.9453095790556,1
803.1168824543093,1
637.3229432149714,1
636.9087296525983,1
635.9087296525983,1
635.4945160902251,1
635.4945160902251,1
111.07106781186548,1
110.65685424949237,1
110.65685424949237,1
111.65685424949237,1
110.65685424949237,1
110.07106781186548,0.8765432098765432
110.07106781186548,0.8571428571428571
110.07106781186548,0.8828828828828829
111.07106781186548,1
111.07106781186548,0.9354838709677419
176.4142135623731,1
176.4142135623731,1
176.4142135623731,0.9539170506912442
175.4142135623731,0.9863945578231292
175.4142135623731,0.9679144385026738
822.9919907732823,1
822.9919907732823,1
823.5777772109091,1
822.5777772109091,1
822.9919907732823,1
812.9919907732824,1
812.9919907732824,1
811.9919907732824,1
812.4062043356554,1
811.9919907732824,1
800.6366517139551,1
800.6366517139551,1
800.6366517139551,1
800.6366517139551,1
801.6366517139551,1
326.2964645562816,1
326.2964645562816,1
326.2964645562816,1
326.2964645562816,1
302.811183182043,1
302.811183182043,1
302.811183182043,1
297.1959594928933,0.9649122807017544
297.1959594928933,0.9660056657223796
297.1959594928933,0.9532710280373832
297.1959594928933,0.9567567567567568
297.1959594928933,0.9838709677419355
886.0214280248045,1
886.0214280248045,1
886.4356415871778,1
886.4356415871778,1
886.4356415871778,1
902.364573775312,1
901.364573775312,1
901.364573775312,1
902.364573775312,1
902.364573775312,1
866.0458146424431,1
866.0458146424431,1
866.0458146424431,1
866.0458146424431,1
867.0458146424431,1
800.2884553295632,1
801.5310960166826,1
801.9453095790557,1
803.5310960166825,1
801.7026688919364,1
635.9087296525983,1
635.4945160902251,1
634.4945160902251,1
634.0803025278522,1
634.0803025278522,1
1,0.6470588235294118
1,0.6666666666666666
1.4142135623730951,0.6869565217391305
1,0.717948717948718
1,0.9393939393939394
1,1
1,0.9111111111111111
0,1
0,0.9076923076923077
68.65685424949237,0.9047619047619048
68.65685424949237,0.8387096774193549
68.65685424949237,0.9272727272727272
67.65685424949237,0.9333333333333333
67.65685424949237,0.9263157894736842
715.2346314604015,0.9212598425196851
715.2346314604015,0.9558823529411765
715.8204178980283,0.9565217391304348
714.8204178980283,0.9553072625698324
715.2346314604015,0.9656652360515021
705.2346314604016,0.9459459459459459
705.2346314604016,0.9491525423728814
704.2346314604016,0.9565217391304348
704.6488450227746,0.9401197604790419
704.2346314604016,0.9574468085106383
692.8792924010743,0.9101123595505618
692.8792924010743,0.9541984732824428
692.8792924010743,0.9574468085106383
692.8792924010743,0.9698492462311558
693.8792924010743,0.9644970414201184
218.53910524340094,1
218.53910524340094,1
218.53910524340094,1
218.53910524340094,0.9354838709677419
195.05382386916236,0.7619047619047619
195.05382386916236,0.8181818181818182
195.05382386916236,0.9333333333333333
189.43860018001263,0.8505747126436781
189.43860018001263,0.9157303370786517
189.43860018001263,0.8617511520737328
189.43860018001263,0.8404255319148937
189.43860018001263,0.9212598425196851
778.2640687119238,0.8913043478260869
778.2640687119238,0.9032258064516129
778.678282274297,0.9830508474576272
778.678282274297,1
778.678282274297,1
794.6072144624312,0.952755905511811
793.6072144624312,0.9
793.6072144624312,0.8928571428571429
794.6072144624312,0.9555555555555556
794.6072144624312,0.8823529411764706
871.033621333623,1
871.033621333623,1
871.033621333623,1
871.033621333623,1
870.033621333623,1
911.3595231414286,0.9459459459459459
912.6021638285479,0.9393939393939394
913.016377390921,0.9428571428571428
914.6021638285478,0.9090909090909091
912.7737367038017,0.9565217391304348
746.9797974644637,1
746.5655839020906,0.9629629629629629
745.5655839020906,0.9636363636363636
745.1513703397175,0.9565217391304348
745.1513703397175,1
0,0.7333333333333333
1,0.44785276073619634
0,0.6507936507936508
1.4142135623730951,0.9342723004694836
1.4142135623730951,1
1.4142135623730951,0.8901098901098901
1,1
1,0.9469026548672567
68.24264068711928,0.8954248366013072
68.24264068711928,0.7790697674418605
68.24264068711928,0.8507462686567164
67.24264068711928,0.8787878787878788
67.24264068711928,0.8907563025210085
714.8204178980284,0.8857142857142857
714.8204178980284,0.8586956521739131
715.4062043356552,0.8765432098765432
714.4062043356552,0.8942731277533039
714.8204178980284,0.8932384341637011
704.8204178980285,0.8979591836734694
704.8204178980285,0.9036144578313253
703.8204178980285,0.9247311827956989
704.2346314604016,0.9534883720930233
703.8204178980285,0.923728813559322
692.4650788387013,0.9124087591240876
692.4650788387013,0.8770949720670391
692.4650788387013,0.8983050847457628
692.4650788387013,0.9190283400809717
693.4650788387013,0.8986175115207373
218.12489168102783,1
218.12489168102783,1
218.12489168102783,1
218.12489168102783,0.9746835443037974
194.63961030678925,0.8666666666666667
194.63961030678925,0.9130434782608695
194.63961030678925,0.9487179487179487
189.02438661763955,0.7567567567567568
189.02438661763955,0.7821782178217822
189.02438661763955,0.7660377358490567
189.02438661763955,0.7542372881355932
189.02438661763955,0.9085714285714286
777.8498551495508,0.8714285714285714
777.8498551495508,0.9090909090909091
778.2640687119239,0.9759036144578314
778.2640687119239,1
778.2640687119239,1
794.1930009000582,0.92
793.1930009000582,0.875
793.1930009000582,0.8461538461538461
794.1930009000582,0.978494623655914
794.1930009000582,0.896551724137931
870.61940777125,1
870.61940777125,1
870.61940777125,1
870.61940777125,1
869.61940777125,1
910.9453095790556,0.9764705882352941
912.1879502661749,0.9753086419753086
912.6021638285479,0.9759036144578314
914.1879502661748,0.9347826086956522
912.3595231414286,0.9574468085106383
746.5655839020906,0.9646017699115044
746.1513703397175,0.9411764705882353
745.1513703397175,0.9805825242718447
744.7371567773445,0.9574468085106383
744.7371567773445,0.9587628865979382
1,0.8058252427184466
0,0.7575757575757576
1.4142135623730951,0.9869281045751634
1.4142135623730951,1
1.4142135623730951,0.9624413145539906
1,1
1,0.9622641509433962
68.24264068711928,0.956989247311828
68.24264068711928,0.9107142857142857
68.24264068711928,0.9326923076923077
67.24264068711928,0.9855072463768116
67.24264068711928,0.9775280898876404
714.8204178980284,0.9478260869565217
714.8204178980284,0.967741935483871
715.4062043356552,0.9772727272727273
714.4062043356552,0.9760479041916168
714.8204178980284,0.9638009049773756
704.8204178980285,0.9705882352941176
704.8204178980285,0.9433962264150944
703.8204178980285,0.9841269841269841
704.2346314604016,0.9741935483870968
703.8204178980285,0.9772727272727273
692.4650788387013,0.948051948051948
692.4650788387013,0.9495798319327731
692.4650788387013,0.9659090909090909
692.4650788387013,0.9679144385026738
693.4650788387013,0.9745222929936306
218.12489168102783,1
218.12489168102783,1
218.12489168102783,1
218.12489168102783,0.8947368421052632
194.63961030678925,0.8
194.63961030678925,0.875
194.63961030678925,1
189.02438661763955,0.8888888888888888
189.02438661763955,0.9302325581395349
189.02438661763955,0.9024390243902439
189.02438661763955,0.8977272727272727
189.02438661763955,0.9478260869565217
777.8498551495508,0.9
777.8498551495508,0.92
778.2640687119239,1
778.2640687119239,1
778.2640687119239,1
794.1930009000582,0.9478260869565217
793.1930009000582,0.9117647058823529
793.1930009000582,0.9545454545454546
794.1930009000582,1
794.1930009000582,0.9285714285714286
870.61940777125,1
870.61940777125,1
870.61940777125,1
870.61940777125,1
869.61940777125,1
910.9453095790556,1
912.1879502661749,0.9047619047619048
912.6021638285479,1
914.1879502661748,0.9375
912.3595231414286,0.9411764705882353
746.5655839020906,1
746.1513703397175,1
745.1513703397175,1
744.7371567773445,1
744.7371567773445,1
1,0.5827338129496403
2.414213562373095,0.9203539823008849
2.414213562373095,1
2.414213562373095,0.8671328671328671
1.4142135623730951,1
1.4142135623730951,0.9365079365079365
67.24264068711928,0.9036144578313253
67.24264068711928,0.7945945945945946
67.24264068711928,0.8434163701067615
66.24264068711928,0.8862559241706162
66.24264068711928,0.8804780876494024
713.8204178980284,0.851063829787234
713.8204178980284,0.8375634517766497
714.4062043356552,0.8694362017804155
713.4062043356552,0.8666666666666667
713.8204178980284,0.8639455782312925
703.8204178980285,0.8660287081339713
703.8204178980285,0.888268156424581
702.8204178980285,0.8994974874371859
703.2346314604016,0.8859649122807017
702.8204178980285,0.9036144578313253
691.4650788387013,0.9066666666666666
691.4650788387013,0.8645833333333334
691.4650788387013,0.9116465863453815
691.4650788387013,0.8769230769230769
692.4650788387013,0.8782608695652174
217.12489168102783,0.9775280898876404
217.12489168102783,1
217.12489168102783,1
217.12489168102783,0.9782608695652174
193.63961030678925,0.9029126213592233
193.63961030678925,0.9047619047619048
193.63961030678925,0.9560439560439561
188.02438661763955,0.7446808510638298
188.02438661763955,0.7649880095923262
188.02438661763955,0.7266187050359713
188.02438661763955,0.751004016064257
188.02438661763955,0.8829787234042553
776.8498551495508,0.8431372549019608
776.8498551495508,0.9349593495934959
777.2640687119239,0.9664804469273743
777.2640687119239,1
777.2640687119239,1
793.1930009000582,0.8936170212765957
792.1930009000582,0.8723404255319149
792.1930009000582,0.8803418803418803
793.1930009000582,0.9433962264150944
793.1930009000582,0.8449612403100775
869.61940777125,0.9858156028368794
869.61940777125,1
869.61940777125,0.988950276243094
869.61940777125,0.9902439024390244
868.61940777125,0.9896373056994818
911.9453095790556,0.9591836734693877
913.1879502661749,0.9787234042553191
913.6021638285479,0.9583333333333334
915.1879502661748,0.9238095238095239
913.3595231414286,0.9065420560747663
747.5655839020906,0.9523809523809523
747.1513703397175,0.9304347826086956
746.1513703397175,0.9137931034482759
745.7371567773445,0.9439252336448598
745.7371567773445,0.9636363636363636
1.4142135623730951,0.9470899470899471
1.4142135623730951,1
1.4142135623730951,0.9196787148594378
1,1
1,0.9101123595505618
68.24264068711928,0.9224806201550387
68.24264068711928,0.8108108108108109
68.24264068711928,0.8770491803278688
67.24264068711928,0.9080459770114943
67.24264068711928,0.897196261682243
714.8204178980284,0.9072847682119205
714.8204178980284,0.925
715.4062043356552,0.92
714.4062043356552,0.8916256157635468
714.8204178980284,0.914396887159533
704.8204178980285,0.9302325581395349
704.8204178980285,0.9436619718309859
703.8204178980285,0.9506172839506173
704.2346314604016,0.93717277486911
703.8204178980285,0.9622641509433962
692.4650788387013,0.911504424778761
692.4650788387013,0.9354838709677419
692.4650788387013,0.9528301886792453
692.4650788387013,0.9551569506726457
693.4650788387013,0.9585492227979274
218.12489168102783,1
218.12489168102783,1
218.12489168102783,1
218.12489168102783,0.9636363636363636
194.63961030678925,0.8787878787878788
194.63961030678925,0.8823529411764706
194.63961030678925,0.9629629629629629
189.02438661763955,0.8484848484848485
189.02438661763955,0.8578947368421053
189.02438661763955,0.8423236514522822
189.02438661763955,0.8490566037735849
189.02438661763955,0.9205298013245033
777.8498551495508,0.9310344827586207
777.8498551495508,0.9534883720930233
778.2640687119239,0.9859154929577465
778.2640687119239,1
778.2640687119239,1
794.1930009000582,0.9205298013245033
793.1930009000582,0.9423076923076923
793.1930009000582,0.95
794.1930009000582,1
794.1930009000582,0.9130434782608695
870.61940777125,1
870.61940777125,1
870.61940777125,1
870.61940777125,1
869.61940777125,1
910.9453095790556,0.9672131147540983
912.1879502661749,0.9649122807017544
912.6021638285479,0.9661016949152542
914.1879502661748,0.9411764705882353
912.3595231414286,0.8857142857142857
746.5655839020906,0.9775280898876404
746.1513703397175,0.9743589743589743
745.1513703397175,0.9746835443037974
744.7371567773445,0.9428571428571428
744.7371567773445,0.9726027397260274
0,0.7529411764705882
0,0.4226190476190476
1,0.8791946308724832
1,0.7272727272727273
69.65685424949237,0.8796296296296297
69.65685424949237,0.8638297872340426
69.65685424949237,0.8187311178247734
68.65685424949237,0.8620689655172413
68.65685424949237,0.8272425249169435
716.2346314604015,0.9327731092436975
716.2346314604015,0.9109311740890689
716.8204178980283,0.9224806201550387
715.8204178980283,0.9448275862068966
716.2346314604015,0.9127906976744186
706.2346314604016,0.8687258687258688
706.2346314604016,0.8864628820960698
705.2346314604016,0.8955823293172691
705.6488450227746,0.8705035971223022
705.2346314604016,0.8595317725752508
693.8792924010743,0.93
693.8792924010743,0.9338842975206612
693.8792924010743,0.8996655518394648
693.8792924010743,0.8903225806451613
694.8792924010743,0.9071428571428571
219.53910524340094,1
219.53910524340094,1
219.53910524340094,1
219.53910524340094,1
196.05382386916236,0.9869281045751634
196.05382386916236,0.9612903225806452
196.05382386916236,0.9858156028368794
190.43860018001263,0.7473684210526316
190.43860018001263,0.7601713062098501
190.43860018001263,0.7560975609756098
190.43860018001263,0.7591973244147158
190.43860018001263,0.7899159663865546
779.2640687119238,0.8916256157635468
779.2640687119238,0.930635838150289
779.678282274297,0.9388646288209607
779.678282274297,0.9714285714285714
779.678282274297,0.9811320754716981
795.6072144624312,0.8403361344537815
794.6072144624312,0.8848167539267016
794.6072144624312,0.9281437125748503
795.6072144624312,0.9230769230769231
795.6072144624312,0.8994413407821229
872.033621333623,0.9267015706806283
872.033621333623,0.9378238341968912
872.033621333623,0.8528138528138528
872.033621333623,0.8274509803921568
871.033621333623,0.9012345679012346
910.3595231414286,0.972972972972973
911.6021638285479,1
912.016377390921,0.9863013698630136
913.6021638285478,0.9870967741935484
911.7737367038017,0.9872611464968153
745.9797974644637,0.9090909090909091
745.5655839020906,0.9151515151515152
744.5655839020906,0.9759036144578314
744.1513703397175,0.9745222929936306
744.1513703397175,0.9875
0,0.7739130434782608
1,0.6744186046511628
1,0.6
69.65685424949237,0.8545454545454545
69.65685424949237,0.875968992248062
69.65685424949237,0.8577777777777778
68.65685424949237,0.8451612903225807
68.65685424949237,0.8871794871794871
716.2346314604015,0.9848484848484849
716.2346314604015,0.9858156028368794
716.8204178980283,0.9928825622775801
715.8204178980283,0.9891304347826086
716.2346314604015,0.9915966386554622
706.2346314604016,0.9215686274509803
706.2346314604016,0.8861788617886179
705.2346314604016,0.916083916083916
705.6488450227746,0.9186046511627907
705.2346314604016,0.9378238341968912
693.8792924010743,0.9787234042553191
693.8792924010743,0.9558823529411765
693.8792924010743,0.9481865284974094
693.8792924010743,0.9607843137254902
694.8792924010743,0.9425287356321839
219.53910524340094,1
219.53910524340094,1
219.53910524340094,1
219.53910524340094,1
196.05382386916236,1
196.05382386916236,1
196.05382386916236,1
190.43860018001263,0.8435754189944135
190.43860018001263,0.8947368421052632
190.43860018001263,0.8738738738738738
190.43860018001263,0.8756476683937824
190.43860018001263,0.8181818181818182
779.2640687119238,0.9587628865979382
779.2640687119238,0.9701492537313433
779.678282274297,0.9512195121951219
779.678282274297,0.9615384615384616
779.678282274297,1
795.6072144624312,0.9090909090909091
794.6072144624312,0.9058823529411765
794.6072144624312,0.9016393442622951
795.6072144624312,0.92
795.6072144624312,0.863013698630137
872.033621333623,0.8588235294117647
872.033621333623,0.9080459770114943
872.033621333623,0.872
872.033621333623,0.8657718120805369
871.033621333623,0.8978102189781022
910.3595231414286,1
911.6021638285479,1
912.016377390921,1
913.6021638285478,1
911.7737367038017,1
745.9797974644637,0.8857142857142857
745.5655839020906,0.8983050847457628
744.5655839020906,0.9666666666666667
744.1513703397175,0.9607843137254902
744.1513703397175,0.9629629629629629
1,0.9043062200956937
1,0.7627118644067796
69.65685424949237,0.8188405797101449
69.65685424949237,0.7898305084745763
69.65685424949237,0.6777493606138107
68.65685424949237,0.7445482866043613
68.65685424949237,0.6952908587257618
716.2346314604015,0.912751677852349
716.2346314604015,0.8697068403908795
716.8204178980283,0.8702460850111857
715.8204178980283,0.8742857142857143
716.2346314604015,0.8910891089108911
706.2346314604016,0.8432601880877743
706.2346314604016,0.8546712802768166
705.2346314604016,0.8381877022653722
705.6488450227746,0.8402366863905325
705.2346314604016,0.8328690807799443
693.8792924010743,0.9307692307692308
693.8792924010743,0.8874172185430463
693.8792924010743,0.8551532033426184
693.8792924010743,0.8540540540540541
694.8792924010743,0.8588235294117647
219.53910524340094,1
219.53910524340094,1
219.53910524340094,1
219.53910524340094,0.9900990099009901
196.05382386916236,0.971830985915493
196.05382386916236,0.9720930232558139
196.05382386916236,0.9900497512437811
190.43860018001263,0.6811594202898551
190.43860018001263,0.6470588235294118
190.43860018001263,0.7061855670103093
190.43860018001263,0.6935933147632312
190.43860018001263,0.7449664429530202
779.2640687119238,0.8479087452471483
779.2640687119238,0.9484978540772532
779.678282274297,0.9307958477508651
779.678282274297,0.9703703703703703
779.678282274297,0.9705882352941176
795.6072144624312,0.8187919463087249
794.6072144624312,0.9043824701195219
794.6072144624312,0.9030837004405287
795.6072144624312,0.9351851851851852
795.6072144624312,0.8661087866108786
872.033621333623,0.896414342629482
872.033621333623,0.9209486166007905
872.033621333623,0.8350515463917526
872.033621333623,0.8095238095238095
871.033621333623,0.8679867986798679
910.3595231414286,0.9711538461538461
911.6021638285479,0.9803921568627451
912.016377390921,0.9902912621359223
913.6021638285478,0.9813953488372092
911.7737367038017,0.9723502304147466
745.9797974644637,0.9322033898305084
745.5655839020906,0.92
744.5655839020906,0.9557522123893806
744.1513703397175,0.9723502304147466
744.1513703397175,0.9727272727272728
0,0.673469387755102
68.65685424949237,0.9101123595505618
68.65685424949237,0.9074074074074074
68.65685424949237,0.9411764705882353
67.65685424949237,0.9402985074626866
67.65685424949237,0.9425287356321839
715.2346314604015,1
715.2346314604015,1
715.8204178980283,1
714.8204178980283,1
715.2346314604015,1
705.2346314604016,0.9242424242424242
705.2346314604016,0.9215686274509803
704.2346314604016,0.9344262295081968
704.6488450227746,0.9337748344370861
704.2346314604016,0.9534883720930233
692.8792924010743,0.9726027397260274
692.8792924010743,0.9652173913043478
692.8792924010743,0.9767441860465116
692.8792924010743,0.9672131147540983
693.8792924010743,0.9477124183006536
218.53910524340094,1
218.53910524340094,1
218.53910524340094,1
218.53910524340094,1
195.05382386916236,1
195.05382386916236,1
195.05382386916236,1
189.43860018001263,0.9113924050632911
189.43860018001263,0.9470588235294117
189.43860018001263,0.9203980099502488
189.43860018001263,0.9186046511627907
189.43860018001263,0.8918918918918919
778.2640687119238,0.9736842105263158
778.2640687119238,0.9565217391304348
778.678282274297,0.9607843137254902
778.678282274297,0.9518072289156626
778.678282274297,1
794.6072144624312,0.963963963963964
793.6072144624312,0.9375
793.6072144624312,0.9
794.6072144624312,0.8620689655172413
794.6072144624312,0.9230769230769231
871.033621333623,0.90625
871.033621333623,0.9393939393939394
871.033621333623,0.9038461538461539
871.033621333623,0.90625
870.033621333623,0.9137931034482759
911.3595231414286,1
912.6021638285479,1
913.016377390921,1
914.6021638285478,1
912.7737367038017,1
746.9797974644637,0.8367346938775511
746.5655839020906,0.8947368421052632
745.5655839020906,1
745.1513703397175,0.9333333333333333
745.1513703397175,1
68.65685424949237,0.8448275862068966
68.65685424949237,0.8518518518518519
68.65685424949237,0.8701298701298701
67.65685424949237,0.9130434782608695
67.65685424949237,0.9104477611940298
715.2346314604015,0.9420289855072463
715.2346314604015,0.9455782312925171
715.8204178980283,0.9581881533101045
714.8204178980283,0.9263157894736842
715.2346314604015,0.9672131147540983
705.2346314604016,0.8867924528301887
705.2346314604016,0.8604651162790697
704.2346314604016,0.8926174496644296
704.6488450227746,0.898876404494382
704.2346314604016,0.8994974874371859
692.8792924010743,0.94
692.8792924010743,0.9436619718309859
692.8792924010743,0.9095477386934674
692.8792924010743,0.9428571428571428
693.8792924010743,0.8888888888888888
218.53910524340094,1
218.53910524340094,1
218.53910524340094,1
218.53910524340094,1
195.05382386916236,0.9622641509433962
195.05382386916236,0.9272727272727272
195.05382386916236,1
189.43860018001263,0.827027027027027
189.43860018001263,0.8801089918256131
189.43860018001263,0.8333333333333334
189.43860018001263,0.8592964824120602
189.43860018001263,0.8695652173913043
778.2640687119238,0.941747572815534
778.2640687119238,0.9452054794520548
778.678282274297,0.9534883720930233
778.678282274297,0.9636363636363636
778.678282274297,1
794.6072144624312,0.9130434782608695
793.6072144624312,0.8681318681318682
793.6072144624312,0.8805970149253731
794.6072144624312,0.9285714285714286
794.6072144624312,0.8481012658227848
871.033621333623,0.8901098901098901
871.033621333623,0.956989247311828
871.033621333623,0.8625954198473282
871.033621333623,0.8838709677419355
870.033621333623,0.916083916083916
911.3595231414286,1
912.6021638285479,0.9090909090909091
913.016377390921,1
914.6021638285478,1
912.7737367038017,0.9649122807017544
746.9797974644637,0.8947368421052632
746.5655839020906,0.9076923076923077
745.5655839020906,0.9393939393939394
745.1513703397175,0.9649122807017544
745.1513703397175,0.9666666666666667
0,0.38285714285714284
0,0.5424354243542435
1,0.4527363184079602
1,0.5684647302904564
646.5777772109092,0.898876404494382
646.5777772109092,0.8823529411764706
647.163563648536,0.9143730886850153
646.163563648536,0.9043478260869565
646.5777772109092,0.9154929577464789
636.5777772109093,0.8592964824120602
636.5777772109093,0.8461538461538461
635.5777772109093,0.873015873015873
635.9919907732824,0.8807339449541285
635.5777772109093,0.8661087866108786
624.2224381515821,0.9142857142857143
624.2224381515821,0.8901098901098901
624.2224381515821,0.899581589958159
624.2224381515821,0.904
625.2224381515821,0.8818181818181818
149.88225099390854,1
149.88225099390854,1
149.88225099390854,1
149.88225099390854,1
126.39696961966995,0.9139784946236559
126.39696961966995,0.9368421052631579
126.39696961966995,0.9753086419753086
120.78174593052023,0.7511111111111111
120.78174593052023,0.7886977886977887
120.78174593052023,0.8134328358208955
120.78174593052023,0.8075313807531381
120.78174593052023,0.8651685393258427
709.6072144624314,0.916083916083916
709.6072144624314,0.9469026548672567
710.0214280248047,0.9526627218934911
710.0214280248047,0.9866666666666667
710.0214280248047,1
725.950360212939,0.8876404494382022
724.950360212939,0.9236641221374046
724.950360212939,0.9252336448598131
725.950360212939,0.9791666666666666
725.950360212939,0.9159663865546218
802.3767670841307,0.9389312977099237
802.3767670841307,0.9699248120300752
802.3767670841307,0.9181286549707602
802.3767670841307,0.9384615384615385
801.3767670841307,0.9453551912568307
868.1341263970108,0.9318181818181818
866.8914857098916,0.9761904761904762
866.4772721475185,0.9767441860465116
864.8914857098916,0.9368421052631579
866.7199128346379,0.9381443298969072
812.3229432149714,0.8620689655172413
811.9087296525983,0.8476190476190476
810.9087296525983,0.9056603773584906
810.4945160902251,0.9587628865979382
810.4945160902251,0.9
0,0.5379310344827586
1,0.4818181818181818
1,0.5538461538461539
646.5777772109092,0.8883248730964467
646.5777772109092,0.8737864077669902
647.163563648536,0.884393063583815
646.163563648536,0.8955823293172691
646.5777772109092,0.9075907590759076
636.5777772109093,0.8715596330275229
636.5777772109093,0.8297872340425532
635.5777772109093,0.8653846153846154
635.9919907732824,0.8734177215189873
635.5777772109093,0.8682170542635659
624.2224381515821,0.9245283018867925
624.2224381515821,0.8905472636815921
624.2224381515821,0.9069767441860465
624.2224381515821,0.895910780669145
625.2224381515821,0.8744769874476988
149.88225099390854,1
149.88225099390854,1
149.88225099390854,1
149.88225099390854,0.9801980198019802
126.39696961966995,0.9464285714285714
126.39696961966995,0.9473684210526315
126.39696961966995,0.96
120.78174593052023,0.7295081967213115
120.78174593052023,0.7370892018779343
120.78174593052023,0.7839721254355401
120.78174593052023,0.7751937984496124
120.78174593052023,0.8477157360406091
709.6072144624314,0.9012345679012346
709.6072144624314,0.9545454545454546
710.0214280248047,0.9787234042553191
710.0214280248047,1
710.0214280248047,1
725.950360212939,0.8883248730964467
724.950360212939,0.92
724.950360212939,0.9523809523809523
725.950360212939,0.9478260869565217
725.950360212939,0.8985507246376812
802.3767670841307,0.9333333333333333
802.3767670841307,0.9605263157894737
802.3767670841307,0.8947368421052632
802.3767670841307,0.9252336448598131
801.3767670841307,0.9207920792079208
868.1341263970108,0.9626168224299065
866.8914857098916,0.9611650485436893
866.4772721475185,0.9809523809523809
864.8914857098916,0.9473684210526315
866.7199128346379,0.9482758620689655
812.3229432149714,0.8962962962962963
811.9087296525983,0.9193548387096774
810.9087296525983,0.936
810.4945160902251,0.9482758620689655
810.4945160902251,0.9495798319327731
1,0.4177215189873418
1,0.42134831460674155
646.5777772109092,0.863481228668942
646.5777772109092,0.8344370860927153
647.163563648536,0.8416289592760181
646.163563648536,0.8434782608695652
646.5777772109092,0.8195488721804511
636.5777772109093,0.821656050955414
636.5777772109093,0.8450704225352113
635.5777772109093,0.8421052631578947
635.9919907732824,0.8378378378378378
635.5777772109093,0.847457627118644
624.2224381515821,0.9058823529411765
624.2224381515821,0.8720538720538721
624.2224381515821,0.864406779661017
624.2224381515821,0.8575342465753425
625.2224381515821,0.8567164179104477
149.88225099390854,1
149.88225099390854,1
149.88225099390854,0.9898477157360406
149.88225099390854,0.9898477157360406
126.39696961966995,0.9615384615384616
126.39696961966995,0.9714285714285714
126.39696961966995,0.9795918367346939
120.78174593052023,0.7176470588235294
120.78174593052023,0.632183908045977
120.78174593052023,0.7023498694516971
120.78174593052023,0.6949152542372882
120.78174593052023,0.7952218430034129
709.6072144624314,0.8837209302325582
709.6072144624314,0.9385964912280702
710.0214280248047,0.9577464788732394
710.0214280248047,0.9773584905660377
710.0214280248047,0.9850187265917603
725.950360212939,0.863481228668942
724.950360212939,0.8861788617886179
724.950360212939,0.918918918918919
725.950360212939,0.9715639810426541
725.950360212939,0.905982905982906
802.3767670841307,0.9105691056910569
802.3767670841307,0.9596774193548387
802.3767670841307,0.8811188811188811
802.3767670841307,0.8709677419354839
801.3767670841307,0.8993288590604027
868.1341263970108,0.9605911330049262
866.8914857098916,0.9798994974874372
866.4772721475185,0.9900497512437811
864.8914857098916,0.9619047619047619
866.7199128346379,0.9528301886792453
812.3229432149714,0.9134199134199135
811.9087296525983,0.8909090909090909
810.9087296525983,0.9095022624434389
810.4945160902251,0.9622641509433962
810.4945160902251,0.9441860465116279
0,0.4405594405594406
647.5777772109092,0.8923766816143498
647.5777772109092,0.8879310344827587
648.163563648536,0.8817204301075269
647.163563648536,0.8618181818181818
647.5777772109092,0.9027355623100304
637.5777772109093,0.8852459016393442
637.5777772109093,0.8785046728971962
636.5777772109093,0.905982905982906
636.9919907732824,0.8783269961977186
636.5777772109093,0.8661971830985915
625.2224381515821,0.9135135135135135
625.2224381515821,0.8942731277533039
625.2224381515821,0.8943661971830986
625.2224381515821,0.9050847457627119
626.2224381515821,0.879245283018868
150.88225099390854,1
150.88225099390854,1
150.88225099390854,1
150.88225099390854,1
127.39696961966995,0.9710144927536232
127.39696961966995,0.9714285714285714
127.39696961966995,0.9841269841269841
121.78174593052023,0.7925925925925926
121.78174593052023,0.7345132743362832
121.78174593052023,0.7827476038338658
121.78174593052023,0.795774647887324
121.78174593052023,0.8026905829596412
710.6072144624314,0.925531914893617
710.6072144624314,0.9493670886075949
711.0214280248047,0.9532710280373832
711.0214280248047,0.9794871794871794
711.0214280248047,0.9796954314720813
726.950360212939,0.874439461883408
725.950360212939,0.9204545454545454
725.950360212939,0.9342105263157895
726.950360212939,0.9858156028368794
726.950360212939,0.926829268292683
803.3767670841307,0.9204545454545454
803.3767670841307,0.9550561797752809
803.3767670841307,0.9074074074074074
803.3767670841307,0.9083333333333333
802.3767670841307,0.9122807017543859
869.1341263970108,0.9548872180451128
867.8914857098916,0.9844961240310077
867.4772721475185,0.9847328244274809
865.8914857098916,0.9571428571428572
867.7199128346379,0.9577464788732394
811.3229432149714,0.9130434782608695
810.9087296525983,0.92
809.9087296525983,0.9470198675496688
809.4945160902251,0.9577464788732394
809.4945160902251,0.9586206896551724
647.5777772109092,0.870722433460076
647.5777772109092,0.8823529411764706
648.163563648536,0.8495145631067961
647.163563648536,0.873015873015873
647.5777772109092,0.8699186991869918
637.5777772109093,0.8450704225352113
637.5777772109093,0.8661417322834646
636.5777772109093,0.8686131386861314
636.9919907732824,0.8613861386138614
636.5777772109093,0.8518518518518519
625.2224381515821,0.9111111111111111
625.2224381515821,0.9101123595505618
625.2224381515821,0.8888888888888888
625.2224381515821,0.8865671641791045
626.2224381515821,0.8622950819672132
150.88225099390854,1
150.88225099390854,1
150.88225099390854,1
150.88225099390854,0.9880239520958084
127.39696961966995,0.9550561797752809
127.39696961966995,0.9555555555555556
127.39696961966995,0.9879518072289156
121.78174593052023,0.7483870967741936
121.78174593052023,0.7398373983739838
121.78174593052023,0.7507082152974505
121.78174593052023,0.7345679012345679
121.78174593052023,0.7870722433460076
710.6072144624314,0.9122807017543859
710.6072144624314,0.9494949494949495
711.0214280248047,0.9291338582677166
711.0214280248047,0.9574468085106383
711.0214280248047,0.9746835443037974
726.950360212939,0.8631178707224335
725.950360212939,0.9166666666666666
725.950360212939,0.9270833333333334
726.950360212939,0.9779005524861878
726.950360212939,0.9215686274509803
803.3767670841307,0.9166666666666666
803.3767670841307,0.9541284403669725
803.3767670841307,0.8828125
803.3767670841307,0.8642857142857143
802.3767670841307,0.8880597014925373
869.1341263970108,0.9653179190751445
867.8914857098916,0.9881656804733728
867.4772721475185,0.9883040935672515
865.8914857098916,0.9666666666666667
867.7199128346379,0.9560439560439561
811.3229432149714,0.9104477611940298
810.9087296525983,0.9052631578947369
809.9087296525983,0.9057591623036649
809.4945160902251,0.967032967032967
809.4945160902251,0.9351351351351351
0,0.5980861244019139
1.4142135623730951,0.5644699140401146
1,0.5396825396825397
0,0.5294117647058824
12.828427124746192,0.6380090497737556
12.828427124746192,0.7172774869109948
12.414213562373096,0.7061611374407583
11.414213562373096,0.725
11,0.6551724137931034
36.556349186104036,0.654320987654321
36.556349186104036,0.6274509803921569
36.556349186104036,0.578544061302682
36.556349186104036,0.6397058823529411
35.556349186104036,0.5619834710743802
520.1269837220786,1
520.1269837220786,1
520.1269837220786,1
520.1269837220786,1
534.8254685319135,0.9304347826086956
534.8254685319135,0.9658119658119658
534.8254685319135,0.9805825242718447
526.3818177180178,0.902834008097166
526.3818177180178,0.8927738927738927
526.3818177180178,0.8620689655172413
526.3818177180178,0.8850574712643678
526.3818177180178,0.97
109.82337649086296,0.7818181818181819
109.82337649086296,0.9111111111111111
110.23759005323605,0.9581151832460733
110.23759005323605,0.9883720930232558
110.23759005323605,1
126.16652224137056,0.74
125.16652224137054,0.803921568627451
125.16652224137054,0.8449612403100775
126.16652224137056,0.9322033898305084
126.16652224137056,0.8156028368794326
202.59292911256358,0.9869281045751634
202.59292911256358,1
202.59292911256358,0.9792746113989638
202.59292911256358,0.9815668202764977
201.59292911256358,0.9707317073170731
268.35028842544415,0.8727272727272727
267.1076477383249,0.9622641509433962
266.6934341759518,0.9259259259259259
265.1076477383249,0.811965811965812
266.9360748630711,0.8151260504201681
432.73001410240914,0.8695652173913043
433.1442276647822,0.8582677165354331
434.1442276647822,0.828125
434.5584412271553,0.8991596638655462
434.5584412271553,0.9180327868852459
1.4142135623730951,0.5865921787709497
1,0.6015325670498084
0,0.5428571428571428
12.828427124746192,0.6260869565217392
12.828427124746192,0.69
12.414213562373096,0.6363636363636364
11.414213562373096,0.6947791164658634
11,0.6666666666666666
36.556349186104036,0.7192982456140351
36.556349186104036,0.6431924882629108
36.556349186104036,0.6296296296296297
36.556349186104036,0.6441281138790036
35.556349186104036,0.601593625498008
520.1269837220786,1
520.1269837220786,1
520.1269837220786,1
520.1269837220786,1
534.8254685319135,0.9516129032258065
534.8254685319135,0.9682539682539683
534.8254685319135,0.9821428571428571
526.3818177180178,0.859375
526.3818177180178,0.863013698630137
526.3818177180178,0.8461538461538461
526.3818177180178,0.8592592592592593
526.3818177180178,0.9617224880382775
109.82337649086296,0.7701149425287356
109.82337649086296,0.9027777777777778
110.23759005323605,0.95
110.23759005323605,0.988950276243094
110.23759005323605,1
126.16652224137056,0.722488038277512
125.16652224137054,0.7654320987654321
125.16652224137054,0.8115942028985508
126.16652224137056,0.8740157480314961
126.16652224137056,0.8
202.59292911256358,0.9876543209876543
202.59292911256358,0.9878048780487805
202.59292911256358,0.9603960396039604
202.59292911256358,0.9911504424778761
201.59292911256358,0.9719626168224299
268.35028842544415,0.9159663865546218
267.1076477383249,0.9478260869565217
266.6934341759518,0.9145299145299145
265.1076477383249,0.873015873015873
266.9360748630711,0.828125
432.73001410240914,0.8775510204081632
433.1442276647822,0.8088235294117647
434.1442276647822,0.8394160583941606
434.5584412271553,0.921875
434.5584412271553,0.9083969465648855
1,0.44139650872817954
1.4142135623730951,0.37142857142857144
14.242640687119286,0.6702702702702703
14.242640687119286,0.7235294117647059
13.828427124746192,0.7055555555555556
12.828427124746192,0.6452442159383034
12.414213562373096,0.6146341463414634
35.142135623730944,0.7620578778135049
35.142135623730944,0.6487252124645893
35.142135623730944,0.5609756097560976
35.142135623730944,0.5961995249406176
34.14213562373095,0.5601023017902813
520.7127701597057,1
520.7127701597057,1
520.7127701597057,1
520.7127701597057,1
535.4112549695406,0.9696969696969697
535.4112549695406,0.9849624060150376
535.4112549695406,0.9920634920634921
526.9676041556447,0.898989898989899
526.9676041556447,0.8269896193771626
526.9676041556447,0.8678815489749431
526.9676041556447,0.8878048780487805
526.9676041556447,0.9598853868194842
111.23759005323605,0.8152866242038217
111.23759005323605,0.9295774647887324
111.65180361560915,0.9588235294117647
111.65180361560915,0.9813084112149533
111.65180361560915,1
127.58073580374366,0.7707736389684814
126.58073580374365,0.8278145695364238
126.58073580374365,0.8633093525179856
127.58073580374366,0.9250936329588015
127.58073580374366,0.8482758620689655
204.0071426749367,0.9933774834437086
204.0071426749367,1
204.0071426749367,0.9766081871345029
204.0071426749367,0.9890710382513661
203.0071426749367,0.9830508474576272
269.76450198781725,0.9536679536679536
268.52186130069794,0.9764705882352941
268.10764773832483,0.953307392996109
266.52186130069794,0.9172932330827067
268.35028842544415,0.9029850746268657
434.1442276647822,0.9163763066202091
434.5584412271553,0.8985507246376812
435.5584412271553,0.8989169675090253
435.97265478952835,0.9402985074626866
435.97265478952835,0.933579335793358
1,0.48044692737430167
13.242640687119286,0.6410256410256411
13.242640687119286,0.6707818930041153
12.828427124746192,0.6958174904942965
11.828427124746192,0.7054794520547946
11.414213562373096,0.6549520766773163
35.556349186104036,0.7383177570093458
35.556349186104036,0.6484375
35.556349186104036,0.5654952076677316
35.556349186104036,0.5802469135802469
34.556349186104036,0.54421768707483
519.7127701597057,1
519.7127701597057,1
519.7127701597057,1
519.7127701597057,1
534.4112549695406,0.9520958083832335
534.4112549695406,0.9763313609467456
534.4112549695406,0.9870967741935484
525.9676041556447,0.9130434782608695
525.9676041556447,0.8711018711018711
525.9676041556447,0.8654970760233918
525.9676041556447,0.9105431309904153
525.9676041556447,0.9682539682539683
110.82337649086296,0.8341013824884793
110.82337649086296,0.9037433155080213
111.23759005323605,0.9670781893004116
111.23759005323605,0.9821428571428571
111.23759005323605,1
127.16652224137056,0.7063492063492064
126.16652224137054,0.824390243902439
126.16652224137054,0.8453038674033149
127.16652224137056,0.9176470588235294
127.16652224137056,0.8341968911917098
203.59292911256358,0.9902439024390244
203.59292911256358,1
203.59292911256358,0.9836734693877551
203.59292911256358,0.9925650557620818
202.59292911256358,0.9766536964980544
269.3502884254441,0.9259259259259259
268.10764773832483,0.9620253164556962
267.6934341759518,0.925
266.1076477383249,0.8816568047337278
267.93607486307104,0.8596491228070176
433.73001410240914,0.9052631578947369
434.1442276647822,0.8659217877094972
435.1442276647822,0.8888888888888888
435.5584412271553,0.9415204678362573
435.5584412271553,0.9540229885057471
12.828427124746192,0.6513761467889908
12.828427124746192,0.696969696969697
12.414213562373096,0.6656151419558359
11.414213562373096,0.6473988439306358
11,0.5967302452316077
36.556349186104036,0.7388059701492538
36.556349186104036,0.5935483870967742
36.556349186104036,0.55858310626703
36.556349186104036,0.5502645502645502
35.556349186104036,0.5172413793103449
520.1269837220786,1
520.1269837220786,1
520.1269837220786,1
520.1269837220786,1
534.8254685319135,0.9728506787330317
534.8254685319135,0.9730941704035875
534.8254685319135,0.9904306220095693
526.3818177180178,0.8923512747875354
526.3818177180178,0.8429906542056075
526.3818177180178,0.8484848484848485
526.3818177180178,0.8801089918256131
526.3818177180178,0.9673202614379085
109.82337649086296,0.8007380073800738
109.82337649086296,0.9087136929460581
110.23759005323605,0.9595959595959596
110.23759005323605,0.9784172661870504
110.23759005323605,1
126.16652224137056,0.6928104575163399
125.16652224137054,0.7915057915057915
125.16652224137054,0.8723404255319149
126.16652224137056,0.9285714285714286
126.16652224137056,0.8299595141700404
202.59292911256358,0.9922779922779923
202.59292911256358,1
202.59292911256358,0.979933110367893
202.59292911256358,0.9876160990712074
201.59292911256358,0.9871382636655949
268.35028842544415,0.9537037037037037
267.1076477383249,0.9716981132075472
266.6934341759518,0.9439252336448598
265.1076477383249,0.9013452914798207
266.9360748630711,0.8844444444444445
432.73001410240914,0.9098360655737705
433.1442276647822,0.8798283261802575
434.1442276647822,0.8632478632478633
434.5584412271553,0.9466666666666667
434.5584412271553,0.9385964912280702
0,0.5566037735849056
1,0.5603448275862069
1.4142135623730951,0.5172413793103449
2.414213562373095,0.5319148936170213
31.970562748477132,0.6830601092896175
31.970562748477132,0.6266666666666667
31.970562748477132,0.6312056737588653
31.970562748477132,0.6177474402730375
32.38477631085023,0.5893536121673004
510.12698372207865,1
510.12698372207865,1
510.12698372207865,1
510.12698372207865,1
524.8254685319135,0.9411764705882353
524.8254685319135,0.9710144927536232
524.8254685319135,0.9838709677419355
516.3818177180178,0.8208955223880597
516.3818177180178,0.84
516.3818177180178,0.8070739549839229
516.3818177180178,0.8297872340425532
516.3818177180178,0.918552036199095
102.85281374238573,0.7956989247311828
102.85281374238573,0.8974358974358975
103.26702730475884,0.9433962264150944
103.26702730475884,0.9896373056994818
103.26702730475884,1
119.19595949289335,0.7375565610859729
118.19595949289334,0.7931034482758621
118.19595949289334,0.8533333333333334
119.19595949289335,0.9136690647482014
119.19595949289335,0.7654320987654321
195.62236636408636,0.9195402298850575
195.62236636408636,0.9431818181818182
195.62236636408636,0.8785046728971962
195.62236636408636,0.8991596638655462
194.62236636408636,0.9203539823008849
261.37972567696704,0.9236641221374046
260.1370849898478,0.968503937007874
259.7228714274747,0.937984496124031
258.1370849898478,0.8695652173913043
259.96551211459393,0.8571428571428571
425.75945135393226,0.7358490566037735
426.1736649163053,0.7702702702702703
427.1736649163053,0.8120805369127517
427.5878784786784,0.8857142857142857
427.5878784786784,0.8601398601398601
1,0.5841584158415841
1.4142135623730951,0.5670995670995671
2.414213562373095,0.5555555555555556
31.970562748477132,0.673202614379085
31.970562748477132,0.6410256410256411
31.970562748477132,0.5873015873015873
31.970562748477132,0.5817490494296578
32.38477631085023,0.6394849785407726
510.12698372207865,1
510.12698372207865,1
510.12698372207865,1
510.12698372207865,1
524.8254685319135,0.9622641509433962
524.8254685319135,0.9814814814814815
524.8254685319135,0.9787234042553191
516.3818177180178,0.8319327731092437
516.3818177180178,0.8666666666666667
516.3818177180178,0.8790035587188612
516.3818177180178,0.8650793650793651
516.3818177180178,0.9057591623036649
102.85281374238573,0.7948717948717948
102.85281374238573,0.873015873015873
103.26702730475884,0.978021978021978
103.26702730475884,0.9877300613496932
103.26702730475884,1
119.19595949289335,0.6858638743455497
118.19595949289334,0.75
118.19595949289334,0.7666666666666667
119.19595949289335,0.8899082568807339
119.19595949289335,0.7121212121212122
195.62236636408636,0.9027777777777778
195.62236636408636,0.9315068493150684
195.62236636408636,0.8804347826086957
195.62236636408636,0.8846153846153846
194.62236636408636,0.8979591836734694
261.37972567696704,0.9207920792079208
260.1370849898478,0.9587628865979382
259.7228714274747,0.9595959595959596
258.1370849898478,0.8888888888888888
259.96551211459393,0.8363636363636363
425.75945135393226,0.7209302325581395
426.1736649163053,0.7457627118644068
427.1736649163053,0.7647058823529411
427.5878784786784,0.8727272727272727
427.5878784786784,0.8407079646017699
1,0.5298804780876494
1.4142135623730951,0.5808823529411765
30.970562748477132,0.7109826589595376
30.970562748477132,0.627906976744186
30.970562748477132,0.6323529411764706
30.970562748477132,0.6466431095406361
31.384776310850228,0.6047430830039525
509.12698372207865,1
509.12698372207865,1
509.12698372207865,1
509.12698372207865,1
523.8254685319135,0.9523809523809523
523.8254685319135,0.984375
523.8254685319135,0.9824561403508771
515.3818177180178,0.8449612403100775
515.3818177180178,0.8590909090909091
515.3818177180178,0.8604651162790697
515.3818177180178,0.8602941176470589
515.3818177180178,0.9146919431279621
103.85281374238573,0.7840909090909091
103.85281374238573,0.8767123287671232
104.26702730475884,0.9702970297029703
104.26702730475884,0.9781420765027322
104.26702730475884,1
120.19595949289335,0.7251184834123223
119.19595949289334,0.7926829268292683
119.19595949289334,0.8428571428571429
120.19595949289335,0.8604651162790697
120.19595949289335,0.7763157894736842
196.62236636408636,0.9146341463414634
196.62236636408636,0.927710843373494
196.62236636408636,0.8823529411764706
196.62236636408636,0.8859649122807017
195.62236636408636,0.9351851851851852
262.37972567696704,0.9338842975206612
261.1370849898478,0.9829059829059829
260.7228714274747,0.9327731092436975
259.1370849898478,0.890625
260.96551211459393,0.8307692307692308
426.75945135393226,0.7315436241610739
427.1736649163053,0.7536231884057971
428.1736649163053,0.7841726618705036
428.5878784786784,0.8615384615384616
428.5878784786784,0.8947368421052632
1,0.4950166112956811
31.384776310850224,0.7029702970297029
31.384776310850224,0.6721311475409836
31.384776310850224,0.6611295681063123
31.384776310850224,0.6474358974358975
31.798989873223324,0.624113475177305
509.54119728445175,1
509.54119728445175,1
509.54119728445175,1
509.54119728445175,1
524.2396820942866,0.9741935483870968
524.2396820942866,0.9872611464968153
524.2396820942866,0.986013986013986
515.7960312803908,0.8257839721254355
515.7960312803908,0.837953091684435
515.7960312803908,0.8363636363636363
515.7960312803908,0.867109634551495
515.7960312803908,0.9083333333333333
104.26702730475884,0.775609756097561
104.26702730475884,0.9085714285714286
104.68124086713195,0.974025974025974
104.68124086713195,0.9811320754716981
104.68124086713195,1
120.61017305526646,0.6916666666666667
119.61017305526644,0.7927461139896373
119.61017305526644,0.8579881656804734
120.61017305526646,0.8860759493670886
120.61017305526646,0.8011049723756906
197.03657992645947,0.927461139896373
197.03657992645947,0.9384615384615385
197.03657992645947,0.871244635193133
197.03657992645947,0.9066147859922179
196.03657992645947,0.8938775510204081
262.79393923934015,0.9466666666666667
261.5512985522209,0.9863013698630136
261.1370849898478,0.9594594594594594
259.5512985522209,0.9235668789808917
261.37972567696704,0.8616352201257862
427.1736649163053,0.7865168539325843
427.5878784786784,0.7964071856287425
428.5878784786784,0.8452380952380952
429.00209204105147,0.8742138364779874
429.00209204105147,0.8641975308641975
30.384776310850224,0.7309417040358744
30.384776310850224,0.6452830188679245
30.384776310850224,0.6024844720496895
30.384776310850224,0.5675675675675675
30.798989873223324,0.5445544554455446
509.12698372207865,1
509.12698372207865,1
509.12698372207865,1
509.12698372207865,1
523.8254685319135,0.9772727272727273
523.8254685319135,0.9662921348314607
523.8254685319135,0.9878048780487805
515.3818177180178,0.8311688311688312
515.3818177180178,0.8204081632653061
515.3818177180178,0.8290598290598291
515.3818177180178,0.8260869565217391
515.3818177180178,0.9157088122605364
105.26702730475884,0.7876106194690266
105.26702730475884,0.8775510204081632
105.68124086713195,0.9603174603174603
105.68124086713195,0.9914163090128756
105.68124086713195,1
121.61017305526646,0.7241379310344828
120.61017305526644,0.7663551401869159
120.61017305526644,0.8842105263157894
121.61017305526646,0.9217877094972067
121.61017305526646,0.7821782178217822
198.03657992645947,0.9158878504672897
198.03657992645947,0.9259259259259259
198.03657992645947,0.905511811023622
198.03657992645947,0.8705035971223022
197.03657992645947,0.9097744360902256
263.79393923934015,0.9415204678362573
262.5512985522209,0.9760479041916168
262.1370849898478,0.9644970414201184
260.5512985522209,0.898876404494382
262.37972567696704,0.8777777777777778
428.1736649163053,0.7688442211055276
428.5878784786784,0.8085106382978723
429.5878784786784,0.8095238095238095
430.00209204105147,0.9
430.00209204105147,0.8907103825136612
0,0.54216867469879515
0,0.6322869955156951
0,0.6324786324786325
1,0.5980392156862745
497.7716446627519,1
497.7716446627519,1
497.7716446627519,1
497.7716446627519,1
512.4701294725867,0.922077922077922
512.4701294725867,0.9746835443037974
512.4701294725867,0.9692307692307692
504.02647865869096,0.9425837320574163
504.02647865869096,0.9386189258312021
504.02647865869096,0.9365079365079365
504.02647865869096,0.9282511210762332
504.02647865869096,0.9753086419753086
129.85281374238573,0.889763779527559
129.85281374238573,0.8350515463917526
130.26702730475884,0.9738562091503268
130.26702730475884,0.9850746268656716
130.26702730475884,1
146.19595949289334,0.8271604938271605
145.19595949289334,0.808695652173913
145.19595949289334,0.8461538461538461
146.19595949289334,0.9
146.19595949289334,0.8446601941747572
222.62236636408636,0.9304347826086956
222.62236636408636,0.9316239316239316
222.62236636408636,0.9096774193548387
222.62236636408636,0.9329608938547486
221.62236636408636,0.9401197604790419
288.37972567696653,0.8611111111111112
287.13708498984727,0.9411764705882353
286.72287142747416,0.9142857142857143
285.13708498984727,0.7721518987341772
286.9655121145935,0.8024691358024691
452.75945135393226,0.8
453.1736649163053,0.7752808988764045
454.1736649163053,0.8444444444444444
454.5878784786784,0.8518518518518519
454.5878784786784,0.8571428571428571
0,0.5245283018867924
0,0.4927536231884058
1,0.5203252032520326
497.7716446627519,1
497.7716446627519,1
497.7716446627519,1
497.7716446627519,1
512.4701294725867,0.9495798319327731
512.4701294725867,0.9669421487603306
512.4701294725867,0.9813084112149533
504.02647865869096,0.8884462151394422
504.02647865869096,0.8891454965357968
504.02647865869096,0.891156462585034
504.02647865869096,0.879245283018868
504.02647865869096,0.9411764705882353
129.85281374238573,0.8579881656804734
129.85281374238573,0.8848920863309353
130.26702730475884,0.9692307692307692
130.26702730475884,0.9772727272727273
130.26702730475884,1
146.19595949289334,0.7647058823529411
145.19595949289334,0.7961783439490446
145.19595949289334,0.8646616541353384
146.19595949289334,0.9180327868852459
146.19595949289334,0.7793103448275862
222.62236636408636,0.8980891719745223
222.62236636408636,0.9245283018867925
222.62236636408636,0.8984771573604061
222.62236636408636,0.8914027149321267
221.62236636408636,0.9330143540669856
288.37972567696653,0.9122807017543859
287.13708498984727,0.9454545454545454
286.72287142747416,0.9464285714285714
285.13708498984727,0.8512396694214877
286.9655121145935,0.8699186991869918
452.75945135393226,0.7887323943661971
453.1736649163053,0.8320610687022901
454.1736649163053,0.8787878787878788
454.5878784786784,0.9024390243902439
454.5878784786784,0.9047619047619048
0,0.3933933933933934
1,0.4521452145214521
497.7716446627519,1
497.7716446627519,1
497.7716446627519,1
497.7716446627519,1
512.4701294725867,0.9545454545454546
512.4701294725867,0.9775280898876404
512.4701294725867,0.9878048780487805
504.02647865869096,0.8896103896103896
504.02647865869096,0.8571428571428571
504.02647865869096,0.8689458689458689
504.02647865869096,0.8881987577639752
504.02647865869096,0.946360153256705
129.85281374238573,0.8053097345132744
129.85281374238573,0.9081632653061225
130.26702730475884,0.9603174603174603
130.26702730475884,0.9742489270386266
130.26702730475884,1
146.19595949289334,0.7164750957854407
145.19595949289334,0.8130841121495327
145.19595949289334,0.8526315789473684
146.19595949289334,0.9217877094972067
146.19595949289334,0.8118811881188119
222.62236636408636,0.9532710280373832
222.62236636408636,0.9444444444444444
222.62236636408636,0.9212598425196851
222.62236636408636,0.9136690647482014
221.62236636408636,0.9172932330827067
288.37972567696653,0.9181286549707602
287.13708498984727,0.9640718562874252
286.72287142747416,0.9644970414201184
285.13708498984727,0.8876404494382022
286.9655121145935,0.8888888888888888
452.75945135393226,0.7889447236180904
453.1736649163053,0.8617021276595744
454.1736649163053,0.873015873015873
454.5878784786784,0.9333333333333333
454.5878784786784,0.912568306010929
1,0.4585987261146497
497.7716446627519,1
497.7716446627519,1
497.7716446627519,1
497.7716446627519,1
512.4701294725867,0.9679144385026738
512.4701294725867,0.9788359788359788
512.4701294725867,0.9885714285714285
504.02647865869096,0.8746081504702194
504.02647865869096,0.8762475049900199
504.02647865869096,0.856353591160221
504.02647865869096,0.8738738738738738
504.02647865869096,0.9264705882352942
129.85281374238573,0.8227848101265823
129.85281374238573,0.9130434782608695
130.26702730475884,0.9619771863117871
130.26702730475884,0.9836065573770492
130.26702730475884,1
146.19595949289334,0.7573529411764706
145.19595949289334,0.8044444444444444
145.19595949289334,0.8805970149253731
146.19595949289334,0.8947368421052632
146.19595949289334,0.8309859154929577
222.62236636408636,0.92
222.62236636408636,0.9295154185022027
222.62236636408636,0.8867924528301887
222.62236636408636,0.8961937716262975
221.62236636408636,0.9205776173285198
288.37972567696653,0.9340659340659341
287.13708498984727,0.9662921348314607
286.72287142747416,0.9555555555555556
285.13708498984727,0.8941798941798942
286.9655121145935,0.9057591623036649
452.75945135393226,0.7904761904761904
453.1736649163053,0.8391959798994975
454.1736649163053,0.86
454.5878784786784,0.9267015706806283
454.5878784786784,0.9278350515463918
498.7716446627519,0.986013986013986
498.7716446627519,1
498.7716446627519,1
498.7716446627519,1
513.4701294725867,0.9490445859872612
513.4701294725867,0.9748427672955975
513.4701294725867,0.9862068965517241
505.02647865869096,0.8754325259515571
505.02647865869096,0.8683651804670913
505.02647865869096,0.8433734939759037
505.02647865869096,0.8613861386138614
505.02647865869096,0.9504132231404959
130.26702730475884,0.8454106280193237
130.26702730475884,0.9096045197740112
130.68124086713195,0.9656652360515021
130.68124086713195,0.9813084112149533
130.68124086713195,1
146.61017305526644,0.7768595041322314
145.61017305526644,0.8256410256410256
145.61017305526644,0.8713450292397661
146.61017305526644,0.925
146.61017305526644,0.8142076502732241
223.03657992645947,0.9179487179487179
223.03657992645947,0.9390862944162437
223.03657992645947,0.9148936170212766
223.03657992645947,0.8996138996138996
222.03657992645947,0.9433198380566802
288.79393923933964,0.9342105263157895
287.5512985522203,0.9594594594594594
287.13708498984727,0.9466666666666667
285.5512985522204,0.8616352201257862
287.37972567696653,0.8881987577639752
453.1736649163053,0.8222222222222222
453.5878784786784,0.8461538461538461
454.5878784786784,0.8470588235294118
455.00209204105147,0.9006211180124224
455.00209204105147,0.9146341463414634
0,1
0,1
0,1
23.48528137423856,1
23.48528137423856,1
23.48528137423856,1
34.89949493661165,0.9864864864864865
34.89949493661165,0.9939393939393939
34.89949493661165,0.9895287958115183
34.89949493661165,1
34.89949493661165,1
583.1564209736011,1
583.1564209736011,1
583.5706345359744,1
583.5706345359744,1
583.5706345359744,1
599.4995667241086,1
598.4995667241086,1
598.4995667241086,1
599.4995667241086,1
599.4995667241086,1
675.9259735953004,1
675.9259735953004,1
675.9259735953004,1
675.9259735953004,1
674.9259735953004,1
741.6833329081805,1
740.4406922210613,1
740.0264786586882,1
738.4406922210613,1
740.2691193458074,1
906.0630585851469,1
906.47727214752,1
907.47727214752,1
907.891485709893,1
907.891485709893,1
0,1
0,0.6
23.48528137423856,0.875
23.48528137423856,0.8888888888888888
23.48528137423856,1
34.89949493661165,1
34.89949493661165,1
34.89949493661165,1
34.89949493661165,1
34.89949493661165,1
583.1564209736011,1
583.1564209736011,1
583.5706345359744,1
583.5706345359744,1
583.5706345359744,1
599.4995667241086,1
598.4995667241086,1
598.4995667241086,1
599.4995667241086,1
599.4995667241086,1
675.9259735953004,1
675.9259735953004,1
675.9259735953004,1
675.9259735953004,1
674.9259735953004,1
741.6833329081805,1
740.4406922210613,1
740.0264786586882,1
738.4406922210613,1
740.2691193458074,1
906.0630585851469,1
906.47727214752,1
907.47727214752,1
907.891485709893,1
907.891485709893,1
0,0.75
23.48528137423856,0.8947368421052632
23.48528137423856,0.9047619047619048
23.48528137423856,0.7142857142857143
34.89949493661165,1
34.89949493661165,0.987987987987988
34.89949493661165,0.9896907216494846
34.89949493661165,1
34.89949493661165,1
583.1564209736011,1
583.1564209736011,1
583.5706345359744,1
583.5706345359744,1
583.5706345359744,1
599.4995667241086,1
598.4995667241086,1
598.4995667241086,1
599.4995667241086,1
599.4995667241086,1
675.9259735953004,1
675.9259735953004,1
675.9259735953004,1
675.9259735953004,1
674.9259735953004,1
741.6833329081805,1
740.4406922210613,1
740.0264786586882,1
738.4406922210613,1
740.2691193458074,1
906.0630585851469,1
906.47727214752,1
907.47727214752,1
907.891485709893,1
907.891485709893,1
23.48528137423856,0.6842105263157895
23.48528137423856,0.7142857142857143
23.48528137423856,1
34.89949493661165,0.9867549668874173
34.89949493661165,0.993993993993994
34.89949493661165,0.9896907216494846
34.89949493661165,0.9878787878787879
34.89949493661165,0.9807692307692307
583.1564209736011,1
583.1564209736011,1
583.5706345359744,1
583.5706345359744,1
583.5706345359744,1
599.4995667241086,1
598.4995667241086,1
598.4995667241086,1
599.4995667241086,1
599.4995667241086,1
675.9259735953004,1
675.9259735953004,1
675.9259735953004,1
675.9259735953004,1
674.9259735953004,1
741.6833329081805,1
740.4406922210613,1
740.0264786586882,1
738.4406922210613,1
740.2691193458074,1
906.0630585851469,1
906.47727214752,1
907.47727214752,1
907.891485709893,1
907.891485709893,1
0,0.5
0,0.7777777777777778
17.55634918610405,0.9382716049382716
17.55634918610405,0.9709302325581395
17.55634918610405,0.9609756097560975
17.55634918610405,0.9545454545454546
17.55634918610405,0.9652173913043478
597.8549057834357,0.95
597.8549057834357,0.92
598.2691193458089,1
598.2691193458089,1
598.2691193458089,1
614.1980515339432,0.9652173913043478
613.1980515339432,0.9411764705882353
613.1980515339432,0.9545454545454546
614.1980515339432,0.9393939393939394
614.1980515339432,0.9285714285714286
690.624458405135,1
690.624458405135,1
690.624458405135,1
690.624458405135,1
689.624458405135,1
756.3818177180151,0.92
755.1391770308958,0.9047619047619048
754.7249634685228,0.8260869565217391
753.1391770308958,0.875
754.967604155642,0.9411764705882353
920.7615433949815,1
921.1757569573545,0.9523809523809523
922.1757569573545,0.9534883720930233
922.5899705197276,1
922.5899705197276,1
0,0.9
17.55634918610405,0.9634146341463414
17.55634918610405,0.9595375722543352
17.55634918610405,0.9516908212560387
17.55634918610405,0.9550561797752809
17.55634918610405,0.9658119658119658
597.8549057834357,0.975609756097561
597.8549057834357,0.9615384615384616
598.2691193458089,1
598.2691193458089,1
598.2691193458089,1
614.1980515339432,0.9829059829059829
613.1980515339432,0.9428571428571428
613.1980515339432,1
614.1980515339432,1
614.1980515339432,0.9655172413793104
690.624458405135,1
690.624458405135,1
690.624458405135,1
690.624458405135,1
689.624458405135,1
756.3818177180151,1
755.1391770308958,0.9130434782608695
754.7249634685228,1
753.1391770308958,1
754.967604155642,0.9444444444444444
920.7615433949815,1
921.1757569573545,1
922.1757569573545,1
922.5899705197276,1
922.5899705197276,1
17.55634918610405,0.9733333333333334
17.55634918610405,0.9879518072289156
17.55634918610405,0.9792746113989638
17.55634918610405,0.9878048780487805
17.55634918610405,0.9805825242718447
597.8549057834357,0.9705882352941176
597.8549057834357,0.9473684210526315
598.2691193458089,1
598.2691193458089,1
598.2691193458089,1
614.1980515339432,0.9805825242718447
613.1980515339432,0.9642857142857143
613.1980515339432,0.9375
614.1980515339432,0.9047619047619048
614.1980515339432,0.9545454545454546
690.624458405135,1
690.624458405135,1
690.624458405135,1
690.624458405135,1
689.624458405135,1
756.3818177180151,0.8461538461538461
755.1391770308958,1
754.7249634685228,0.8181818181818182
753.1391770308958,0.9
754.967604155642,1
920.7615433949815,1
921.1757569573545,0.9333333333333333
922.1757569573545,0.9354838709677419
922.5899705197276,1
922.5899705197276,1
0,0.47478991596638653
0,0.47181008902077154
0,0.461038961038961
0,0.5789473684210527
589.4112549695394,0.8679245283018868
589.4112549695394,0.945054945054945
589.8254685319126,0.9411764705882353
589.8254685319126,0.9817351598173516
589.8254685319126,1
605.754400720047,0.8218623481781376
604.754400720047,0.88
604.754400720047,0.9204545454545454
605.754400720047,0.9151515151515152
605.754400720047,0.851063829787234
682.1808075912387,0.92
682.1808075912387,0.9306930693069307
682.1808075912387,0.875
682.1808075912387,0.8863636363636364
681.1808075912387,0.9444444444444444
747.9381669041188,0.9745222929936306
746.6955262169996,0.9869281045751634
746.2813126546265,0.9870967741935484
744.6955262169996,0.9634146341463414
746.5239533417458,0.963855421686747
912.3178925810852,0.9351351351351351
912.7321061434583,0.896551724137931
913.7321061434583,0.9428571428571428
914.1463197058314,0.9759036144578314
914.1463197058314,0.9526627218934911
0,0.4373795761078998
0,0.47346938775510206
0,0.627039627039627
589.4112549695394,0.8883248730964467
589.4112549695394,0.945054945054945
589.8254685319126,0.9476190476190476
589.8254685319126,0.9800498753117207
589.8254685319126,0.9950372208436724
605.754400720047,0.8368298368298368
604.754400720047,0.9267015706806283
604.754400720047,0.9385474860335196
605.754400720047,0.9538904899135446
605.754400720047,0.8972972972972973
682.1808075912387,0.9162303664921466
682.1808075912387,0.9322916666666666
682.1808075912387,0.8909952606635071
682.1808075912387,0.874439461883408
681.1808075912387,0.9124423963133641
747.9381669041188,0.9823008849557522
746.6955262169996,0.9940298507462687
746.2813126546265,0.9940652818991098
744.6955262169996,0.9826589595375722
746.5239533417458,0.9770114942528736
912.3178925810852,0.9509536784741145
912.7321061434583,0.949438202247191
913.7321061434583,0.9607843137254902
914.1463197058314,0.9770114942528736
914.1463197058314,0.9772079772079773
0,0.48717948717948717
0,0.6068965517241379
589.4112549695394,0.8509803921568627
589.4112549695394,0.9377777777777778
589.8254685319126,0.9501779359430605
589.8254685319126,0.9847328244274809
589.8254685319126,1
605.754400720047,0.8413793103448276
604.754400720047,0.9176954732510288
604.754400720047,0.9452054794520548
605.754400720047,0.9519230769230769
605.754400720047,0.8874458874458875
682.1808075912387,0.934156378600823
682.1808075912387,0.9591836734693877
682.1808075912387,0.8939929328621908
682.1808075912387,0.8697068403908795
681.1808075912387,0.9254237288135593
747.9381669041188,0.96
746.6955262169996,0.9897959183673469
746.2813126546265,0.98989898989899
744.6955262169996,0.961352657004831
746.5239533417458,0.9521531100478469
912.3178925810852,0.9210526315789473
912.7321061434583,0.9170506912442397
913.7321061434583,0.944954128440367
914.1463197058314,0.9712918660287081
914.1463197058314,0.9716981132075472
0,0.5632183908045977
589.4112549695394,0.8672566371681416
589.4112549695394,0.9387755102040817
589.8254685319126,0.9603174603174603
589.8254685319126,0.9914163090128756
589.8254685319126,1
605.754400720047,0.8850574712643678
604.754400720047,0.8878504672897196
604.754400720047,0.9263157894736842
605.754400720047,0.9664804469273743
605.754400720047,0.8712871287128713
682.1808075912387,0.9158878504672897
682.1808075912387,0.9166666666666666
682.1808075912387,0.8740157480314961
682.1808075912387,0.8633093525179856
681.1808075912387,0.9172932330827067
747.9381669041188,0.9766081871345029
746.6955262169996,0.9880239520958084
746.2813126546265,0.9881656804733728
744.6955262169996,0.9662921348314607
746.5239533417458,0.9777777777777777
912.3178925810852,0.9296482412060302
912.7321061434583,0.925531914893617
913.7321061434583,0.9470899470899471
914.1463197058314,0.9666666666666667
914.1463197058314,0.9562841530054644
589.4112549695394,0.9151515151515152
589.4112549695394,0.9407407407407408
589.8254685319126,0.9476439790575916
589.8254685319126,0.9767441860465116
589.8254685319126,1
605.754400720047,0.88
604.754400720047,0.9215686274509803
604.754400720047,0.9224806201550387
605.754400720047,0.9322033898305084
605.754400720047,0.9148936170212766
682.1808075912387,0.8823529411764706
682.1808075912387,0.9225806451612903
682.1808075912387,0.8549222797927462
682.1808075912387,0.8525345622119815
681.1808075912387,0.9121951219512195
747.9381669041188,0.9818181818181818
746.6955262169996,1
746.2813126546265,0.9814814814814815
744.6955262169996,0.9829059829059829
746.5239533417458,1
912.3178925810852,0.9420289855072463
912.7321061434583,0.952755905511811
913.7321061434583,0.96875
914.1463197058314,0.9831932773109243
914.1463197058314,1
0,0.72
1,0.8974358974358975
1,0.9416058394160584
1,1
19.65685424949238,0.7212121212121212
18.65685424949238,0.7796610169491526
18.65685424949238,0.7446808510638298
19.65685424949238,0.8313253012048193
19.65685424949238,0.7358490566037735
92.76955262170046,0.9661016949152542
92.76955262170046,1
92.76955262170046,0.9620253164556962
92.76955262170046,0.967032967032967
91.76955262170046,0.9647058823529412
158.52691193458114,0.9466666666666667
157.28427124746187,0.971830985915493
156.87005768508877,0.9726027397260274
155.28427124746187,0.9512195121951219
157.11269837220806,0.9047619047619048
322.906637611548,0.9029126213592233
323.320851173921,0.8478260869565217
324.320851173921,0.8709677419354839
324.7350647362941,0.9285714285714286
324.7350647362941,0.8850574712643678
1,0.8888888888888888
1,0.9439252336448598
1,0.981651376146789
19.65685424949238,0.8666666666666667
18.65685424949238,0.8409090909090909
18.65685424949238,0.875
19.65685424949238,0.8490566037735849
19.65685424949238,0.7631578947368421
92.76955262170046,0.9772727272727273
92.76955262170046,0.9555555555555556
92.76955262170046,0.984375
92.76955262170046,0.9605263157894737
91.76955262170046,0.9571428571428572
158.52691193458114,0.9555555555555556
157.28427124746187,0.9512195121951219
156.87005768508877,0.9534883720930233
155.28427124746187,0.9615384615384616
157.11269837220806,0.8888888888888888
322.906637611548,0.9452054794520548
323.320851173921,0.9354838709677419
324.320851173921,0.9047619047619048
324.7350647362941,1
324.7350647362941,1
0,0.49693251533742333
0,0.44242424242424244
20.071067811865472,0.9057591623036649
19.071067811865472,0.9166666666666666
19.071067811865472,0.9
20.071067811865472,0.944954128440367
20.071067811865472,0.9393939393939394
92.35533905932735,0.9861111111111112
92.35533905932735,0.9863013698630136
92.35533905932735,0.9456521739130435
92.35533905932735,0.9423076923076923
91.35533905932735,0.9183673469387755
158.11269837220806,0.9801980198019802
156.87005768508877,1
156.4558441227157,1
154.87005768508877,0.9814814814814815
156.69848480983498,0.9454545454545454
322.4924240491749,0.9534883720930233
322.906637611548,0.9322033898305084
323.906637611548,0.9663865546218487
324.320851173921,0.9636363636363636
324.320851173921,0.9646017699115044
0,0.4657534246575342
20.071067811865472,0.9418604651162791
19.071067811865472,0.952
19.071067811865472,0.9207920792079208
20.071067811865472,0.9333333333333333
20.071067811865472,0.9469026548672567
92.35533905932735,1
92.35533905932735,0.984251968503937
92.35533905932735,0.9757575757575757
92.35533905932735,0.9576719576719577
91.35533905932735,0.9209039548022598
158.11269837220806,0.975609756097561
156.87005768508877,1
156.4558441227157,1
154.87005768508877,0.9775280898876404
156.69848480983498,0.978021978021978
322.4924240491749,0.9818181818181818
322.906637611548,0.9797979797979798
323.906637611548,0.98
324.320851173921,1
324.320851173921,0.9787234042553191
20.071067811865472,1
19.071067811865472,1
19.071067811865472,1
20.071067811865472,1
20.071067811865472,1
92.35533905932735,1
92.35533905932735,1
92.35533905932735,0.9760479041916168
92.35533905932735,0.9581151832460733
91.35533905932735,0.9217877094972067
158.11269837220806,1
156.87005768508877,1
156.4558441227157,1
154.87005768508877,1
156.69848480983498,1
322.4924240491749,1
322.906637611548,1
323.906637611548,1
324.320851173921,1
324.320851173921,1
1,0.6470588235294118
1,0.751937984496124
0,0.7796610169491526
0,0.6312056737588653
76.42640687119282,0.934640522875817
76.42640687119282,0.9870967741935484
76.42640687119282,0.9067357512953368
76.42640687119282,0.9170506912442397
75.42640687119282,0.9512195121951219
142.18376618407353,0.9272727272727272
140.94112549695424,0.9622641509433962
140.52691193458114,0.9629629629629629
138.94112549695424,0.9145299145299145
140.76955262170046,0.865546218487395
306.56349186104023,0.8695652173913043
306.9777054234133,0.8267716535433071
307.9777054234133,0.875
308.3919189857864,0.9159663865546218
308.3919189857864,0.9016393442622951
0,0.6341463414634146
1,0.8309859154929577
1,0.5957446808510638
77.42640687119282,0.9622641509433962
77.42640687119282,0.9629629629629629
77.42640687119282,0.9315068493150684
77.42640687119282,0.9294117647058824
76.42640687119282,0.9620253164556962
143.18376618407353,0.873015873015873
141.94112549695424,0.8983050847457628
141.52691193458114,0.9672131147540983
139.94112549695424,0.8571428571428571
141.76955262170046,0.8888888888888888
307.56349186104023,0.8901098901098901
307.9777054234133,0.775
308.9777054234133,0.8271604938271605
309.3919189857864,0.9444444444444444
309.3919189857864,0.8933333333333333
1,0.7446808510638298
1,0.7142857142857143
77.42640687119282,0.975609756097561
77.42640687119282,1
77.42640687119282,0.9672131147540983
77.42640687119282,0.9726027397260274
76.42640687119282,0.9701492537313433
143.18376618407353,0.8461538461538461
141.94112549695424,0.9428571428571428
141.52691193458114,0.9459459459459459
139.94112549695424,0.8695652173913043
141.76955262170046,0.8333333333333334
307.56349186104023,0.8805970149253731
307.9777054234133,0.7857142857142857
308.9777054234133,0.8245614035087719
309.3919189857864,0.9166666666666666
309.3919189857864,0.8431372549019608
0,0.6949152542372882
76.42640687119282,0.971830985915493
76.42640687119282,1
76.42640687119282,0.9819819819819819
76.42640687119282,0.9703703703703703
75.42640687119282,0.983739837398374
142.18376618407353,0.9285714285714286
140.94112549695424,0.9166666666666666
140.52691193458114,0.9230769230769231
138.94112549695424,0.9428571428571428
140.76955262170046,0.8918918918918919
306.56349186104023,0.9642857142857143
306.9777054234133,0.9111111111111111
307.9777054234133,0.8260869565217391
308.3919189857864,0.9459459459459459
308.3919189857864,1
76.42640687119282,0.9574468085106383
76.42640687119282,1
76.42640687119282,0.9253731343283582
76.42640687119282,0.9240506329113924
75.42640687119282,0.958904109589041
142.18376618407353,0.8823529411764706
140.94112549695424,0.8723404255319149
140.52691193458114,0.9183673469387755
138.94112549695424,0.896551724137931
140.76955262170046,0.8333333333333334
306.56349186104023,0.8987341772151899
306.9777054234133,0.8529411764705882
307.9777054234133,0.7681159420289855
308.3919189857864,0.9
308.3919189857864,0.9365079365079365
0,0.5370370370370371
0,0.4657534246575342
0,0.6
1,0.620253164556962
68.24264068711928,1
69.48528137423857,1
69.89949493661165,1
67.48528137423857,1
67.65685424949237,0.9722222222222222
230.13708498984775,0.8681318681318682
230.55129855222086,0.9
231.55129855222086,0.9506172839506173
231.96551211459396,0.9166666666666666
231.96551211459396,1
0,0.4864864864864865
0,0.5930232558139535
1,0.55
68.24264068711928,0.9692307692307692
69.48528137423857,1
69.89949493661165,1
67.48528137423857,1
67.65685424949237,1
230.13708498984775,0.8494623655913979
230.55129855222086,0.9024390243902439
231.55129855222086,0.9518072289156626
231.96551211459396,0.918918918918919
231.96551211459396,0.974025974025974
0,0.4380952380952381
1,0.47474747474747475
68.24264068711928,0.9805825242718447
69.48528137423857,1
69.89949493661165,1
67.48528137423857,0.9818181818181818
67.65685424949237,0.9821428571428571
230.13708498984775,0.8320610687022901
230.55129855222086,0.8666666666666667
231.55129855222086,0.9504132231404959
231.96551211459396,0.9107142857142857
231.96551211459396,0.9478260869565217
1,0.4594594594594595
68.24264068711928,1
69.48528137423857,1
69.89949493661165,1
67.48528137423857,1
67.65685424949237,0.9852941176470589
230.13708498984775,0.8451612903225807
230.55129855222086,0.8888888888888888
231.55129855222086,0.9586206896551724
231.96551211459396,0.9411764705882353
231.96551211459396,0.9856115107913669
69.24264068711928,1
70.48528137423857,1
70.89949493661165,1
68.48528137423857,1
68.65685424949237,0.9838709677419355
231.13708498984775,0.8741258741258742
231.55129855222086,0.9090909090909091
232.55129855222086,0.9849624060150376
232.96551211459396,0.967741935483871
232.96551211459396,0.984251968503937
3,0.75
4,0.8888888888888888
3.8284271247461903,0.6296296296296297
1.4142135623730951,0.7931034482758621
164.37972567696707,0.8333333333333334
164.79393923934018,0.7837837837837838
165.79393923934018,0.7894736842105263
166.20815280171325,0.7931034482758621
166.20815280171325,0.8125
1,1
2,0.9130434782608695
2.414213562373095,0.92
165.62236636408636,1
166.03657992645947,1
167.03657992645947,1
167.45079348883257,1
167.45079348883257,1
2.414213562373095,0.76
3.414213562373095,0.8518518518518519
166.03657992645947,0.9565217391304348
166.45079348883257,0.9428571428571428
167.45079348883257,0.9444444444444444
167.86500705120568,0.9259259259259259
167.86500705120568,1
2.414213562373095,0.7222222222222222
167.62236636408636,0.8545454545454545
168.03657992645947,0.8181818181818182
169.03657992645947,0.8222222222222222
169.45079348883257,0.8333333333333334
169.45079348883257,0.7948717948717948
165.79393923934018,0.7894736842105263
166.20815280171325,0.8260869565217391
167.20815280171325,0.7872340425531915
167.62236636408636,0.7894736842105263
167.62236636408636,0.8536585365853658
1,0.5692307692307692
1.4142135623730951,0.7575757575757576
2.414213562373095,0.6491228070175439
2.414213562373095,0.7666666666666667
1,0.5636363636363636
1.4142135623730951,0.782608695652174
1.4142135623730951,0.7142857142857143
1,0.7021276595744681
1,0.76
0,0.7073170731707317
